NPTRACE begin 7385c8f69a4ed641 2400 2400 1 0
NPTRACE row 0 91120436 91123979
NPTRACE row 1 91137000 91140661
NPTRACE row 2 91151452 91153088
NPTRACE row 3 91169304 91169643
NPTRACE row 4 91185617 91186463
NPTRACE row 5 91203935 91207353
NPTRACE row 6 91218224 91219771
NPTRACE row 7 91237106 91240494
NPTRACE row 8 91255459 91257476
NPTRACE row 9 91270428 91273845
NPTRACE row 10 91285051 91286445
NPTRACE row 11 91303371 91307349
NPTRACE row 12 91319162 91319786
NPTRACE row 13 91337170 91340587
NPTRACE row 14 91352124 91353111
NPTRACE row 15 91373014 91374180
NPTRACE row 16 91385165 91386418
NPTRACE row 17 91416523 91419767
NPTRACE row 18 91422417 91423876
NPTRACE row 19 91434207 91436334
NPTRACE row 20 91450804 91453002
NPTRACE row 21 91481485 91482428
NPTRACE row 22 91488213 91490658
NPTRACE row 23 91504668 91507443
NPTRACE row 24 91518692 91519738
NPTRACE row 25 91537654 91540604
NPTRACE row 26 91552308 91553147
NPTRACE row 27 91569939 91573943
NPTRACE row 28 91586562 91590584
NPTRACE row 29 91610515 91612252
NPTRACE row 30 91618390 91619699
NPTRACE row 31 91634303 91636361
NPTRACE row 32 91650941 91653030
NPTRACE row 33 91670904 91673964
NPTRACE row 34 91685242 91686367
NPTRACE row 35 91704608 91707451
NPTRACE row 36 91719349 91719888
NPTRACE row 37 91740113 91741526
NPTRACE row 38 91752133 91753161
NPTRACE row 39 91770702 91773903
NPTRACE row 40 91785405 91786417
NPTRACE row 41 91804533 91807485
NPTRACE row 42 91818809 91819762
NPTRACE row 43 91837893 91840819
NPTRACE row 44 91852125 91853089
NPTRACE row 45 91870738 91873966
NPTRACE row 46 91885836 91886426
NPTRACE row 47 91904448 91907413
NPTRACE row 48 91918908 91919796
NPTRACE row 49 91937605 91940752
NPTRACE row 50 91952925 91953210
NPTRACE row 51 91970944 91974046
NPTRACE row 52 91986065 91986498
NPTRACE row 53 92004620 92007521
NPTRACE row 54 92019350 92019961
NPTRACE row 55 92045582 92048962
NPTRACE row 56 92052113 92053162
NPTRACE row 57 92067504 92069889
NPTRACE row 58 92083872 92086457
NPTRACE row 59 92102957 92107323
NPTRACE row 60 92120413 92124474
NPTRACE row 61 92147002 92149086
NPTRACE row 62 92154442 92157337
NPTRACE row 63 92171046 92174215
NPTRACE row 64 92186259 92186652
NPTRACE row 65 92204439 92207581
NPTRACE row 66 92219291 92219897
NPTRACE row 67 92237276 92240744
NPTRACE row 68 92252848 92253276
NPTRACE row 69 92270627 92274133
NPTRACE row 70 92287683 92291509
NPTRACE row 71 92313220 92315748
NPTRACE row 72 92319555 92320064
NPTRACE row 73 92337455 92340830
NPTRACE row 74 92352553 92353258
NPTRACE row 75 92370877 92374172
NPTRACE row 76 92385982 92386592
NPTRACE row 77 92404617 92407606
NPTRACE row 78 92419607 92420024
NPTRACE row 79 92437514 92440846
NPTRACE row 80 92452612 92453263
NPTRACE row 81 92470585 92474151
NPTRACE row 82 92485810 92486559
NPTRACE row 83 92504168 92507549
NPTRACE row 84 92519297 92519978
NPTRACE row 85 92537683 92540974
NPTRACE row 86 92552589 92553248
NPTRACE row 87 92570784 92574163
NPTRACE row 88 92585682 92586574
NPTRACE row 89 92604238 92607626
NPTRACE row 90 92618886 92619897
NPTRACE row 91 92637040 92640727
NPTRACE row 92 92652864 92653339
NPTRACE row 93 92670408 92674061
NPTRACE row 94 92686101 92686583
NPTRACE row 95 92703794 92707504
NPTRACE row 96 92718971 92719904
NPTRACE row 97 92736153 92736990
NPTRACE row 98 92752623 92753258
NPTRACE row 99 92770663 92774258
NPTRACE row 100 92786023 92786551
NPTRACE row 101 92804268 92807643
NPTRACE row 102 92818949 92819911
NPTRACE row 103 92836190 92836886
NPTRACE row 104 92852046 92853250
NPTRACE row 105 92869597 92870149
NPTRACE row 106 92886129 92886684
NPTRACE row 107 92904067 92907534
NPTRACE row 108 92919132 92919940
NPTRACE row 109 92936313 92936892
NPTRACE row 110 92952456 92953265
NPTRACE row 111 92976569 92978732
NPTRACE row 112 92984781 92986555
NPTRACE row 113 93000403 93003316
NPTRACE row 114 93016687 93019890
NPTRACE row 115 93036966 93040846
NPTRACE row 116 93052608 93053308
NPTRACE row 117 93070389 93074173
NPTRACE row 118 93085938 93086606
NPTRACE row 119 93104229 93107731
NPTRACE row 120 93119466 93120017
NPTRACE row 121 93148371 93149366
NPTRACE row 122 93155783 93157441
NPTRACE row 123 93170357 93174184
NPTRACE row 124 93185784 93186622
NPTRACE row 125 93204020 93207626
NPTRACE row 126 93219226 93219939
NPTRACE row 127 93237718 93241090
NPTRACE row 128 93252615 93253290
NPTRACE row 129 93270871 93274203
NPTRACE row 130 93292112 93295367
NPTRACE row 131 93304257 93307717
NPTRACE row 132 93318968 93319947
NPTRACE row 133 93336288 93336865
NPTRACE row 134 93352971 93353378
NPTRACE row 135 93370374 93374245
NPTRACE row 136 93385835 93386626
NPTRACE row 137 93403590 93407656
NPTRACE row 138 93419279 93419960
NPTRACE row 139 93436150 93436831
NPTRACE row 140 93452524 93453322
NPTRACE row 141 93470372 93474305
NPTRACE row 142 93486070 93486642
NPTRACE row 143 93504149 93507716
NPTRACE row 144 93519138 93519970
NPTRACE row 145 93538569 93540910
NPTRACE row 146 93552517 93553301
NPTRACE row 147 93569425 93570149
NPTRACE row 148 93586115 93586739
NPTRACE row 149 93604000 93607652
NPTRACE row 150 93619218 93619970
NPTRACE row 151 93647188 93649140
NPTRACE row 152 93654355 93657499
NPTRACE row 153 93669219 93670085
NPTRACE row 154 93685359 93686648
NPTRACE row 155 93703645 93707490
NPTRACE row 156 93718627 93719976
NPTRACE row 157 93736004 93736757
NPTRACE row 158 93752351 93753312
NPTRACE row 159 93769640 93770249
NPTRACE row 160 93787815 93790873
NPTRACE row 161 93809853 93811942
NPTRACE row 162 93818278 93819979
NPTRACE row 163 93835882 93836815
NPTRACE row 164 93852034 93853313
NPTRACE row 165 93868658 93870117
NPTRACE row 166 93885718 93886655
NPTRACE row 167 93905201 93907737
NPTRACE row 168 93919012 93920086
NPTRACE row 169 93935830 93936787
NPTRACE row 170 93952609 93953348
NPTRACE row 171 93969532 93970104
NPTRACE row 172 93985482 93986673
NPTRACE row 173 94002555 94003578
NPTRACE row 174 94018938 94020010
NPTRACE row 175 94035629 94036771
NPTRACE row 176 94052340 94053341
NPTRACE row 177 94069190 94070148
NPTRACE row 178 94085834 94086663
NPTRACE row 179 94102289 94103604
NPTRACE row 180 94118731 94119992
NPTRACE row 181 94149689 94153322
NPTRACE row 182 94156170 94157513
NPTRACE row 183 94167785 94170163
NPTRACE row 184 94184927 94186669
NPTRACE row 185 94201871 94203613
NPTRACE row 186 94218419 94219992
NPTRACE row 187 94234851 94236760
NPTRACE row 188 94251691 94253321
NPTRACE row 189 94267323 94270140
NPTRACE row 190 94284970 94286667
NPTRACE row 191 94311276 94311873
NPTRACE row 192 94320668 94324210
NPTRACE row 193 94334167 94336773
NPTRACE row 194 94351620 94353342
NPTRACE row 195 94367430 94370121
NPTRACE row 196 94385379 94386689
NPTRACE row 197 94401129 94403572
NPTRACE row 198 94418832 94420013
NPTRACE row 199 94435288 94436765
NPTRACE row 200 94451752 94453326
NPTRACE row 201 94469172 94470295
NPTRACE row 202 94485437 94486684
NPTRACE row 203 94502292 94503651
NPTRACE row 204 94518928 94520030
NPTRACE row 205 94535184 94536837
NPTRACE row 206 94552145 94553359
NPTRACE row 207 94568462 94570121
NPTRACE row 208 94585476 94586699
NPTRACE row 209 94602395 94603629
NPTRACE row 210 94618707 94620033
NPTRACE row 211 94635264 94636854
NPTRACE row 212 94651910 94653370
NPTRACE row 213 94667319 94670131
NPTRACE row 214 94685345 94686719
NPTRACE row 215 94700865 94703677
NPTRACE row 216 94719218 94720147
NPTRACE row 217 94735499 94736823
NPTRACE row 218 94752249 94753391
NPTRACE row 219 94767398 94770216
NPTRACE row 220 94785583 94786731
NPTRACE row 221 94802526 94803671
NPTRACE row 222 94818829 94820058
NPTRACE row 223 94835513 94836882
NPTRACE row 224 94852279 94853399
NPTRACE row 225 94867294 94870213
NPTRACE row 226 94885682 94886735
NPTRACE row 227 94902516 94903580
NPTRACE row 228 94918847 94920053
NPTRACE row 229 94935113 94936824
NPTRACE row 230 94951716 94953374
NPTRACE row 231 94968930 94970293
NPTRACE row 232 94985212 94986724
NPTRACE row 233 95002242 95003660
NPTRACE row 234 95018522 95020051
NPTRACE row 235 95034098 95036908
NPTRACE row 236 95052042 95053397
NPTRACE row 237 95067316 95070171
NPTRACE row 238 95085256 95086752
NPTRACE row 239 95102499 95103684
NPTRACE row 240 95119105 95120181
NPTRACE row 241 95135937 95136906
NPTRACE row 242 95152230 95153434
NPTRACE row 243 95167625 95170260
NPTRACE row 244 95185660 95186775
NPTRACE row 245 95201414 95203771
NPTRACE row 246 95218870 95220104
NPTRACE row 247 95235990 95236913
NPTRACE row 248 95252029 95253427
NPTRACE row 249 95267318 95270210
NPTRACE row 250 95285364 95286751
NPTRACE row 251 95302450 95303630
NPTRACE row 252 95318911 95320180
NPTRACE row 253 95330918 95332571
NPTRACE row 254 95347723 95349234
NPTRACE row 255 95367884 95370334
NPTRACE row 256 95384614 95386747
NPTRACE row 257 95416367 95420014
NPTRACE row 258 95425436 95428389
NPTRACE row 259 95435076 95436843
NPTRACE row 260 95450710 95453414
NPTRACE row 261 95466933 95470252
NPTRACE row 262 95484901 95486757
NPTRACE row 263 95502303 95503680
NPTRACE row 264 95518862 95520189
NPTRACE row 265 95535439 95536875
NPTRACE row 266 95551625 95553435
NPTRACE row 267 95568825 95570200
NPTRACE row 268 95585186 95586778
NPTRACE row 269 95601213 95603695
NPTRACE row 270 95618804 95620137
NPTRACE row 271 95649488 95653406
NPTRACE row 272 95658717 95661826
NPTRACE row 273 95680526 95682806
NPTRACE row 274 95687719 95690962
NPTRACE row 275 95698281 95699406
NPTRACE row 276 95722050 95724291
NPTRACE row 277 95735370 95737238
NPTRACE row 278 95752173 95753479
NPTRACE row 279 95782016 95783033
NPTRACE row 280 95789103 95790947
NPTRACE row 281 95801081 95803723
NPTRACE row 282 95817866 95820113
NPTRACE row 283 95830518 95832613
NPTRACE row 284 95847400 95849275
NPTRACE row 285 95867483 95870213
NPTRACE row 286 95884437 95886789
NPTRACE row 287 95902470 95903743
NPTRACE row 288 95918692 95920228
NPTRACE row 289 95935709 95936967
NPTRACE row 290 95951597 95953471
NPTRACE row 291 95967331 95970226
NPTRACE row 292 95984884 95986823
NPTRACE row 293 96002845 96003707
NPTRACE row 294 96018530 96020137
NPTRACE row 295 96035826 96037025
NPTRACE row 296 96051344 96053471
NPTRACE row 297 96067173 96070234
NPTRACE row 298 96084539 96086823
NPTRACE row 299 96101402 96103705
NPTRACE row 300 96117953 96120148
NPTRACE row 301 96133932 96136974
NPTRACE row 302 96151222 96153502
NPTRACE row 303 96163345 96165966
NPTRACE row 304 96180204 96182642
NPTRACE row 305 96205557 96207933
NPTRACE row 306 96215523 96216351
NPTRACE row 307 96229896 96232645
NPTRACE row 308 96246960 96249291
NPTRACE row 309 96279808 96282623
NPTRACE row 310 96285997 96286960
NPTRACE row 311 96300458 96303717
NPTRACE row 312 96317310 96320243
NPTRACE row 313 96336027 96337085
NPTRACE row 314 96353858 96357925
NPTRACE row 315 96368581 96370252
NPTRACE row 316 96384579 96386834
NPTRACE row 317 96397078 96399420
NPTRACE row 318 96413785 96415997
NPTRACE row 319 96434516 96437100
NPTRACE row 320 96450250 96453494
NPTRACE row 321 96463201 96465990
NPTRACE row 322 96480104 96482666
NPTRACE row 323 96501257 96503714
NPTRACE row 324 96517472 96520167
NPTRACE row 325 96535524 96536970
NPTRACE row 326 96550947 96553501
NPTRACE row 327 96563240 96565998
NPTRACE row 328 96580057 96582676
NPTRACE row 329 96601500 96603808
NPTRACE row 330 96616874 96620170
NPTRACE row 331 96629831 96632678
NPTRACE row 332 96646627 96649337
NPTRACE row 333 96667699 96670292
NPTRACE row 334 96683676 96686845
NPTRACE row 335 96702543 96703788
NPTRACE row 336 96718106 96720282
NPTRACE row 337 96733907 96736976
NPTRACE row 338 96751230 96753531
NPTRACE row 339 96767464 96770293
NPTRACE row 340 96784477 96786861
NPTRACE row 341 96801266 96803806
NPTRACE row 342 96817917 96820198
NPTRACE row 343 96844032 96845362
NPTRACE row 344 96851800 96853526
NPTRACE row 345 96865271 96867253
NPTRACE row 346 96884422 96886886
NPTRACE row 347 96902373 96903834
NPTRACE row 348 96917558 96920207
NPTRACE row 349 96948108 96949750
NPTRACE row 350 96955205 96958809
NPTRACE row 351 96968249 96970297
NPTRACE row 352 96983328 96986867
NPTRACE row 353 97008433 97012527
NPTRACE row 354 97017045 97020202
NPTRACE row 355 97029317 97032708
NPTRACE row 356 97046291 97049370
NPTRACE row 357 97078733 97082755
NPTRACE row 358 97085954 97086880
NPTRACE row 359 97101891 97103840
NPTRACE row 360 97117925 97120311
NPTRACE row 361 97129683 97132729
NPTRACE row 362 97146479 97149389
NPTRACE row 363 97168006 97170342
NPTRACE row 364 97183712 97186895
NPTRACE row 365 97196395 97199482
NPTRACE row 366 97213025 97216059
NPTRACE row 367 97244555 97245563
NPTRACE row 368 97252537 97253594
NPTRACE row 369 97262554 97266050
NPTRACE row 370 97279364 97282724
NPTRACE row 371 97296128 97299477
NPTRACE row 372 97317508 97320325
NPTRACE row 373 97332306 97332968
NPTRACE row 374 97346073 97349384
NPTRACE row 375 97364493 97366362
NPTRACE row 376 97397580 97399406
NPTRACE row 377 97404366 97407870
NPTRACE row 378 97416305 97420197
NPTRACE row 379 97433186 97436838
NPTRACE row 380 97450220 97453649
NPTRACE row 381 97466474 97470150
NPTRACE row 382 97483379 97486891
NPTRACE row 383 97500263 97503584
NPTRACE row 384 97514818 97516217
NPTRACE row 385 97535975 97536997
NPTRACE row 386 97551852 97553627
NPTRACE row 387 97565587 97566288
NPTRACE row 388 97583639 97586968
NPTRACE row 389 97600126 97603597
NPTRACE row 390 97615745 97616134
NPTRACE row 391 97633196 97636831
NPTRACE row 392 97645018 97645598
NPTRACE row 393 97661346 97662244
NPTRACE row 394 97683827 97686907
NPTRACE row 395 97698765 97699670
NPTRACE row 396 97711706 97712259
NPTRACE row 397 97727942 97728927
NPTRACE row 398 97750838 97753645
NPTRACE row 399 97764954 97766251
NPTRACE row 400 97782539 97783044
NPTRACE row 401 97798957 97799850
NPTRACE row 402 97815134 97816151
NPTRACE row 403 97831908 97833191
NPTRACE row 404 97848494 97849495
NPTRACE row 405 97865281 97866543
NPTRACE row 406 97878290 97878920
NPTRACE row 407 97894845 97895666
NPTRACE row 408 97918367 97920423
NPTRACE row 409 97931415 97932813
NPTRACE row 410 97951291 97953687
NPTRACE row 411 97965090 97966320
NPTRACE row 412 97983163 97986948
NPTRACE row 413 97999205 97999743
NPTRACE row 414 98015310 98016233
NPTRACE row 415 98031979 98033162
NPTRACE row 416 98045025 98045541
NPTRACE row 417 98061313 98062194
NPTRACE row 418 98082140 98083033
NPTRACE row 419 98098841 98099975
NPTRACE row 420 98115651 98116221
NPTRACE row 421 98131385 98132924
NPTRACE row 422 98144935 98145533
NPTRACE row 423 98162742 98166167
NPTRACE row 424 98181585 98182857
NPTRACE row 425 98198756 98199611
NPTRACE row 426 98211552 98212179
NPTRACE row 427 98228034 98228844
NPTRACE row 428 98248608 98249522
NPTRACE row 429 98264772 98266255
NPTRACE row 430 98281980 98282929
NPTRACE row 431 98300342 98303652
NPTRACE row 432 98322825 98324689
NPTRACE row 433 98331266 98332949
NPTRACE row 434 98344601 98345448
NPTRACE row 435 98360903 98362115
NPTRACE row 436 98382356 98383040
NPTRACE row 437 98400451 98403692
NPTRACE row 438 98413905 98417082
NPTRACE row 439 98433603 98436895
NPTRACE row 440 98444317 98445441
NPTRACE row 441 98460691 98462071
NPTRACE row 442 98481215 98482815
NPTRACE row 443 98498155 98499602
NPTRACE row 444 98511032 98512080
NPTRACE row 445 98527289 98528753
NPTRACE row 446 98547497 98549490
NPTRACE row 447 98566750 98570334
NPTRACE row 448 98581587 98582781
NPTRACE row 449 98598107 98599624
NPTRACE row 450 98614179 98616112
NPTRACE row 451 98631046 98632871
NPTRACE row 452 98644235 98645381
NPTRACE row 453 98660529 98662046
NPTRACE row 454 98680451 98682864
NPTRACE row 455 98699267 98700033
NPTRACE row 456 98714792 98716290
NPTRACE row 457 98730991 98732869
NPTRACE row 458 98746994 98749525
NPTRACE row 459 98764704 98766344
NPTRACE row 460 98786039 98788041
NPTRACE row 461 98797864 98799531
NPTRACE row 462 98816591 98820354
NPTRACE row 463 98831897 98833218
NPTRACE row 464 98847905 98849523
NPTRACE row 465 98863939 98866179
NPTRACE row 466 98881071 98882812
NPTRACE row 467 98898233 98899627
NPTRACE row 468 98914306 98916217
NPTRACE row 469 98930794 98932849
NPTRACE row 470 98947727 98949530
NPTRACE row 471 98965500 98966564
NPTRACE row 472 98981006 98982873
NPTRACE row 473 98997417 98999611
NPTRACE row 474 99011600 99012130
NPTRACE row 475 99029456 99034068
NPTRACE row 476 99048768 99049764
NPTRACE row 477 99063945 99066172
NPTRACE row 478 99080463 99082878
NPTRACE row 479 99099339 99100275
NPTRACE row 480 99114756 99116336
NPTRACE row 481 99130690 99132862
NPTRACE row 482 99144203 99145308
NPTRACE row 483 99160364 99161968
NPTRACE row 484 99186943 99191188
NPTRACE row 485 99197231 99199561
NPTRACE row 486 99210715 99211975
NPTRACE row 487 99228029 99229030
NPTRACE row 488 99248466 99249677
NPTRACE row 489 99263535 99266206
NPTRACE row 490 99286464 99287038
NPTRACE row 491 99296948 99299561
NPTRACE row 492 99324307 99324848
NPTRACE row 493 99332380 99333197
NPTRACE row 494 99347177 99349593
NPTRACE row 495 99365116 99366688
NPTRACE row 496 99381111 99382910
NPTRACE row 497 99399820 99403897
NPTRACE row 498 99410798 99412014
NPTRACE row 499 99426932 99428682
NPTRACE row 500 99456485 99457934
NPTRACE row 501 99464945 99466494
NPTRACE row 502 99480265 99482930
NPTRACE row 503 99499379 99500066
NPTRACE row 504 99514476 99516438
NPTRACE row 505 99530755 99532933
NPTRACE row 506 99544184 99545373
NPTRACE row 507 99560397 99562026
NPTRACE row 508 99581785 99582944
NPTRACE row 509 99597695 99599701
NPTRACE row 510 99620076 99620514
NPTRACE row 511 99631970 99633398
NPTRACE row 512 99650664 99653796
NPTRACE row 513 99663827 99666276
NPTRACE row 514 99681100 99682896
NPTRACE row 515 99697077 99699718
NPTRACE row 516 99714446 99716221
NPTRACE row 517 99730590 99732951
NPTRACE row 518 99747387 99749587
NPTRACE row 519 99765156 99766676
NPTRACE row 520 99780111 99782889
NPTRACE row 521 99797316 99799715
NPTRACE row 522 99810387 99812045
NPTRACE row 523 99826768 99828712
NPTRACE row 524 99846048 99849624
NPTRACE row 525 99863420 99866279
NPTRACE row 526 99880562 99882971
NPTRACE row 527 99899035 99900184
NPTRACE row 528 99910836 99912150
NPTRACE row 529 99926887 99928728
NPTRACE row 530 99947700 99949663
NPTRACE row 531 99964225 99966328
NPTRACE row 532 99980672 99982978
NPTRACE row 533 99997544 99999747
NPTRACE row 534 100013432 100016322
NPTRACE row 535 100031889 100033353
NPTRACE row 536 100045780 100049667
NPTRACE row 537 100063313 100066308
NPTRACE row 538 100080162 100082979
NPTRACE row 539 100101972 100103826
NPTRACE row 540 100114516 100116316
NPTRACE row 541 100129936 100132977
NPTRACE row 542 100146357 100149579
NPTRACE row 543 100164355 100166771
NPTRACE row 544 100176852 100178743
NPTRACE row 545 100193119 100195495
NPTRACE row 546 100228474 100228773
NPTRACE row 547 100234979 100237068
NPTRACE row 548 100247775 100249659
NPTRACE row 549 100263566 100266316
NPTRACE row 550 100278093 100278836
NPTRACE row 551 100297623 100300147
NPTRACE row 552 100321204 100324868
NPTRACE row 553 100330909 100333003
NPTRACE row 554 100345179 100356992
NPTRACE row 555 100365614 100366465
NPTRACE row 556 100381387 100383009
NPTRACE row 557 100397344 100399769
NPTRACE row 558 100413184 100416348
NPTRACE row 559 100436394 100437543
NPTRACE row 560 100443724 100445470
NPTRACE row 561 100459313 100462091
NPTRACE row 562 100481045 100483019
NPTRACE row 563 100497206 100499750
NPTRACE row 564 100509687 100512096
NPTRACE row 565 100525969 100528768
NPTRACE row 566 100544884 100546348
NPTRACE row 567 100564524 100566716
NPTRACE row 568 100576279 100578770
NPTRACE row 569 100592973 100595528
NPTRACE row 570 100613678 100616330
NPTRACE row 571 100629839 100632967
NPTRACE row 572 100642987 100645444
NPTRACE row 573 100659279 100662105
NPTRACE row 574 100678070 100679654
NPTRACE row 575 100698738 100700324
NPTRACE row 576 100710118 100712216
NPTRACE row 577 100726070 100728787
NPTRACE row 578 100745073 100745807
NPTRACE row 579 100763283 100766350
NPTRACE row 580 100779981 100783069
NPTRACE row 581 100797853 100799841
NPTRACE row 582 100810178 100812163
NPTRACE row 583 100827376 100829199
NPTRACE row 584 100845066 100845648
NPTRACE row 585 100863767 100866390
NPTRACE row 586 100879710 100883068
NPTRACE row 587 100897563 100899835
NPTRACE row 588 100909810 100912167
NPTRACE row 589 100926028 100928822
NPTRACE row 590 100947490 100954246
NPTRACE row 591 100965987 100966950
NPTRACE row 592 100980827 100983093
NPTRACE row 593 100997102 100999808
NPTRACE row 594 101011768 101012892
NPTRACE row 595 101030363 101033067
NPTRACE row 596 101043033 101045505
NPTRACE row 597 101059297 101062164
NPTRACE row 598 101078113 101079707
NPTRACE row 599 101098435 101100202
NPTRACE row 600 101110092 101112268
NPTRACE row 601 101126155 101128845
NPTRACE row 602 101147281 101149780
NPTRACE row 603 101163323 101166396
NPTRACE row 604 101176464 101178856
NPTRACE row 605 101193025 101195615
NPTRACE row 606 101217613 101220676
NPTRACE row 607 101231781 101233502
NPTRACE row 608 101245081 101246100
NPTRACE row 609 101263447 101266429
NPTRACE row 610 101279754 101283987
NPTRACE row 611 101297335 101299874
NPTRACE row 612 101311558 101312395
NPTRACE row 613 101331043 101333099
NPTRACE row 614 101345257 101346391
NPTRACE row 615 101364327 101366796
NPTRACE row 616 101378323 101379452
NPTRACE row 617 101397158 101399875
NPTRACE row 618 101409296 101412198
NPTRACE row 619 101425548 101428864
NPTRACE row 620 101444594 101445714
NPTRACE row 621 101465102 101466362
NPTRACE row 622 101476012 101478866
NPTRACE row 623 101493711 101496081
NPTRACE row 624 101511021 101512737
NPTRACE row 625 101530213 101533127
NPTRACE row 626 101542862 101545556
NPTRACE row 627 101558996 101562215
NPTRACE row 628 101581050 101583151
NPTRACE row 629 101596463 101599857
NPTRACE row 630 101611689 101612387
NPTRACE row 631 101631528 101633506
NPTRACE row 632 101644687 101646020
NPTRACE row 633 101663135 101666461
NPTRACE row 634 101678078 101679047
NPTRACE row 635 101696739 101699904
NPTRACE row 636 101711341 101712752
NPTRACE row 637 101729770 101733122
NPTRACE row 638 101743763 101745664
NPTRACE row 639 101765059 101767015
NPTRACE row 640 101777925 101779385
NPTRACE row 641 101796804 101799908
NPTRACE row 642 101808939 101812232
NPTRACE row 643 101825248 101828894
NPTRACE row 644 101843741 101845861
NPTRACE row 645 101862323 101866470
NPTRACE row 646 101877549 101878946
NPTRACE row 647 101898019 101900303
NPTRACE row 648 101909375 101912339
NPTRACE row 649 101925311 101928916
NPTRACE row 650 101946274 101949836
NPTRACE row 651 101962964 101966494
NPTRACE row 652 101978267 101979485
NPTRACE row 653 102002150 102004007
NPTRACE row 654 102014133 102016525
NPTRACE row 655 102030818 102033561
NPTRACE row 656 102044268 102046080
NPTRACE row 657 102062921 102066481
NPTRACE row 658 102079544 102083177
NPTRACE row 659 102096392 102099935
NPTRACE row 660 102108753 102112258
NPTRACE row 661 102125334 102128917
NPTRACE row 662 102146235 102149836
NPTRACE row 663 102163866 102166860
NPTRACE row 664 102177574 102179436
NPTRACE row 665 102196455 102199944
NPTRACE row 666 102210833 102212660
NPTRACE row 667 102229122 102233167
NPTRACE row 668 102243711 102261192
NPTRACE row 669 102268256 102270592
NPTRACE row 670 102279394 102283166
NPTRACE row 671 102297856 102300221
NPTRACE row 672 102311277 102312796
NPTRACE row 673 102329204 102333174
NPTRACE row 674 102345791 102361526
NPTRACE row 675 102369040 102370644
NPTRACE row 676 102381565 102383239
NPTRACE row 677 102396807 102399941
NPTRACE row 678 102411313 102412662
NPTRACE row 679 102431131 102433602
NPTRACE row 680 102444183 102446009
NPTRACE row 681 102462495 102466555
NPTRACE row 682 102477920 102479519
NPTRACE row 683 102498179 102500050
NPTRACE row 684 102509538 102512311
NPTRACE row 685 102525152 102528978
NPTRACE row 686 102546306 102549917
NPTRACE row 687 102564147 102566920
NPTRACE row 688 102577683 102583413
NPTRACE row 689 102596373 102599962
NPTRACE row 690 102610795 102612753
NPTRACE row 691 102629087 102633231
NPTRACE row 692 102641948 102645664
NPTRACE row 693 102658430 102662323
NPTRACE row 694 102680018 102683252
NPTRACE row 695 102697423 102700224
NPTRACE row 696 102711346 102712471
NPTRACE row 697 102730612 102733166
NPTRACE row 698 102745880 102749972
NPTRACE row 699 102761933 102762714
NPTRACE row 700 102778916 102784285
NPTRACE row 701 102796448 102800020
NPTRACE row 702 102811059 102812761
NPTRACE row 703 102831459 102833798
NPTRACE row 704 102844943 102846107
NPTRACE row 705 102862433 102866582
NPTRACE row 706 102878454 102879350
NPTRACE row 707 102896211 102900016
NPTRACE row 708 102910579 102912794
NPTRACE row 709 102928815 102933259
NPTRACE row 710 102944953 102946106
NPTRACE row 711 102963817 102966911
NPTRACE row 712 102975053 102979020
NPTRACE row 713 102991720 102995782
NPTRACE row 714 103011289 103012647
NPTRACE row 715 103028439 103029101
NPTRACE row 716 103041712 103045695
NPTRACE row 717 103057726 103058267
NPTRACE row 718 103079521 103083272
NPTRACE row 719 103097456 103100189
NPTRACE row 720 103111170 103112977
NPTRACE row 721 103129037 103133270
NPTRACE row 722 103143998 103161290
NPTRACE row 723 103168948 103170708
NPTRACE row 724 103181656 103183295
NPTRACE row 725 103196032 103199911
NPTRACE row 726 103212920 103216725
NPTRACE row 727 103230417 103233554
NPTRACE row 728 103243564 103245758
NPTRACE row 729 103261765 103262463
NPTRACE row 730 103279454 103283309
NPTRACE row 731 103295099 103295977
NPTRACE row 732 103310525 103328104
NPTRACE row 733 103335546 103337390
NPTRACE row 734 103347577 103349968
NPTRACE row 735 103363664 103366710
NPTRACE row 736 103377709 103391802
NPTRACE row 737 103401206 103404136
NPTRACE row 738 103410298 103412941
NPTRACE row 739 103427897 103429115
NPTRACE row 740 103443420 103461586
NPTRACE row 741 103469016 103470722
NPTRACE row 742 103484645 103487475
NPTRACE row 743 103497868 103500326
NPTRACE row 744 103513543 103516891
NPTRACE row 745 103529968 103533331
NPTRACE row 746 103544546 103552166
NPTRACE row 747 103564110 103566566
NPTRACE row 748 103577072 103579642
NPTRACE row 749 103595468 103596049
NPTRACE row 750 103611050 103625218
NPTRACE row 751 103635755 103637710
NPTRACE row 752 103648534 103650019
NPTRACE row 753 103660879 103662520
NPTRACE row 754 103677347 103679572
NPTRACE row 755 103695257 103695957
NPTRACE row 756 103710670 103712837
NPTRACE row 757 103728158 103729166
NPTRACE row 758 103744125 103746249
NPTRACE row 759 103763271 103766749
NPTRACE row 760 103777507 103785464
NPTRACE row 761 103797616 103800002
NPTRACE row 762 103809391 103819152
NPTRACE row 763 103830405 103833243
NPTRACE row 764 103843295 103846293
NPTRACE row 765 103861096 103862503
NPTRACE row 766 103877328 103879145
NPTRACE row 767 103897797 103900319
NPTRACE row 768 103911429 103913119
NPTRACE row 769 103928278 103929198
NPTRACE row 770 103943138 103946212
NPTRACE row 771 103961581 103962530
NPTRACE row 772 103977545 103979531
NPTRACE row 773 103995415 103996047
NPTRACE row 774 104010698 104012950
NPTRACE row 775 104036338 104037806
NPTRACE row 776 104049461 104050024
NPTRACE row 777 104060936 104062542
NPTRACE row 778 104077195 104079523
NPTRACE row 779 104095013 104096052
NPTRACE row 780 104109455 104112489
NPTRACE row 781 104127990 104129174
NPTRACE row 782 104143115 104154355
NPTRACE row 783 104166387 104167089
NPTRACE row 784 104174145 104174938
NPTRACE row 785 104190564 104191706
NPTRACE row 786 104207150 104208314
NPTRACE row 787 104228248 104229168
NPTRACE row 788 104242598 104246297
NPTRACE row 789 104261247 104262522
NPTRACE row 790 104276868 104279618
NPTRACE row 791 104297458 104300237
NPTRACE row 792 104307755 104308382
NPTRACE row 793 104323661 104324959
NPTRACE row 794 104343592 104346057
NPTRACE row 795 104361258 104362543
NPTRACE row 796 104377364 104385783
NPTRACE row 797 104397810 104400059
NPTRACE row 798 104408677 104417984
NPTRACE row 799 104431093 104433491
NPTRACE row 800 104440319 104441625
NPTRACE row 801 104456315 104458299
NPTRACE row 802 104476074 104479731
NPTRACE row 803 104494443 104496047
NPTRACE row 804 104509080 104513450
NPTRACE row 805 104530410 104533400
NPTRACE row 806 104541421 104541728
NPTRACE row 807 104556560 104558433
NPTRACE row 808 104575840 104579708
NPTRACE row 809 104594438 104596043
NPTRACE row 810 104609204 104612995
NPTRACE row 811 104627458 104629246
NPTRACE row 812 104642315 104646332
NPTRACE row 813 104660696 104662571
NPTRACE row 814 104673506 104674978
NPTRACE row 815 104690285 104691917
NPTRACE row 816 104709338 104713243
NPTRACE row 817 104727454 104729371
NPTRACE row 818 104740802 104741733
NPTRACE row 819 104756985 104758388
NPTRACE row 820 104776819 104779820
NPTRACE row 821 104793995 104796168
NPTRACE row 822 104807412 104808398
NPTRACE row 823 104824001 104825183
NPTRACE row 824 104842915 104846482
NPTRACE row 825 104860823 104862696
NPTRACE row 826 104876734 104879763
NPTRACE row 827 104894888 104896199
NPTRACE row 828 104910090 104912641
NPTRACE row 829 104935691 104937562
NPTRACE row 830 104948137 104950235
NPTRACE row 831 104967247 104970836
NPTRACE row 832 104974662 104975062
NPTRACE row 833 104990288 104991830
NPTRACE row 834 105006849 105008541
NPTRACE row 835 105027978 105029341
NPTRACE row 836 105042475 105046414
NPTRACE row 837 105061116 105062777
NPTRACE row 838 105076871 105079785
NPTRACE row 839 105095426 105096431
NPTRACE row 840 105110605 105112781
NPTRACE row 841 105128312 105129368
NPTRACE row 842 105143834 105146472
NPTRACE row 843 105161515 105162767
NPTRACE row 844 105177271 105179815
NPTRACE row 845 105195209 105196179
NPTRACE row 846 105209452 105213172
NPTRACE row 847 105228923 105229812
NPTRACE row 848 105242369 105246517
NPTRACE row 849 105260959 105262741
NPTRACE row 850 105276578 105279889
NPTRACE row 851 105294487 105296251
NPTRACE row 852 105309992 105313224
NPTRACE row 853 105331479 105333528
NPTRACE row 854 105342318 105351608
NPTRACE row 855 105365089 105366928
NPTRACE row 856 105376113 105379947
NPTRACE row 857 105394835 105396256
NPTRACE row 858 105406748 105408458
NPTRACE row 859 105423004 105425126
NPTRACE row 860 105442684 105446034
NPTRACE row 861 105464520 105466808
NPTRACE row 862 105475951 105479368
NPTRACE row 863 105495054 105496581
NPTRACE row 864 105507296 105508566
NPTRACE row 865 105523141 105525142
NPTRACE row 866 105542928 105546568
NPTRACE row 867 105564380 105566925
NPTRACE row 868 105578812 105579520
NPTRACE row 869 105594927 105596319
NPTRACE row 870 105610067 105613256
NPTRACE row 871 105628591 105629673
NPTRACE row 872 105643122 105646533
NPTRACE row 873 105661089 105662870
NPTRACE row 874 105676626 105679869
NPTRACE row 875 105694806 105696257
NPTRACE row 876 105709129 105713226
NPTRACE row 877 105727857 105729537
NPTRACE row 878 105742053 105752564
NPTRACE row 879 105765283 105767048
NPTRACE row 880 105773625 105775180
NPTRACE row 881 105789975 105791945
NPTRACE row 882 105806542 105808651
NPTRACE row 883 105827865 105829502
NPTRACE row 884 105843238 105846610
NPTRACE row 885 105860684 105862869
NPTRACE row 886 105875428 105879965
NPTRACE row 887 105895019 105896535
NPTRACE row 888 105910414 105913467
NPTRACE row 889 105927546 105929557
NPTRACE row 890 105942342 105946627
NPTRACE row 891 105960967 105962899
NPTRACE row 892 105976701 105979452
NPTRACE row 893 105995332 105996259
NPTRACE row 894 106010104 106013305
NPTRACE row 895 106028848 106029989
NPTRACE row 896 106042096 106046008
NPTRACE row 897 106064982 106066878
NPTRACE row 898 106075738 106080039
NPTRACE row 899 106094120 106096365
NPTRACE row 900 106109449 106118584
NPTRACE row 901 106132196 106133547
NPTRACE row 902 106143025 106146102
NPTRACE row 903 106168361 106171173
NPTRACE row 904 106178920 106179723
NPTRACE row 905 106193905 106196319
NPTRACE row 906 106209740 106212833
NPTRACE row 907 106227979 106229646
NPTRACE row 908 106242144 106261449
NPTRACE row 909 106269489 106271049
NPTRACE row 910 106283006 106283723
NPTRACE row 911 106296984 106300298
NPTRACE row 912 106310240 106328157
NPTRACE row 913 106336628 106337759
NPTRACE row 914 106351498 106354630
NPTRACE row 915 106364776 106366987
NPTRACE row 916 106377304 106380052
NPTRACE row 917 106394830 106396422
NPTRACE row 918 106410004 106412848
NPTRACE row 919 106436890 106437893
NPTRACE row 920 106451617 106454700
NPTRACE row 921 106464686 106466981
NPTRACE row 922 106476844 106494807
NPTRACE row 923 106503508 106504529
NPTRACE row 924 106517008 106521272
NPTRACE row 925 106529098 106529684
NPTRACE row 926 106539308 106542073
NPTRACE row 927 106560829 106563239
NPTRACE row 928 106573006 106575371
NPTRACE row 929 106589908 106592014
NPTRACE row 930 106608225 106608786
NPTRACE row 931 106626767 106629574
NPTRACE row 932 106639117 106642073
NPTRACE row 933 106659956 106662971
NPTRACE row 934 106676148 106679520
NPTRACE row 935 106694136 106696641
NPTRACE row 936 106709210 106713394
NPTRACE row 937 106727050 106729594
NPTRACE row 938 106741939 106754792
NPTRACE row 939 106765181 106766965
NPTRACE row 940 106775357 106780115
NPTRACE row 941 106794074 106796422
NPTRACE row 942 106809478 106828205
NPTRACE row 943 106837282 106837994
NPTRACE row 944 106852067 106854681
NPTRACE row 945 106865117 106867004
NPTRACE row 946 106876775 106880075
NPTRACE row 947 106893832 106896433
NPTRACE row 948 106905986 106909498
NPTRACE row 949 106926596 106929576
NPTRACE row 950 106939075 106942073
NPTRACE row 951 106960221 106963162
NPTRACE row 952 106972575 106976095
NPTRACE row 953 106993532 106996380
NPTRACE row 954 107005801 107009452
NPTRACE row 955 107026400 107029645
NPTRACE row 956 107038932 107042074
NPTRACE row 957 107059781 107062858
NPTRACE row 958 107072296 107075283
NPTRACE row 959 107089723 107092323
NPTRACE row 960 107107615 107108818
NPTRACE row 961 107126752 107129668
NPTRACE row 962 107139176 107142097
NPTRACE row 963 107160674 107163147
NPTRACE row 964 107176185 107180059
NPTRACE row 965 107193781 107196424
NPTRACE row 966 107209532 107212903
NPTRACE row 967 107225909 107229814
NPTRACE row 968 107239560 107241982
NPTRACE row 969 107255171 107258655
NPTRACE row 970 107272109 107275381
NPTRACE row 971 107293493 107296469
NPTRACE row 972 107305560 107309223
NPTRACE row 973 107326483 107329725
NPTRACE row 974 107338971 107342132
NPTRACE row 975 107360510 107363207
NPTRACE row 976 107372504 107376058
NPTRACE row 977 107393673 107396495
NPTRACE row 978 107405407 107409419
NPTRACE row 979 107424941 107426253
NPTRACE row 980 107438828 107442133
NPTRACE row 981 107458064 107459182
NPTRACE row 982 107472148 107475417
NPTRACE row 983 107497899 107500574
NPTRACE row 984 107509370 107513684
NPTRACE row 985 107526554 107529715
NPTRACE row 986 107538788 107542131
NPTRACE row 987 107559775 107562894
NPTRACE row 988 107572416 107576008
NPTRACE row 989 107593575 107596368
NPTRACE row 990 107608823 107618692
NPTRACE row 991 107635164 107638034
NPTRACE row 992 107645590 107647250
NPTRACE row 993 107659656 107663015
NPTRACE row 994 107671809 107675441
NPTRACE row 995 107690934 107692345
NPTRACE row 996 107705506 107709318
NPTRACE row 997 107724557 107726115
NPTRACE row 998 107738472 107742135
NPTRACE row 999 107760010 107762920
NPTRACE row 1000 107771941 107775432
NPTRACE row 1001 107793060 107796420
NPTRACE row 1002 107805320 107809359
NPTRACE row 1003 107826626 107829721
NPTRACE row 1004 107838363 107842101
NPTRACE row 1005 107857876 107858922
NPTRACE row 1006 107871476 107875936
NPTRACE row 1007 107893397 107896424
NPTRACE row 1008 107905529 107909452
NPTRACE row 1009 107924374 107925761
NPTRACE row 1010 107938399 107942123
NPTRACE row 1011 107958063 107958816
NPTRACE row 1012 107971731 107976104
NPTRACE row 1013 107991395 107992731
NPTRACE row 1014 108005115 108009346
NPTRACE row 1015 108024883 108025896
NPTRACE row 1016 108038251 108042146
NPTRACE row 1017 108057965 108059506
NPTRACE row 1018 108071691 108075447
NPTRACE row 1019 108097708 108100418
NPTRACE row 1020 108106170 108108707
NPTRACE row 1021 108120733 108121201
NPTRACE row 1022 108137776 108142206
NPTRACE row 1023 108159958 108163272
NPTRACE row 1024 108172239 108175538
NPTRACE row 1025 108188520 108192165
NPTRACE row 1026 108206481 108208780
NPTRACE row 1027 108221582 108225402
NPTRACE row 1028 108238588 108242288
NPTRACE row 1029 108265240 108267139
NPTRACE row 1030 108273932 108275464
NPTRACE row 1031 108288932 108292225
NPTRACE row 1032 108305942 108309022
NPTRACE row 1033 108325887 108329703
NPTRACE row 1034 108339603 108342149
NPTRACE row 1035 108355150 108358797
NPTRACE row 1036 108372201 108375597
NPTRACE row 1037 108393380 108396683
NPTRACE row 1038 108409792 108413060
NPTRACE row 1039 108427256 108430139
NPTRACE row 1040 108439400 108442287
NPTRACE row 1041 108458307 108459007
NPTRACE row 1042 108472524 108475572
NPTRACE row 1043 108488660 108492151
NPTRACE row 1044 108504849 108508800
NPTRACE row 1045 108525806 108529746
NPTRACE row 1046 108538379 108542269
NPTRACE row 1047 108556843 108559244
NPTRACE row 1048 108571900 108576134
NPTRACE row 1049 108591287 108592599
NPTRACE row 1050 108607326 108608971
NPTRACE row 1051 108624627 108625650
NPTRACE row 1052 108639247 108642299
NPTRACE row 1053 108657901 108659626
NPTRACE row 1054 108671556 108675646
NPTRACE row 1055 108699055 108700796
NPTRACE row 1056 108709039 108713006
NPTRACE row 1057 108721676 108725467
NPTRACE row 1058 108738812 108742305
NPTRACE row 1059 108760146 108763339
NPTRACE row 1060 108773646 108775754
NPTRACE row 1061 108803821 108804812
NPTRACE row 1062 108821800 108825683
NPTRACE row 1063 108835313 108838221
NPTRACE row 1064 108851739 108854966
NPTRACE row 1065 108865613 108867277
NPTRACE row 1066 108877113 108880434
NPTRACE row 1067 108893826 108896757
NPTRACE row 1068 108913016 108917270
NPTRACE row 1069 108927907 108930105
NPTRACE row 1070 108939383 108942348
NPTRACE row 1071 108960504 108963278
NPTRACE row 1072 108972800 108975700
NPTRACE row 1073 108993378 108996538
NPTRACE row 1074 109009661 109013084
NPTRACE row 1075 109026531 109029691
NPTRACE row 1076 109038898 109042351
NPTRACE row 1077 109064983 109067239
NPTRACE row 1078 109077685 109080048
NPTRACE row 1079 109094103 109097005
NPTRACE row 1080 109109969 109114011
NPTRACE row 1081 109127579 109129997
NPTRACE row 1082 109139796 109142242
NPTRACE row 1083 109154974 109158845
NPTRACE row 1084 109171711 109175722
NPTRACE row 1085 109193071 109196734
NPTRACE row 1086 109205907 109209644
NPTRACE row 1087 109228072 109230512
NPTRACE row 1088 109242993 109247147
NPTRACE row 1089 109260295 109263120
NPTRACE row 1090 109272510 109276506
NPTRACE row 1091 109303343 109304842
NPTRACE row 1092 109317587 109321679
NPTRACE row 1093 109330937 109334002
NPTRACE row 1094 109342766 109347157
NPTRACE row 1095 109360131 109363366
NPTRACE row 1096 109372501 109375674
NPTRACE row 1097 109391269 109393008
NPTRACE row 1098 109405012 109409415
NPTRACE row 1099 109424095 109425894
NPTRACE row 1100 109438241 109442274
NPTRACE row 1101 109457725 109459669
NPTRACE row 1102 109471695 109475648
NPTRACE row 1103 109491834 109493440
NPTRACE row 1104 109505493 109509587
NPTRACE row 1105 109524403 109526032
NPTRACE row 1106 109538409 109542376
NPTRACE row 1107 109557576 109559344
NPTRACE row 1108 109571867 109576073
NPTRACE row 1109 109593115 109596517
NPTRACE row 1110 109605401 109609459
NPTRACE row 1111 109625051 109625902
NPTRACE row 1112 109641162 109642257
NPTRACE row 1113 109653625 109654753
NPTRACE row 1114 109670661 109671415
NPTRACE row 1115 109692614 109696403
NPTRACE row 1116 109704928 109709126
NPTRACE row 1117 109724073 109726239
NPTRACE row 1118 109738137 109742656
NPTRACE row 1119 109757771 109759372
NPTRACE row 1120 109771649 109776013
NPTRACE row 1121 109790979 109793004
NPTRACE row 1122 109804145 109804742
NPTRACE row 1123 109823356 109826238
NPTRACE row 1124 109837518 109838110
NPTRACE row 1125 109856734 109859302
NPTRACE row 1126 109870853 109871443
NPTRACE row 1127 109897397 109900773
NPTRACE row 1128 109913143 109917349
NPTRACE row 1129 109926332 109929984
NPTRACE row 1130 109938263 109942185
NPTRACE row 1131 109957906 109960199
NPTRACE row 1132 109971539 109975523
NPTRACE row 1133 109990561 109992643
NPTRACE row 1134 110004390 110009252
NPTRACE row 1135 110024160 110026102
NPTRACE row 1136 110037400 110038076
NPTRACE row 1137 110056294 110059653
NPTRACE row 1138 110070816 110071417
NPTRACE row 1139 110101895 110104850
NPTRACE row 1140 110112455 110113273
NPTRACE row 1141 110125872 110130000
NPTRACE row 1142 110137409 110138085
NPTRACE row 1143 110156968 110159792
NPTRACE row 1144 110170937 110171435
NPTRACE row 1145 110190414 110192605
NPTRACE row 1146 110204224 110204777
NPTRACE row 1147 110223105 110225828
NPTRACE row 1148 110237594 110238106
NPTRACE row 1149 110263367 110267297
NPTRACE row 1150 110271958 110275885
NPTRACE row 1151 110292844 110296644
NPTRACE row 1152 110305256 110309407
NPTRACE row 1153 110323535 110325961
NPTRACE row 1154 110338223 110342333
NPTRACE row 1155 110356698 110359312
NPTRACE row 1156 110371021 110371459
NPTRACE row 1157 110394138 110396694
NPTRACE row 1158 110404203 110404802
NPTRACE row 1159 110426772 110429978
NPTRACE row 1160 110437485 110438118
NPTRACE row 1161 110463368 110467251
NPTRACE row 1162 110471944 110475923
NPTRACE row 1163 110490323 110492534
NPTRACE row 1164 110503672 110504771
NPTRACE row 1165 110534908 110538097
NPTRACE row 1166 110545454 110547169
NPTRACE row 1167 110560246 110563218
NPTRACE row 1168 110570593 110571435
NPTRACE row 1169 110589474 110593178
NPTRACE row 1170 110603835 110604778
NPTRACE row 1171 110621908 110626038
NPTRACE row 1172 110636908 110638129
NPTRACE row 1173 110659270 110663274
NPTRACE row 1174 110676116 110679985
NPTRACE row 1175 110689990 110692437
NPTRACE row 1176 110704114 110704866
NPTRACE row 1177 110728790 110729837
NPTRACE row 1178 110737337 110738098
NPTRACE row 1179 110755719 110759091
NPTRACE row 1180 110770233 110771435
NPTRACE row 1181 110788922 110792663
NPTRACE row 1182 110803853 110804783
NPTRACE row 1183 110822273 110826149
NPTRACE row 1184 110836835 110838099
NPTRACE row 1185 110854438 110854996
NPTRACE row 1186 110870124 110871438
NPTRACE row 1187 110893015 110896619
NPTRACE row 1188 110903526 110904778
NPTRACE row 1189 110921663 110925806
NPTRACE row 1190 110936854 110938125
NPTRACE row 1191 110955174 110959542
NPTRACE row 1192 110970018 110971445
NPTRACE row 1193 110997588 111000711
NPTRACE row 1194 111007274 111013346
NPTRACE row 1195 111026011 111029952
NPTRACE row 1196 111036715 111038112
NPTRACE row 1197 111060510 111063171
NPTRACE row 1198 111069777 111071414
NPTRACE row 1199 111088885 111092356
NPTRACE row 1200 111103467 111104856
NPTRACE row 1201 111120954 111121572
NPTRACE row 1202 111136920 111138095
NPTRACE row 1203 111163069 111167276
NPTRACE row 1204 111171093 111171430
NPTRACE row 1205 111188842 111192439
NPTRACE row 1206 111203380 111204780
NPTRACE row 1207 111220672 111221591
NPTRACE row 1208 111236326 111238092
NPTRACE row 1209 111253819 111254928
NPTRACE row 1210 111269746 111271426
NPTRACE row 1211 111287685 111288409
NPTRACE row 1212 111303262 111304774
NPTRACE row 1213 111331949 111333932
NPTRACE row 1214 111342548 111346648
NPTRACE row 1215 111355754 111359167
NPTRACE row 1216 111369682 111371461
NPTRACE row 1217 111387826 111388475
NPTRACE row 1218 111403267 111404804
NPTRACE row 1219 111426260 111429868
NPTRACE row 1220 111436272 111438130
NPTRACE row 1221 111455029 111458953
NPTRACE row 1222 111469905 111471472
NPTRACE row 1223 111488473 111492579
NPTRACE row 1224 111503552 111504917
NPTRACE row 1225 111526404 111529900
NPTRACE row 1226 111536594 111538147
NPTRACE row 1227 111555169 111558972
NPTRACE row 1228 111570037 111571486
NPTRACE row 1229 111593469 111596658
NPTRACE row 1230 111603659 111604811
NPTRACE row 1231 111621888 111625610
NPTRACE row 1232 111636104 111638125
NPTRACE row 1233 111653592 111654987
NPTRACE row 1234 111669901 111671461
NPTRACE row 1235 111688709 111692511
NPTRACE row 1236 111705239 111709412
NPTRACE row 1237 111720679 111721618
NPTRACE row 1238 111736291 111738129
NPTRACE row 1239 111753719 111755103
NPTRACE row 1240 111769466 111771468
NPTRACE row 1241 111786632 111788478
NPTRACE row 1242 111803504 111804813
NPTRACE row 1243 111827684 111829876
NPTRACE row 1244 111836795 111838137
NPTRACE row 1245 111853842 111854924
NPTRACE row 1246 111869214 111871476
NPTRACE row 1247 111899321 111900950
NPTRACE row 1248 111912000 111913508
NPTRACE row 1249 111925793 111930039
NPTRACE row 1250 111936536 111938181
NPTRACE row 1251 111953341 111955056
NPTRACE row 1252 111970258 111971501
NPTRACE row 1253 111986853 111988530
NPTRACE row 1254 112003339 112004838
NPTRACE row 1255 112019966 112021816
NPTRACE row 1256 112036152 112038156
NPTRACE row 1257 112052604 112055015
NPTRACE row 1258 112069673 112071490
NPTRACE row 1259 112086415 112088454
NPTRACE row 1260 112102956 112104835
NPTRACE row 1261 112119128 112121618
NPTRACE row 1262 112136525 112138165
NPTRACE row 1263 112152963 112155190
NPTRACE row 1264 112169892 112171564
NPTRACE row 1265 112186504 112188531
NPTRACE row 1266 112203252 112204905
NPTRACE row 1267 112228100 112230152
NPTRACE row 1268 112237740 112238359
NPTRACE row 1269 112252654 112259369
NPTRACE row 1270 112269121 112271571
NPTRACE row 1271 112284902 112288288
NPTRACE row 1272 112302005 112305030
NPTRACE row 1273 112320856 112321815
NPTRACE row 1274 112336220 112338276
NPTRACE row 1275 112352859 112355182
NPTRACE row 1276 112370988 112371644
NPTRACE row 1277 112393519 112396823
NPTRACE row 1278 112404130 112404976
NPTRACE row 1279 112423055 112426015
NPTRACE row 1280 112436466 112438277
NPTRACE row 1281 112452628 112455141
NPTRACE row 1282 112470207 112471609
NPTRACE row 1283 112486814 112488580
NPTRACE row 1284 112503472 112504955
NPTRACE row 1285 112520029 112521826
NPTRACE row 1286 112536707 112538285
NPTRACE row 1287 112553437 112555245
NPTRACE row 1288 112570084 112571621
NPTRACE row 1289 112586065 112588735
NPTRACE row 1290 112603587 112604962
NPTRACE row 1291 112619698 112621806
NPTRACE row 1292 112636596 112638294
NPTRACE row 1293 112653707 112655200
NPTRACE row 1294 112669667 112671624
NPTRACE row 1295 112699017 112701055
NPTRACE row 1296 112711564 112714570
NPTRACE row 1297 112726419 112730187
NPTRACE row 1298 112737351 112738332
NPTRACE row 1299 112753305 112755269
NPTRACE row 1300 112770592 112771678
NPTRACE row 1301 112786724 112788719
NPTRACE row 1302 112803819 112805011
NPTRACE row 1303 112822442 112825920
NPTRACE row 1304 112836972 112838341
NPTRACE row 1305 112852945 112855216
NPTRACE row 1306 112870094 112871674
NPTRACE row 1307 112893766 112897010
NPTRACE row 1308 112904307 112905006
NPTRACE row 1309 112931308 112934176
NPTRACE row 1310 112942522 112955342
NPTRACE row 1311 112963540 112967386
NPTRACE row 1312 112971938 112976254
NPTRACE row 1313 112988893 112992585
NPTRACE row 1314 113003084 113005017
NPTRACE row 1315 113020917 113021913
NPTRACE row 1316 113036507 113038348
NPTRACE row 1317 113065803 113067517
NPTRACE row 1318 113078132 113080248
NPTRACE row 1319 113093505 113097047
NPTRACE row 1320 113104610 113105117
NPTRACE row 1321 113119818 113121973
NPTRACE row 1322 113136957 113138365
NPTRACE row 1323 113153365 113155321
NPTRACE row 1324 113170319 113171708
NPTRACE row 1325 113190659 113192818
NPTRACE row 1326 113203941 113205061
NPTRACE row 1327 113222574 113226151
NPTRACE row 1328 113237036 113238390
NPTRACE row 1329 113255275 113259143
NPTRACE row 1330 113270149 113271729
NPTRACE row 1331 113290437 113292820
NPTRACE row 1332 113303774 113305036
NPTRACE row 1333 113319574 113321969
NPTRACE row 1334 113336529 113338373
NPTRACE row 1335 113353574 113355358
NPTRACE row 1336 113370005 113371715
NPTRACE row 1337 113387351 113388718
NPTRACE row 1338 113403301 113405042
NPTRACE row 1339 113420838 113421926
NPTRACE row 1340 113436681 113438398
NPTRACE row 1341 113455289 113459137
NPTRACE row 1342 113470389 113471730
NPTRACE row 1343 113487869 113489053
NPTRACE row 1344 113503684 113505149
NPTRACE row 1345 113521101 113521917
NPTRACE row 1346 113536687 113538392
NPTRACE row 1347 113554540 113555261
NPTRACE row 1348 113570133 113571734
NPTRACE row 1349 113587316 113588755
NPTRACE row 1350 113603201 113605060
NPTRACE row 1351 113620509 113622046
NPTRACE row 1352 113636220 113638382
NPTRACE row 1353 113653375 113655222
NPTRACE row 1354 113669689 113671720
NPTRACE row 1355 113686674 113688758
NPTRACE row 1356 113702953 113705048
NPTRACE row 1357 113730394 113734387
NPTRACE row 1358 113747674 113751081
NPTRACE row 1359 113761793 113763753
NPTRACE row 1360 113771856 113775827
NPTRACE row 1361 113786685 113788693
NPTRACE row 1362 113802605 113805029
NPTRACE row 1363 113829578 113830103
NPTRACE row 1364 113838008 113838368
NPTRACE row 1365 113849611 113850879
NPTRACE row 1366 113866563 113867531
NPTRACE row 1367 113892942 113896868
NPTRACE row 1368 113904044 113905120
NPTRACE row 1369 113920366 113921883
NPTRACE row 1370 113935948 113938361
NPTRACE row 1371 113952591 113955222
NPTRACE row 1372 113969355 113971699
NPTRACE row 1373 113997259 114000860
NPTRACE row 1374 114005399 114009554
NPTRACE row 1375 114020920 114022008
NPTRACE row 1376 114035364 114038354
NPTRACE row 1377 114053610 114055147
NPTRACE row 1378 114069028 114071716
NPTRACE row 1379 114085160 114088719
NPTRACE row 1380 114102229 114105027
NPTRACE row 1381 114126460 114130232
NPTRACE row 1382 114136623 114138360
NPTRACE row 1383 114153724 114155266
NPTRACE row 1384 114168892 114171705
NPTRACE row 1385 114195549 114196845
NPTRACE row 1386 114203828 114205035
NPTRACE row 1387 114219790 114221880
NPTRACE row 1388 114235597 114238373
NPTRACE row 1389 114253583 114255226
NPTRACE row 1390 114268851 114271714
NPTRACE row 1391 114298137 114301159
NPTRACE row 1392 114314326 114317935
NPTRACE row 1393 114327717 114330273
NPTRACE row 1394 114337619 114338396
NPTRACE row 1395 114353936 114355207
NPTRACE row 1396 114369096 114371731
NPTRACE row 1397 114386540 114388752
NPTRACE row 1398 114402471 114405059
NPTRACE row 1399 114419703 114422034
NPTRACE row 1400 114434843 114438401
NPTRACE row 1401 114452425 114455229
NPTRACE row 1402 114468907 114471736
NPTRACE row 1403 114486457 114488674
NPTRACE row 1404 114502072 114505061
NPTRACE row 1405 114520875 114521957
NPTRACE row 1406 114534993 114538358
NPTRACE row 1407 114553255 114555507
NPTRACE row 1408 114567847 114571725
NPTRACE row 1409 114585941 114588665
NPTRACE row 1410 114602011 114605032
NPTRACE row 1411 114618941 114621883
NPTRACE row 1412 114635236 114638365
NPTRACE row 1413 114652249 114655182
NPTRACE row 1414 114668506 114671708
NPTRACE row 1415 114685417 114688805
NPTRACE row 1416 114702230 114705142
NPTRACE row 1417 114714758 114717544
NPTRACE row 1418 114731901 114734214
NPTRACE row 1419 114753135 114755184
NPTRACE row 1420 114771038 114771753
NPTRACE row 1421 114786762 114788683
NPTRACE row 1422 114801609 114805071
NPTRACE row 1423 114821300 114822072
NPTRACE row 1424 114834948 114838375
NPTRACE row 1425 114853464 114855160
NPTRACE row 1426 114868504 114871724
NPTRACE row 1427 114890095 114892720
NPTRACE row 1428 114902020 114905053
NPTRACE row 1429 114920213 114921882
NPTRACE row 1430 114934961 114938414
NPTRACE row 1431 114954228 114955420
NPTRACE row 1432 114968225 114971734
NPTRACE row 1433 114985368 114988765
NPTRACE row 1434 115001509 115005058
NPTRACE row 1435 115014322 115017557
NPTRACE row 1436 115031300 115034227
NPTRACE row 1437 115051774 115055207
NPTRACE row 1438 115068194 115071756
NPTRACE row 1439 115086968 115089024
NPTRACE row 1440 115102055 115105177
NPTRACE row 1441 115119118 115121932
NPTRACE row 1442 115134472 115138445
NPTRACE row 1443 115152693 115155233
NPTRACE row 1444 115168597 115171754
NPTRACE row 1445 115186171 115188694
NPTRACE row 1446 115201585 115205120
NPTRACE row 1447 115221295 115222084
NPTRACE row 1448 115234573 115238434
NPTRACE row 1449 115251297 115255246
NPTRACE row 1450 115268363 115271771
NPTRACE row 1451 115281401 115284362
NPTRACE row 1452 115297996 115301028
NPTRACE row 1453 115319858 115321888
NPTRACE row 1454 115334712 115338468
NPTRACE row 1455 115355629 115359348
NPTRACE row 1456 115368431 115371791
NPTRACE row 1457 115388951 115392901
NPTRACE row 1458 115401942 115405118
NPTRACE row 1459 115420683 115421893
NPTRACE row 1460 115434492 115438452
NPTRACE row 1461 115453604 115455196
NPTRACE row 1462 115467842 115471803
NPTRACE row 1463 115486222 115488914
NPTRACE row 1464 115501664 115505227
NPTRACE row 1465 115520567 115521887
NPTRACE row 1466 115534750 115538479
NPTRACE row 1467 115553835 115555298
NPTRACE row 1468 115568132 115571821
NPTRACE row 1469 115586241 115588737
NPTRACE row 1470 115601322 115605158
NPTRACE row 1471 115627509 115630873
NPTRACE row 1472 115637532 115638523
NPTRACE row 1473 115653349 115655272
NPTRACE row 1474 115667871 115671805
NPTRACE row 1475 115699294 115701044
NPTRACE row 1476 115710326 115713665
NPTRACE row 1477 115722186 115725935
NPTRACE row 1478 115734503 115738482
NPTRACE row 1479 115754368 115755438
NPTRACE row 1480 115767623 115771959
NPTRACE row 1481 115788031 115788839
NPTRACE row 1482 115802221 115805121
NPTRACE row 1483 115820085 115821916
NPTRACE row 1484 115834443 115838478
NPTRACE row 1485 115853395 115855300
NPTRACE row 1486 115867767 115871740
NPTRACE row 1487 115887226 115889065
NPTRACE row 1488 115901734 115905270
NPTRACE row 1489 115920218 115921941
NPTRACE row 1490 115934577 115938506
NPTRACE row 1491 115952117 115955323
NPTRACE row 1492 115967770 115971851
NPTRACE row 1493 115987380 115988859
NPTRACE row 1494 116001341 116005179
NPTRACE row 1495 116020984 116022179
NPTRACE row 1496 116034512 116038410
NPTRACE row 1497 116053178 116055293
NPTRACE row 1498 116067344 116067705
NPTRACE row 1499 116090528 116092955
NPTRACE row 1500 116102073 116105143
NPTRACE row 1501 116119048 116122022
NPTRACE row 1502 116134360 116138393
NPTRACE row 1503 116152230 116155632
NPTRACE row 1504 116167164 116167707
NPTRACE row 1505 116185622 116188753
NPTRACE row 1506 116200403 116201051
NPTRACE row 1507 116219590 116221981
NPTRACE row 1508 116233924 116234368
NPTRACE row 1509 116252957 116255247
NPTRACE row 1510 116266960 116267715
NPTRACE row 1511 116286781 116288947
NPTRACE row 1512 116301521 116305177
NPTRACE row 1513 116316374 116317843
NPTRACE row 1514 116334035 116334406
NPTRACE row 1515 116353110 116355258
NPTRACE row 1516 116367849 116371763
NPTRACE row 1517 116385728 116388781
NPTRACE row 1518 116400676 116401072
NPTRACE row 1519 116420838 116422314
NPTRACE row 1520 116433855 116434384
NPTRACE row 1521 116459943 116463455
NPTRACE row 1522 116469006 116471823
NPTRACE row 1523 116485467 116488785
NPTRACE row 1524 116500266 116501028
NPTRACE row 1525 116523557 116526029
NPTRACE row 1526 116535254 116538513
NPTRACE row 1527 116565728 116567823
NPTRACE row 1528 116576755 116580391
NPTRACE row 1529 116589071 116592861
NPTRACE row 1530 116601064 116605235
NPTRACE row 1531 116620133 116621967
NPTRACE row 1532 116634545 116638460
NPTRACE row 1533 116651216 116655386
NPTRACE row 1534 116667226 116667783
NPTRACE row 1535 116687342 116689250
NPTRACE row 1536 116701746 116705341
NPTRACE row 1537 116720393 116722058
NPTRACE row 1538 116734401 116738573
NPTRACE row 1539 116753378 116755305
NPTRACE row 1540 116767930 116771824
NPTRACE row 1541 116787054 116789017
NPTRACE row 1542 116803137 116805268
NPTRACE row 1543 116813772 116817640
NPTRACE row 1544 116829676 116830204
NPTRACE row 1545 116849552 116851210
NPTRACE row 1546 116866897 116867760
NPTRACE row 1547 116879699 116880308
NPTRACE row 1548 116896241 116896881
NPTRACE row 1549 116920650 116922051
NPTRACE row 1550 116933526 116934409
NPTRACE row 1551 116946399 116947089
NPTRACE row 1552 116962868 116963551
NPTRACE row 1553 116987443 116988899
NPTRACE row 1554 117000665 117001109
NPTRACE row 1555 117019285 117022062
NPTRACE row 1556 117033988 117034457
NPTRACE row 1557 117052708 117055497
NPTRACE row 1558 117067433 117067812
NPTRACE row 1559 117085560 117089127
NPTRACE row 1560 117101659 117105429
NPTRACE row 1561 117118835 117122125
NPTRACE row 1562 117134661 117138538
NPTRACE row 1563 117151106 117155465
NPTRACE row 1564 117168021 117171880
NPTRACE row 1565 117186516 117189118
NPTRACE row 1566 117201101 117205287
NPTRACE row 1567 117224693 117226546
NPTRACE row 1568 117235786 117238604
NPTRACE row 1569 117250743 117251260
NPTRACE row 1570 117267233 117267790
NPTRACE row 1571 117283405 117284708
NPTRACE row 1572 117300322 117301143
NPTRACE row 1573 117317253 117317943
NPTRACE row 1574 117333322 117334473
NPTRACE row 1575 117350126 117351373
NPTRACE row 1576 117367012 117367813
NPTRACE row 1577 117386075 117388948
NPTRACE row 1578 117400457 117401144
NPTRACE row 1579 117417211 117417961
NPTRACE row 1580 117433167 117434486
NPTRACE row 1581 117454609 117455417
NPTRACE row 1582 117467279 117467851
NPTRACE row 1583 117485669 117488878
NPTRACE row 1584 117500760 117501309
NPTRACE row 1585 117518457 117522206
NPTRACE row 1586 117534033 117534540
NPTRACE row 1587 117551974 117555513
NPTRACE row 1588 117567137 117567878
NPTRACE row 1589 117588064 117589004
NPTRACE row 1590 117601330 117605376
NPTRACE row 1591 117630549 117634377
NPTRACE row 1592 117638758 117643098
NPTRACE row 1593 117651478 117655389
NPTRACE row 1594 117666933 117667842
NPTRACE row 1595 117685251 117688856
NPTRACE row 1596 117700551 117701235
NPTRACE row 1597 117715781 117718039
NPTRACE row 1598 117733300 117734551
NPTRACE row 1599 117752059 117755494
NPTRACE row 1600 117766957 117767895
NPTRACE row 1601 117784948 117788845
NPTRACE row 1602 117800186 117801231
NPTRACE row 1603 117815765 117818046
NPTRACE row 1604 117835131 117838713
NPTRACE row 1605 117850700 117851345
NPTRACE row 1606 117866740 117867875
NPTRACE row 1607 117885394 117888828
NPTRACE row 1608 117900366 117901307
NPTRACE row 1609 117917359 117918063
NPTRACE row 1610 117933290 117934551
NPTRACE row 1611 117949008 117951345
NPTRACE row 1612 117966340 117967892
NPTRACE row 1613 117984147 117984865
NPTRACE row 1614 117999868 118001231
NPTRACE row 1615 118016150 118018232
NPTRACE row 1616 118032961 118034545
NPTRACE row 1617 118048206 118051356
NPTRACE row 1618 118066204 118067878
NPTRACE row 1619 118085927 118088963
NPTRACE row 1620 118099730 118101208
NPTRACE row 1621 118115081 118118026
NPTRACE row 1622 118133018 118134561
NPTRACE row 1623 118148875 118151504
NPTRACE row 1624 118166199 118167924
NPTRACE row 1625 118183795 118184844
NPTRACE row 1626 118199524 118201245
NPTRACE row 1627 118215432 118218056
NPTRACE row 1628 118232875 118234575
NPTRACE row 1629 118248408 118251402
NPTRACE row 1630 118266428 118267930
NPTRACE row 1631 118285327 118288886
NPTRACE row 1632 118300515 118301373
NPTRACE row 1633 118315993 118318145
NPTRACE row 1634 118333117 118334597
NPTRACE row 1635 118348751 118351412
NPTRACE row 1636 118366504 118367949
NPTRACE row 1637 118384059 118384911
NPTRACE row 1638 118399730 118401282
NPTRACE row 1639 118415700 118418241
NPTRACE row 1640 118432628 118434602
NPTRACE row 1641 118448241 118451412
NPTRACE row 1642 118465993 118467957
NPTRACE row 1643 118483694 118484909
NPTRACE row 1644 118499284 118501278
NPTRACE row 1645 118515674 118518122
NPTRACE row 1646 118532459 118534577
NPTRACE row 1647 118548264 118551568
NPTRACE row 1648 118565698 118567921
NPTRACE row 1649 118583209 118584886
NPTRACE row 1650 118599245 118601246
NPTRACE row 1651 118618482 118622142
NPTRACE row 1652 118632708 118634578
NPTRACE row 1653 118647628 118651390
NPTRACE row 1654 118666126 118667929
NPTRACE row 1655 118683179 118684964
NPTRACE row 1656 118699696 118701371
NPTRACE row 1657 118714836 118718113
NPTRACE row 1658 118732586 118734609
NPTRACE row 1659 118749759 118751405
NPTRACE row 1660 118766198 118767960
NPTRACE row 1661 118783550 118784892
NPTRACE row 1662 118799527 118801306
NPTRACE row 1663 118816023 118818421
NPTRACE row 1664 118832400 118834626
NPTRACE row 1665 118865506 118868020
NPTRACE row 1666 118876958 118881187
NPTRACE row 1667 118889607 118893490
NPTRACE row 1668 118903055 118905560
NPTRACE row 1669 118915204 118918101
NPTRACE row 1670 118932479 118934645
NPTRACE row 1671 118963904 118968033
NPTRACE row 1672 118972417 118976338
NPTRACE row 1673 118985421 118989116
NPTRACE row 1674 118999380 119001300
NPTRACE row 1675 119013848 119018107
NPTRACE row 1676 119032421 119034656
NPTRACE row 1677 119049019 119051431
NPTRACE row 1678 119065893 119067965
NPTRACE row 1679 119083379 119085104
NPTRACE row 1680 119099502 119101418
NPTRACE row 1681 119113097 119113879
NPTRACE row 1682 119133326 119134714
NPTRACE row 1683 119146111 119147597
NPTRACE row 1684 119166178 119168033
NPTRACE row 1685 119183160 119184912
NPTRACE row 1686 119199168 119201341
NPTRACE row 1687 119214512 119218214
NPTRACE row 1688 119233144 119234773
NPTRACE row 1689 119249057 119251464
NPTRACE row 1690 119265584 119267985
NPTRACE row 1691 119282674 119284972
NPTRACE row 1692 119298763 119301326
NPTRACE row 1693 119314022 119318086
NPTRACE row 1694 119332357 119334685
NPTRACE row 1695 119349676 119351726
NPTRACE row 1696 119365629 119368022
NPTRACE row 1697 119386735 119389165
NPTRACE row 1698 119400248 119401354
NPTRACE row 1699 119415751 119418174
NPTRACE row 1700 119432264 119434691
NPTRACE row 1701 119449081 119451477
NPTRACE row 1702 119465688 119468018
NPTRACE row 1703 119482977 119485064
NPTRACE row 1704 119499478 119501458
NPTRACE row 1705 119513873 119518251
NPTRACE row 1706 119532576 119534717
NPTRACE row 1707 119549201 119551509
NPTRACE row 1708 119566113 119568029
NPTRACE row 1709 119582774 119585024
NPTRACE row 1710 119598761 119601352
NPTRACE row 1711 119615925 119618359
NPTRACE row 1712 119631769 119634681
NPTRACE row 1713 119648029 119651486
NPTRACE row 1714 119665294 119668016
NPTRACE row 1715 119679622 119681598
NPTRACE row 1716 119697976 119701390
NPTRACE row 1717 119712705 119714051
NPTRACE row 1718 119731377 119734669
NPTRACE row 1719 119748281 119751605
NPTRACE row 1720 119764696 119767988
NPTRACE row 1721 119781651 119784912
NPTRACE row 1722 119797977 119801326
NPTRACE row 1723 119814210 119818055
NPTRACE row 1724 119831321 119834668
NPTRACE row 1725 119845758 119848059
NPTRACE row 1726 119866980 119868237
NPTRACE row 1727 119883908 119885331
NPTRACE row 1728 119899110 119901422
NPTRACE row 1729 119910035 119913811
NPTRACE row 1730 119927135 119930465
NPTRACE row 1731 119946045 119947318
NPTRACE row 1732 119965119 119967990
NPTRACE row 1733 119981077 119984839
NPTRACE row 1734 119998212 120001323
NPTRACE row 1735 120012534 120014052
NPTRACE row 1736 120031005 120034654
NPTRACE row 1737 120046574 120047326
NPTRACE row 1738 120067075 120067973
NPTRACE row 1739 120076776 120080561
NPTRACE row 1740 120093254 120097140
NPTRACE row 1741 120110304 120113899
NPTRACE row 1742 120132173 120134832
NPTRACE row 1743 120148149 120151377
NPTRACE row 1744 120161301 120163945
NPTRACE row 1745 120181180 120184777
NPTRACE row 1746 120195781 120197941
NPTRACE row 1747 120214206 120217957
NPTRACE row 1748 120229194 120231398
NPTRACE row 1749 120247631 120251314
NPTRACE row 1750 120261426 120264651
NPTRACE row 1751 120281755 120284824
NPTRACE row 1752 120302545 120305790
NPTRACE row 1753 120315936 120318115
NPTRACE row 1754 120331105 120334882
NPTRACE row 1755 120347948 120351482
NPTRACE row 1756 120364505 120368188
NPTRACE row 1757 120381613 120384846
NPTRACE row 1758 120398109 120401713
NPTRACE row 1759 120414902 120418307
NPTRACE row 1760 120430124 120430662
NPTRACE row 1761 120452153 120455588
NPTRACE row 1762 120460561 120463928
NPTRACE row 1763 120477318 120480621
NPTRACE row 1764 120493862 120497257
NPTRACE row 1765 120510300 120514223
NPTRACE row 1766 120535341 120538955
NPTRACE row 1767 120548892 120551755
NPTRACE row 1768 120565077 120568117
NPTRACE row 1769 120580119 120581059
NPTRACE row 1770 120597625 120601332
NPTRACE row 1771 120610130 120613883
NPTRACE row 1772 120627045 120630604
NPTRACE row 1773 120646734 120648095
NPTRACE row 1774 120664287 120668141
NPTRACE row 1775 120679186 120681873
NPTRACE row 1776 120698057 120701655
NPTRACE row 1777 120710482 120713979
NPTRACE row 1778 120727569 120730644
NPTRACE row 1779 120744914 120747961
NPTRACE row 1780 120764560 120768241
NPTRACE row 1781 120778354 120781548
NPTRACE row 1782 120798908 120801645
NPTRACE row 1783 120811764 120814327
NPTRACE row 1784 120830933 120834857
NPTRACE row 1785 120848742 120851735
NPTRACE row 1786 120864578 120868214
NPTRACE row 1787 120881326 120884980
NPTRACE row 1788 120899867 120901588
NPTRACE row 1789 120912080 120914244
NPTRACE row 1790 120931142 120934898
NPTRACE row 1791 120944332 120947477
NPTRACE row 1792 120960333 120963974
NPTRACE row 1793 120977421 120981062
NPTRACE row 1794 120997773 121001564
NPTRACE row 1795 121010901 121014298
NPTRACE row 1796 121031123 121034786
NPTRACE row 1797 121048361 121051775
NPTRACE row 1798 121064621 121068223
NPTRACE row 1799 121079859 121081150
NPTRACE row 1800 121098126 121101667
NPTRACE row 1801 121110933 121114244
NPTRACE row 1802 121131071 121134921
NPTRACE row 1803 121144254 121147626
NPTRACE row 1804 121164307 121168237
NPTRACE row 1805 121177132 121180721
NPTRACE row 1806 121193865 121197354
NPTRACE row 1807 121215365 121218557
NPTRACE row 1808 121232585 121234952
NPTRACE row 1809 121243311 121247280
NPTRACE row 1810 121260075 121263949
NPTRACE row 1811 121279504 121281042
NPTRACE row 1812 121297791 121301498
NPTRACE row 1813 121311233 121314171
NPTRACE row 1814 121333011 121334846
NPTRACE row 1815 121343291 121347221
NPTRACE row 1816 121360083 121363956
NPTRACE row 1817 121379363 121381076
NPTRACE row 1818 121397680 121401578
NPTRACE row 1819 121409424 121409851
NPTRACE row 1820 121426739 121430622
NPTRACE row 1821 121445433 121447611
NPTRACE row 1822 121464344 121468120
NPTRACE row 1823 121478794 121481782
NPTRACE row 1824 121498010 121501542
NPTRACE row 1825 121510127 121514013
NPTRACE row 1826 121526950 121530677
NPTRACE row 1827 121545504 121547473
NPTRACE row 1828 121564903 121568311
NPTRACE row 1829 121577059 121580779
NPTRACE row 1830 121593564 121597342
NPTRACE row 1831 121612851 121614300
NPTRACE row 1832 121631108 121634995
NPTRACE row 1833 121644410 121647704
NPTRACE row 1834 121664388 121668300
NPTRACE row 1835 121679630 121681129
NPTRACE row 1836 121697986 121701542
NPTRACE row 1837 121716601 121718524
NPTRACE row 1838 121731485 121734997
NPTRACE row 1839 121744597 121747849
NPTRACE row 1840 121765051 121768415
NPTRACE row 1841 121779855 121781201
NPTRACE row 1842 121797781 121801489
NPTRACE row 1843 121812247 121814393
NPTRACE row 1844 121831158 121834893
NPTRACE row 1845 121844011 121847701
NPTRACE row 1846 121864373 121868318
NPTRACE row 1847 121879547 121881207
NPTRACE row 1848 121898597 121901658
NPTRACE row 1849 121912732 121914364
NPTRACE row 1850 121931244 121935254
NPTRACE row 1851 121947575 121951760
NPTRACE row 1852 121965104 121968288
NPTRACE row 1853 121979137 121981120
NPTRACE row 1854 121997801 122001463
NPTRACE row 1855 122010118 122013925
NPTRACE row 1856 122025611 122026542
NPTRACE row 1857 122044594 122047591
NPTRACE row 1858 122063443 122064265
NPTRACE row 1859 122082287 122085257
NPTRACE row 1860 122097852 122101573
NPTRACE row 1861 122111656 122114303
NPTRACE row 1862 122130194 122130947
NPTRACE row 1863 122143834 122147588
NPTRACE row 1864 122163374 122164348
NPTRACE row 1865 122177587 122181168
NPTRACE row 1866 122200032 122201590
NPTRACE row 1867 122209457 122210017
NPTRACE row 1868 122225711 122226580
NPTRACE row 1869 122242220 122243676
NPTRACE row 1870 122268234 122272441
NPTRACE row 1871 122277178 122280794
NPTRACE row 1872 122293404 122297302
NPTRACE row 1873 122315131 122318542
NPTRACE row 1874 122331083 122335005
NPTRACE row 1875 122342134 122343263
NPTRACE row 1876 122359234 122359935
NPTRACE row 1877 122377679 122381239
NPTRACE row 1878 122397795 122401490
NPTRACE row 1879 122409049 122409948
NPTRACE row 1880 122425859 122426600
NPTRACE row 1881 122444502 122447723
NPTRACE row 1882 122463097 122464336
NPTRACE row 1883 122475501 122476704
NPTRACE row 1884 122492085 122493269
NPTRACE row 1885 122509301 122510000
NPTRACE row 1886 122529979 122531054
NPTRACE row 1887 122544094 122547836
NPTRACE row 1888 122563096 122564344
NPTRACE row 1889 122575478 122576715
NPTRACE row 1890 122592005 122593277
NPTRACE row 1891 122609209 122610326
NPTRACE row 1892 122629710 122631030
NPTRACE row 1893 122641592 122643284
NPTRACE row 1894 122658618 122659957
NPTRACE row 1895 122677468 122681201
NPTRACE row 1896 122697859 122701624
NPTRACE row 1897 122708243 122709948
NPTRACE row 1898 122725334 122726609
NPTRACE row 1899 122744029 122747659
NPTRACE row 1900 122763280 122764339
NPTRACE row 1901 122778732 122781312
NPTRACE row 1902 122796555 122797725
NPTRACE row 1903 122811779 122814476
NPTRACE row 1904 122829532 122831031
NPTRACE row 1905 122842317 122843700
NPTRACE row 1906 122863113 122864367
NPTRACE row 1907 122877672 122881221
NPTRACE row 1908 122896044 122897714
NPTRACE row 1909 122908044 122909969
NPTRACE row 1910 122925027 122926628
NPTRACE row 1911 122947811 122951893
NPTRACE row 1912 122965631 122968695
NPTRACE row 1913 122977802 122981045
NPTRACE row 1914 122995840 122997701
NPTRACE row 1915 123007939 123009964
NPTRACE row 1916 123024941 123026622
NPTRACE row 1917 123044309 123047611
NPTRACE row 1918 123062665 123064385
NPTRACE row 1919 123078275 123081241
NPTRACE row 1920 123096761 123097840
NPTRACE row 1921 123108186 123109985
NPTRACE row 1922 123125205 123126649
NPTRACE row 1923 123143802 123147711
NPTRACE row 1924 123163142 123164345
NPTRACE row 1925 123175136 123176749
NPTRACE row 1926 123191842 123193315
NPTRACE row 1927 123209405 123214427
NPTRACE row 1928 123229226 123231046
NPTRACE row 1929 123241145 123243311
NPTRACE row 1930 123258266 123260003
NPTRACE row 1931 123277177 123281061
NPTRACE row 1932 123296129 123297732
NPTRACE row 1933 123307906 123310009
NPTRACE row 1934 123324916 123326675
NPTRACE row 1935 123344018 123347671
NPTRACE row 1936 123362777 123364376
NPTRACE row 1937 123377860 123381242
NPTRACE row 1938 123395814 123397768
NPTRACE row 1939 123409520 123410088
NPTRACE row 1940 123429516 123431091
NPTRACE row 1941 123441238 123443330
NPTRACE row 1942 123457883 123459995
NPTRACE row 1943 123476297 123477175
NPTRACE row 1944 123499533 123501778
NPTRACE row 1945 123509294 123510257
NPTRACE row 1946 123529128 123531037
NPTRACE row 1947 123540851 123543316
NPTRACE row 1948 123557929 123559983
NPTRACE row 1949 123576245 123577155
NPTRACE row 1950 123595990 123597606
NPTRACE row 1951 123607795 123610041
NPTRACE row 1952 123625621 123626776
NPTRACE row 1953 123643829 123647625
NPTRACE row 1954 123662387 123664556
NPTRACE row 1955 123677317 123681071
NPTRACE row 1956 123695784 123697930
NPTRACE row 1957 123709639 123710210
NPTRACE row 1958 123729096 123731272
NPTRACE row 1959 123742048 123743467
NPTRACE row 1960 123759067 123760132
NPTRACE row 1961 123776290 123776952
NPTRACE row 1962 123800989 123801837
NPTRACE row 1963 123810276 123814117
NPTRACE row 1964 123825966 123826838
NPTRACE row 1965 123842235 123843889
NPTRACE row 1966 123862524 123864514
NPTRACE row 1967 123875216 123876935
NPTRACE row 1968 123892438 123893555
NPTRACE row 1969 123909169 123910578
NPTRACE row 1970 123929493 123931223
NPTRACE row 1971 123941675 123943477
NPTRACE row 1972 123958855 123960146
NPTRACE row 1973 123977782 123981212
NPTRACE row 1974 123995439 123997907
NPTRACE row 1975 124013368 124014628
NPTRACE row 1976 124028612 124031205
NPTRACE row 1977 124041595 124043777
NPTRACE row 1978 124062356 124064586
NPTRACE row 1979 124075029 124076910
NPTRACE row 1980 124091701 124093480
NPTRACE row 1981 124110751 124114240
NPTRACE row 1982 124128862 124131279
NPTRACE row 1983 124144726 124147920
NPTRACE row 1984 124162057 124164588
NPTRACE row 1985 124176350 124177366
NPTRACE row 1986 124195371 124197977
NPTRACE row 1987 124207840 124210155
NPTRACE row 1988 124224890 124226832
NPTRACE row 1989 124241776 124243533
NPTRACE row 1990 124261497 124264425
NPTRACE row 1991 124276243 124277357
NPTRACE row 1992 124295457 124298072
NPTRACE row 1993 124307789 124310147
NPTRACE row 1994 124324917 124326832
NPTRACE row 1995 124342218 124343576
NPTRACE row 1996 124362143 124364606
NPTRACE row 1997 124375008 124376949
NPTRACE row 1998 124391731 124393513
NPTRACE row 1999 124409698 124410773
NPTRACE row 2000 124428427 124431142
NPTRACE row 2001 124442931 124443950
NPTRACE row 2002 124461623 124464602
NPTRACE row 2003 124474691 124476942
NPTRACE row 2004 124491371 124493516
NPTRACE row 2005 124509107 124510267
NPTRACE row 2006 124528370 124531161
NPTRACE row 2007 124540863 124543517
NPTRACE row 2008 124557900 124560185
NPTRACE row 2009 124576011 124578786
NPTRACE row 2010 124594979 124597976
NPTRACE row 2011 124609243 124610564
NPTRACE row 2012 124628414 124631281
NPTRACE row 2013 124644266 124647966
NPTRACE row 2014 124664857 124668579
NPTRACE row 2015 124674685 124677021
NPTRACE row 2016 124691778 124693619
NPTRACE row 2017 124708958 124710677
NPTRACE row 2018 124728438 124731191
NPTRACE row 2019 124740917 124743540
NPTRACE row 2020 124758090 124760210
NPTRACE row 2021 124775948 124777558
NPTRACE row 2022 124795165 124797862
NPTRACE row 2023 124810875 124814390
NPTRACE row 2024 124828458 124831312
NPTRACE row 2025 124842879 124844041
NPTRACE row 2026 124861435 124864627
NPTRACE row 2027 124876412 124881058
NPTRACE row 2028 124895119 124898084
NPTRACE row 2029 124909650 124912679
NPTRACE row 2030 124928103 124931383
NPTRACE row 2031 124942239 124944055
NPTRACE row 2032 124961447 124964786
NPTRACE row 2033 124976210 124977438
NPTRACE row 2034 124994769 124998001
NPTRACE row 2035 125011354 125014572
NPTRACE row 2036 125029717 125031280
NPTRACE row 2037 125042503 125048118
NPTRACE row 2038 125062139 125064626
NPTRACE row 2039 125075950 125077435
NPTRACE row 2040 125095370 125098142
NPTRACE row 2041 125109608 125110670
NPTRACE row 2042 125128759 125131373
NPTRACE row 2043 125144401 125147882
NPTRACE row 2044 125162356 125164657
NPTRACE row 2045 125175843 125177497
NPTRACE row 2046 125195037 125198061
NPTRACE row 2047 125211205 125215008
NPTRACE row 2048 125229051 125231476
NPTRACE row 2049 125244317 125247969
NPTRACE row 2050 125262285 125264776
NPTRACE row 2051 125276190 125277478
NPTRACE row 2052 125294961 125298032
NPTRACE row 2053 125313433 125314415
NPTRACE row 2054 125328529 125331345
NPTRACE row 2055 125342787 125344059
NPTRACE row 2056 125361412 125364758
NPTRACE row 2057 125378096 125381345
NPTRACE row 2058 125395047 125398041
NPTRACE row 2059 125407026 125410736
NPTRACE row 2060 125428225 125431464
NPTRACE row 2061 125444246 125447874
NPTRACE row 2062 125461931 125464812
NPTRACE row 2063 125475593 125477568
NPTRACE row 2064 125495546 125498177
NPTRACE row 2065 125511087 125514574
NPTRACE row 2066 125530348 125532497
NPTRACE row 2067 125541043 125543590
NPTRACE row 2068 125557025 125560199
NPTRACE row 2069 125576020 125581510
NPTRACE row 2070 125595568 125598045
NPTRACE row 2071 125606447 125610118
NPTRACE row 2072 125623471 125626856
NPTRACE row 2073 125640417 125643919
NPTRACE row 2074 125660731 125664589
NPTRACE row 2075 125675069 125677383
NPTRACE row 2076 125694087 125697878
NPTRACE row 2077 125706967 125710525
NPTRACE row 2078 125731308 125735112
NPTRACE row 2079 125739831 125743646
NPTRACE row 2080 125756431 125760107
NPTRACE row 2081 125773236 125776878
NPTRACE row 2082 125790432 125793839
NPTRACE row 2083 125810583 125814329
NPTRACE row 2084 125823269 125826833
NPTRACE row 2085 125844178 125848007
NPTRACE row 2086 125856718 125860243
NPTRACE row 2087 125873253 125876910
NPTRACE row 2088 125892158 125893804
NPTRACE row 2089 125910786 125914680
NPTRACE row 2090 125926391 125927752
NPTRACE row 2091 125944158 125947967
NPTRACE row 2092 125960760 125964404
NPTRACE row 2093 125977902 125981461
NPTRACE row 2094 125991575 125998152
NPTRACE row 2095 126013512 126014932
NPTRACE row 2096 126031468 126035315
NPTRACE row 2097 126046138 126048051
NPTRACE row 2098 126058102 126060713
NPTRACE row 2099 126077516 126081179
NPTRACE row 2100 126092471 126094022
NPTRACE row 2101 126110603 126114464
NPTRACE row 2102 126124871 126127293
NPTRACE row 2103 126143945 126147706
NPTRACE row 2104 126158733 126160218
NPTRACE row 2105 126177701 126181300
NPTRACE row 2106 126192540 126194023
NPTRACE row 2107 126209353 126210422
NPTRACE row 2108 126222909 126226824
NPTRACE row 2109 126239010 126239418
NPTRACE row 2110 126258163 126260474
NPTRACE row 2111 126277791 126281184
NPTRACE row 2112 126292996 126294186
NPTRACE row 2113 126310587 126314501
NPTRACE row 2114 126323986 126327347
NPTRACE row 2115 126343168 126343784
NPTRACE row 2116 126359317 126360573
NPTRACE row 2117 126377266 126381229
NPTRACE row 2118 126390380 126393680
NPTRACE row 2119 126410627 126414400
NPTRACE row 2120 126424917 126427300
NPTRACE row 2121 126443037 126443779
NPTRACE row 2122 126456653 126460315
NPTRACE row 2123 126477414 126481227
NPTRACE row 2124 126492488 126494073
NPTRACE row 2125 126509593 126510430
NPTRACE row 2126 126524579 126527184
NPTRACE row 2127 126542904 126543839
NPTRACE row 2128 126558979 126560400
NPTRACE row 2129 126576400 126577186
NPTRACE row 2130 126592257 126594018
NPTRACE row 2131 126609386 126610438
NPTRACE row 2132 126622125 126623087
NPTRACE row 2133 126641592 126643703
NPTRACE row 2134 126657926 126660562
NPTRACE row 2135 126676536 126677174
NPTRACE row 2136 126690170 126694016
NPTRACE row 2137 126709613 126710468
NPTRACE row 2138 126724776 126727364
NPTRACE row 2139 126743034 126743774
NPTRACE row 2140 126758648 126760213
NPTRACE row 2141 126778308 126781437
NPTRACE row 2142 126790229 126793987
NPTRACE row 2143 126809865 126810489
NPTRACE row 2144 126823165 126827106
NPTRACE row 2145 126841465 126843729
NPTRACE row 2146 126856376 126860416
NPTRACE row 2147 126875289 126877188
NPTRACE row 2148 126892202 126894014
NPTRACE row 2149 126907601 126910414
NPTRACE row 2150 126921615 126922965
NPTRACE row 2151 126940951 126943727
NPTRACE row 2152 126955350 126956112
NPTRACE row 2153 126974973 126977191
NPTRACE row 2154 126989707 126993748
NPTRACE row 2155 127007674 127010402
NPTRACE row 2156 127021574 127023017
NPTRACE row 2157 127041221 127043794
NPTRACE row 2158 127061106 127064705
NPTRACE row 2159 127076492 127077306
NPTRACE row 2160 127089938 127093915
NPTRACE row 2161 127107446 127110404
NPTRACE row 2162 127122140 127123086
NPTRACE row 2163 127141259 127143785
NPTRACE row 2164 127156321 127160480
NPTRACE row 2165 127175325 127177278
NPTRACE row 2166 127189605 127194087
NPTRACE row 2167 127209420 127210482
NPTRACE row 2168 127221842 127223041
NPTRACE row 2169 127241194 127243844
NPTRACE row 2170 127256369 127260460
NPTRACE row 2171 127275092 127277198
NPTRACE row 2172 127288316 127289579
NPTRACE row 2173 127307487 127310428
NPTRACE row 2174 127321503 127322990
NPTRACE row 2175 127348722 127352130
NPTRACE row 2176 127358309 127360625
NPTRACE row 2177 127375485 127377366
NPTRACE row 2178 127388427 127389738
NPTRACE row 2179 127407456 127410565
NPTRACE row 2180 127421709 127423070
NPTRACE row 2181 127440880 127443887
NPTRACE row 2182 127455142 127456225
NPTRACE row 2183 127474769 127477372
NPTRACE row 2184 127490604 127493966
NPTRACE row 2185 127507533 127510568
NPTRACE row 2186 127522188 127523178
NPTRACE row 2187 127548601 127552040
NPTRACE row 2188 127558234 127560598
NPTRACE row 2189 127575057 127577416
NPTRACE row 2190 127588149 127589657
NPTRACE row 2191 127607592 127610619
NPTRACE row 2192 127621334 127623041
NPTRACE row 2193 127640300 127643880
NPTRACE row 2194 127654948 127656318
NPTRACE row 2195 127677982 127681464
NPTRACE row 2196 127688239 127689646
NPTRACE row 2197 127706935 127710522
NPTRACE row 2198 127721392 127723025
NPTRACE row 2199 127740313 127743921
NPTRACE row 2200 127754931 127756245
NPTRACE row 2201 127774220 127777316
NPTRACE row 2202 127788267 127789773
NPTRACE row 2203 127806878 127810595
NPTRACE row 2204 127821561 127823103
NPTRACE row 2205 127844259 127848149
NPTRACE row 2206 127855379 127856275
NPTRACE row 2207 127874618 127877460
NPTRACE row 2208 127892464 127894112
NPTRACE row 2209 127907164 127910576
NPTRACE row 2210 127922019 127923206
NPTRACE row 2211 127940438 127943888
NPTRACE row 2212 127955227 127956276
NPTRACE row 2213 127974067 127977366
NPTRACE row 2214 127988459 127989596
NPTRACE row 2215 128007619 128020884
NPTRACE row 2216 128045592 128047986
NPTRACE row 2217 128055595 128056287
NPTRACE row 2218 128082129 128085893
NPTRACE row 2219 128095926 128098329
NPTRACE row 2220 128111050 128114666
NPTRACE row 2221 128120721 128123007
NPTRACE row 2222 128135915 128139662
NPTRACE row 2223 128150102 128152205
NPTRACE row 2224 128162580 128164936
NPTRACE row 2225 128177877 128181392
NPTRACE row 2226 128192517 128194042
NPTRACE row 2227 128206650 128210651
NPTRACE row 2228 128224465 128227365
NPTRACE row 2229 128239976 128243996
NPTRACE row 2230 128254917 128256339
NPTRACE row 2231 128274006 128277480
NPTRACE row 2232 128291379 128298148
NPTRACE row 2233 128311906 128314875
NPTRACE row 2234 128325992 128327291
NPTRACE row 2235 128340204 128344093
NPTRACE row 2236 128355009 128356347
NPTRACE row 2237 128374191 128377458
NPTRACE row 2238 128392336 128393997
NPTRACE row 2239 128408050 128410900
NPTRACE row 2240 128421775 128423120
NPTRACE row 2241 128440269 128443979
NPTRACE row 2242 128456669 128460576
NPTRACE row 2243 128473834 128477483
NPTRACE row 2244 128488156 128489740
NPTRACE row 2245 128515167 128518826
NPTRACE row 2246 128525847 128527676
NPTRACE row 2247 128540168 128544109
NPTRACE row 2248 128554218 128556426
NPTRACE row 2249 128573892 128577522
NPTRACE row 2250 128588492 128589838
NPTRACE row 2251 128606744 128610725
NPTRACE row 2252 128624184 128629649
NPTRACE row 2253 128644148 128648310
NPTRACE row 2254 128656725 128660621
NPTRACE row 2255 128674066 128677702
NPTRACE row 2256 128692810 128694209
NPTRACE row 2257 128707322 128710715
NPTRACE row 2258 128724593 128727463
NPTRACE row 2259 128741038 128744105
NPTRACE row 2260 128757234 128760879
NPTRACE row 2261 128775856 128777565
NPTRACE row 2262 128791526 128794614
NPTRACE row 2263 128807884 128810751
NPTRACE row 2264 128822012 128823130
NPTRACE row 2265 128839063 128840014
NPTRACE row 2266 128855134 128856536
NPTRACE row 2267 128874106 128877489
NPTRACE row 2268 128892344 128894486
NPTRACE row 2269 128908255 128910719
NPTRACE row 2270 128921910 128923132
NPTRACE row 2271 128938891 128940105
NPTRACE row 2272 128954798 128956416
NPTRACE row 2273 128974057 128977352
NPTRACE row 2274 128988086 128990405
NPTRACE row 2275 129006800 129010512
NPTRACE row 2276 129021178 129023098
NPTRACE row 2277 129040057 129043757
NPTRACE row 2278 129054490 129056431
NPTRACE row 2279 129073782 129077216
NPTRACE row 2280 129089962 129094493
NPTRACE row 2281 129118251 129118857
NPTRACE row 2282 129138020 129139996
NPTRACE row 2283 129151140 129152158
NPTRACE row 2284 129165094 129168979
NPTRACE row 2285 129179259 129181725
NPTRACE row 2286 129192481 129194214
NPTRACE row 2287 129206914 129210711
NPTRACE row 2288 129221092 129222996
NPTRACE row 2289 129239087 129239876
NPTRACE row 2290 129253852 129256475
NPTRACE row 2291 129273328 129277131
NPTRACE row 2292 129287699 129290268
NPTRACE row 2293 129305299 129306516
NPTRACE row 2294 129320094 129322975
NPTRACE row 2295 129338440 129339823
NPTRACE row 2296 129353711 129356384
NPTRACE row 2297 129372386 129373252
NPTRACE row 2298 129386940 129390155
NPTRACE row 2299 129405481 129406493
NPTRACE row 2300 129420157 129423068
NPTRACE row 2301 129439060 129439858
NPTRACE row 2302 129453421 129456397
NPTRACE row 2303 129473994 129477352
NPTRACE row 2304 129488127 129490413
NPTRACE row 2305 129505887 129506657
NPTRACE row 2306 129520921 129523223
NPTRACE row 2307 129539194 129539990
NPTRACE row 2308 129554243 129556460
NPTRACE row 2309 129579967 129581527
NPTRACE row 2310 129591345 129594572
NPTRACE row 2311 129605560 129606628
NPTRACE row 2312 129619953 129623047
NPTRACE row 2313 129636270 129639621
NPTRACE row 2314 129653510 129656468
NPTRACE row 2315 129673584 129677218
NPTRACE row 2316 129686747 129689829
NPTRACE row 2317 129705049 129706593
NPTRACE row 2318 129720205 129723115
NPTRACE row 2319 129738839 129740026
NPTRACE row 2320 129753842 129756992
NPTRACE row 2321 129778080 129781460
NPTRACE row 2322 129788554 129789874
NPTRACE row 2323 129804031 129806668
NPTRACE row 2324 129820395 129823086
NPTRACE row 2325 129838752 129839985
NPTRACE row 2326 129854099 129856512
NPTRACE row 2327 129873900 129877235
NPTRACE row 2328 129887891 129890325
NPTRACE row 2329 129905755 129906674
NPTRACE row 2330 129920939 129923220
NPTRACE row 2331 129939294 129940027
NPTRACE row 2332 129954121 129957033
NPTRACE row 2333 129973622 129977275
NPTRACE row 2334 129987227 129989752
NPTRACE row 2335 130011106 130014898
NPTRACE row 2336 130021398 130023570
NPTRACE row 2337 130037737 130039915
NPTRACE row 2338 130053670 130057033
NPTRACE row 2339 130077513 130081506
NPTRACE row 2340 130087866 130090750
NPTRACE row 2341 130104841 130106542
NPTRACE row 2342 130120090 130123115
NPTRACE row 2343 130137558 130139856
NPTRACE row 2344 130158471 130164917
NPTRACE row 2345 130177961 130181534
NPTRACE row 2346 130187152 130189796
NPTRACE row 2347 130204153 130206503
NPTRACE row 2348 130219779 130223162
NPTRACE row 2349 130237529 130239868
NPTRACE row 2350 130253119 130256903
NPTRACE row 2351 130283951 130285704
NPTRACE row 2352 130295561 130298398
NPTRACE row 2353 130309465 130310712
NPTRACE row 2354 130320697 130323282
NPTRACE row 2355 130338115 130339894
NPTRACE row 2356 130353595 130356502
NPTRACE row 2357 130378023 130381571
NPTRACE row 2358 130390705 130394451
NPTRACE row 2359 130405831 130406608
NPTRACE row 2360 130419972 130423212
NPTRACE row 2361 130437997 130439955
NPTRACE row 2362 130453547 130456574
NPTRACE row 2363 130471689 130473408
NPTRACE row 2364 130486935 130490331
NPTRACE row 2365 130504499 130506582
NPTRACE row 2366 130520711 130523120
NPTRACE row 2367 130538752 130540174
NPTRACE row 2368 130553543 130556506
NPTRACE row 2369 130571444 130573420
NPTRACE row 2370 130587171 130590835
NPTRACE row 2371 130604288 130606648
NPTRACE row 2372 130620366 130623263
NPTRACE row 2373 130638229 130639949
NPTRACE row 2374 130653332 130656505
NPTRACE row 2375 130677891 130681403
NPTRACE row 2376 130696820 130698631
NPTRACE row 2377 130711170 130714927
NPTRACE row 2378 130723333 130727278
NPTRACE row 2379 130738304 130740014
NPTRACE row 2380 130753282 130756502
NPTRACE row 2381 130771206 130773435
NPTRACE row 2382 130786915 130790762
NPTRACE row 2383 130804395 130806706
NPTRACE row 2384 130820407 130823286
NPTRACE row 2385 130837466 130839925
NPTRACE row 2386 130853004 130856555
NPTRACE row 2387 130873744 130877478
NPTRACE row 2388 130886945 130890737
NPTRACE row 2389 130903797 130906593
NPTRACE row 2390 130919726 130923256
NPTRACE row 2391 130937263 130939934
NPTRACE row 2392 130952792 130956578
NPTRACE row 2393 130978263 130981569
NPTRACE row 2394 130987841 130990778
NPTRACE row 2395 131003515 131006590
NPTRACE row 2396 131020113 131023292
NPTRACE row 2397 131037709 131040021
NPTRACE row 2398 131053272 131056522
NPTRACE row 2399 131074160 131074918
NPTRACE end 7385c8f69a4ed641
NPTRACE begin afc2f7ded3ae353b 2400 2400 1 0
NPTRACE row 0 298192500 298194925
NPTRACE row 1 298205415 298207323
NPTRACE row 2 298222625 298223918
NPTRACE row 3 298238470 298240566
NPTRACE row 4 298254371 298257097
NPTRACE row 5 298272441 298273874
NPTRACE row 6 298291158 298294569
NPTRACE row 7 298305331 298307424
NPTRACE row 8 298323208 298324107
NPTRACE row 9 298338685 298340529
NPTRACE row 10 298354508 298357456
NPTRACE row 11 298372707 298373876
NPTRACE row 12 298385301 298386491
NPTRACE row 13 298404983 298407064
NPTRACE row 14 298423173 298423959
NPTRACE row 15 298439312 298440644
NPTRACE row 16 298453763 298457342
NPTRACE row 17 298473477 298473907
NPTRACE row 18 298488449 298491028
NPTRACE row 19 298505979 298507047
NPTRACE row 20 298521696 298524283
NPTRACE row 21 298539430 298540407
NPTRACE row 22 298554752 298557496
NPTRACE row 23 298573506 298573943
NPTRACE row 24 298585577 298586429
NPTRACE row 25 298602113 298603094
NPTRACE row 26 298621554 298623687
NPTRACE row 27 298639335 298640631
NPTRACE row 28 298654813 298657024
NPTRACE row 29 298676265 298678010
NPTRACE row 30 298688408 298690990
NPTRACE row 31 298706016 298707063
NPTRACE row 32 298718895 298719784
NPTRACE row 33 298735375 298736399
NPTRACE row 34 298755340 298757734
NPTRACE row 35 298772889 298773946
NPTRACE row 36 298788705 298791036
NPTRACE row 37 298805833 298807079
NPTRACE row 38 298823210 298823871
NPTRACE row 39 298839046 298840432
NPTRACE row 40 298854665 298857438
NPTRACE row 41 298873202 298873965
NPTRACE row 42 298889609 298890532
NPTRACE row 43 298905932 298907265
NPTRACE row 44 298922287 298932267
NPTRACE row 45 298942436 298944580
NPTRACE row 46 298954692 298965523
NPTRACE row 47 298975512 298978040
NPTRACE row 48 298989906 298990602
NPTRACE row 49 299006212 299007236
NPTRACE row 50 299023676 299027888
NPTRACE row 51 299039203 299040609
NPTRACE row 52 299054791 299057131
NPTRACE row 53 299073336 299074071
NPTRACE row 54 299089018 299095821
NPTRACE row 55 299106350 299107217
NPTRACE row 56 299121342 299128000
NPTRACE row 57 299139783 299140767
NPTRACE row 58 299155656 299165152
NPTRACE row 59 299175428 299178121
NPTRACE row 60 299188882 299190527
NPTRACE row 61 299205769 299207268
NPTRACE row 62 299223025 299223885
NPTRACE row 63 299239517 299240810
NPTRACE row 64 299255785 299265800
NPTRACE row 65 299276116 299278114
NPTRACE row 66 299287240 299290597
NPTRACE row 67 299305093 299307821
NPTRACE row 68 299321549 299323823
NPTRACE row 69 299339112 299340640
NPTRACE row 70 299354867 299357538
NPTRACE row 71 299373088 299374076
NPTRACE row 72 299388764 299390899
NPTRACE row 73 299406175 299407291
NPTRACE row 74 299421599 299423829
NPTRACE row 75 299439529 299440611
NPTRACE row 76 299452137 299453024
NPTRACE row 77 299469011 299469748
NPTRACE row 78 299486575 299490998
NPTRACE row 79 299505871 299507313
NPTRACE row 80 299521370 299532311
NPTRACE row 81 299542667 299544731
NPTRACE row 82 299554145 299557660
NPTRACE row 83 299572392 299574111
NPTRACE row 84 299585188 299586329
NPTRACE row 85 299602010 299603086
NPTRACE row 86 299620503 299623859
NPTRACE row 87 299639296 299640605
NPTRACE row 88 299654586 299657617
NPTRACE row 89 299672797 299674120
NPTRACE row 90 299688331 299691005
NPTRACE row 91 299705376 299707298
NPTRACE row 92 299718759 299719775
NPTRACE row 93 299735014 299736335
NPTRACE row 94 299753964 299757199
NPTRACE row 95 299772312 299774072
NPTRACE row 96 299788361 299791021
NPTRACE row 97 299805307 299807320
NPTRACE row 98 299821752 299824271
NPTRACE row 99 299839141 299840794
NPTRACE row 100 299851793 299853015
NPTRACE row 101 299868676 299869781
NPTRACE row 102 299885409 299886383
NPTRACE row 103 299905379 299907347
NPTRACE row 104 299921434 299924341
NPTRACE row 105 299938608 299940681
NPTRACE row 106 299954477 299957241
NPTRACE row 107 299972812 299974114
NPTRACE row 108 299988395 299991088
NPTRACE row 109 300005422 300007349
NPTRACE row 110 300021702 300024277
NPTRACE row 111 300038940 300040676
NPTRACE row 112 300054147 300057469
NPTRACE row 113 300072837 300074144
NPTRACE row 114 300084962 300086368
NPTRACE row 115 300101690 300103032
NPTRACE row 116 300121303 300124530
NPTRACE row 117 300138822 300140693
NPTRACE row 118 300154546 300157641
NPTRACE row 119 300173049 300174151
NPTRACE row 120 300188819 300190955
NPTRACE row 121 300205575 300207351
NPTRACE row 122 300221734 300224367
NPTRACE row 123 300239146 300240692
NPTRACE row 124 300254219 300257560
NPTRACE row 125 300272852 300274110
NPTRACE row 126 300288372 300291023
NPTRACE row 127 300310359 300311813
NPTRACE row 128 300323072 300324000
NPTRACE row 129 300339028 300340767
NPTRACE row 130 300354458 300357619
NPTRACE row 131 300372866 300374105
NPTRACE row 132 300388252 300391044
NPTRACE row 133 300405311 300407393
NPTRACE row 134 300418526 300419825
NPTRACE row 135 300434787 300436391
NPTRACE row 136 300454435 300461450
NPTRACE row 137 300472863 300474186
NPTRACE row 138 300488073 300490592
NPTRACE row 139 300505287 300507347
NPTRACE row 140 300518467 300519741
NPTRACE row 141 300534987 300536491
NPTRACE row 142 300554162 300565737
NPTRACE row 143 300577825 300578226
NPTRACE row 144 300588235 300591056
NPTRACE row 145 300605317 300607444
NPTRACE row 146 300620547 300624378
NPTRACE row 147 300638768 300640747
NPTRACE row 148 300654531 300657824
NPTRACE row 149 300672351 300674208
NPTRACE row 150 300684717 300686417
NPTRACE row 151 300700902 300703078
NPTRACE row 152 300719546 300719807
NPTRACE row 153 300738849 300740751
NPTRACE row 154 300753355 300765656
NPTRACE row 155 300777442 300778253
NPTRACE row 156 300787955 300790629
NPTRACE row 157 300805197 300807385
NPTRACE row 158 300821014 300828206
NPTRACE row 159 300839466 300840709
NPTRACE row 160 300853254 300857591
NPTRACE row 161 300872010 300874199
NPTRACE row 162 300887728 300890630
NPTRACE row 163 300905070 300907360
NPTRACE row 164 300920981 300924425
NPTRACE row 165 300937936 300940780
NPTRACE row 166 300952872 300953167
NPTRACE row 167 300977151 300978267
NPTRACE row 168 300988150 300991274
NPTRACE row 169 301004823 301007447
NPTRACE row 170 301020934 301028168
NPTRACE row 171 301039320 301040740
NPTRACE row 172 301052613 301053186
NPTRACE row 173 301076782 301078274
NPTRACE row 174 301087470 301099103
NPTRACE row 175 301109707 301111517
NPTRACE row 176 301120453 301124430
NPTRACE row 177 301137617 301140753
NPTRACE row 178 301152785 301153186
NPTRACE row 179 301175790 301178277
NPTRACE row 180 301185752 301186483
NPTRACE row 181 301204060 301207287
NPTRACE row 182 301220252 301224523
NPTRACE row 183 301237415 301240609
NPTRACE row 184 301252304 301253186
NPTRACE row 185 301271009 301274183
NPTRACE row 186 301283551 301286815
NPTRACE row 187 301302545 301303604
NPTRACE row 188 301317604 301319865
NPTRACE row 189 301333398 301344184
NPTRACE row 190 301353272 301357699
NPTRACE row 191 301371142 301374329
NPTRACE row 192 301387195 301390696
NPTRACE row 193 301402629 301403699
NPTRACE row 194 301420290 301424383
NPTRACE row 195 301435945 301437209
NPTRACE row 196 301452215 301453199
NPTRACE row 197 301470827 301474207
NPTRACE row 198 301483626 301486806
NPTRACE row 199 301503934 301507333
NPTRACE row 200 301516691 301520227
NPTRACE row 201 301535671 301536948
NPTRACE row 202 301550130 301553220
NPTRACE row 203 301570835 301574011
NPTRACE row 204 301583503 301586707
NPTRACE row 205 301603895 301607326
NPTRACE row 206 301616767 301620049
NPTRACE row 207 301636068 301636869
NPTRACE row 208 301650203 301653218
NPTRACE row 209 301670866 301674195
NPTRACE row 210 301683491 301686715
NPTRACE row 211 301702561 301703864
NPTRACE row 212 301716840 301719833
NPTRACE row 213 301733095 301736495
NPTRACE row 214 301749899 301753278
NPTRACE row 215 301776551 301778296
NPTRACE row 216 301784630 301787249
NPTRACE row 217 301802627 301803699
NPTRACE row 218 301820326 301823945
NPTRACE row 219 301836203 301836788
NPTRACE row 220 301852325 301853229
NPTRACE row 221 301874806 301878271
NPTRACE row 222 301883495 301886507
NPTRACE row 223 301899716 301903174
NPTRACE row 224 301917846 301919914
NPTRACE row 225 301937154 301940882
NPTRACE row 226 301950087 301953245
NPTRACE row 227 301970774 301974141
NPTRACE row 228 301983611 301986728
NPTRACE row 229 302002331 302003459
NPTRACE row 230 302016520 302020253
NPTRACE row 231 302035735 302036866
NPTRACE row 232 302049853 302053250
NPTRACE row 233 302069464 302070591
NPTRACE row 234 302083162 302086899
NPTRACE row 235 302102318 302103650
NPTRACE row 236 302116485 302120226
NPTRACE row 237 302135880 302137085
NPTRACE row 238 302149942 302153263
NPTRACE row 239 302170773 302174030
NPTRACE row 240 302186927 302190809
NPTRACE row 241 302203880 302207525
NPTRACE row 242 302216929 302220211
NPTRACE row 243 302236035 302237189
NPTRACE row 244 302250260 302253261
NPTRACE row 245 302270895 302274265
NPTRACE row 246 302283382 302286837
NPTRACE row 247 302309289 302311576
NPTRACE row 248 302316315 302320130
NPTRACE row 249 302335906 302336902
NPTRACE row 250 302355338 302357476
NPTRACE row 251 302370208 302374287
NPTRACE row 252 302382814 302386735
NPTRACE row 253 302402152 302403452
NPTRACE row 254 302416193 302420035
NPTRACE row 255 302435514 302437082
NPTRACE row 256 302449530 302453175
NPTRACE row 257 302476405 302478385
NPTRACE row 258 302483526 302486556
NPTRACE row 259 302498488 302499383
NPTRACE row 260 302516483 302528386
NPTRACE row 261 302539334 302541030
NPTRACE row 262 302548853 302549399
NPTRACE row 263 302576558 302578367
NPTRACE row 264 302583965 302586798
NPTRACE row 265 302601299 302603250
NPTRACE row 266 302620710 302624117
NPTRACE row 267 302641820 302644904
NPTRACE row 268 302649465 302653229
NPTRACE row 269 302666197 302669934
NPTRACE row 270 302682902 302686685
NPTRACE row 271 302703740 302707611
NPTRACE row 272 302716133 302719853
NPTRACE row 273 302735378 302736732
NPTRACE row 274 302749480 302753196
NPTRACE row 275 302769053 302770201
NPTRACE row 276 302783043 302787045
NPTRACE row 277 302802073 302803295
NPTRACE row 278 302816338 302820144
NPTRACE row 279 302835549 302837460
NPTRACE row 280 302848884 302849393
NPTRACE row 281 302868809 302870230
NPTRACE row 282 302882091 302882698
NPTRACE row 283 302901774 302903418
NPTRACE row 284 302915381 302916025
NPTRACE row 285 302934816 302936617
NPTRACE row 286 302949561 302953221
NPTRACE row 287 302968711 302970321
NPTRACE row 288 302982989 302987088
NPTRACE row 289 303001652 303003565
NPTRACE row 290 303016092 303020081
NPTRACE row 291 303035121 303036796
NPTRACE row 292 303049384 303053216
NPTRACE row 293 303068969 303070228
NPTRACE row 294 303082325 303082678
NPTRACE row 295 303102025 303103519
NPTRACE row 296 303115519 303116050
NPTRACE row 297 303134793 303136786
NPTRACE row 298 303148697 303149341
NPTRACE row 299 303176673 303178438
NPTRACE row 300 303185506 303186665
NPTRACE row 301 303198490 303199499
NPTRACE row 302 303219207 303220036
NPTRACE row 303 303234484 303236710
NPTRACE row 304 303248923 303249424
NPTRACE row 305 303273998 303274714
NPTRACE row 306 303281897 303282644
NPTRACE row 307 303301693 303303404
NPTRACE row 308 303315569 303316053
NPTRACE row 309 303342660 303345028
NPTRACE row 310 303349899 303353339
NPTRACE row 311 303367869 303370099
NPTRACE row 312 303386348 303386939
NPTRACE row 313 303401128 303403387
NPTRACE row 314 303415331 303415932
NPTRACE row 315 303434366 303436714
NPTRACE row 316 303449422 303453357
NPTRACE row 317 303468011 303470165
NPTRACE row 318 303482835 303486679
NPTRACE row 319 303506789 303507714
NPTRACE row 320 303515097 303515942
NPTRACE row 321 303533957 303536677
NPTRACE row 322 303548691 303549366
NPTRACE row 323 303567824 303570215
NPTRACE row 324 303582046 303582706
NPTRACE row 325 303601063 303603424
NPTRACE row 326 303615065 303615945
NPTRACE row 327 303634344 303636691
NPTRACE row 328 303648401 303649250
NPTRACE row 329 303667934 303670205
NPTRACE row 330 303681713 303682591
NPTRACE row 331 303700964 303703629
NPTRACE row 332 303715259 303715960
NPTRACE row 333 303734149 303736734
NPTRACE row 334 303748363 303749273
NPTRACE row 335 303771290 303774460
NPTRACE row 336 303782215 303782708
NPTRACE row 337 303800984 303803334
NPTRACE row 338 303815225 303815887
NPTRACE row 339 303834181 303836686
NPTRACE row 340 303848541 303849224
NPTRACE row 341 303868056 303870251
NPTRACE row 342 303881949 303882560
NPTRACE row 343 303901081 303903365
NPTRACE row 344 303914881 303915862
NPTRACE row 345 303934464 303936810
NPTRACE row 346 303948439 303949250
NPTRACE row 347 303968017 303970444
NPTRACE row 348 303981927 303982596
NPTRACE row 349 304000553 304003360
NPTRACE row 350 304014854 304015860
NPTRACE row 351 304034228 304036733
NPTRACE row 352 304048172 304049214
NPTRACE row 353 304068123 304070133
NPTRACE row 354 304081515 304082530
NPTRACE row 355 304100807 304103698
NPTRACE row 356 304114898 304115878
NPTRACE row 357 304134178 304136736
NPTRACE row 358 304148121 304149202
NPTRACE row 359 304167999 304170273
NPTRACE row 360 304181952 304182644
NPTRACE row 361 304200819 304203396
NPTRACE row 362 304215100 304215876
NPTRACE row 363 304234462 304236732
NPTRACE row 364 304248543 304249220
NPTRACE row 365 304272830 304274499
NPTRACE row 366 304281804 304282599
NPTRACE row 367 304301289 304303678
NPTRACE row 368 304314826 304315886
NPTRACE row 369 304334422 304336731
NPTRACE row 370 304348122 304349217
NPTRACE row 371 304367366 304370173
NPTRACE row 372 304381596 304382560
NPTRACE row 373 304400905 304403408
NPTRACE row 374 304416162 304424316
NPTRACE row 375 304433798 304436784
NPTRACE row 376 304447880 304449214
NPTRACE row 377 304467959 304470389
NPTRACE row 378 304481446 304482549
NPTRACE row 379 304500607 304503490
NPTRACE row 380 304515049 304515883
NPTRACE row 381 304532332 304532580
NPTRACE row 382 304548046 304549212
NPTRACE row 383 304570555 304574379
NPTRACE row 384 304581875 304582650
NPTRACE row 385 304599601 304603440
NPTRACE row 386 304615369 304615884
NPTRACE row 387 304635111 304636807
NPTRACE row 388 304648091 304649220
NPTRACE row 389 304666372 304670183
NPTRACE row 390 304681753 304682559
NPTRACE row 391 304699468 304703429
NPTRACE row 392 304714894 304715894
NPTRACE row 393 304733118 304736758
NPTRACE row 394 304747547 304749228
NPTRACE row 395 304766732 304770211
NPTRACE row 396 304780999 304782564
NPTRACE row 397 304798816 304799316
NPTRACE row 398 304814732 304815900
NPTRACE row 399 304833267 304836888
NPTRACE row 400 304847623 304849235
NPTRACE row 401 304866660 304870314
NPTRACE row 402 304880917 304882574
NPTRACE row 403 304899550 304903362
NPTRACE row 404 304914086 304915905
NPTRACE row 405 304932945 304936739
NPTRACE row 406 304947495 304949244
NPTRACE row 407 304966815 304970194
NPTRACE row 408 304981321 304982679
NPTRACE row 409 304999620 305003447
NPTRACE row 410 305014406 305015917
NPTRACE row 411 305041774 305041824
NPTRACE row 412 305048880 305049462
NPTRACE row 413 305066738 305070222
NPTRACE row 414 305081045 305082590
NPTRACE row 415 305100011 305103602
NPTRACE row 416 305114267 305116006
NPTRACE row 417 305132245 305132968
NPTRACE row 418 305147407 305149264
NPTRACE row 419 305166470 305170151
NPTRACE row 420 305180735 305182595
NPTRACE row 421 305198938 305199664
NPTRACE row 422 305214095 305215957
NPTRACE row 423 305243095 305245332
NPTRACE row 424 305250008 305253463
NPTRACE row 425 305266433 305270056
NPTRACE row 426 305280693 305282603
NPTRACE row 427 305299147 305299639
NPTRACE row 428 305314265 305315937
NPTRACE row 429 305332095 305332926
NPTRACE row 430 305347198 305349231
NPTRACE row 431 305367724 305370424
NPTRACE row 432 305380929 305382669
NPTRACE row 433 305398886 305399674
NPTRACE row 434 305414343 305415911
NPTRACE row 435 305432146 305432858
NPTRACE row 436 305449176 305449500
NPTRACE row 437 305465843 305466307
NPTRACE row 438 305480535 305482576
NPTRACE row 439 305500837 305503811
NPTRACE row 440 305513825 305515911
NPTRACE row 441 305531771 305532955
NPTRACE row 442 305547271 305549275
NPTRACE row 443 305567104 305570288
NPTRACE row 444 305580393 305582593
NPTRACE row 445 305598455 305599584
NPTRACE row 446 305613707 305615925
NPTRACE row 447 305634466 305637253
NPTRACE row 448 305647374 305649303
NPTRACE row 449 305665159 305666111
NPTRACE row 450 305680803 305682644
NPTRACE row 451 305698609 305699616
NPTRACE row 452 305713965 305715928
NPTRACE row 453 305731769 305732940
NPTRACE row 454 305746992 305749265
NPTRACE row 455 305767492 305770377
NPTRACE row 456 305780857 305782699
NPTRACE row 457 305798465 305799468
NPTRACE row 458 305813850 305815934
NPTRACE row 459 305831889 305832835
NPTRACE row 460 305847203 305849275
NPTRACE row 461 305865414 305866289
NPTRACE row 462 305880575 305882608
NPTRACE row 463 305900589 305903746
NPTRACE row 464 305913529 305915944
NPTRACE row 465 305931486 305932813
NPTRACE row 466 305946840 305949280
NPTRACE row 467 305965302 305966269
NPTRACE row 468 305980152 305982614
NPTRACE row 469 305998095 305999408
NPTRACE row 470 306013455 306015950
NPTRACE row 471 306033586 306036963
NPTRACE row 472 306047096 306049288
NPTRACE row 473 306065158 306066250
NPTRACE row 474 306080075 306082627
NPTRACE row 475 306097989 306099427
NPTRACE row 476 306113395 306115963
NPTRACE row 477 306131386 306132793
NPTRACE row 478 306146755 306149296
NPTRACE row 479 306167290 306170246
NPTRACE row 480 306180664 306182732
NPTRACE row 481 306198201 306199402
NPTRACE row 482 306213774 306215966
NPTRACE row 483 306231416 306232776
NPTRACE row 484 306247259 306249305
NPTRACE row 485 306265192 306266244
NPTRACE row 486 306280373 306282649
NPTRACE row 487 306300199 306303949
NPTRACE row 488 306313548 306315976
NPTRACE row 489 306328231 306330522
NPTRACE row 490 306346704 306349326
NPTRACE row 491 306365912 306366157
NPTRACE row 492 306382089 306382787
NPTRACE row 493 306394732 306395558
NPTRACE row 494 306412299 306415988
NPTRACE row 495 306442181 306445336
NPTRACE row 496 306452313 306453540
NPTRACE row 497 306465096 306466210
NPTRACE row 498 306481525 306482676
NPTRACE row 499 306498069 306499435
NPTRACE row 500 306516155 306520245
NPTRACE row 501 306531500 306532789
NPTRACE row 502 306546892 306549328
NPTRACE row 503 306567233 306570382
NPTRACE row 504 306580742 306582762
NPTRACE row 505 306598327 306599451
NPTRACE row 506 306613958 306616000
NPTRACE row 507 306631650 306632804
NPTRACE row 508 306647178 306649336
NPTRACE row 509 306665286 306666195
NPTRACE row 510 306680520 306682679
NPTRACE row 511 306700862 306704019
NPTRACE row 512 306713789 306716009
NPTRACE row 513 306731317 306732695
NPTRACE row 514 306746880 306749345
NPTRACE row 515 306765151 306766195
NPTRACE row 516 306780211 306782689
NPTRACE row 517 306797941 306799355
NPTRACE row 518 306813364 306816016
NPTRACE row 519 306832564 306833295
NPTRACE row 520 306846781 306849354
NPTRACE row 521 306864901 306866191
NPTRACE row 522 306880074 306882690
NPTRACE row 523 306909900 306911869
NPTRACE row 524 306919861 306921209
NPTRACE row 525 306930935 306932750
NPTRACE row 526 306946661 306949360
NPTRACE row 527 306967313 306970384
NPTRACE row 528 306980519 306982793
NPTRACE row 529 306997881 306999375
NPTRACE row 530 307013667 307016035
NPTRACE row 531 307031235 307032698
NPTRACE row 532 307046840 307049369
NPTRACE row 533 307065130 307066209
NPTRACE row 534 307080252 307082705
NPTRACE row 535 307099315 307099992
NPTRACE row 536 307113253 307116042
NPTRACE row 537 307143221 307145222
NPTRACE row 538 307153168 307166180
NPTRACE row 539 307176923 307178662
NPTRACE row 540 307185319 307187199
NPTRACE row 541 307197354 307199443
NPTRACE row 542 307213266 307216051
NPTRACE row 543 307244730 307245689
NPTRACE row 544 307252967 307253548
NPTRACE row 545 307264438 307266231
NPTRACE row 546 307280067 307282722
NPTRACE row 547 307299767 307303582
NPTRACE row 548 307313048 307316055
NPTRACE row 549 307330739 307332731
NPTRACE row 550 307346424 307349392
NPTRACE row 551 307365908 307366854
NPTRACE row 552 307380311 307382825
NPTRACE row 553 307397679 307399398
NPTRACE row 554 307413294 307416066
NPTRACE row 555 307443444 307445242
NPTRACE row 556 307454026 307466111
NPTRACE row 557 307475021 307479723
NPTRACE row 558 307488724 307491091
NPTRACE row 559 307500439 307503848
NPTRACE row 560 307513076 307516073
NPTRACE row 561 307530537 307532750
NPTRACE row 562 307546305 307549409
NPTRACE row 563 307577375 307578687
NPTRACE row 564 307586017 307586989
NPTRACE row 565 307597032 307599417
NPTRACE row 566 307613113 307616079
NPTRACE row 567 307632022 307633315
NPTRACE row 568 307646328 307649417
NPTRACE row 569 307666940 307670397
NPTRACE row 570 307679597 307682751
NPTRACE row 571 307697064 307699471
NPTRACE row 572 307713147 307716088
NPTRACE row 573 307730402 307732792
NPTRACE row 574 307746226 307749422
NPTRACE row 575 307767190 307770426
NPTRACE row 576 307780074 307782855
NPTRACE row 577 307797207 307799483
NPTRACE row 578 307813196 307816096
NPTRACE row 579 307830604 307832764
NPTRACE row 580 307846741 307849435
NPTRACE row 581 307864826 307866280
NPTRACE row 582 307880071 307882768
NPTRACE row 583 307899197 307900068
NPTRACE row 584 307913174 307916103
NPTRACE row 585 307930606 307932768
NPTRACE row 586 307946538 307949439
NPTRACE row 587 307964410 307966283
NPTRACE row 588 307979756 307982775
NPTRACE row 589 307997282 307999473
NPTRACE row 590 308013053 308016110
NPTRACE row 591 308032044 308033461
NPTRACE row 592 308046346 308049446
NPTRACE row 593 308064281 308066308
NPTRACE row 594 308079335 308082795
NPTRACE row 595 308094037 308095274
NPTRACE row 596 308111045 308111943
NPTRACE row 597 308130309 308132796
NPTRACE row 598 308146202 308149457
NPTRACE row 599 308165523 308166860
NPTRACE row 600 308180205 308182886
NPTRACE row 601 308210800 308211966
NPTRACE row 602 308220101 308220349
NPTRACE row 603 308230375 308232795
NPTRACE row 604 308246696 308249464
NPTRACE row 605 308264371 308266233
NPTRACE row 606 308279893 308282800
NPTRACE row 607 308311907 308312445
NPTRACE row 608 308322395 308324495
NPTRACE row 609 308332085 308332876
NPTRACE row 610 308346271 308349470
NPTRACE row 611 308371182 308374711
NPTRACE row 612 308380130 308382809
NPTRACE row 613 308401085 308403679
NPTRACE row 614 308412781 308416148
NPTRACE row 615 308445150 308445707
NPTRACE row 616 308454101 308457811
NPTRACE row 617 308464061 308466400
NPTRACE row 618 308479577 308482828
NPTRACE row 619 308496818 308499517
NPTRACE row 620 308515272 308516172
NPTRACE row 621 308530306 308532823
NPTRACE row 622 308546020 308549486
NPTRACE row 623 308565689 308566987
NPTRACE row 624 308580005 308582916
NPTRACE row 625 308611257 308612066
NPTRACE row 626 308620551 308624502
NPTRACE row 627 308630300 308632837
NPTRACE row 628 308646363 308649494
NPTRACE row 629 308664256 308666335
NPTRACE row 630 308679813 308682831
NPTRACE row 631 308698467 308700049
NPTRACE row 632 308712977 308716168
NPTRACE row 633 308730041 308732841
NPTRACE row 634 308746085 308749506
NPTRACE row 635 308763760 308766284
NPTRACE row 636 308779571 308782839
NPTRACE row 637 308796546 308799511
NPTRACE row 638 308812888 308816174
NPTRACE row 639 308832044 308833613
NPTRACE row 640 308845995 308849514
NPTRACE row 641 308863687 308866369
NPTRACE row 642 308879386 308882849
NPTRACE row 643 308896509 308899518
NPTRACE row 644 308912734 308916185
NPTRACE row 645 308929822 308932921
NPTRACE row 646 308945997 308949521
NPTRACE row 647 308964971 308966908
NPTRACE row 648 308980009 308982953
NPTRACE row 649 309011059 309012014
NPTRACE row 650 309020109 309020394
NPTRACE row 651 309029944 309032861
NPTRACE row 652 309046446 309049529
NPTRACE row 653 309063703 309066374
NPTRACE row 654 309079397 309082864
NPTRACE row 655 309098285 309100227
NPTRACE row 656 309112741 309116198
NPTRACE row 657 309129556 309132899
NPTRACE row 658 309146019 309149534
NPTRACE row 659 309163372 309166376
NPTRACE row 660 309179026 309182871
NPTRACE row 661 309196235 309199540
NPTRACE row 662 309212586 309216204
NPTRACE row 663 309230654 309233445
NPTRACE row 664 309246048 309249544
NPTRACE row 665 309263076 309266397
NPTRACE row 666 309279070 309282880
NPTRACE row 667 309306498 309307922
NPTRACE row 668 309314513 309316215
NPTRACE row 669 309329222 309332880
NPTRACE row 670 309345649 309349553
NPTRACE row 671 309364721 309367016
NPTRACE row 672 309379685 309382984
NPTRACE row 673 309396455 309399569
NPTRACE row 674 309412929 309416220
NPTRACE row 675 309430306 309432959
NPTRACE row 676 309446316 309449558
NPTRACE row 677 309463846 309466391
NPTRACE row 678 309479909 309482896
NPTRACE row 679 309510313 309512453
NPTRACE row 680 309521097 309533023
NPTRACE row 681 309543302 309545390
NPTRACE row 682 309550282 309553942
NPTRACE row 683 309563234 309566417
NPTRACE row 684 309578966 309582904
NPTRACE row 685 309595964 309599579
NPTRACE row 686 309612856 309616238
NPTRACE row 687 309631358 309633601
NPTRACE row 688 309645981 309649580
NPTRACE row 689 309677857 309678837
NPTRACE row 690 309687208 309691256
NPTRACE row 691 309697113 309699650
NPTRACE row 692 309712842 309716249
NPTRACE row 693 309730349 309732986
NPTRACE row 694 309746491 309749585
NPTRACE row 695 309765126 309766969
NPTRACE row 696 309779975 309783016
NPTRACE row 697 309796058 309799659
NPTRACE row 698 309812909 309816254
NPTRACE row 699 309830011 309832924
NPTRACE row 700 309846305 309849590
NPTRACE row 701 309863727 309866505
NPTRACE row 702 309879729 309882928
NPTRACE row 703 309898308 309900450
NPTRACE row 704 309913062 309916262
NPTRACE row 705 309930136 309932936
NPTRACE row 706 309946084 309949599
NPTRACE row 707 309963629 309966438
NPTRACE row 708 309979856 309982936
NPTRACE row 709 309995387 309999603
NPTRACE row 710 310012750 310016272
NPTRACE row 711 310031406 310033538
NPTRACE row 712 310045998 310049607
NPTRACE row 713 310076970 310078895
NPTRACE row 714 310086162 310090190
NPTRACE row 715 310099233 310099682
NPTRACE row 716 310112924 310116280
NPTRACE row 717 310129888 310132949
NPTRACE row 718 310146282 310149615
NPTRACE row 719 310165166 310167112
NPTRACE row 720 310179974 310183056
NPTRACE row 721 310195358 310195538
NPTRACE row 722 310213190 310216284
NPTRACE row 723 310230666 310233017
NPTRACE row 724 310246388 310249620
NPTRACE row 725 310261942 310262335
NPTRACE row 726 310279853 310282957
NPTRACE row 727 310297158 310300179
NPTRACE row 728 310312800 310316297
NPTRACE row 729 310330414 310333028
NPTRACE row 730 310346117 310349631
NPTRACE row 731 310362444 310366468
NPTRACE row 732 310379588 310382964
NPTRACE row 733 310394981 310395471
NPTRACE row 734 310412563 310416302
NPTRACE row 735 310431446 310433649
NPTRACE row 736 310445926 310449648
NPTRACE row 737 310463640 310466438
NPTRACE row 738 310479491 310482976
NPTRACE row 739 310494999 310495525
NPTRACE row 740 310512698 310516310
NPTRACE row 741 310530384 310533035
NPTRACE row 742 310547367 310549682
NPTRACE row 743 310563533 310566679
NPTRACE row 744 310579753 310583098
NPTRACE row 745 310595160 310595482
NPTRACE row 746 310612962 310616321
NPTRACE row 747 310630595 310633043
NPTRACE row 748 310646198 310649684
NPTRACE row 749 310664083 310666490
NPTRACE row 750 310679293 310682988
NPTRACE row 751 310697143 310700088
NPTRACE row 752 310712785 310716340
NPTRACE row 753 310730315 310733004
NPTRACE row 754 310745891 310749678
NPTRACE row 755 310763616 310766511
NPTRACE row 756 310779200 310783000
NPTRACE row 757 310795054 310795545
NPTRACE row 758 310812813 310816346
NPTRACE row 759 310831506 310833380
NPTRACE row 760 310845856 310849689
NPTRACE row 761 310863787 310866514
NPTRACE row 762 310879265 310883008
NPTRACE row 763 310895073 310895568
NPTRACE row 764 310912508 310916351
NPTRACE row 765 310927814 310928912
NPTRACE row 766 310945863 310949736
NPTRACE row 767 310965904 310967087
NPTRACE row 768 310979575 310983204
NPTRACE row 769 310995052 310995518
NPTRACE row 770 311012718 311016397
NPTRACE row 771 311028297 311028855
NPTRACE row 772 311045894 311049709
NPTRACE row 773 311063957 311066494
NPTRACE row 774 311079311 311083047
NPTRACE row 775 311097402 311100231
NPTRACE row 776 311112397 311116385
NPTRACE row 777 311130024 311133042
NPTRACE row 778 311145461 311145533
NPTRACE row 779 311163768 311166534
NPTRACE row 780 311179105 311183041
NPTRACE row 781 311195038 311195599
NPTRACE row 782 311212422 311216408
NPTRACE row 783 311230419 311233480
NPTRACE row 784 311245352 311245548
NPTRACE row 785 311273492 311274911
NPTRACE row 786 311281735 311283088
NPTRACE row 787 311296449 311299707
NPTRACE row 788 311312150 311316407
NPTRACE row 789 311343505 311345553
NPTRACE row 790 311351142 311353935
NPTRACE row 791 311365953 311367096
NPTRACE row 792 311378808 311378966
NPTRACE row 793 311396308 311399721
NPTRACE row 794 311412676 311416381
NPTRACE row 795 311438562 311441428
NPTRACE row 796 311447658 311449720
NPTRACE row 797 311467166 311470725
NPTRACE row 798 311479077 311483063
NPTRACE row 799 311496335 311499937
NPTRACE row 800 311512031 311512239
NPTRACE row 801 311544472 311545553
NPTRACE row 802 311552938 311554032
NPTRACE row 803 311563190 311566570
NPTRACE row 804 311581743 311583068
NPTRACE row 805 311595465 311595702
NPTRACE row 806 311611737 311612225
NPTRACE row 807 311634977 311637506
NPTRACE row 808 311645919 311649764
NPTRACE row 809 311663860 311666585
NPTRACE row 810 311678536 311678911
NPTRACE row 811 311695075 311695608
NPTRACE row 812 311712000 311712254
NPTRACE row 813 311734329 311737260
NPTRACE row 814 311745602 311749798
NPTRACE row 815 311764435 311766858
NPTRACE row 816 311779319 311783259
NPTRACE row 817 311795474 311795748
NPTRACE row 818 311812493 311816573
NPTRACE row 819 311840284 311841598
NPTRACE row 820 311848926 311849909
NPTRACE row 821 311864188 311866731
NPTRACE row 822 311879159 311883248
NPTRACE row 823 311896320 311900084
NPTRACE row 824 311912028 311912346
NPTRACE row 825 311929284 311933174
NPTRACE row 826 311945253 311945683
NPTRACE row 827 311977794 311979091
NPTRACE row 828 311987535 311991575
NPTRACE row 829 311997930 311999903
NPTRACE row 830 312011936 312012354
NPTRACE row 831 312036992 312037983
NPTRACE row 832 312047044 312049949
NPTRACE row 833 312063734 312066684
NPTRACE row 834 312078477 312079033
NPTRACE row 835 312095334 312095789
NPTRACE row 836 312111966 312112368
NPTRACE row 837 312130462 312133259
NPTRACE row 838 312145254 312145711
NPTRACE row 839 312164705 312166888
NPTRACE row 840 312179471 312183346
NPTRACE row 841 312210012 312212365
NPTRACE row 842 312218425 312237642
NPTRACE row 843 312247016 312250010
NPTRACE row 844 312263856 312266611
NPTRACE row 845 312275334 312279103
NPTRACE row 846 312283020 312283256
NPTRACE row 847 312297907 312300265
NPTRACE row 848 312311777 312312366
NPTRACE row 849 312344784 312345690
NPTRACE row 850 312355015 312358222
NPTRACE row 851 312371735 312374961
NPTRACE row 852 312380750 312383190
NPTRACE row 853 312396344 312399934
NPTRACE row 854 312412213 312412382
NPTRACE row 855 312430945 312433440
NPTRACE row 856 312445125 312445736
NPTRACE row 857 312478012 312479124
NPTRACE row 858 312488293 312492228
NPTRACE row 859 312498405 312499962
NPTRACE row 860 312511166 312512388
NPTRACE row 861 312530436 312533293
NPTRACE row 862 312545066 312545760
NPTRACE row 863 312563549 312566894
NPTRACE row 864 312579449 312583325
NPTRACE row 865 312615084 312616556
NPTRACE row 866 312627879 312629119
NPTRACE row 867 312639849 312641706
NPTRACE row 868 312648597 312649880
NPTRACE row 869 312660145 312662490
NPTRACE row 870 312676768 312679297
NPTRACE row 871 312696731 312700180
NPTRACE row 872 312712570 312716677
NPTRACE row 873 312729487 312733304
NPTRACE row 874 312745372 312745743
NPTRACE row 875 312764299 312766764
NPTRACE row 876 312778854 312779069
NPTRACE row 877 312792736 312799999
NPTRACE row 878 312811049 312812451
NPTRACE row 879 312845024 312845929
NPTRACE row 880 312856421 312858337
NPTRACE row 881 312868044 312870847
NPTRACE row 882 312879206 312883437
NPTRACE row 883 312901780 312904184
NPTRACE row 884 312913246 312916792
NPTRACE row 885 312930697 312933336
NPTRACE row 886 312945176 312945781
NPTRACE row 887 312964849 312966970
NPTRACE row 888 312979566 312983477
NPTRACE row 889 312995543 312995793
NPTRACE row 890 313012015 313012440
NPTRACE row 891 313030689 313033326
NPTRACE row 892 313045316 313045780
NPTRACE row 893 313064473 313066768
NPTRACE row 894 313078703 313079106
NPTRACE row 895 313112753 313116703
NPTRACE row 896 313124301 313125015
NPTRACE row 897 313135479 313137491
NPTRACE row 898 313146334 313150121
NPTRACE row 899 313164075 313166809
NPTRACE row 900 313178434 313179098
NPTRACE row 901 313195604 313195835
NPTRACE row 902 313211905 313212468
NPTRACE row 903 313244441 313245879
NPTRACE row 904 313255631 313258316
NPTRACE row 905 313267235 313270858
NPTRACE row 906 313279468 313283384
NPTRACE row 907 313312578 313316694
NPTRACE row 908 313336569 313337826
NPTRACE row 909 313344971 313345758
NPTRACE row 910 313352378 313354092
NPTRACE row 911 313360399 313362718
NPTRACE row 912 313375235 313379125
NPTRACE row 913 313395888 313399887
NPTRACE row 914 313411689 313412432
NPTRACE row 915 313429910 313433368
NPTRACE row 916 313444886 313445778
NPTRACE row 917 313479426 313483455
NPTRACE row 918 313507810 313508388
NPTRACE row 919 313517164 313520934
NPTRACE row 920 313530860 313533374
NPTRACE row 921 313542717 313545780
NPTRACE row 922 313550999 313570941
NPTRACE row 923 313579990 313583596
NPTRACE row 924 313591944 313595845
NPTRACE row 925 313603024 313604242
NPTRACE row 926 313613874 313616689
NPTRACE row 927 313646376 313650052
NPTRACE row 928 313658455 313662456
NPTRACE row 929 313671047 313674961
NPTRACE row 930 313680420 313683540
NPTRACE row 931 313696220 313700057
NPTRACE row 932 313710615 313712467
NPTRACE row 933 313728883 313729181
NPTRACE row 934 313744135 313745801
NPTRACE row 935 313763393 313766912
NPTRACE row 936 313777884 313779228
NPTRACE row 937 313795963 313799976
NPTRACE row 938 313810919 313812475
NPTRACE row 939 313829242 313833297
NPTRACE row 940 313844764 313845804
NPTRACE row 941 313878810 313879229
NPTRACE row 942 313888417 313891745
NPTRACE row 943 313900838 313904403
NPTRACE row 944 313913194 313916839
NPTRACE row 945 313929020 313929162
NPTRACE row 946 313944514 313945818
NPTRACE row 947 313978759 313979240
NPTRACE row 948 313989570 313991775
NPTRACE row 949 314000720 314004185
NPTRACE row 950 314012176 314012484
NPTRACE row 951 314029724 314033471
NPTRACE row 952 314043581 314045825
NPTRACE row 953 314062804 314066680
NPTRACE row 954 314076827 314079160
NPTRACE row 955 314094201 314095909
NPTRACE row 956 314111062 314112506
NPTRACE row 957 314144948 314145836
NPTRACE row 958 314155989 314158465
NPTRACE row 959 314168793 314171442
NPTRACE row 960 314180483 314183432
NPTRACE row 961 314190259 314191665
NPTRACE row 962 314207294 314208326
NPTRACE row 963 314226701 314229409
NPTRACE row 964 314244897 314245837
NPTRACE row 965 314278460 314279262
NPTRACE row 966 314290359 314291790
NPTRACE row 967 314302666 314304456
NPTRACE row 968 314313551 314316693
NPTRACE row 969 314323429 314325001
NPTRACE row 970 314340351 314341677
NPTRACE row 971 314359227 314362790
NPTRACE row 972 314377855 314379204
NPTRACE row 973 314411199 314412518
NPTRACE row 974 314422296 314425122
NPTRACE row 975 314434319 314437855
NPTRACE row 976 314446422 314450106
NPTRACE row 977 314462727 314466827
NPTRACE row 978 314476972 314479191
NPTRACE row 979 314510769 314512523
NPTRACE row 980 314522224 314525123
NPTRACE row 981 314539768 314541861
NPTRACE row 982 314548533 314550101
NPTRACE row 983 314563041 314566694
NPTRACE row 984 314577196 314579295
NPTRACE row 985 314594802 314595886
NPTRACE row 986 314610250 314612538
NPTRACE row 987 314627964 314629285
NPTRACE row 988 314643699 314645875
NPTRACE row 989 314663295 314673849
NPTRACE row 990 314683526 314687555
NPTRACE row 991 314691476 314691901
NPTRACE row 992 314706439 314708366
NPTRACE row 993 314726375 314729291
NPTRACE row 994 314743923 314745888
NPTRACE row 995 314777429 314779303
NPTRACE row 996 314804909 314808514
NPTRACE row 997 314813459 314816801
NPTRACE row 998 314822578 314825141
NPTRACE row 999 314834130 314837701
NPTRACE row 1000 314846232 314850153
NPTRACE row 1001 314877405 314879311
NPTRACE row 1002 314904925 314908558
NPTRACE row 1003 314914231 314916948
NPTRACE row 1004 314924562 314925138
NPTRACE row 1005 314935202 314937697
NPTRACE row 1006 314946352 314950133
NPTRACE row 1007 314977073 314979515
NPTRACE row 1008 314988546 314991868
NPTRACE row 1009 314999463 315000160
NPTRACE row 1010 315011439 315012565
NPTRACE row 1011 315026501 315029323
NPTRACE row 1012 315043734 315045900
NPTRACE row 1013 315060971 315062819
NPTRACE row 1014 315076373 315079235
NPTRACE row 1015 315093490 315096169
NPTRACE row 1016 315110036 315112602
NPTRACE row 1017 315143343 315145911
NPTRACE row 1018 315151602 315154409
NPTRACE row 1019 315165640 315167011
NPTRACE row 1020 315177373 315179246
NPTRACE row 1021 315209991 315212582
NPTRACE row 1022 315221219 315225126
NPTRACE row 1023 315233291 315233872
NPTRACE row 1024 315245547 315246017
NPTRACE row 1025 315276741 315279403
NPTRACE row 1026 315286944 315288009
NPTRACE row 1027 315298728 315300243
NPTRACE row 1028 315310937 315312655
NPTRACE row 1029 315323161 315325141
NPTRACE row 1030 315340176 315341810
NPTRACE row 1031 315360587 315363096
NPTRACE row 1032 315377308 315379415
NPTRACE row 1033 315410289 315412666
NPTRACE row 1034 315421729 315425278
NPTRACE row 1035 315433775 315437568
NPTRACE row 1036 315446291 315450272
NPTRACE row 1037 315477766 315479422
NPTRACE row 1038 315490157 315491943
NPTRACE row 1039 315502599 315504819
NPTRACE row 1040 315514710 315517257
NPTRACE row 1041 315525458 315529353
NPTRACE row 1042 315544367 315546121
NPTRACE row 1043 315560362 315562802
NPTRACE row 1044 315576469 315579361
NPTRACE row 1045 315590895 315591932
NPTRACE row 1046 315609737 315612693
NPTRACE row 1047 315626163 315629576
NPTRACE row 1048 315642940 315646035
NPTRACE row 1049 315659952 315662889
NPTRACE row 1050 315676204 315679377
NPTRACE row 1051 315706548 315708528
NPTRACE row 1052 315715163 315716848
NPTRACE row 1053 315722831 315725174
NPTRACE row 1054 315739843 315741841
NPTRACE row 1055 315759315 315762747
NPTRACE row 1056 315777032 315779449
NPTRACE row 1057 315791475 315791942
NPTRACE row 1058 315810529 315812711
NPTRACE row 1059 315824487 315825289
NPTRACE row 1060 315844204 315846055
NPTRACE row 1061 315861220 315862973
NPTRACE row 1062 315876395 315879392
NPTRACE row 1063 315893294 315896327
NPTRACE row 1064 315910193 315912721
NPTRACE row 1065 315926501 315929510
NPTRACE row 1066 315942999 315946033
NPTRACE row 1067 315974741 315975496
NPTRACE row 1068 315985880 315987955
NPTRACE row 1069 315998200 316000429
NPTRACE row 1070 316011352 316012730
NPTRACE row 1071 316043392 316046236
NPTRACE row 1072 316068361 316071404
NPTRACE row 1073 316078153 316079463
NPTRACE row 1074 316102474 316104449
NPTRACE row 1075 316111776 316112714
NPTRACE row 1076 316138733 316142058
NPTRACE row 1077 316148050 316150277
NPTRACE row 1078 316178140 316179402
NPTRACE row 1079 316189067 316192145
NPTRACE row 1080 316202368 316204703
NPTRACE row 1081 316214469 316216970
NPTRACE row 1082 316244907 316246055
NPTRACE row 1083 316256809 316258679
NPTRACE row 1084 316269644 316271089
NPTRACE row 1085 316280763 316283666
NPTRACE row 1086 316289404 316291886
NPTRACE row 1087 316298284 316300503
NPTRACE row 1088 316307284 316308655
NPTRACE row 1089 316324950 316325380
NPTRACE row 1090 316342937 316346089
NPTRACE row 1091 316374169 316375550
NPTRACE row 1092 316383885 316404050
NPTRACE row 1093 316413227 316416973
NPTRACE row 1094 316425647 316429442
NPTRACE row 1095 316438797 316442278
NPTRACE row 1096 316449076 316450243
NPTRACE row 1097 316457054 316458666
NPTRACE row 1098 316472474 316475234
NPTRACE row 1099 316490596 316492007
NPTRACE row 1100 316509170 316512785
NPTRACE row 1101 316522985 316525414
NPTRACE row 1102 316542453 316546111
NPTRACE row 1103 316560062 316563221
NPTRACE row 1104 316576410 316579542
NPTRACE row 1105 316592251 316596006
NPTRACE row 1106 316609436 316612793
NPTRACE row 1107 316639375 316642111
NPTRACE row 1108 316649155 316650334
NPTRACE row 1109 316675748 316679451
NPTRACE row 1110 316686646 316687845
NPTRACE row 1111 316698795 316700516
NPTRACE row 1112 316711006 316713002
NPTRACE row 1113 316722151 316725355
NPTRACE row 1114 316738886 316741923
NPTRACE row 1115 316757381 316758816
NPTRACE row 1116 316775660 316779373
NPTRACE row 1117 316794706 316797208
NPTRACE row 1118 316808998 316812774
NPTRACE row 1119 316839945 316842153
NPTRACE row 1120 316848881 316850364
NPTRACE row 1121 316863559 316867066
NPTRACE row 1122 316876089 316879444
NPTRACE row 1123 316902670 316904827
NPTRACE row 1124 316911714 316912781
NPTRACE row 1125 316921516 316925209
NPTRACE row 1126 316938450 316941879
NPTRACE row 1127 316959075 316962781
NPTRACE row 1128 316975896 316979456
NPTRACE row 1129 316988131 316991882
NPTRACE row 1130 317005395 317008610
NPTRACE row 1131 317038522 317042067
NPTRACE row 1132 317046664 317050314
NPTRACE row 1133 317056796 317058830
NPTRACE row 1134 317075742 317079394
NPTRACE row 1135 317106116 317109194
NPTRACE row 1136 317115706 317117024
NPTRACE row 1137 317134735 317138443
NPTRACE row 1138 317144245 317146120
NPTRACE row 1139 317154936 317158662
NPTRACE row 1140 317171555 317175230
NPTRACE row 1141 317201191 317204445
NPTRACE row 1142 317210788 317212793
NPTRACE row 1143 317222580 317225518
NPTRACE row 1144 317244907 317246123
NPTRACE row 1145 317255959 317258824
NPTRACE row 1146 317275534 317279358
NPTRACE row 1147 317307330 317308774
NPTRACE row 1148 317315865 317317033
NPTRACE row 1149 317329859 317333656
NPTRACE row 1150 317342797 317346152
NPTRACE row 1151 317355596 317358765
NPTRACE row 1152 317372193 317375334
NPTRACE row 1153 317406841 317408823
NPTRACE row 1154 317416065 317417025
NPTRACE row 1155 317445540 317446130
NPTRACE row 1156 317458189 317458786
NPTRACE row 1157 317471912 317475471
NPTRACE row 1158 317481281 317483646
NPTRACE row 1159 317489299 317491961
NPTRACE row 1160 317504716 317508590
NPTRACE row 1161 317539040 317542035
NPTRACE row 1162 317547935 317550372
NPTRACE row 1163 317559189 317562936
NPTRACE row 1164 317574773 317575490
NPTRACE row 1165 317590561 317592139
NPTRACE row 1166 317607779 317608718
NPTRACE row 1167 317621344 317625247
NPTRACE row 1168 317637868 317641874
NPTRACE row 1169 317673809 317675664
NPTRACE row 1170 317682512 317683767
NPTRACE row 1171 317696379 317700236
NPTRACE row 1172 317708479 317708878
NPTRACE row 1173 317722279 317732581
NPTRACE row 1174 317743953 317746157
NPTRACE row 1175 317756491 317758926
NPTRACE row 1176 317775689 317779479
NPTRACE row 1177 317787237 317787818
NPTRACE row 1178 317804338 317804487
NPTRACE row 1179 317821453 317825288
NPTRACE row 1180 317841169 317842260
NPTRACE row 1181 317874218 317875625
NPTRACE row 1182 317882732 317883763
NPTRACE row 1183 317912060 317912938
NPTRACE row 1184 317923110 317925441
NPTRACE row 1185 317934111 317937981
NPTRACE row 1186 317945962 317946203
NPTRACE row 1187 317956752 317959685
NPTRACE row 1188 317973596 317975548
NPTRACE row 1189 318006057 318008750
NPTRACE row 1190 318014727 318017059
NPTRACE row 1191 318043630 318046181
NPTRACE row 1192 318052723 318070465
NPTRACE row 1193 318080041 318083875
NPTRACE row 1194 318108446 318108755
NPTRACE row 1195 318115930 318117125
NPTRACE row 1196 318129947 318133717
NPTRACE row 1197 318141648 318142282
NPTRACE row 1198 318149588 318150383
NPTRACE row 1199 318174063 318175474
NPTRACE row 1200 318182075 318184111
NPTRACE row 1201 318192547 318196244
NPTRACE row 1202 318207099 318208757
NPTRACE row 1203 318239455 318242056
NPTRACE row 1204 318247969 318250395
NPTRACE row 1205 318258344 318258853
NPTRACE row 1206 318274023 318275499
NPTRACE row 1207 318306392 318308808
NPTRACE row 1208 318314750 318317049
NPTRACE row 1209 318324238 318325407
NPTRACE row 1210 318340109 318342176
NPTRACE row 1211 318356194 318358827
NPTRACE row 1212 318380629 318383683
NPTRACE row 1213 318389547 318392000
NPTRACE row 1214 318405784 318408738
NPTRACE row 1215 318441770 318442265
NPTRACE row 1216 318452850 318456205
NPTRACE row 1217 318465562 318467202
NPTRACE row 1218 318478050 318479523
NPTRACE row 1219 318489262 318492116
NPTRACE row 1220 318506983 318508753
NPTRACE row 1221 318519130 318521170
NPTRACE row 1222 318536169 318537838
NPTRACE row 1223 318560651 318563971
NPTRACE row 1224 318574473 318575441
NPTRACE row 1225 318603666 318604676
NPTRACE row 1226 318613759 318617068
NPTRACE row 1227 318625666 318629549
NPTRACE row 1228 318640644 318642130
NPTRACE row 1229 318652997 318654607
NPTRACE row 1230 318669746 318671183
NPTRACE row 1231 318696753 318700602
NPTRACE row 1232 318707524 318708737
NPTRACE row 1233 318736531 318737964
NPTRACE row 1234 318745606 318746239
NPTRACE row 1235 318772765 318775474
NPTRACE row 1236 318781429 318784272
NPTRACE row 1237 318809117 318812866
NPTRACE row 1238 318817253 318821261
NPTRACE row 1239 318830893 318833963
NPTRACE row 1240 318842995 318846206
NPTRACE row 1241 318855651 318858988
NPTRACE row 1242 318873107 318875434
NPTRACE row 1243 318905219 318908780
NPTRACE row 1244 318913723 318917077
NPTRACE row 1245 318924951 318925472
NPTRACE row 1246 318939527 318942111
NPTRACE row 1247 318956315 318959201
NPTRACE row 1248 318974033 318975578
NPTRACE row 1249 318988446 318992074
NPTRACE row 1250 319006888 319008906
NPTRACE row 1251 319019074 319021210
NPTRACE row 1252 319036312 319037879
NPTRACE row 1253 319053357 319054889
NPTRACE row 1254 319073235 319075502
NPTRACE row 1255 319086759 319088185
NPTRACE row 1256 319106129 319108906
NPTRACE row 1257 319119572 319121448
NPTRACE row 1258 319139474 319142190
NPTRACE row 1259 319154072 319154904
NPTRACE row 1260 319172776 319175577
NPTRACE row 1261 319187761 319188161
NPTRACE row 1262 319206212 319208801
NPTRACE row 1263 319218848 319221360
NPTRACE row 1264 319236127 319237957
NPTRACE row 1265 319255096 319258834
NPTRACE row 1266 319272817 319275525
NPTRACE row 1267 319285748 319287958
NPTRACE row 1268 319302752 319304627
NPTRACE row 1269 319319281 319321345
NPTRACE row 1270 319339551 319342205
NPTRACE row 1271 319356018 319359020
NPTRACE row 1272 319373524 319375642
NPTRACE row 1273 319386155 319387967
NPTRACE row 1274 319403257 319404641
NPTRACE row 1275 319421883 319425494
NPTRACE row 1276 319440452 319442212
NPTRACE row 1277 319455850 319458958
NPTRACE row 1278 319473464 319475550
NPTRACE row 1279 319487333 319488194
NPTRACE row 1280 319502808 319504649
NPTRACE row 1281 319520884 319521725
NPTRACE row 1282 319539630 319542213
NPTRACE row 1283 319570572 319571338
NPTRACE row 1284 319580278 319583851
NPTRACE row 1285 319598090 319600613
NPTRACE row 1286 319609090 319612987
NPTRACE row 1287 319636278 319638283
NPTRACE row 1288 319646628 319650548
NPTRACE row 1289 319657166 319659082
NPTRACE row 1290 319672704 319675676
NPTRACE row 1291 319686084 319688030
NPTRACE row 1292 319706085 319709051
NPTRACE row 1293 319720958 319734073
NPTRACE row 1294 319744029 319746332
NPTRACE row 1295 319753625 319755374
NPTRACE row 1296 319773666 319775674
NPTRACE row 1297 319787776 319788004
NPTRACE row 1298 319803140 319804675
NPTRACE row 1299 319836259 319838013
NPTRACE row 1300 319846901 319850588
NPTRACE row 1301 319859219 319863081
NPTRACE row 1302 319873123 319875755
NPTRACE row 1303 319888917 319892401
NPTRACE row 1304 319906714 319908912
NPTRACE row 1305 319919130 319921444
NPTRACE row 1306 319939567 319942328
NPTRACE row 1307 319955365 319958870
NPTRACE row 1308 319972984 319975591
NPTRACE row 1309 319985894 319988192
NPTRACE row 1310 320006133 320008977
NPTRACE row 1311 320037202 320037920
NPTRACE row 1312 320047474 320050559
NPTRACE row 1313 320058675 320059106
NPTRACE row 1314 320072448 320075813
NPTRACE row 1315 320087513 320088253
NPTRACE row 1316 320106115 320108939
NPTRACE row 1317 320118990 320121547
NPTRACE row 1318 320139232 320142426
NPTRACE row 1319 320171001 320171394
NPTRACE row 1320 320181540 320184008
NPTRACE row 1321 320210888 320213038
NPTRACE row 1322 320223446 320225719
NPTRACE row 1323 320235517 320238176
NPTRACE row 1324 320247204 320250591
NPTRACE row 1325 320260697 320263236
NPTRACE row 1326 320274239 320275842
NPTRACE row 1327 320287295 320288361
NPTRACE row 1328 320306095 320309083
NPTRACE row 1329 320319256 320336752
NPTRACE row 1330 320347538 320350600
NPTRACE row 1331 320359773 320363235
NPTRACE row 1332 320372592 320375763
NPTRACE row 1333 320405331 320408953
NPTRACE row 1334 320414219 320417295
NPTRACE row 1335 320442870 320446399
NPTRACE row 1336 320452714 320463281
NPTRACE row 1337 320475171 320475980
NPTRACE row 1338 320484686 320504134
NPTRACE row 1339 320513796 320517304
NPTRACE row 1340 320524933 320525676
NPTRACE row 1341 320537623 320538169
NPTRACE row 1342 320548261 320550621
NPTRACE row 1343 320563668 320567358
NPTRACE row 1344 320577080 320579838
NPTRACE row 1345 320586712 320588303
NPTRACE row 1346 320605836 320609142
NPTRACE row 1347 320638155 320642151
NPTRACE row 1348 320647661 320650624
NPTRACE row 1349 320676610 320679867
NPTRACE row 1350 320686719 320688376
NPTRACE row 1351 320698651 320700750
NPTRACE row 1352 320711365 320713084
NPTRACE row 1353 320740752 320742295
NPTRACE row 1354 320749128 320751604
NPTRACE row 1355 320762109 320763295
NPTRACE row 1356 320775043 320775781
NPTRACE row 1357 320786915 320788381
NPTRACE row 1358 320807007 320809103
NPTRACE row 1359 320822124 320825532
NPTRACE row 1360 320838507 320842255
NPTRACE row 1361 320853362 320860598
NPTRACE row 1362 320874802 320875568
NPTRACE row 1363 320884547 320888180
NPTRACE row 1364 320905182 320908938
NPTRACE row 1365 320920075 320921693
NPTRACE row 1366 320938567 320942310
NPTRACE row 1367 320954026 320955280
NPTRACE row 1368 320972506 320975776
NPTRACE row 1369 320986921 320988159
NPTRACE row 1370 321005251 321008991
NPTRACE row 1371 321017784 321021714
NPTRACE row 1372 321038748 321042330
NPTRACE row 1373 321054176 321070590
NPTRACE row 1374 321078771 321079757
NPTRACE row 1375 321089067 321092463
NPTRACE row 1376 321104546 321104969
NPTRACE row 1377 321117521 321137340
NPTRACE row 1378 321146693 321153172
NPTRACE row 1379 321160948 321163351
NPTRACE row 1380 321173525 321175681
NPTRACE row 1381 321186894 321188112
NPTRACE row 1382 321204539 321204890
NPTRACE row 1383 321217767 321221795
NPTRACE row 1384 321238392 321242292
NPTRACE row 1385 321260215 321263289
NPTRACE row 1386 321272426 321275602
NPTRACE row 1387 321301709 321304813
NPTRACE row 1388 321311082 321313120
NPTRACE row 1389 321322989 321325749
NPTRACE row 1390 321337799 321338350
NPTRACE row 1391 321352748 321360678
NPTRACE row 1392 321373597 321375710
NPTRACE row 1393 321384286 321402263
NPTRACE row 1394 321412384 321413110
NPTRACE row 1395 321439288 321442286
NPTRACE row 1396 321447143 321450629
NPTRACE row 1397 321475415 321475785
NPTRACE row 1398 321504178 321504897
NPTRACE row 1399 321513398 321517390
NPTRACE row 1400 321530827 321534132
NPTRACE row 1401 321541152 321542369
NPTRACE row 1402 321548837 321550666
NPTRACE row 1403 321576940 321579885
NPTRACE row 1404 321587826 321588441
NPTRACE row 1405 321599111 321600769
NPTRACE row 1406 321610712 321613088
NPTRACE row 1407 321637086 321638181
NPTRACE row 1408 321646954 321651489
NPTRACE row 1409 321658161 321659114
NPTRACE row 1410 321670479 321671555
NPTRACE row 1411 321682931 321684062
NPTRACE row 1412 321704255 321704901
NPTRACE row 1413 321716165 321717398
NPTRACE row 1414 321737544 321738155
NPTRACE row 1415 321751493 321754890
NPTRACE row 1416 321770879 321771644
NPTRACE row 1417 321783558 321783945
NPTRACE row 1418 321805238 321809006
NPTRACE row 1419 321834529 321838245
NPTRACE row 1420 321845372 321846443
NPTRACE row 1421 321852903 321854863
NPTRACE row 1422 321866725 321867278
NPTRACE row 1423 321884467 321888585
NPTRACE row 1424 321903593 321904941
NPTRACE row 1425 321916105 321917405
NPTRACE row 1426 321937404 321938224
NPTRACE row 1427 321950392 321950736
NPTRACE row 1428 321979212 321979832
NPTRACE row 1429 322005899 322009021
NPTRACE row 1430 322014390 322017404
NPTRACE row 1431 322024744 322025904
NPTRACE row 1432 322037075 322038197
NPTRACE row 1433 322051685 322054926
NPTRACE row 1434 322070188 322071543
NPTRACE row 1435 322082570 322084077
NPTRACE row 1436 322112553 322113169
NPTRACE row 1437 322123807 322125753
NPTRACE row 1438 322135933 322138219
NPTRACE row 1439 322158684 322160014
NPTRACE row 1440 322172534 322175744
NPTRACE row 1441 322182809 322184006
NPTRACE row 1442 322208238 322209090
NPTRACE row 1443 322216104 322217320
NPTRACE row 1444 322245618 322246475
NPTRACE row 1445 322258727 322259177
NPTRACE row 1446 322271715 322275714
NPTRACE row 1447 322285221 322288279
NPTRACE row 1448 322303568 322304943
NPTRACE row 1449 322315736 322317364
NPTRACE row 1450 322336912 322338298
NPTRACE row 1451 322350233 322350768
NPTRACE row 1452 322369856 322371610
NPTRACE row 1453 322382536 322384102
NPTRACE row 1454 322412789 322413220
NPTRACE row 1455 322423761 322426040
NPTRACE row 1456 322436996 322438241
NPTRACE row 1457 322450216 322450778
NPTRACE row 1458 322479919 322483978
NPTRACE row 1459 322489867 322492429
NPTRACE row 1460 322501940 322504940
NPTRACE row 1461 322515936 322517714
NPTRACE row 1462 322536536 322538271
NPTRACE row 1463 322550218 322550979
NPTRACE row 1464 322570742 322571757
NPTRACE row 1465 322582461 322584011
NPTRACE row 1466 322602748 322604986
NPTRACE row 1467 322615757 322617440
NPTRACE row 1468 322646545 322650786
NPTRACE row 1469 322664370 322667551
NPTRACE row 1470 322675166 322675841
NPTRACE row 1471 322704279 322705309
NPTRACE row 1472 322713205 322717365
NPTRACE row 1473 322722976 322725749
NPTRACE row 1474 322736192 322738290
NPTRACE row 1475 322749098 322750912
NPTRACE row 1476 322779192 322779850
NPTRACE row 1477 322790530 322792440
NPTRACE row 1478 322802039 322804970
NPTRACE row 1479 322815945 322817588
NPTRACE row 1480 322845447 322846521
NPTRACE row 1481 322854335 322855409
NPTRACE row 1482 322872598 322875687
NPTRACE row 1483 322885171 322888528
NPTRACE row 1484 322902910 322905020
NPTRACE row 1485 322915176 322917494
NPTRACE row 1486 322935244 322938346
NPTRACE row 1487 322949784 322951462
NPTRACE row 1488 322970425 322971773
NPTRACE row 1489 322982070 322984133
NPTRACE row 1490 323005811 323009049
NPTRACE row 1491 323015357 323017388
NPTRACE row 1492 323036550 323038362
NPTRACE row 1493 323049088 323050921
NPTRACE row 1494 323068676 323071672
NPTRACE row 1495 323082365 323084312
NPTRACE row 1496 323101569 323104988
NPTRACE row 1497 323115050 323117493
NPTRACE row 1498 323134808 323138358
NPTRACE row 1499 323148708 323150911
NPTRACE row 1500 323168147 323171620
NPTRACE row 1501 323181617 323184184
NPTRACE row 1502 323201942 323204965
NPTRACE row 1503 323215354 323217741
NPTRACE row 1504 323234406 323238308
NPTRACE row 1505 323248415 323250913
NPTRACE row 1506 323279047 323279890
NPTRACE row 1507 323296201 323296593
NPTRACE row 1508 323307085 323309056
NPTRACE row 1509 323314549 323317398
NPTRACE row 1510 323331560 323334061
NPTRACE row 1511 323348589 323350986
NPTRACE row 1512 323379080 323379989
NPTRACE row 1513 323390529 323392508
NPTRACE row 1514 323401951 323405007
NPTRACE row 1515 323414761 323417507
NPTRACE row 1516 323437097 323438293
NPTRACE row 1517 323448509 323450896
NPTRACE row 1518 323468372 323471712
NPTRACE row 1519 323482155 323484315
NPTRACE row 1520 323498112 323500745
NPTRACE row 1521 323514386 323517407
NPTRACE row 1522 323533538 323534160
NPTRACE row 1523 323553931 323555031
NPTRACE row 1524 323567615 323571552
NPTRACE row 1525 323581015 323584102
NPTRACE row 1526 323601576 323605057
NPTRACE row 1527 323614854 323617684
NPTRACE row 1528 323646214 323646586
NPTRACE row 1529 323673612 323675910
NPTRACE row 1530 323681701 323684182
NPTRACE row 1531 323692612 323696535
NPTRACE row 1532 323704755 323705003
NPTRACE row 1533 323714622 323717476
NPTRACE row 1534 323738728 323742431
NPTRACE row 1535 323749093 323751219
NPTRACE row 1536 323769465 323771872
NPTRACE row 1537 323781342 323784196
NPTRACE row 1538 323801717 323805068
NPTRACE row 1539 323814617 323817551
NPTRACE row 1540 323834924 323838403
NPTRACE row 1541 323849095 323851032
NPTRACE row 1542 323867232 323867506
NPTRACE row 1543 323882566 323884277
NPTRACE row 1544 323900258 323900836
NPTRACE row 1545 323916327 323917517
NPTRACE row 1546 323933977 323934182
NPTRACE row 1547 323948017 323950922
NPTRACE row 1548 323979027 323979946
NPTRACE row 1549 323990162 323992549
NPTRACE row 1550 324001316 324005091
NPTRACE row 1551 324014674 324017751
NPTRACE row 1552 324045809 324046616
NPTRACE row 1553 324056736 324059375
NPTRACE row 1554 324067928 324071783
NPTRACE row 1555 324080978 324084195
NPTRACE row 1556 324112775 324113332
NPTRACE row 1557 324123004 324125876
NPTRACE row 1558 324134314 324138401
NPTRACE row 1559 324148407 324151079
NPTRACE row 1560 324168137 324171884
NPTRACE row 1561 324181281 324184235
NPTRACE row 1562 324213173 324213336
NPTRACE row 1563 324239871 324242467
NPTRACE row 1564 324247803 324250830
NPTRACE row 1565 324259673 324263443
NPTRACE row 1566 324272631 324275869
NPTRACE row 1567 324281721 324284361
NPTRACE row 1568 324312697 324313306
NPTRACE row 1569 324339629 324342561
NPTRACE row 1570 324348111 324350872
NPTRACE row 1571 324359378 324363256
NPTRACE row 1572 324371333 324371739
NPTRACE row 1573 324381046 324384200
NPTRACE row 1574 324400601 324400869
NPTRACE row 1575 324414860 324417651
NPTRACE row 1576 324443831 324446656
NPTRACE row 1577 324452959 324455494
NPTRACE row 1578 324467028 324467528
NPTRACE row 1579 324480793 324484209
NPTRACE row 1580 324500704 324500918
NPTRACE row 1581 324514374 324517650
NPTRACE row 1582 324533564 324534245
NPTRACE row 1583 324548086 324551169
NPTRACE row 1584 324577878 324580147
NPTRACE row 1585 324585365 324588381
NPTRACE row 1586 324598382 324600885
NPTRACE row 1587 324614569 324617554
NPTRACE row 1588 324633861 324634319
NPTRACE row 1589 324648621 324651070
NPTRACE row 1590 324667983 324671795
NPTRACE row 1591 324681557 324684380
NPTRACE row 1592 324712842 324713386
NPTRACE row 1593 324724259 324725997
NPTRACE row 1594 324736976 324738553
NPTRACE row 1595 324748363 324751044
NPTRACE row 1596 324767840 324771677
NPTRACE row 1597 324781058 324784281
NPTRACE row 1598 324812926 324813413
NPTRACE row 1599 324832105 324834767
NPTRACE row 1600 324842845 324846614
NPTRACE row 1601 324853833 324855707
NPTRACE row 1602 324867768 324871659
NPTRACE row 1603 324881034 324884314
NPTRACE row 1604 324901028 324905084
NPTRACE row 1605 324919513 324922153
NPTRACE row 1606 324933322 324934290
NPTRACE row 1607 324948078 324951180
NPTRACE row 1608 324979888 324980184
NPTRACE row 1609 324993512 324996860
NPTRACE row 1610 325006280 325009291
NPTRACE row 1611 325014355 325017789
NPTRACE row 1612 325033776 325034314
NPTRACE row 1613 325047928 325051106
NPTRACE row 1614 325077859 325080072
NPTRACE row 1615 325094341 325097093
NPTRACE row 1616 325106318 325109240
NPTRACE row 1617 325113754 325117580
NPTRACE row 1618 325140297 325142578
NPTRACE row 1619 325147934 325151045
NPTRACE row 1620 325166730 325167690
NPTRACE row 1621 325180383 325184259
NPTRACE row 1622 325213048 325213417
NPTRACE row 1623 325240929 325242731
NPTRACE row 1624 325249444 325251081
NPTRACE row 1625 325278259 325280181
NPTRACE row 1626 325289233 325292712
NPTRACE row 1627 325300600 325300987
NPTRACE row 1628 325312380 325313445
NPTRACE row 1629 325341723 325342660
NPTRACE row 1630 325351286 325369415
NPTRACE row 1631 325379223 325380321
NPTRACE row 1632 325393293 325396843
NPTRACE row 1633 325406185 325409334
NPTRACE row 1634 325415179 325417630
NPTRACE row 1635 325427182 325430250
NPTRACE row 1636 325440192 325442686
NPTRACE row 1637 325449020 325451084
NPTRACE row 1638 325467845 325471874
NPTRACE row 1639 325480844 325484386
NPTRACE row 1640 325500298 325501045
NPTRACE row 1641 325513675 325517606
NPTRACE row 1642 325533037 325534363
NPTRACE row 1643 325547417 325551080
NPTRACE row 1644 325580212 325584226
NPTRACE row 1645 325590549 325592730
NPTRACE row 1646 325602061 325605150
NPTRACE row 1647 325614077 325617743
NPTRACE row 1648 325632906 325634328
NPTRACE row 1649 325647120 325657501
NPTRACE row 1650 325671467 325671759
NPTRACE row 1651 325679463 325680078
NPTRACE row 1652 325712533 325713417
NPTRACE row 1653 325721486 325721945
NPTRACE row 1654 325740819 325742584
NPTRACE row 1655 325748537 325751081
NPTRACE row 1656 325763712 325767619
NPTRACE row 1657 325779558 325780084
NPTRACE row 1658 325799972 325801012
NPTRACE row 1659 325813494 325817674
NPTRACE row 1660 325833153 325834344
NPTRACE row 1661 325847296 325853205
NPTRACE row 1662 325866945 325867659
NPTRACE row 1663 325880788 325884487
NPTRACE row 1664 325899842 325900974
NPTRACE row 1665 325913125 325913434
NPTRACE row 1666 325932826 325934353
NPTRACE row 1667 325969841 325971934
NPTRACE row 1668 325980352 325984337
NPTRACE row 1669 326008974 326009388
NPTRACE row 1670 326018845 326036319
NPTRACE row 1671 326046251 326046841
NPTRACE row 1672 326074793 326076014
NPTRACE row 1673 326084733 326101215
NPTRACE row 1674 326110944 326113447
NPTRACE row 1675 326137938 326138599
NPTRACE row 1676 326147191 326151042
NPTRACE row 1677 326175313 326176012
NPTRACE row 1678 326186720 326188896
NPTRACE row 1679 326198859 326201418
NPTRACE row 1680 326211232 326213553
NPTRACE row 1681 326223098 326226082
NPTRACE row 1682 326235443 326238586
NPTRACE row 1683 326246051 326246792
NPTRACE row 1684 326274498 326276183
NPTRACE row 1685 326304075 326305245
NPTRACE row 1686 326313540 326317629
NPTRACE row 1687 326342019 326342902
NPTRACE row 1688 326371336 326372031
NPTRACE row 1689 326380029 326380138
NPTRACE row 1690 326407949 326409511
NPTRACE row 1691 326418193 326436313
NPTRACE row 1692 326445970 326446809
NPTRACE row 1693 326456512 326459405
NPTRACE row 1694 326468587 326471964
NPTRACE row 1695 326480567 326484527
NPTRACE row 1696 326509127 326509380
NPTRACE row 1697 326536556 326538454
NPTRACE row 1698 326547173 326551044
NPTRACE row 1699 326575576 326576217
NPTRACE row 1700 326602094 326605194
NPTRACE row 1701 326611444 326613485
NPTRACE row 1702 326639168 326642743
NPTRACE row 1703 326648047 326651261
NPTRACE row 1704 326668019 326671881
NPTRACE row 1705 326677854 326680157
NPTRACE row 1706 326687895 326688954
NPTRACE row 1707 326699767 326701049
NPTRACE row 1708 326712055 326713495
NPTRACE row 1709 326723631 326734698
NPTRACE row 1710 326743537 326746829
NPTRACE row 1711 326751547 326755296
NPTRACE row 1712 326759399 326763435
NPTRACE row 1713 326766684 326767677
NPTRACE row 1714 326774271 326775999
NPTRACE row 1715 326782006 326784491
NPTRACE row 1716 326794848 326796923
NPTRACE row 1717 326807080 326809392
NPTRACE row 1718 326815208 326817701
NPTRACE row 1719 326826955 326830342
NPTRACE row 1720 326839315 326842754
NPTRACE row 1721 326848067 326851127
NPTRACE row 1722 326879701 326880181
NPTRACE row 1723 326897809 326901118
NPTRACE row 1724 326908165 326909362
NPTRACE row 1725 326915494 326917737
NPTRACE row 1726 326945857 326946852
NPTRACE row 1727 326975710 326976612
NPTRACE row 1728 326989729 326992818
NPTRACE row 1729 327000650 327001106
NPTRACE row 1730 327012301 327013525
NPTRACE row 1731 327021396 327022353
NPTRACE row 1732 327033091 327034428
NPTRACE row 1733 327046747 327046952
NPTRACE row 1734 327064852 327067779
NPTRACE row 1735 327080301 327084304
NPTRACE row 1736 327097644 327101045
NPTRACE row 1737 327112590 327113529
NPTRACE row 1738 327130937 327134399
NPTRACE row 1739 327146561 327146961
NPTRACE row 1740 327179381 327180202
NPTRACE row 1741 327207730 327209533
NPTRACE row 1742 327215800 327217744
NPTRACE row 1743 327239467 327242784
NPTRACE row 1744 327247259 327251160
NPTRACE row 1745 327257937 327259644
NPTRACE row 1746 327270322 327272070
NPTRACE row 1747 327279803 327280319
NPTRACE row 1748 327312677 327313607
NPTRACE row 1749 327336480 327338673
NPTRACE row 1750 327347007 327351030
NPTRACE row 1751 327374837 327376456
NPTRACE row 1752 327385715 327403004
NPTRACE row 1753 327413250 327413616
NPTRACE row 1754 327442181 327442899
NPTRACE row 1755 327451312 327455602
NPTRACE row 1756 327464703 327467891
NPTRACE row 1757 327477298 327480381
NPTRACE row 1758 327485429 327488615
NPTRACE row 1759 327493568 327497120
NPTRACE row 1760 327501440 327505285
NPTRACE row 1761 327511837 327513619
NPTRACE row 1762 327545499 327546959
NPTRACE row 1763 327573680 327576274
NPTRACE row 1764 327581778 327584547
NPTRACE row 1765 327593500 327597091
NPTRACE row 1766 327606077 327609597
NPTRACE row 1767 327615009 327617917
NPTRACE row 1768 327639520 327642813
NPTRACE row 1769 327647378 327651224
NPTRACE row 1770 327678932 327680303
NPTRACE row 1771 327689436 327692695
NPTRACE row 1772 327700771 327701265
NPTRACE row 1773 327713099 327713648
NPTRACE row 1774 327730864 327734657
NPTRACE row 1775 327747321 327751172
NPTRACE row 1776 327780073 327780408
NPTRACE row 1777 327809604 327813522
NPTRACE row 1778 327820042 327822452
NPTRACE row 1779 327831646 327834587
NPTRACE row 1780 327844361 327846982
NPTRACE row 1781 327872898 327876300
NPTRACE row 1782 327886391 327889017
NPTRACE row 1783 327898414 327901303
NPTRACE row 1784 327910774 327913685
NPTRACE row 1785 327937955 327938828
NPTRACE row 1786 327947457 327951217
NPTRACE row 1787 327958961 327959721
NPTRACE row 1788 327971798 327972102
NPTRACE row 1789 327983035 327984538
NPTRACE row 1790 327998026 328001257
NPTRACE row 1791 328015207 328018178
NPTRACE row 1792 328031094 328034697
NPTRACE row 1793 328046793 328047095
NPTRACE row 1794 328063944 328067730
NPTRACE row 1795 328080040 328080341
NPTRACE row 1796 328112926 328113682
NPTRACE row 1797 328123697 328126257
NPTRACE row 1798 328136788 328138810
NPTRACE row 1799 328147561 328151332
NPTRACE row 1800 328164478 328168041
NPTRACE row 1801 328180541 328186327
NPTRACE row 1802 328199036 328201272
NPTRACE row 1803 328212978 328213692
NPTRACE row 1804 328246425 328247019
NPTRACE row 1805 328257824 328259782
NPTRACE row 1806 328271279 328272150
NPTRACE row 1807 328281599 328286434
NPTRACE row 1808 328306082 328309607
NPTRACE row 1809 328313901 328317849
NPTRACE row 1810 328330186 328334711
NPTRACE row 1811 328345862 328347114
NPTRACE row 1812 328364389 328368007
NPTRACE row 1813 328379411 328380360
NPTRACE row 1814 328413247 328413704
NPTRACE row 1815 328432892 328434740
NPTRACE row 1816 328443540 328447027
NPTRACE row 1817 328471414 328472352
NPTRACE row 1818 328480712 328484679
NPTRACE row 1819 328492107 328492946
NPTRACE row 1820 328504961 328505510
NPTRACE row 1821 328514599 328517992
NPTRACE row 1822 328529813 328530506
NPTRACE row 1823 328547403 328551195
NPTRACE row 1824 328565278 328568121
NPTRACE row 1825 328580111 328580374
NPTRACE row 1826 328598438 328601303
NPTRACE row 1827 328613173 328613719
NPTRACE row 1828 328631858 328634659
NPTRACE row 1829 328646806 328647138
NPTRACE row 1830 328663526 328663812
NPTRACE row 1831 328680579 328684544
NPTRACE row 1832 328713103 328713727
NPTRACE row 1833 328737006 328738778
NPTRACE row 1834 328746368 328747050
NPTRACE row 1835 328763089 328764901
NPTRACE row 1836 328775548 328776220
NPTRACE row 1837 328783401 328784562
NPTRACE row 1838 328794619 328797054
NPTRACE row 1839 328811181 328813794
NPTRACE row 1840 328828698 328830482
NPTRACE row 1841 328862425 328863833
NPTRACE row 1842 328873671 328876326
NPTRACE row 1843 328885479 328888896
NPTRACE row 1844 328897444 328901359
NPTRACE row 1845 328914579 328918010
NPTRACE row 1846 328930092 328930402
NPTRACE row 1847 328944616 328947160
NPTRACE row 1848 328961958 328963853
NPTRACE row 1849 328997953 329001442
NPTRACE row 1850 329016143 329018078
NPTRACE row 1851 329028573 329030413
NPTRACE row 1852 329057968 329059654
NPTRACE row 1853 329070294 329080626
NPTRACE row 1854 329090584 329092933
NPTRACE row 1855 329098836 329101518
NPTRACE row 1856 329112148 329113851
NPTRACE row 1857 329124283 329126303
NPTRACE row 1858 329132842 329134676
NPTRACE row 1859 329157753 329159687
NPTRACE row 1860 329165794 329167930
NPTRACE row 1861 329177019 329180417
NPTRACE row 1862 329194002 329197085
NPTRACE row 1863 329222555 329226286
NPTRACE row 1864 329230735 329234599
NPTRACE row 1865 329244098 329247181
NPTRACE row 1866 329260622 329263764
NPTRACE row 1867 329288475 329288883
NPTRACE row 1868 329296543 329297094
NPTRACE row 1869 329311388 329313859
NPTRACE row 1870 329329426 329330434
NPTRACE row 1871 329348042 329351542
NPTRACE row 1872 329363458 329363874
NPTRACE row 1873 329377142 329380434
NPTRACE row 1874 329394166 329397102
NPTRACE row 1875 329421035 329422130
NPTRACE row 1876 329429486 329430437
NPTRACE row 1877 329444088 329447182
NPTRACE row 1878 329460813 329463781
NPTRACE row 1879 329478836 329480550
NPTRACE row 1880 329496504 329497113
NPTRACE row 1881 329528809 329530451
NPTRACE row 1882 329557535 329559700
NPTRACE row 1883 329586894 329588883
NPTRACE row 1884 329596594 329597122
NPTRACE row 1885 329607630 329609735
NPTRACE row 1886 329619686 329622326
NPTRACE row 1887 329630087 329630523
NPTRACE row 1888 329641980 329643069
NPTRACE row 1889 329654809 329655824
NPTRACE row 1890 329664978 329667968
NPTRACE row 1891 329676539 329680399
NPTRACE row 1892 329693563 329697068
NPTRACE row 1893 329711104 329713900
NPTRACE row 1894 329729327 329730465
NPTRACE row 1895 329763016 329763898
NPTRACE row 1896 329789016 329792937
NPTRACE row 1897 329796557 329797134
NPTRACE row 1898 329825690 329826313
NPTRACE row 1899 329835617 329839242
NPTRACE row 1900 329846956 329847256
NPTRACE row 1901 329860779 329863931
NPTRACE row 1902 329869093 329872143
NPTRACE row 1903 329877211 329880538
NPTRACE row 1904 329893373 329897082
NPTRACE row 1905 329911379 329913896
NPTRACE row 1906 329929498 329930476
NPTRACE row 1907 329962822 329963903
NPTRACE row 1908 329992154 329993046
NPTRACE row 1909 330002269 330005899
NPTRACE row 1910 330013334 330013888
NPTRACE row 1911 330026600 330030433
NPTRACE row 1912 330036959 330038809
NPTRACE row 1913 330044961 330047233
NPTRACE row 1914 330059896 330063760
NPTRACE row 1915 330078050 330080556
NPTRACE row 1916 330095794 330097143
NPTRACE row 1917 330114140 330118002
NPTRACE row 1918 330129346 330130476
NPTRACE row 1919 330143906 330147287
NPTRACE row 1920 330160457 330163859
NPTRACE row 1921 330178376 330180580
NPTRACE row 1922 330195611 330197149
NPTRACE row 1923 330209762 330213773
NPTRACE row 1924 330226784 330230441
NPTRACE row 1925 330245484 330247390
NPTRACE row 1926 330262268 330263822
NPTRACE row 1927 330294793 330297156
NPTRACE row 1928 330322663 330326402
NPTRACE row 1929 330331125 330334738
NPTRACE row 1930 330341962 330343024
NPTRACE row 1931 330354902 330355788
NPTRACE row 1932 330365284 330368081
NPTRACE row 1933 330396096 330397167
NPTRACE row 1934 330425330 330426442
NPTRACE row 1935 330454967 330455862
NPTRACE row 1936 330464662 330468034
NPTRACE row 1937 330477945 330480780
NPTRACE row 1938 330491154 330493078
NPTRACE row 1939 330503197 330513582
NPTRACE row 1940 330523381 330526353
NPTRACE row 1941 330531338 330534741
NPTRACE row 1942 330544538 330547266
NPTRACE row 1943 330557507 330559817
NPTRACE row 1944 330568387 330572590
NPTRACE row 1945 330578725 330580606
NPTRACE row 1946 330595728 330597181
NPTRACE row 1947 330609052 330609687
NPTRACE row 1948 330626161 330626346
NPTRACE row 1949 330645063 330647432
NPTRACE row 1950 330661706 330663852
NPTRACE row 1951 330676048 330676414
NPTRACE row 1952 330693882 330697209
NPTRACE row 1953 330711766 330714149
NPTRACE row 1954 330728602 330730659
NPTRACE row 1955 330744114 330747241
NPTRACE row 1956 330761027 330763876
NPTRACE row 1957 330778455 330780851
NPTRACE row 1958 330795370 330797320
NPTRACE row 1959 330810317 330813821
NPTRACE row 1960 330827421 330830551
NPTRACE row 1961 330845153 330847599
NPTRACE row 1962 330862162 330863992
NPTRACE row 1963 330890187 330893174
NPTRACE row 1964 330898857 330901581
NPTRACE row 1965 330929175 330930674
NPTRACE row 1966 330959243 330959871
NPTRACE row 1967 330971711 330973116
NPTRACE row 1968 330986807 330989220
NPTRACE row 1969 330997040 330997297
NPTRACE row 1970 331005869 331009738
NPTRACE row 1971 331014095 331018010
NPTRACE row 1972 331027148 331030550
NPTRACE row 1973 331065502 331068318
NPTRACE row 1974 331079629 331080837
NPTRACE row 1975 331092767 331093172
NPTRACE row 1976 331103178 331106151
NPTRACE row 1977 331114850 331118244
NPTRACE row 1978 331128561 331130669
NPTRACE row 1979 331143403 331147211
NPTRACE row 1980 331160044 331163849
NPTRACE row 1981 331178693 331180754
NPTRACE row 1982 331195281 331197313
NPTRACE row 1983 331210282 331213885
NPTRACE row 1984 331226697 331230521
NPTRACE row 1985 331257738 331259918
NPTRACE row 1986 331266221 331268150
NPTRACE row 1987 331276085 331276480
NPTRACE row 1988 331293307 331297197
NPTRACE row 1989 331328731 331330664
NPTRACE row 1990 331357912 331359905
NPTRACE row 1991 331370609 331372329
NPTRACE row 1992 331383722 331385106
NPTRACE row 1993 331395353 331397330
NPTRACE row 1994 331406526 331409921
NPTRACE row 1995 331418557 331422361
NPTRACE row 1996 331430955 331434825
NPTRACE row 1997 331443394 331447236
NPTRACE row 1998 331460059 331463881
NPTRACE row 1999 331488517 331489086
NPTRACE row 2000 331497092 331497334
NPTRACE row 2001 331523707 331526505
NPTRACE row 2002 331532218 331534908
NPTRACE row 2003 331562456 331564118
NPTRACE row 2004 331574571 331576618
NPTRACE row 2005 331587642 331589179
NPTRACE row 2006 331598400 331601521
NPTRACE row 2007 331609081 331609849
NPTRACE row 2008 331626160 331626508
NPTRACE row 2009 331645873 331647608
NPTRACE row 2010 331660957 331664040
NPTRACE row 2011 331675736 331676510
NPTRACE row 2012 331692848 331693178
NPTRACE row 2013 331728806 331730698
NPTRACE row 2014 331758112 331759932
NPTRACE row 2015 331769322 331788585
NPTRACE row 2016 331797817 331801578
NPTRACE row 2017 331824311 331826529
NPTRACE row 2018 331833013 331834873
NPTRACE row 2019 331841197 331843192
NPTRACE row 2020 331849814 331851531
NPTRACE row 2021 331858301 331859955
NPTRACE row 2022 331869708 331872455
NPTRACE row 2023 331892206 331893268
NPTRACE row 2024 331904605 331906307
NPTRACE row 2025 331917036 331918372
NPTRACE row 2026 331929147 331930713
NPTRACE row 2027 331942535 331943290
NPTRACE row 2028 331959194 331959867
NPTRACE row 2029 331994864 331997380
NPTRACE row 2030 332023652 332026616
NPTRACE row 2031 332035285 332053103
NPTRACE row 2032 332063696 332064065
NPTRACE row 2033 332077728 332081055
NPTRACE row 2034 332092329 332093432
NPTRACE row 2035 332102003 332105690
NPTRACE row 2036 332110330 332114046
NPTRACE row 2037 332118410 332122259
NPTRACE row 2038 332126770 332130600
NPTRACE row 2039 332160493 332164024
NPTRACE row 2040 332189231 332193035
NPTRACE row 2041 332197578 332201498
NPTRACE row 2042 332223411 332226568
NPTRACE row 2043 332231777 332234939
NPTRACE row 2044 332246594 332247546
NPTRACE row 2045 332260190 332263968
NPTRACE row 2046 332288692 332289305
NPTRACE row 2047 332298961 332301847
NPTRACE row 2048 332312602 332314241
NPTRACE row 2049 332326089 332326681
NPTRACE row 2050 332335165 332339023
NPTRACE row 2051 332343731 332347407
NPTRACE row 2052 332359047 332359898
NPTRACE row 2053 332394800 332397428
NPTRACE row 2054 332424214 332426655
NPTRACE row 2055 332436893 332439599
NPTRACE row 2056 332449739 332451757
NPTRACE row 2057 332462307 332464172
NPTRACE row 2058 332471050 332472407
NPTRACE row 2059 332479223 332480748
NPTRACE row 2060 332492274 332493243
NPTRACE row 2061 332512653 332514240
NPTRACE row 2062 332528098 332530787
NPTRACE row 2063 332562392 332564222
NPTRACE row 2064 332592942 332593422
NPTRACE row 2065 332603960 332606328
NPTRACE row 2066 332621644 332622669
NPTRACE row 2067 332631830 332634932
NPTRACE row 2068 332640199 332643247
NPTRACE row 2069 332648416 332651685
NPTRACE row 2070 332658854 332659911
NPTRACE row 2071 332676867 332680627
NPTRACE row 2072 332694128 332697446
NPTRACE row 2073 332708013 332709911
NPTRACE row 2074 332725094 332726646
NPTRACE row 2075 332759126 332760011
NPTRACE row 2076 332786281 332789329
NPTRACE row 2077 332796050 332797419
NPTRACE row 2078 332820918 332822623
NPTRACE row 2079 332831278 332835030
NPTRACE row 2080 332854225 332855785
NPTRACE row 2081 332862406 332864179
NPTRACE row 2082 332874003 332876805
NPTRACE row 2083 332886357 332889400
NPTRACE row 2084 332896444 332897426
NPTRACE row 2085 332907758 332909920
NPTRACE row 2086 332924787 332926590
NPTRACE row 2087 332945779 332947698
NPTRACE row 2088 332961167 332964227
NPTRACE row 2089 332977311 332980865
NPTRACE row 2090 332994333 332997533
NPTRACE row 2091 333007940 333009930
NPTRACE row 2092 333025042 333026599
NPTRACE row 2093 333045880 333047657
NPTRACE row 2094 333060994 333064131
NPTRACE row 2095 333119332 333122315
NPTRACE row 2096 333129749 333130787
NPTRACE row 2097 333159384 333160073
NPTRACE row 2098 333171842 333172590
NPTRACE row 2099 333185279 333189006
NPTRACE row 2100 333196797 333197459
NPTRACE row 2101 333223335 333226685
NPTRACE row 2102 333232309 333235023
NPTRACE row 2103 333261999 333264129
NPTRACE row 2104 333272739 333277434
NPTRACE row 2105 333283827 333285213
NPTRACE row 2106 333295747 333297532
NPTRACE row 2107 333319353 333322377
NPTRACE row 2108 333328763 333330796
NPTRACE row 2109 333336398 333339122
NPTRACE row 2110 333344353 333347458
NPTRACE row 2111 333352749 333356008
NPTRACE row 2112 333361443 333364214
NPTRACE row 2113 333388467 333389163
NPTRACE row 2114 333397014 333397524
NPTRACE row 2115 333407287 333409947
NPTRACE row 2116 333424433 333426631
NPTRACE row 2117 333444316 333447629
NPTRACE row 2118 333460366 333464149
NPTRACE row 2119 333474026 333476641
NPTRACE row 2120 333490839 333493302
NPTRACE row 2121 333510430 333514121
NPTRACE row 2122 333527097 333530870
NPTRACE row 2123 333543788 333547482
NPTRACE row 2124 333559105 333560180
NPTRACE row 2125 333573867 333576603
NPTRACE row 2126 333590307 333593270
NPTRACE row 2127 333611058 333614281
NPTRACE row 2128 333626958 333630825
NPTRACE row 2129 333643542 333647446
NPTRACE row 2130 333658978 333660187
NPTRACE row 2131 333672973 333676549
NPTRACE row 2132 333689960 333693279
NPTRACE row 2133 333710144 333713995
NPTRACE row 2134 333726874 333730742
NPTRACE row 2135 333740061 333743315
NPTRACE row 2136 333757327 333760062
NPTRACE row 2137 333788752 333789131
NPTRACE row 2138 333797212 333797516
NPTRACE row 2139 333817850 333818445
NPTRACE row 2140 333827721 333830796
NPTRACE row 2141 333852018 333855784
NPTRACE row 2142 333861596 333864125
NPTRACE row 2143 333876245 333876805
NPTRACE row 2144 333893004 333893364
NPTRACE row 2145 333926317 333926702
NPTRACE row 2146 333937307 333939757
NPTRACE row 2147 333949069 333951898
NPTRACE row 2148 333961474 333964145
NPTRACE row 2149 333972584 333976511
NPTRACE row 2150 333989453 333993245
NPTRACE row 2151 334010209 334014041
NPTRACE row 2152 334026162 334026715
NPTRACE row 2153 334043608 334047417
NPTRACE row 2154 334058873 334060114
NPTRACE row 2155 334076160 334076752
NPTRACE row 2156 334092901 334093414
NPTRACE row 2157 334110259 334114036
NPTRACE row 2158 334126385 334126788
NPTRACE row 2159 334144199 334147618
NPTRACE row 2160 334160489 334164124
NPTRACE row 2161 334175647 334176811
NPTRACE row 2162 334193729 334197366
NPTRACE row 2163 334208926 334210077
NPTRACE row 2164 334225501 334226730
NPTRACE row 2165 334243852 334247546
NPTRACE row 2166 334260457 334264101
NPTRACE row 2167 334275462 334276848
NPTRACE row 2168 334293143 334293398
NPTRACE row 2169 334305935 334309871
NPTRACE row 2170 334322967 334326670
NPTRACE row 2171 334360326 334364137
NPTRACE row 2172 334388062 334389309
NPTRACE row 2173 334396875 334397586
NPTRACE row 2174 334408210 334410123
NPTRACE row 2175 334421083 334422920
NPTRACE row 2176 334431406 334435173
NPTRACE row 2177 334445050 334447873
NPTRACE row 2178 334459684 334460194
NPTRACE row 2179 334488400 334489251
NPTRACE row 2180 334496500 334497570
NPTRACE row 2181 334506122 334509949
NPTRACE row 2182 334523067 334526617
NPTRACE row 2183 334541772 334544114
NPTRACE row 2184 334560297 334564060
NPTRACE row 2185 334572927 334576625
NPTRACE row 2186 334590245 334593413
NPTRACE row 2187 334627018 334630794
NPTRACE row 2188 334655311 334656112
NPTRACE row 2189 334664795 334668558
NPTRACE row 2190 334677203 334680902
NPTRACE row 2191 334689939 334693472
NPTRACE row 2192 334698823 334701862
NPTRACE row 2193 334710900 334714383
NPTRACE row 2194 334726020 334726891
NPTRACE row 2195 334739486 334743334
NPTRACE row 2196 334756100 334759969
NPTRACE row 2197 334789859 334793441
NPTRACE row 2198 334797886 334801806
NPTRACE row 2199 334810829 334814423
NPTRACE row 2200 334825778 334826818
NPTRACE row 2201 334855254 334856038
NPTRACE row 2202 334863582 334864327
NPTRACE row 2203 334872362 334872601
NPTRACE row 2204 334889477 334893317
NPTRACE row 2205 334909055 334910237
NPTRACE row 2206 334925785 334926813
NPTRACE row 2207 334959728 334960313
NPTRACE row 2208 334979117 334981246
NPTRACE row 2209 334991072 334993449
NPTRACE row 2210 334999439 335001855
NPTRACE row 2211 335007343 335010110
NPTRACE row 2212 335022958 335026668
NPTRACE row 2213 335040346 335043437
NPTRACE row 2214 335059601 335060191
NPTRACE row 2215 335072747 335076669
NPTRACE row 2216 335089418 335093330
NPTRACE row 2217 335108094 335110212
NPTRACE row 2218 335125487 335126901
NPTRACE row 2219 335142618 335143744
NPTRACE row 2220 335160516 335164109
NPTRACE row 2221 335172361 335172625
NPTRACE row 2222 335189500 335193337
NPTRACE row 2223 335216712 335218719
NPTRACE row 2224 335226982 335230779
NPTRACE row 2225 335239565 335243372
NPTRACE row 2226 335256241 335260013
NPTRACE row 2227 335273737 335276699
NPTRACE row 2228 335292803 335293606
NPTRACE row 2229 335305540 335305967
NPTRACE row 2230 335322830 335326689
NPTRACE row 2231 335359483 335360276
NPTRACE row 2232 335388477 335389639
NPTRACE row 2233 335398052 335401851
NPTRACE row 2234 335411276 335414573
NPTRACE row 2235 335424411 335426885
NPTRACE row 2236 335444110 335447489
NPTRACE row 2237 335456707 335460269
NPTRACE row 2238 335465588 335485400
NPTRACE row 2239 335496712 335497824
NPTRACE row 2240 335508859 335510332
NPTRACE row 2241 335521889 335522867
NPTRACE row 2242 335532097 335535335
NPTRACE row 2243 335560997 335564358
NPTRACE row 2244 335570721 335573295
NPTRACE row 2245 335590420 335593506
NPTRACE row 2246 335598727 335601889
NPTRACE row 2247 335611933 335614505
NPTRACE row 2248 335625218 335626874
NPTRACE row 2249 335659157 335660321
NPTRACE row 2250 335678732 335681277
NPTRACE row 2251 335690768 335693501
NPTRACE row 2252 335702170 335706477
NPTRACE row 2253 335721791 335722706
NPTRACE row 2254 335730387 335731002
NPTRACE row 2255 335744959 335748020
NPTRACE row 2256 335759470 335760302
NPTRACE row 2257 335792287 335793573
NPTRACE row 2258 335821947 335823024
NPTRACE row 2259 335832041 335835290
NPTRACE row 2260 335845905 335847844
NPTRACE row 2261 335858991 335860348
NPTRACE row 2262 335868551 335872498
NPTRACE row 2263 335876998 335880892
NPTRACE row 2264 335889392 335893330
NPTRACE row 2265 335914661 335918472
NPTRACE row 2266 335926362 335926922
NPTRACE row 2267 335939506 335943336
NPTRACE row 2268 335956126 335960003
NPTRACE row 2269 335972396 335973258
NPTRACE row 2270 335991938 335993590
NPTRACE row 2271 336005357 336006086
NPTRACE row 2272 336022270 336022696
NPTRACE row 2273 336050289 336052143
NPTRACE row 2274 336060903 336064362
NPTRACE row 2275 336074645 336077012
NPTRACE row 2276 336091574 336093551
NPTRACE row 2277 336105447 336106553
NPTRACE row 2278 336124699 336126916
NPTRACE row 2279 336159878 336160600
NPTRACE row 2280 336174966 336177062
NPTRACE row 2281 336188023 336189579
NPTRACE row 2282 336198403 336202018
NPTRACE row 2283 336223851 336226857
NPTRACE row 2284 336232254 336235183
NPTRACE row 2285 336240369 336243595
NPTRACE row 2286 336255151 336256002
NPTRACE row 2287 336272351 336272862
NPTRACE row 2288 336291086 336293625
NPTRACE row 2289 336304461 336306006
NPTRACE row 2290 336321543 336322745
NPTRACE row 2291 336338115 336339437
NPTRACE row 2292 336374655 336376890
NPTRACE row 2293 336382293 336385282
NPTRACE row 2294 336396053 336397844
NPTRACE row 2295 336408307 336410220
NPTRACE row 2296 336422144 336423248
NPTRACE row 2297 336440581 336443678
NPTRACE row 2298 336455483 336456106
NPTRACE row 2299 336474988 336476856
NPTRACE row 2300 336490885 336493603
NPTRACE row 2301 336507460 336510227
NPTRACE row 2302 336523607 336526724
NPTRACE row 2303 336541215 336543849
NPTRACE row 2304 336574384 336577078
NPTRACE row 2305 336583713 336585343
NPTRACE row 2306 336612714 336614492
NPTRACE row 2307 336625054 336627026
NPTRACE row 2308 336638614 336639622
NPTRACE row 2309 336648453 336651973
NPTRACE row 2310 336656745 336660262
NPTRACE row 2311 336671586 336672770
NPTRACE row 2312 336707654 336710308
NPTRACE row 2313 336715931 336718722
NPTRACE row 2314 336741160 336743679
NPTRACE row 2315 336749379 336752038
NPTRACE row 2316 336757391 336760270
NPTRACE row 2317 336771127 336772777
NPTRACE row 2318 336790311 336793688
NPTRACE row 2319 336807236 336810332
NPTRACE row 2320 336822075 336835591
NPTRACE row 2321 336845225 336847878
NPTRACE row 2322 336858386 336860482
NPTRACE row 2323 336873384 336876891
NPTRACE row 2324 336888075 336889953
NPTRACE row 2325 336907046 336910350
NPTRACE row 2326 336922356 336928653
NPTRACE row 2327 336941560 336943721
NPTRACE row 2328 336957709 336960592
NPTRACE row 2329 336973549 336976954
NPTRACE row 2330 336990173 336993423
NPTRACE row 2331 337007045 337010359
NPTRACE row 2332 337040421 337043693
NPTRACE row 2333 337051413 337052208
NPTRACE row 2334 337074415 337076892
NPTRACE row 2335 337082490 337085287
NPTRACE row 2336 337090295 337093550
NPTRACE row 2337 337102962 337106050
NPTRACE row 2338 337120192 337128494
NPTRACE row 2339 337141031 337143661
NPTRACE row 2340 337153262 337156056
NPTRACE row 2341 337169617 337172735
NPTRACE row 2342 337188237 337189482
NPTRACE row 2343 337206667 337210174
NPTRACE row 2344 337221598 337235481
NPTRACE row 2345 337244786 337247830
NPTRACE row 2346 337253236 337256124
NPTRACE row 2347 337269227 337272677
NPTRACE row 2348 337287012 337290000
NPTRACE row 2349 337305388 337306275
NPTRACE row 2350 337333241 337335432
NPTRACE row 2351 337343246 337343903
NPTRACE row 2352 337356910 337360293
NPTRACE row 2353 337373165 337376800
NPTRACE row 2354 337388318 337389519
NPTRACE row 2355 337409817 337410421
NPTRACE row 2356 337421975 337436639
NPTRACE row 2357 337446243 337447848
NPTRACE row 2358 337458825 337460331
NPTRACE row 2359 337473328 337476971
NPTRACE row 2360 337488270 337497987
NPTRACE row 2361 337508034 337510253
NPTRACE row 2362 337520434 337529459
NPTRACE row 2363 337542026 337543690
NPTRACE row 2364 337555891 337556201
NPTRACE row 2365 337573240 337576895
NPTRACE row 2366 337605233 337606278
NPTRACE row 2367 337614827 337618647
NPTRACE row 2368 337629070 337631190
NPTRACE row 2369 337641465 337643745
NPTRACE row 2370 337654434 337656707
NPTRACE row 2371 337672409 337672910
NPTRACE row 2372 337688204 337695201
NPTRACE row 2373 337707906 337710269
NPTRACE row 2374 337720574 337722886
NPTRACE row 2375 337743068 337744567
NPTRACE row 2376 337768038 337770368
NPTRACE row 2377 337778847 337781108
NPTRACE row 2378 337791750 337793862
NPTRACE row 2379 337806529 337810162
NPTRACE row 2380 337819696 337822904
NPTRACE row 2381 337836968 337839598
NPTRACE row 2382 337854343 337856113
NPTRACE row 2383 337869402 337872786
NPTRACE row 2384 337886468 337889507
NPTRACE row 2385 337902996 337906157
NPTRACE row 2386 337923125 337926841
NPTRACE row 2387 337945191 337947948
NPTRACE row 2388 337957035 337960302
NPTRACE row 2389 337968944 337972734
NPTRACE row 2390 337985860 337989398
NPTRACE row 2391 338003016 338006784
NPTRACE row 2392 338023231 338026847
NPTRACE row 2393 338037820 338039606
NPTRACE row 2394 338058304 338060344
NPTRACE row 2395 338068854 338072740
NPTRACE row 2396 338086054 338089464
NPTRACE row 2397 338103662 338106246
NPTRACE row 2398 338123219 338126859
NPTRACE row 2399 338156326 338156550
NPTRACE end afc2f7ded3ae353b
