NPTRACE begin 9ffba9ef68361cfb 2400 2400 3 0
NPTRACE row 0 477668113 477671411
NPTRACE row 1 477678030 477689489
NPTRACE row 2 477696974 477704309
NPTRACE row 3 477711997 477722715
NPTRACE row 4 477730208 477737738
NPTRACE row 5 477744984 477762160
NPTRACE row 6 477771391 477785381
NPTRACE row 7 477775572 477787808
NPTRACE row 8 477792499 477804557
NPTRACE row 9 477809195 477821066
NPTRACE row 10 477828554 477839380
NPTRACE row 11 477847737 477854454
NPTRACE row 12 477862394 477883008
NPTRACE row 13 477890116 477903630
NPTRACE row 14 477897419 477906784
NPTRACE row 15 477915636 477921484
NPTRACE row 16 477929575 477938070
NPTRACE row 17 477954695 477968873
NPTRACE row 18 477959228 477971247
NPTRACE row 19 477975935 477987763
NPTRACE row 20 477992332 478004420
NPTRACE row 21 478012034 478022647
NPTRACE row 22 478031642 478038021
NPTRACE row 23 478045542 478063084
NPTRACE row 24 478072967 478086444
NPTRACE row 25 478080760 478089638
NPTRACE row 26 478098175 478106017
NPTRACE row 27 478137454 478152780
NPTRACE row 28 478144069 478155424
NPTRACE row 29 478149114 478158414
NPTRACE row 30 478165212 478172758
NPTRACE row 31 478180642 478188900
NPTRACE row 32 478196833 478205944
NPTRACE row 33 478214083 478222738
NPTRACE row 34 478230909 478238177
NPTRACE row 35 478245461 478254896
NPTRACE row 36 478272358 478285557
NPTRACE row 37 478276979 478287936
NPTRACE row 38 478294077 478302910
NPTRACE row 39 478311355 478327184
NPTRACE row 40 478338250 478359930
NPTRACE row 41 478345561 478362716
NPTRACE row 42 478371543 478385753
NPTRACE row 43 478378988 478388613
NPTRACE row 44 478399388 478404437
NPTRACE row 45 478413928 478432232
NPTRACE row 46 478439014 478453667
NPTRACE row 47 478447216 478457152
NPTRACE row 48 478467515 478470902
NPTRACE row 49 478480776 478487558
NPTRACE row 50 478498374 478504006
NPTRACE row 51 478513990 478520180
NPTRACE row 52 478531047 478536447
NPTRACE row 53 478543825 478556426
NPTRACE row 54 478566770 478571104
NPTRACE row 55 478580514 478593973
NPTRACE row 56 478603896 478619826
NPTRACE row 57 478610569 478623329
NPTRACE row 58 478633906 478637181
NPTRACE row 59 478646038 478654347
NPTRACE row 60 478664244 478670657
NPTRACE row 61 478680449 478686447
NPTRACE row 62 478696973 478704308
NPTRACE row 63 478714785 478719891
NPTRACE row 64 478726937 478737548
NPTRACE row 65 478748983 478754253
NPTRACE row 66 478762827 478770872
NPTRACE row 67 478781114 478787621
NPTRACE row 68 478797516 478804262
NPTRACE row 69 478814034 478820919
NPTRACE row 70 478830949 478837165
NPTRACE row 71 478845405 478853234
NPTRACE row 72 478859795 478870568
NPTRACE row 73 478882323 478886483
NPTRACE row 74 478895677 478904071
NPTRACE row 75 478915282 478920787
NPTRACE row 76 478929533 478937585
NPTRACE row 77 478948791 478954420
NPTRACE row 78 478964894 478970871
NPTRACE row 79 478980999 478987689
NPTRACE row 80 478998026 479003787
NPTRACE row 81 479013185 479020936
NPTRACE row 82 479030520 479037318
NPTRACE row 83 479046026 479060714
NPTRACE row 84 479070235 479086538
NPTRACE row 85 479077908 479090036
NPTRACE row 86 479100513 479103799
NPTRACE row 87 479113356 479127090
NPTRACE row 88 479138824 479152541
NPTRACE row 89 479144969 479155113
NPTRACE row 90 479160884 479169508
NPTRACE row 91 479175537 479186185
NPTRACE row 92 479195489 479204199
NPTRACE row 93 479214141 479220044
NPTRACE row 94 479228813 479243803
NPTRACE row 95 479253198 479269896
NPTRACE row 96 479260362 479273257
NPTRACE row 97 479283039 479287316
NPTRACE row 98 479296638 479304134
NPTRACE row 99 479314219 479320527
NPTRACE row 100 479330140 479336404
NPTRACE row 101 479343282 479354068
NPTRACE row 102 479364330 479384167
NPTRACE row 103 479390120 479402929
NPTRACE row 104 479397158 479405653
NPTRACE row 105 479421881 479443321
NPTRACE row 106 479429633 479446165
NPTRACE row 107 479455158 479470056
NPTRACE row 108 479461732 479473390
NPTRACE row 109 479483399 479487123
NPTRACE row 110 479495582 479502983
NPTRACE row 111 479509262 479520341
NPTRACE row 112 479531571 479537297
NPTRACE row 113 479546112 479553899
NPTRACE row 114 479564418 479570789
NPTRACE row 115 479580457 479587121
NPTRACE row 116 479597213 479603046
NPTRACE row 117 479609504 479620388
NPTRACE row 118 479632207 479636416
NPTRACE row 119 479645660 479653712
NPTRACE row 120 479665411 479671022
NPTRACE row 121 479680516 479687084
NPTRACE row 122 479697736 479703042
NPTRACE row 123 479709441 479720520
NPTRACE row 124 479728289 479736270
NPTRACE row 125 479742295 479752876
NPTRACE row 126 479759018 479769413
NPTRACE row 127 479778126 479786418
NPTRACE row 128 479792726 479803912
NPTRACE row 129 479815073 479820802
NPTRACE row 130 479830289 479837216
NPTRACE row 131 479859037 479869703
NPTRACE row 132 479866043 479872109
NPTRACE row 133 479880270 479887209
NPTRACE row 134 479897536 479903857
NPTRACE row 135 479913635 479927198
NPTRACE row 136 479936272 479952338
NPTRACE row 137 479944488 479955264
NPTRACE row 138 479961681 479970485
NPTRACE row 139 479978216 479986283
NPTRACE row 140 479991840 480002668
NPTRACE row 141 480011125 480020602
NPTRACE row 142 480029848 480036953
NPTRACE row 143 480047005 480053114
NPTRACE row 144 480070638 480086522
NPTRACE row 145 480078342 480089994
NPTRACE row 146 480101405 480103492
NPTRACE row 147 480112115 480129034
NPTRACE row 148 480138172 480153524
NPTRACE row 149 480146344 480157089
NPTRACE row 150 480174793 480186623
NPTRACE row 151 480182356 480190091
NPTRACE row 152 480199737 480203366
NPTRACE row 153 480213598 480220687
NPTRACE row 154 480229705 480236611
NPTRACE row 155 480245961 480254207
NPTRACE row 156 480263354 480269996
NPTRACE row 157 480279040 480287329
NPTRACE row 158 480296336 480303528
NPTRACE row 159 480313447 480331916
NPTRACE row 160 480338109 480352422
NPTRACE row 161 480346836 480355371
NPTRACE row 162 480370750 480385560
NPTRACE row 163 480375995 480388019
NPTRACE row 164 480393544 480402560
NPTRACE row 165 480407742 480419237
NPTRACE row 166 480426534 480436967
NPTRACE row 167 480446311 480453071
NPTRACE row 168 480462600 480470839
NPTRACE row 169 480479524 480486535
NPTRACE row 170 480496014 480503889
NPTRACE row 171 480513121 480519849
NPTRACE row 172 480528009 480536211
NPTRACE row 173 480553189 480570062
NPTRACE row 174 480560614 480573513
NPTRACE row 175 480582381 480586622
NPTRACE row 176 480595519 480603985
NPTRACE row 177 480612363 480619710
NPTRACE row 178 480627921 480637221
NPTRACE row 179 480645431 480653164
NPTRACE row 180 480662084 480681789
NPTRACE row 181 480687126 480703201
NPTRACE row 182 480695059 480706647
NPTRACE row 183 480714883 480719658
NPTRACE row 184 480725802 480736056
NPTRACE row 185 480740996 480752590
NPTRACE row 186 480759980 480770179
NPTRACE row 187 480776561 480786281
NPTRACE row 188 480794674 480803906
NPTRACE row 189 480810261 480819648
NPTRACE row 190 480827077 480837318
NPTRACE row 191 480845750 480853131
NPTRACE row 192 480860586 480878992
NPTRACE row 193 480886237 480903169
NPTRACE row 194 480895889 480906491
NPTRACE row 195 480914287 480919592
NPTRACE row 196 480927679 480948520
NPTRACE row 197 480953913 480970067
NPTRACE row 198 480960815 480973477
NPTRACE row 199 480981483 480986239
NPTRACE row 200 480995221 481002736
NPTRACE row 201 481018251 481019128
NPTRACE row 202 481025693 481039588
NPTRACE row 203 481047985 481052822
NPTRACE row 204 481061509 481069423
NPTRACE row 205 481085318 481103159
NPTRACE row 206 481092971 481106612
NPTRACE row 207 481114176 481119523
NPTRACE row 208 481128211 481136108
NPTRACE row 209 481141319 481152977
NPTRACE row 210 481162402 481169414
NPTRACE row 211 481175986 481186765
NPTRACE row 212 481197277 481206261
NPTRACE row 213 481212499 481219400
NPTRACE row 214 481229992 481249659
NPTRACE row 215 481254551 481269265
NPTRACE row 216 481262890 481272165
NPTRACE row 217 481278835 481286118
NPTRACE row 218 481295321 481315416
NPTRACE row 219 481320370 481336598
NPTRACE row 220 481327663 481340084
NPTRACE row 221 481348324 481352851
NPTRACE row 222 481362190 481377830
NPTRACE row 223 481383930 481385670
NPTRACE row 224 481394601 481402958
NPTRACE row 225 481414942 481419096
NPTRACE row 226 481426651 481437471
NPTRACE row 227 481445110 481452839
NPTRACE row 228 481462146 481470369
NPTRACE row 229 481476248 481485879
NPTRACE row 230 481493872 481502689
NPTRACE row 231 481508901 481519149
NPTRACE row 232 481528149 481536976
NPTRACE row 233 481543248 481552608
NPTRACE row 234 481561489 481569353
NPTRACE row 235 481575437 481585782
NPTRACE row 236 481595354 481603213
NPTRACE row 237 481617744 481619038
NPTRACE row 238 481627353 481648502
NPTRACE row 239 481653334 481669162
NPTRACE row 240 481661981 481672116
NPTRACE row 241 481678485 481685874
NPTRACE row 242 481692883 481702626
NPTRACE row 243 481706779 481718964
NPTRACE row 244 481725291 481736544
NPTRACE row 245 481743485 481752656
NPTRACE row 246 481762207 481770348
NPTRACE row 247 481776551 481785819
NPTRACE row 248 481793957 481814774
NPTRACE row 249 481818976 481847440
NPTRACE row 250 481826338 481849871
NPTRACE row 251 481854404 481869143
NPTRACE row 252 481861382 481871916
NPTRACE row 253 481877675 481885798
NPTRACE row 254 481895446 481915596
NPTRACE row 255 481920027 481935805
NPTRACE row 256 481927042 481938635
NPTRACE row 257 481944752 481952586
NPTRACE row 258 481962365 481970153
NPTRACE row 259 481975289 481985781
NPTRACE row 260 481994614 482003590
NPTRACE row 261 482008842 482019152
NPTRACE row 262 482028064 482036892
NPTRACE row 263 482042669 482052553
NPTRACE row 264 482061708 482070477
NPTRACE row 265 482075862 482085799
NPTRACE row 266 482093531 482113170
NPTRACE row 267 482116964 482118948
NPTRACE row 268 482127483 482136225
NPTRACE row 269 482151667 482152512
NPTRACE row 270 482159967 482173147
NPTRACE row 271 482180046 482185792
NPTRACE row 272 482194715 482215572
NPTRACE row 273 482220389 482236604
NPTRACE row 274 482228931 482240096
NPTRACE row 275 482247208 482252710
NPTRACE row 276 482261762 482269240
NPTRACE row 277 482284144 482285732
NPTRACE row 278 482295060 482304190
NPTRACE row 279 482309469 482319158
NPTRACE row 280 482324721 482335924
NPTRACE row 281 482351006 482352478
NPTRACE row 282 482361439 482370698
NPTRACE row 283 482375162 482385696
NPTRACE row 284 482392728 482403449
NPTRACE row 285 482408312 482419091
NPTRACE row 286 482427089 482436914
NPTRACE row 287 482448906 482452660
NPTRACE row 288 482463039 482470601
NPTRACE row 289 482475704 482485795
NPTRACE row 290 482494716 482503499
NPTRACE row 291 482508415 482519085
NPTRACE row 292 482526873 482544661
NPTRACE row 293 482550256 482552699
NPTRACE row 294 482563444 482570841
NPTRACE row 295 482575988 482585834
NPTRACE row 296 482594296 482602512
NPTRACE row 297 482617198 482619039
NPTRACE row 298 482626739 482637444
NPTRACE row 299 482642561 482652560
NPTRACE row 300 482660727 482670142
NPTRACE row 301 482674700 482685756
NPTRACE row 302 482694081 482703421
NPTRACE row 303 482707895 482719147
NPTRACE row 304 482726010 482736829
NPTRACE row 305 482741752 482752583
NPTRACE row 306 482760730 482770165
NPTRACE row 307 482774463 482785824
NPTRACE row 308 482793922 482802480
NPTRACE row 309 482816309 482818996
NPTRACE row 310 482826723 482837019
NPTRACE row 311 482841544 482852493
NPTRACE row 312 482861430 482870209
NPTRACE row 313 482874671 482885812
NPTRACE row 314 482893568 482902466
NPTRACE row 315 482916759 482919043
NPTRACE row 316 482926800 482937237
NPTRACE row 317 482942211 482952739
NPTRACE row 318 482960967 482970113
NPTRACE row 319 482975249 482985984
NPTRACE row 320 482993766 483003551
NPTRACE row 321 483007752 483019045
NPTRACE row 322 483026176 483036722
NPTRACE row 323 483041354 483052527
NPTRACE row 324 483060575 483070009
NPTRACE row 325 483074145 483085794
NPTRACE row 326 483093682 483103422
NPTRACE row 327 483107530 483119065
NPTRACE row 328 483126119 483144296
NPTRACE row 329 483149213 483152570
NPTRACE row 330 483162513 483170478
NPTRACE row 331 483174549 483185821
NPTRACE row 332 483193823 483203305
NPTRACE row 333 483207395 483219176
NPTRACE row 334 483227278 483242939
NPTRACE row 335 483247932 483252539
NPTRACE row 336 483261559 483270153
NPTRACE row 337 483275607 483285839
NPTRACE row 338 483293736 483302441
NPTRACE row 339 483306805 483319230
NPTRACE row 340 483326869 483347516
NPTRACE row 341 483351013 483352438
NPTRACE row 342 483361765 483380386
NPTRACE row 343 483383345 483385624
NPTRACE row 344 483394024 483402803
NPTRACE row 345 483416268 483419049
NPTRACE row 346 483426204 483443183
NPTRACE row 347 483450061 483452484
NPTRACE row 348 483461073 483469443
NPTRACE row 349 483483149 483485729
NPTRACE row 350 483493857 483503826
NPTRACE row 351 483507860 483519163
NPTRACE row 352 483526159 483536631
NPTRACE row 353 483541179 483552640
NPTRACE row 354 483558200 483569621
NPTRACE row 355 483573775 483585835
NPTRACE row 356 483593617 483603282
NPTRACE row 357 483607356 483619113
NPTRACE row 358 483625932 483636615
NPTRACE row 359 483641262 483652570
NPTRACE row 360 483660832 483670170
NPTRACE row 361 483674208 483685834
NPTRACE row 362 483692701 483702405
NPTRACE row 363 483706177 483719194
NPTRACE row 364 483727707 483736371
NPTRACE row 365 483741754 483752669
NPTRACE row 366 483763305 483770010
NPTRACE row 367 483774039 483785855
NPTRACE row 368 483794713 483802562
NPTRACE row 369 483807612 483819127
NPTRACE row 370 483826841 483836640
NPTRACE row 371 483841155 483852653
NPTRACE row 372 483860701 483870015
NPTRACE row 373 483874002 483885821
NPTRACE row 374 483893252 483903295
NPTRACE row 375 483907312 483919114
NPTRACE row 376 483926554 483935711
NPTRACE row 377 483940462 483952584
NPTRACE row 378 483960869 483981736
NPTRACE row 379 483984622 483985623
NPTRACE row 380 483995016 484003182
NPTRACE row 381 484006358 484019152
NPTRACE row 382 484028216 484036840
NPTRACE row 383 484041509 484052714
NPTRACE row 384 484060637 484069141
NPTRACE row 385 484073282 484085813
NPTRACE row 386 484095567 484116016
NPTRACE row 387 484119010 484136488
NPTRACE row 388 484127222 484139849
NPTRACE row 389 484144317 484152481
NPTRACE row 390 484157298 484168943
NPTRACE row 391 484171583 484185584
NPTRACE row 392 484188306 484202225
NPTRACE row 393 484201846 484204675
NPTRACE row 394 484221817 484235715
NPTRACE row 395 484243602 484263701
NPTRACE row 396 484267315 484268931
NPTRACE row 397 484281922 484286737
NPTRACE row 398 484293791 484302887
NPTRACE row 399 484309185 484319402
NPTRACE row 400 484323782 484335727
NPTRACE row 401 484343153 484353116
NPTRACE row 402 484356491 484368984
NPTRACE row 403 484376565 484386604
NPTRACE row 404 484385341 484389919
NPTRACE row 405 484411070 484419889
NPTRACE row 406 484418664 484423252
NPTRACE row 407 484442499 484452480
NPTRACE row 408 484466777 484469119
NPTRACE row 409 484477002 484487158
NPTRACE row 410 484491205 484502435
NPTRACE row 411 484506281 484519056
NPTRACE row 412 484523968 484535674
NPTRACE row 413 484539315 484553471
NPTRACE row 414 484557266 484569127
NPTRACE row 415 484573397 484598114
NPTRACE row 416 484600785 484602232
NPTRACE row 417 484610596 484620862
NPTRACE row 418 484624622 484635623
NPTRACE row 419 484639256 484653340
NPTRACE row 420 484657085 484668975
NPTRACE row 421 484672903 484685684
NPTRACE row 422 484689560 484702326
NPTRACE row 423 484710689 484719443
NPTRACE row 424 484730065 484735624
NPTRACE row 425 484739472 484753439
NPTRACE row 426 484756841 484768979
NPTRACE row 427 484773003 484786568
NPTRACE row 428 484790356 484802337
NPTRACE row 429 484806295 484819003
NPTRACE row 430 484817999 484821622
NPTRACE row 431 484844106 484864517
NPTRACE row 432 484851981 484866953
NPTRACE row 433 484876222 484886277
NPTRACE row 434 484884966 484888946
NPTRACE row 435 484906387 484919918
NPTRACE row 436 484918266 484923221
NPTRACE row 437 484939596 484952445
NPTRACE row 438 484951535 484955099
NPTRACE row 439 484977430 484987462
NPTRACE row 440 484984475 484990738
NPTRACE row 441 485005110 485019842
NPTRACE row 442 485017775 485023122
NPTRACE row 443 485039305 485053387
NPTRACE row 444 485051092 485056863
NPTRACE row 445 485072451 485086560
NPTRACE row 446 485084382 485089856
NPTRACE row 447 485110430 485120552
NPTRACE row 448 485117679 485123798
NPTRACE row 449 485139490 485153367
NPTRACE row 450 485151021 485156649
NPTRACE row 451 485172422 485186529
NPTRACE row 452 485184307 485189794
NPTRACE row 453 485205398 485230983
NPTRACE row 454 485217608 485233300
NPTRACE row 455 485244576 485254706
NPTRACE row 456 485251563 485258247
NPTRACE row 457 485271803 485285702
NPTRACE row 458 485289616 485303761
NPTRACE row 459 485311518 485320428
NPTRACE row 460 485317884 485323711
NPTRACE row 461 485339746 485353373
NPTRACE row 462 485351187 485356537
NPTRACE row 463 485375546 485387058
NPTRACE row 464 485384099 485390385
NPTRACE row 465 485405491 485418968
NPTRACE row 466 485417419 485421629
NPTRACE row 467 485440294 485453320
NPTRACE row 468 485450717 485456515
NPTRACE row 469 485472407 485497637
NPTRACE row 470 485484044 485499938
NPTRACE row 471 485510003 485519948
NPTRACE row 472 485517347 485522593
NPTRACE row 473 485539547 485563936
NPTRACE row 474 485550628 485566231
NPTRACE row 475 485576192 485586031
NPTRACE row 476 485583909 485588717
NPTRACE row 477 485604986 485619882
NPTRACE row 478 485617217 485623182
NPTRACE row 479 485640212 485653863
NPTRACE row 480 485651271 485657364
NPTRACE row 481 485672149 485686513
NPTRACE row 482 485684268 485689772
NPTRACE row 483 485703770 485705221
NPTRACE row 484 485717541 485721542
NPTRACE row 485 485742394 485766807
NPTRACE row 486 485751208 485769214
NPTRACE row 487 485777392 485790396
NPTRACE row 488 485783803 485793683
NPTRACE row 489 485806002 485818977
NPTRACE row 490 485817130 485821596
NPTRACE row 491 485840042 485853434
NPTRACE row 492 485850432 485856594
NPTRACE row 493 485871681 485897633
NPTRACE row 494 485884283 485899978
NPTRACE row 495 485911020 485921377
NPTRACE row 496 485917601 485924768
NPTRACE row 497 485938890 485953447
NPTRACE row 498 485950896 485956699
NPTRACE row 499 485971894 485986586
NPTRACE row 500 485984203 485989853
NPTRACE row 501 486005870 486019964
NPTRACE row 502 486017517 486023294
NPTRACE row 503 486043777 486064754
NPTRACE row 504 486051488 486067212
NPTRACE row 505 486077723 486086387
NPTRACE row 506 486084501 486089129
NPTRACE row 507 486110101 486119409
NPTRACE row 508 486117804 486122126
NPTRACE row 509 486139380 486152399
NPTRACE row 510 486151077 486154829
NPTRACE row 511 486172143 486185717
NPTRACE row 512 486184026 486188146
NPTRACE row 513 486200333 486204903
NPTRACE row 514 486222982 486236633
NPTRACE row 515 486234198 486240126
NPTRACE row 516 486256887 486270003
NPTRACE row 517 486266930 486273380
NPTRACE row 518 486294395 486302390
NPTRACE row 519 486301114 486305515
NPTRACE row 520 486317227 486322600
NPTRACE row 521 486351067 486354749
NPTRACE row 522 486362299 486369708
NPTRACE row 523 486367024 486372452
NPTRACE row 524 486390451 486402497
NPTRACE row 525 486400105 486404931
NPTRACE row 526 486417097 486421302
NPTRACE row 527 486435000 486438581
NPTRACE row 528 486451157 486456692
NPTRACE row 529 486472442 486486612
NPTRACE row 530 486484154 486489987
NPTRACE row 531 486506155 486520041
NPTRACE row 532 486517636 486523321
NPTRACE row 533 486539256 486553519
NPTRACE row 534 486550709 486556832
NPTRACE row 535 486575763 486598105
NPTRACE row 536 486583657 486600444
NPTRACE row 537 486610117 486620914
NPTRACE row 538 486616959 486624272
NPTRACE row 539 486639063 486664432
NPTRACE row 540 486650269 486666739
NPTRACE row 541 486676257 486687410
NPTRACE row 542 486683556 486690772
NPTRACE row 543 486706255 486720706
NPTRACE row 544 486716871 486724076
NPTRACE row 545 486739622 486764463
NPTRACE row 546 486750176 486766789
NPTRACE row 547 486777016 486786289
NPTRACE row 548 486783481 486788987
NPTRACE row 549 486805577 486830941
NPTRACE row 550 486816774 486833306
NPTRACE row 551 486844978 486853479
NPTRACE row 552 486850912 486856284
NPTRACE row 553 486872538 486886675
NPTRACE row 554 486883765 486889986
NPTRACE row 555 486905740 486930909
NPTRACE row 556 486917048 486933316
NPTRACE row 557 486943560 486964945
NPTRACE row 558 486950408 486967290
NPTRACE row 559 486978920 486986990
NPTRACE row 560 486983963 486989728
NPTRACE row 561 487002059 487005639
NPTRACE row 562 487016570 487021216
NPTRACE row 563 487033280 487038505
NPTRACE row 564 487049879 487056405
NPTRACE row 565 487068733 487071346
NPTRACE row 566 487083197 487089796
NPTRACE row 567 487106409 487119279
NPTRACE row 568 487116483 487121697
NPTRACE row 569 487133226 487138533
NPTRACE row 570 487149801 487156443
NPTRACE row 571 487171318 487186626
NPTRACE row 572 487183094 487189962
NPTRACE row 573 487202083 487205500
NPTRACE row 574 487216362 487221267
NPTRACE row 575 487234681 487239132
NPTRACE row 576 487250392 487256600
NPTRACE row 577 487271603 487286692
NPTRACE row 578 487283385 487290008
NPTRACE row 579 487305627 487319120
NPTRACE row 580 487316913 487321865
NPTRACE row 581 487346309 487364705
NPTRACE row 582 487351904 487367199
NPTRACE row 583 487379117 487394056
NPTRACE row 584 487384479 487397856
NPTRACE row 585 487410067 487420300
NPTRACE row 586 487416830 487423585
NPTRACE row 587 487439799 487464558
NPTRACE row 588 487450147 487466926
NPTRACE row 589 487477714 487486419
NPTRACE row 590 487483383 487489132
NPTRACE row 591 487506860 487520025
NPTRACE row 592 487517005 487523469
NPTRACE row 593 487539478 487553508
NPTRACE row 594 487549991 487556779
NPTRACE row 595 487568502 487572594
NPTRACE row 596 487583305 487587904
NPTRACE row 597 487599587 487604740
NPTRACE row 598 487616606 487623083
NPTRACE row 599 487644232 487652931
NPTRACE row 600 487650787 487655821
NPTRACE row 601 487677130 487686161
NPTRACE row 602 487683616 487688885
NPTRACE row 603 487700611 487705731
NPTRACE row 604 487718225 487722530
NPTRACE row 605 487740035 487752480
NPTRACE row 606 487750204 487754842
NPTRACE row 607 487767672 487771858
NPTRACE row 608 487783146 487787997
NPTRACE row 609 487799453 487804998
NPTRACE row 610 487821849 487835772
NPTRACE row 611 487833140 487838625
NPTRACE row 612 487855701 487876772
NPTRACE row 613 487866044 487879465
NPTRACE row 614 487892941 487913873
NPTRACE row 615 487900250 487916668
NPTRACE row 616 487927797 487937427
NPTRACE row 617 487933280 487941033
NPTRACE row 618 487955076 487969998
NPTRACE row 619 487965948 487973292
NPTRACE row 620 487988421 488002319
NPTRACE row 621 487999220 488004793
NPTRACE row 622 488016245 488021433
NPTRACE row 623 488034134 488040807
NPTRACE row 624 488056466 488070226
NPTRACE row 625 488066157 488073536
NPTRACE row 626 488089089 488103375
NPTRACE row 627 488099456 488106771
NPTRACE row 628 488122496 488142889
NPTRACE row 629 488133162 488145738
NPTRACE row 630 488156999 488176271
NPTRACE row 631 488167041 488179389
NPTRACE row 632 488190223 488203301
NPTRACE row 633 488199074 488206656
NPTRACE row 634 488222104 488236660
NPTRACE row 635 488232800 488240151
NPTRACE row 636 488252037 488255334
NPTRACE row 637 488265702 488271655
NPTRACE row 638 488283501 488288887
NPTRACE row 639 488301394 488318953
NPTRACE row 640 488327472 488339904
NPTRACE row 641 488332947 488343488
NPTRACE row 642 488363699 488369406
NPTRACE row 643 488368757 488372130
NPTRACE row 644 488384663 488388841
NPTRACE row 645 488398938 488406377
NPTRACE row 646 488418318 488422533
NPTRACE row 647 488434169 488438936
NPTRACE row 648 488450860 488455748
NPTRACE row 649 488490674 488503541
NPTRACE row 650 488498596 488506997
NPTRACE row 651 488514248 488519139
NPTRACE row 652 488529320 488535961
NPTRACE row 653 488534919 488538829
NPTRACE row 654 488551810 488555515
NPTRACE row 655 488566894 488573917
NPTRACE row 656 488584506 488589047
NPTRACE row 657 488598714 488605031
NPTRACE row 658 488618118 488622179
NPTRACE row 659 488632426 488638058
NPTRACE row 660 488648984 488655162
NPTRACE row 661 488665336 488671679
NPTRACE row 662 488684609 488689053
NPTRACE row 663 488699544 488707118
NPTRACE row 664 488718176 488722108
NPTRACE row 665 488732362 488740067
NPTRACE row 666 488751436 488755575
NPTRACE row 667 488777800 488786248
NPTRACE row 668 488788859 488802443
NPTRACE row 669 488798441 488805194
NPTRACE row 670 488816498 488822245
NPTRACE row 671 488834865 488840109
NPTRACE row 672 488855219 488855736
NPTRACE row 673 488865371 488878744
NPTRACE row 674 488891038 488903418
NPTRACE row 675 488899224 488906807
NPTRACE row 676 488923207 488935733
NPTRACE row 677 488932960 488938332
NPTRACE row 678 488949636 488955205
NPTRACE row 679 488966884 488973831
NPTRACE row 680 488988305 489009586
NPTRACE row 681 488998891 489012277
NPTRACE row 682 489022460 489036778
NPTRACE row 683 489032618 489040337
NPTRACE row 684 489051655 489054998
NPTRACE row 685 489065484 489071356
NPTRACE row 686 489082451 489088064
NPTRACE row 687 489099923 489105541
NPTRACE row 688 489123293 489135823
NPTRACE row 689 489132524 489138709
NPTRACE row 690 489151661 489155766
NPTRACE row 691 489165378 489173182
NPTRACE row 692 489184877 489188431
NPTRACE row 693 489198716 489204673
NPTRACE row 694 489215688 489221467
NPTRACE row 695 489233991 489240163
NPTRACE row 696 489256038 489269099
NPTRACE row 697 489265575 489271458
NPTRACE row 698 489282707 489288059
NPTRACE row 699 489298842 489304742
NPTRACE row 700 489315995 489323192
NPTRACE row 701 489335197 489338823
NPTRACE row 702 489349315 489354679
NPTRACE row 703 489367855 489372231
NPTRACE row 704 489383370 489389205
NPTRACE row 705 489400043 489405852
NPTRACE row 706 489417496 489423140
NPTRACE row 707 489434298 489439216
NPTRACE row 708 489448761 489454611
NPTRACE row 709 489465031 489471402
NPTRACE row 710 489482040 489488080
NPTRACE row 711 489499378 489516672
NPTRACE row 712 489527963 489536348
NPTRACE row 713 489533723 489539238
NPTRACE row 714 489560050 489570112
NPTRACE row 715 489565502 489573459
NPTRACE row 716 489584282 489588216
NPTRACE row 717 489598249 489604730
NPTRACE row 718 489615268 489621465
NPTRACE row 719 489634256 489646389
NPTRACE row 720 489657958 489669324
NPTRACE row 721 489665325 489671777
NPTRACE row 722 489682284 489688083
NPTRACE row 723 489698481 489704754
NPTRACE row 724 489715595 489732895
NPTRACE row 725 489744745 489753050
NPTRACE row 726 489750622 489755785
NPTRACE row 727 489775260 489786328
NPTRACE row 728 489781775 489788808
NPTRACE row 729 489798091 489804727
NPTRACE row 730 489815092 489821407
NPTRACE row 731 489831961 489840084
NPTRACE row 732 489850817 489854781
NPTRACE row 733 489864721 489871395
NPTRACE row 734 489881718 489888090
NPTRACE row 735 489899166 489907250
NPTRACE row 736 489917718 489921491
NPTRACE row 737 489931736 489938203
NPTRACE row 738 489948278 489955242
NPTRACE row 739 489964606 489973137
NPTRACE row 740 489983359 489987975
NPTRACE row 741 489999006 490006519
NPTRACE row 742 490016871 490022092
NPTRACE row 743 490032570 490040548
NPTRACE row 744 490051654 490055607
NPTRACE row 745 490064786 490071324
NPTRACE row 746 490081835 490088103
NPTRACE row 747 490098019 490104764
NPTRACE row 748 490115160 490123287
NPTRACE row 749 490134527 490139023
NPTRACE row 750 490149377 490166405
NPTRACE row 751 490178094 490198481
NPTRACE row 752 490183813 490200856
NPTRACE row 753 490211979 490228602
NPTRACE row 754 490217588 490231289
NPTRACE row 755 490244205 490260880
NPTRACE row 756 490249812 490263660
NPTRACE row 757 490277180 490287191
NPTRACE row 758 490282985 490290539
NPTRACE row 759 490301801 490305286
NPTRACE row 760 490314542 490321382
NPTRACE row 761 490331274 490338648
NPTRACE row 762 490348950 490356620
NPTRACE row 763 490366334 490371474
NPTRACE row 764 490381282 490388390
NPTRACE row 765 490408400 490419707
NPTRACE row 766 490417317 490423192
NPTRACE row 767 490435197 490442271
NPTRACE row 768 490450572 490456569
NPTRACE row 769 490465947 490472630
NPTRACE row 770 490482818 490489810
NPTRACE row 771 490499422 490505592
NPTRACE row 772 490529713 490536734
NPTRACE row 773 490541716 490552549
NPTRACE row 774 490548412 490555016
NPTRACE row 775 490565768 490572130
NPTRACE row 776 490581929 490599685
NPTRACE row 777 490609934 490620601
NPTRACE row 778 490615668 490623963
NPTRACE row 779 490634303 490638391
NPTRACE row 780 490649165 490655039
NPTRACE row 781 490665218 490672278
NPTRACE row 782 490681067 490687990
NPTRACE row 783 490698830 490705370
NPTRACE row 784 490715616 490729943
NPTRACE row 785 490741389 490752886
NPTRACE row 786 490747833 490755355
NPTRACE row 787 490763977 490771442
NPTRACE row 788 490780979 490788106
NPTRACE row 789 490798377 490812705
NPTRACE row 790 490825262 490836799
NPTRACE row 791 490832707 490840999
NPTRACE row 792 490851911 490855917
NPTRACE row 793 490865636 490873216
NPTRACE row 794 490883633 490888482
NPTRACE row 795 490897466 490904747
NPTRACE row 796 490914569 490921523
NPTRACE row 797 490932283 490938584
NPTRACE row 798 490949902 490955882
NPTRACE row 799 490964340 490971561
NPTRACE row 800 490980459 490988098
NPTRACE row 801 490996764 491004786
NPTRACE row 802 491029125 491036307
NPTRACE row 803 491040479 491052549
NPTRACE row 804 491047237 491055026
NPTRACE row 805 491063352 491071727
NPTRACE row 806 491082047 491089950
NPTRACE row 807 491099817 491104980
NPTRACE row 808 491113703 491121419
NPTRACE row 809 491130401 491138673
NPTRACE row 810 491147314 491156606
NPTRACE row 811 491165812 491171857
NPTRACE row 812 491181618 491188402
NPTRACE row 813 491196589 491205992
NPTRACE row 814 491216700 491222472
NPTRACE row 815 491233449 491239407
NPTRACE row 816 491250276 491256946
NPTRACE row 817 491266633 491272272
NPTRACE row 818 491282974 491290025
NPTRACE row 819 491299794 491305997
NPTRACE row 820 491314661 491329520
NPTRACE row 821 491344012 491353773
NPTRACE row 822 491350088 491357228
NPTRACE row 823 491368101 491372064
NPTRACE row 824 491382285 491388513
NPTRACE row 825 491398824 491405661
NPTRACE row 826 491417638 491423379
NPTRACE row 827 491442399 491452766
NPTRACE row 828 491450140 491455597
NPTRACE row 829 491477680 491487604
NPTRACE row 830 491483497 491491122
NPTRACE row 831 491509961 491519555
NPTRACE row 832 491528682 491536157
NPTRACE row 833 491540328 491552629
NPTRACE row 834 491547514 491555169
NPTRACE row 835 491563704 491571795
NPTRACE row 836 491581959 491596015
NPTRACE row 837 491607580 491620194
NPTRACE row 838 491615657 491623692
NPTRACE row 839 491634951 491638973
NPTRACE row 840 491649429 491662861
NPTRACE row 841 491676541 491686882
NPTRACE row 842 491682965 491690471
NPTRACE row 843 491701044 491705676
NPTRACE row 844 491714533 491721532
NPTRACE row 845 491731169 491738750
NPTRACE row 846 491748707 491755239
NPTRACE row 847 491775533 491786381
NPTRACE row 848 491781291 491788968
NPTRACE row 849 491797056 491804882
NPTRACE row 850 491814065 491821569
NPTRACE row 851 491831807 491846199
NPTRACE row 852 491859766 491869380
NPTRACE row 853 491865588 491872250
NPTRACE row 854 491890694 491902533
NPTRACE row 855 491897242 491905287
NPTRACE row 856 491913953 491921550
NPTRACE row 857 491930693 491938346
NPTRACE row 858 491948405 491956662
NPTRACE row 859 491966899 491971508
NPTRACE row 860 491980553 491988221
NPTRACE row 861 491996915 492005047
NPTRACE row 862 492014817 492023378
NPTRACE row 863 492034841 492040246
NPTRACE row 864 492049252 492062850
NPTRACE row 865 492076346 492086024
NPTRACE row 866 492082779 492088890
NPTRACE row 867 492099896 492105797
NPTRACE row 868 492116186 492121899
NPTRACE row 869 492144295 492153789
NPTRACE row 870 492150748 492157322
NPTRACE row 871 492172362 492193611
NPTRACE row 872 492181033 492196458
NPTRACE row 873 492209983 492220478
NPTRACE row 874 492216288 492223929
NPTRACE row 875 492235308 492238835
NPTRACE row 876 492247909 492256780
NPTRACE row 877 492267221 492272314
NPTRACE row 878 492281248 492290059
NPTRACE row 879 492301165 492305609
NPTRACE row 880 492313803 492321531
NPTRACE row 881 492330509 492338839
NPTRACE row 882 492347484 492356715
NPTRACE row 883 492367193 492371850
NPTRACE row 884 492380765 492396041
NPTRACE row 885 492407929 492420304
NPTRACE row 886 492416038 492423804
NPTRACE row 887 492435510 492439520
NPTRACE row 888 492449864 492468541
NPTRACE row 889 492477827 492499303
NPTRACE row 890 492484254 492501917
NPTRACE row 891 492510451 492522630
NPTRACE row 892 492534936 492537316
NPTRACE row 893 492546943 492556859
NPTRACE row 894 492563079 492569504
NPTRACE row 895 492579595 492586393
NPTRACE row 896 492589596 492602836
NPTRACE row 897 492596527 492606847
NPTRACE row 898 492616865 492623194
NPTRACE row 899 492633848 492639686
NPTRACE row 900 492650499 492656110
NPTRACE row 901 492666418 492672927
NPTRACE row 902 492683177 492688561
NPTRACE row 903 492696729 492706606
NPTRACE row 904 492717528 492722751
NPTRACE row 905 492733526 492739984
NPTRACE row 906 492749121 492767701
NPTRACE row 907 492779899 492786998
NPTRACE row 908 492791512 492802822
NPTRACE row 909 492802010 492806627
NPTRACE row 910 492816173 492823439
NPTRACE row 911 492835441 492839029
NPTRACE row 912 492849655 492855400
NPTRACE row 913 492866948 492872773
NPTRACE row 914 492883002 492890108
NPTRACE row 915 492901041 492905876
NPTRACE row 916 492916295 492921975
NPTRACE row 917 492934350 492939970
NPTRACE row 918 492949608 492956824
NPTRACE row 919 492968461 492972839
NPTRACE row 920 492982913 493001097
NPTRACE row 921 493021393 493036041
NPTRACE row 922 493032364 493038520
NPTRACE row 923 493047523 493053501
NPTRACE row 924 493062980 493069363
NPTRACE row 925 493076755 493086221
NPTRACE row 926 493085518 493089952
NPTRACE row 927 493101294 493105081
NPTRACE row 928 493113139 493121593
NPTRACE row 929 493129789 493138824
NPTRACE row 930 493148371 493162900
NPTRACE row 931 493173407 493185927
NPTRACE row 932 493179634 493188528
NPTRACE row 933 493195951 493204910
NPTRACE row 934 493212955 493221596
NPTRACE row 935 493231400 493246918
NPTRACE row 936 493260450 493269542
NPTRACE row 937 493266634 493272452
NPTRACE row 938 493284906 493289530
NPTRACE row 939 493298499 493305330
NPTRACE row 940 493317594 493323274
NPTRACE row 941 493333425 493340357
NPTRACE row 942 493351935 493355871
NPTRACE row 943 493366389 493372254
NPTRACE row 944 493379790 493390121
NPTRACE row 945 493400375 493417822
NPTRACE row 946 493428985 493436925
NPTRACE row 947 493435402 493439995
NPTRACE row 948 493446670 493456626
NPTRACE row 949 493466360 493479510
NPTRACE row 950 493498105 493504824
NPTRACE row 951 493513612 493519701
NPTRACE row 952 493529256 493548341
NPTRACE row 953 493551101 493552564
NPTRACE row 954 493561741 493571457
NPTRACE row 955 493567560 493575007
NPTRACE row 956 493588873 493602740
NPTRACE row 957 493598088 493605657
NPTRACE row 958 493612596 493623468
NPTRACE row 959 493634353 493639125
NPTRACE row 960 493651737 493656911
NPTRACE row 961 493666248 493673411
NPTRACE row 962 493684582 493691656
NPTRACE row 963 493707206 493719678
NPTRACE row 964 493718466 493722732
NPTRACE row 965 493732002 493749963
NPTRACE row 966 493761955 493769923
NPTRACE row 967 493768673 493773015
NPTRACE row 968 493795869 493804269
NPTRACE row 969 493802004 493807894
NPTRACE row 970 493822431 493837041
NPTRACE row 971 493831415 493840789
NPTRACE row 972 493855733 493870290
NPTRACE row 973 493865485 493873873
NPTRACE row 974 493885205 493888758
NPTRACE row 975 493899102 493907173
NPTRACE row 976 493918499 493922296
NPTRACE row 977 493931405 493940357
NPTRACE row 978 493951306 493955551
NPTRACE row 979 493965102 493983174
NPTRACE row 980 493994533 494014892
NPTRACE row 981 494000437 494017391
NPTRACE row 982 494029382 494036745
NPTRACE row 983 494041444 494052810
NPTRACE row 984 494057880 494069651
NPTRACE row 985 494066351 494073354
NPTRACE row 986 494084893 494088445
NPTRACE row 987 494098374 494106816
NPTRACE row 988 494118489 494122233
NPTRACE row 989 494131334 494140261
NPTRACE row 990 494151690 494155783
NPTRACE row 991 494166181 494173729
NPTRACE row 992 494184633 494189065
NPTRACE row 993 494198620 494206841
NPTRACE row 994 494217660 494222096
NPTRACE row 995 494231012 494240395
NPTRACE row 996 494251463 494255612
NPTRACE row 997 494265308 494273535
NPTRACE row 998 494284477 494288769
NPTRACE row 999 494298817 494305450
NPTRACE row 1000 494317013 494322623
NPTRACE row 1001 494331510 494340336
NPTRACE row 1002 494351278 494355445
NPTRACE row 1003 494365928 494372122
NPTRACE row 1004 494378614 494390039
NPTRACE row 1005 494399636 494406555
NPTRACE row 1006 494416936 494423282
NPTRACE row 1007 494433807 494440562
NPTRACE row 1008 494452437 494456958
NPTRACE row 1009 494465404 494472658
NPTRACE row 1010 494483572 494489100
NPTRACE row 1011 494498776 494505355
NPTRACE row 1012 494524716 494536011
NPTRACE row 1013 494532161 494538613
NPTRACE row 1014 494545221 494554909
NPTRACE row 1015 494561804 494571743
NPTRACE row 1016 494581496 494599533
NPTRACE row 1017 494610497 494631093
NPTRACE row 1018 494616785 494633578
NPTRACE row 1019 494645833 494653416
NPTRACE row 1020 494651927 494656288
NPTRACE row 1021 494667641 494672654
NPTRACE row 1022 494681473 494688682
NPTRACE row 1023 494708723 494719760
NPTRACE row 1024 494714798 494722408
NPTRACE row 1025 494729018 494738467
NPTRACE row 1026 494745639 494755000
NPTRACE row 1027 494763805 494772120
NPTRACE row 1028 494779149 494789736
NPTRACE row 1029 494800312 494805517
NPTRACE row 1030 494824191 494836068
NPTRACE row 1031 494830915 494839025
NPTRACE row 1032 494846520 494855142
NPTRACE row 1033 494862335 494871743
NPTRACE row 1034 494881892 494890236
NPTRACE row 1035 494901607 494905215
NPTRACE row 1036 494915941 494923573
NPTRACE row 1037 494935870 494939131
NPTRACE row 1038 494949619 494956955
NPTRACE row 1039 494972709 494986954
NPTRACE row 1040 494982280 494990605
NPTRACE row 1041 495001925 495005901
NPTRACE row 1042 495016726 495023742
NPTRACE row 1043 495039290 495052654
NPTRACE row 1044 495049208 495055636
NPTRACE row 1045 495067020 495073179
NPTRACE row 1046 495082908 495100027
NPTRACE row 1047 495111464 495121327
NPTRACE row 1048 495117903 495124881
NPTRACE row 1049 495139312 495153781
NPTRACE row 1050 495149162 495157376
NPTRACE row 1051 495168449 495172160
NPTRACE row 1052 495181474 495188754
NPTRACE row 1053 495195512 495206703
NPTRACE row 1054 495216411 495223433
NPTRACE row 1055 495238296 495240497
NPTRACE row 1056 495250241 495257177
NPTRACE row 1057 495268753 495273090
NPTRACE row 1058 495280398 495288362
NPTRACE row 1059 495295581 495305328
NPTRACE row 1060 495312727 495321818
NPTRACE row 1061 495332326 495339007
NPTRACE row 1062 495352110 495356355
NPTRACE row 1063 495366911 495380116
NPTRACE row 1064 495392133 495402872
NPTRACE row 1065 495398283 495405602
NPTRACE row 1066 495412455 495421755
NPTRACE row 1067 495428896 495438548
NPTRACE row 1068 495448114 495457044
NPTRACE row 1069 495473141 495486325
NPTRACE row 1070 495482031 495489325
NPTRACE row 1071 495496812 495507208
NPTRACE row 1072 495514761 495521670
NPTRACE row 1073 495531578 495539012
NPTRACE row 1074 495545931 495555029
NPTRACE row 1075 495564939 495582869
NPTRACE row 1076 495595850 495604345
NPTRACE row 1077 495608604 495619701
NPTRACE row 1078 495626839 495637265
NPTRACE row 1079 495634263 495641354
NPTRACE row 1080 495660517 495669764
NPTRACE row 1081 495667301 495672795
NPTRACE row 1082 495696127 495704327
NPTRACE row 1083 495708922 495719691
NPTRACE row 1084 495725810 495737168
NPTRACE row 1085 495733245 495741030
NPTRACE row 1086 495759781 495770499
NPTRACE row 1087 495767524 495774628
NPTRACE row 1088 495793883 495814597
NPTRACE row 1089 495800236 495817162
NPTRACE row 1090 495829690 495836819
NPTRACE row 1091 495842147 495853278
NPTRACE row 1092 495857845 495870548
NPTRACE row 1093 495866460 495874238
NPTRACE row 1094 495890563 495903760
NPTRACE row 1095 495900069 495907628
NPTRACE row 1096 495922683 495937146
NPTRACE row 1097 495932766 495940953
NPTRACE row 1098 495955912 495970286
NPTRACE row 1099 495965704 495973921
NPTRACE row 1100 495985426 495988702
NPTRACE row 1101 495998475 496005484
NPTRACE row 1102 496025070 496036122
NPTRACE row 1103 496031812 496039078
NPTRACE row 1104 496045963 496055127
NPTRACE row 1105 496061552 496071714
NPTRACE row 1106 496082303 496088227
NPTRACE row 1107 496098703 496105012
NPTRACE row 1108 496114799 496122189
NPTRACE row 1109 496129383 496140189
NPTRACE row 1110 496150154 496155526
NPTRACE row 1111 496164720 496172132
NPTRACE row 1112 496181135 496188377
NPTRACE row 1113 496196074 496203551
NPTRACE row 1114 496211685 496220235
NPTRACE row 1115 496231525 496238371
NPTRACE row 1116 496251917 496253846
NPTRACE row 1117 496260852 496271603
NPTRACE row 1118 496279450 496286903
NPTRACE row 1119 496296818 496303900
NPTRACE row 1120 496312531 496321741
NPTRACE row 1121 496333120 496340386
NPTRACE row 1122 496355547 496381386
NPTRACE row 1123 496364744 496383976
NPTRACE row 1124 496395118 496403709
NPTRACE row 1125 496401267 496406706
NPTRACE row 1126 496422480 496437186
NPTRACE row 1127 496431397 496441051
NPTRACE row 1128 496459783 496470571
NPTRACE row 1129 496465948 496474069
NPTRACE row 1130 496489156 496502862
NPTRACE row 1131 496499617 496506031
NPTRACE row 1132 496516362 496522045
NPTRACE row 1133 496531547 496537066
NPTRACE row 1134 496546852 496553577
NPTRACE row 1135 496561679 496570368
NPTRACE row 1136 496580967 496598036
NPTRACE row 1137 496606357 496620580
NPTRACE row 1138 496615786 496624271
NPTRACE row 1139 496639198 496653949
NPTRACE row 1140 496648816 496657556
NPTRACE row 1141 496671737 496695546
NPTRACE row 1142 496680006 496699177
NPTRACE row 1143 496710822 496731827
NPTRACE row 1144 496717428 496734388
NPTRACE row 1145 496745787 496753791
NPTRACE row 1146 496752285 496756776
NPTRACE row 1147 496778303 496786494
NPTRACE row 1148 496784924 496789509
NPTRACE row 1149 496804171 496805249
NPTRACE row 1150 496815784 496823580
NPTRACE row 1151 496839314 496854098
NPTRACE row 1152 496849612 496857877
NPTRACE row 1153 496872217 496887162
NPTRACE row 1154 496882511 496890784
NPTRACE row 1155 496905387 496920445
NPTRACE row 1156 496914677 496924059
NPTRACE row 1157 496939132 496952860
NPTRACE row 1158 496945631 496955425
NPTRACE row 1159 496962984 496970042
NPTRACE row 1160 496977746 496986762
NPTRACE row 1161 496996255 497004674
NPTRACE row 1162 497017350 497020186
NPTRACE row 1163 497031419 497038272
NPTRACE row 1164 497050456 497054007
NPTRACE row 1165 497063093 497071438
NPTRACE row 1166 497083581 497087205
NPTRACE row 1167 497098199 497103766
NPTRACE row 1168 497111648 497121141
NPTRACE row 1169 497129754 497136976
NPTRACE row 1170 497144037 497153301
NPTRACE row 1171 497160487 497169972
NPTRACE row 1172 497180330 497194285
NPTRACE row 1173 497204217 497219310
NPTRACE row 1174 497210184 497221893
NPTRACE row 1175 497229110 497236750
NPTRACE row 1176 497244541 497253428
NPTRACE row 1177 497262565 497281456
NPTRACE row 1178 497289638 497303733
NPTRACE row 1179 497298665 497307269
NPTRACE row 1180 497321808 497336128
NPTRACE row 1181 497331031 497339223
NPTRACE row 1182 497346997 497354285
NPTRACE row 1183 497363557 497370261
NPTRACE row 1184 497377014 497386585
NPTRACE row 1185 497393338 497403258
NPTRACE row 1186 497412478 497420081
NPTRACE row 1187 497427493 497438065
NPTRACE row 1188 497446171 497453429
NPTRACE row 1189 497459790 497469913
NPTRACE row 1190 497477038 497486587
NPTRACE row 1191 497496556 497503370
NPTRACE row 1192 497510698 497520674
NPTRACE row 1193 497528986 497536898
NPTRACE row 1194 497543509 497553201
NPTRACE row 1195 497561597 497569919
NPTRACE row 1196 497579772 497586681
NPTRACE row 1197 497597467 497603958
NPTRACE row 1198 497613410 497620152
NPTRACE row 1199 497631825 497637802
NPTRACE row 1200 497648901 497653591
NPTRACE row 1201 497660532 497670869
NPTRACE row 1202 497679333 497686753
NPTRACE row 1203 497692991 497703118
NPTRACE row 1204 497710249 497719801
NPTRACE row 1205 497729615 497737885
NPTRACE row 1206 497749064 497753411
NPTRACE row 1207 497762503 497771154
NPTRACE row 1208 497781858 497786772
NPTRACE row 1209 497796560 497803444
NPTRACE row 1210 497821188 497835969
NPTRACE row 1211 497826963 497838572
NPTRACE row 1212 497844914 497853067
NPTRACE row 1213 497859284 497869746
NPTRACE row 1214 497879288 497887552
NPTRACE row 1215 497898808 497903640
NPTRACE row 1216 497913259 497927570
NPTRACE row 1217 497938101 497953831
NPTRACE row 1218 497946744 497957344
NPTRACE row 1219 497967982 497970299
NPTRACE row 1220 497981016 497997210
NPTRACE row 1221 498004931 498019487
NPTRACE row 1222 498013314 498022407
NPTRACE row 1223 498033902 498037314
NPTRACE row 1224 498049307 498066723
NPTRACE row 1225 498076178 498086547
NPTRACE row 1226 498082818 498089521
NPTRACE row 1227 498096515 498103841
NPTRACE row 1228 498116432 498121046
NPTRACE row 1229 498131524 498137374
NPTRACE row 1230 498148989 498154309
NPTRACE row 1231 498163299 498170432
NPTRACE row 1232 498180810 498187710
NPTRACE row 1233 498196026 498203734
NPTRACE row 1234 498214601 498221028
NPTRACE row 1235 498229777 498236996
NPTRACE row 1236 498248448 498254465
NPTRACE row 1237 498262780 498270375
NPTRACE row 1238 498281736 498287695
NPTRACE row 1239 498297334 498304029
NPTRACE row 1240 498314881 498327465
NPTRACE row 1241 498337636 498353813
NPTRACE row 1242 498346019 498357396
NPTRACE row 1243 498367583 498370027
NPTRACE row 1244 498380500 498388012
NPTRACE row 1245 498397669 498403394
NPTRACE row 1246 498412448 498420002
NPTRACE row 1247 498427180 498437433
NPTRACE row 1248 498449133 498453848
NPTRACE row 1249 498464523 498470530
NPTRACE row 1250 498482355 498487815
NPTRACE row 1251 498496303 498503720
NPTRACE row 1252 498516917 498520648
NPTRACE row 1253 498531157 498537452
NPTRACE row 1254 498548201 498553349
NPTRACE row 1255 498562175 498570071
NPTRACE row 1256 498583610 498587518
NPTRACE row 1257 498596069 498603620
NPTRACE row 1258 498615307 498620234
NPTRACE row 1259 498629284 498637276
NPTRACE row 1260 498648253 498654383
NPTRACE row 1261 498662281 498669999
NPTRACE row 1262 498680954 498686620
NPTRACE row 1263 498693007 498703742
NPTRACE row 1264 498715535 498720989
NPTRACE row 1265 498729535 498736945
NPTRACE row 1266 498747871 498754313
NPTRACE row 1267 498762388 498770013
NPTRACE row 1268 498781432 498787024
NPTRACE row 1269 498796753 498803863
NPTRACE row 1270 498817314 498820879
NPTRACE row 1271 498832850 498838064
NPTRACE row 1272 498847901 498854725
NPTRACE row 1273 498864405 498870281
NPTRACE row 1274 498880669 498886749
NPTRACE row 1275 498896687 498903372
NPTRACE row 1276 498915194 498927559
NPTRACE row 1277 498937915 498953086
NPTRACE row 1278 498947248 498956089
NPTRACE row 1279 498968232 498970470
NPTRACE row 1280 498982774 498999935
NPTRACE row 1281 499005877 499027173
NPTRACE row 1282 499014212 499030074
NPTRACE row 1283 499038413 499053944
NPTRACE row 1284 499047061 499057584
NPTRACE row 1285 499067463 499069980
NPTRACE row 1286 499077878 499086805
NPTRACE row 1287 499092530 499102943
NPTRACE row 1288 499108907 499119556
NPTRACE row 1289 499128783 499136478
NPTRACE row 1290 499153234 499170525
NPTRACE row 1291 499161833 499174142
NPTRACE row 1292 499184091 499186561
NPTRACE row 1293 499197085 499204841
NPTRACE row 1294 499214747 499219876
NPTRACE row 1295 499230656 499236952
NPTRACE row 1296 499247811 499253526
NPTRACE row 1297 499263776 499277391
NPTRACE row 1298 499287252 499302997
NPTRACE row 1299 499296134 499306075
NPTRACE row 1300 499321564 499337320
NPTRACE row 1301 499331214 499341181
NPTRACE row 1302 499351888 499353171
NPTRACE row 1303 499362630 499373786
NPTRACE row 1304 499384251 499386506
NPTRACE row 1305 499398276 499404890
NPTRACE row 1306 499414743 499419747
NPTRACE row 1307 499430223 499443998
NPTRACE row 1308 499453201 499470611
NPTRACE row 1309 499463414 499474301
NPTRACE row 1310 499484396 499486386
NPTRACE row 1311 499498241 499503908
NPTRACE row 1312 499513359 499519755
NPTRACE row 1313 499530004 499536766
NPTRACE row 1314 499543108 499553137
NPTRACE row 1315 499565336 499571009
NPTRACE row 1316 499579180 499586474
NPTRACE row 1317 499597463 499603814
NPTRACE row 1318 499613548 499620753
NPTRACE row 1319 499633480 499638366
NPTRACE row 1320 499649765 499654218
NPTRACE row 1321 499664587 499671074
NPTRACE row 1322 499679521 499686397
NPTRACE row 1323 499697946 499703595
NPTRACE row 1324 499713231 499720246
NPTRACE row 1325 499732247 499736742
NPTRACE row 1326 499755737 499776657
NPTRACE row 1327 499765257 499780234
NPTRACE row 1328 499791087 499803937
NPTRACE row 1329 499799870 499807668
NPTRACE row 1330 499819007 499820226
NPTRACE row 1331 499831026 499839094
NPTRACE row 1332 499845142 499853012
NPTRACE row 1333 499862140 499870009
NPTRACE row 1334 499875415 499886143
NPTRACE row 1335 499891553 499902919
NPTRACE row 1336 499911281 499920630
NPTRACE row 1337 499929735 499936416
NPTRACE row 1338 499946114 499954277
NPTRACE row 1339 499962754 499969824
NPTRACE row 1340 499979039 499986579
NPTRACE row 1341 500003104 500019459
NPTRACE row 1342 500012469 500022473
NPTRACE row 1343 500029305 500037098
NPTRACE row 1344 500047241 500053522
NPTRACE row 1345 500062280 500070160
NPTRACE row 1346 500081547 500087431
NPTRACE row 1347 500095014 500103145
NPTRACE row 1348 500113970 500133258
NPTRACE row 1349 500139142 500164183
NPTRACE row 1350 500148860 500166769
NPTRACE row 1351 500175903 500187371
NPTRACE row 1352 500182569 500191077
NPTRACE row 1353 500200682 500203180
NPTRACE row 1354 500211023 500220155
NPTRACE row 1355 500225434 500236287
NPTRACE row 1356 500244086 500253900
NPTRACE row 1357 500261069 500269694
NPTRACE row 1358 500279959 500287370
NPTRACE row 1359 500294514 500303352
NPTRACE row 1360 500313405 500319727
NPTRACE row 1361 500332603 500336345
NPTRACE row 1362 500343013 500353256
NPTRACE row 1363 500357883 500369433
NPTRACE row 1364 500374361 500386117
NPTRACE row 1365 500392792 500403850
NPTRACE row 1366 500411796 500419550
NPTRACE row 1367 500429351 500444033
NPTRACE row 1368 500452079 500452982
NPTRACE row 1369 500461145 500473569
NPTRACE row 1370 500481970 500486372
NPTRACE row 1371 500492591 500503032
NPTRACE row 1372 500507905 500519444
NPTRACE row 1373 500527530 500537259
NPTRACE row 1374 500544092 500553062
NPTRACE row 1375 500563243 500570911
NPTRACE row 1376 500577357 500586501
NPTRACE row 1377 500596108 500602977
NPTRACE row 1378 500610114 500619754
NPTRACE row 1379 500631733 500648259
NPTRACE row 1380 500655701 500669566
NPTRACE row 1381 500666265 500672483
NPTRACE row 1382 500681079 500686772
NPTRACE row 1383 500697302 500703875
NPTRACE row 1384 500710270 500719729
NPTRACE row 1385 500731028 500736901
NPTRACE row 1386 500744575 500753014
NPTRACE row 1387 500763271 500777651
NPTRACE row 1388 500782827 500786886
NPTRACE row 1389 500794862 500803164
NPTRACE row 1390 500809657 500819675
NPTRACE row 1391 500829976 500837574
NPTRACE row 1392 500845910 500853177
NPTRACE row 1393 500861438 500870546
NPTRACE row 1394 500877183 500886296
NPTRACE row 1395 500891892 500902874
NPTRACE row 1396 500907443 500919434
NPTRACE row 1397 500927212 500937344
NPTRACE row 1398 500943758 500953093
NPTRACE row 1399 500962111 500969768
NPTRACE row 1400 500974521 500986468
NPTRACE row 1401 500997237 501004193
NPTRACE row 1402 501010236 501019720
NPTRACE row 1403 501030818 501037484
NPTRACE row 1404 501043562 501053120
NPTRACE row 1405 501060336 501070508
NPTRACE row 1406 501076179 501086322
NPTRACE row 1407 501095723 501103408
NPTRACE row 1408 501110710 501119673
NPTRACE row 1409 501128605 501136307
NPTRACE row 1410 501151743 501152837
NPTRACE row 1411 501159756 501170198
NPTRACE row 1412 501174213 501186061
NPTRACE row 1413 501189897 501202749
NPTRACE row 1414 501209674 501220387
NPTRACE row 1415 501226550 501236333
NPTRACE row 1416 501245433 501253939
NPTRACE row 1417 501259661 501269519
NPTRACE row 1418 501278591 501293726
NPTRACE row 1419 501300131 501302804
NPTRACE row 1420 501312438 501331444
NPTRACE row 1421 501336312 501352745
NPTRACE row 1422 501342328 501355271
NPTRACE row 1423 501359739 501369533
NPTRACE row 1424 501373555 501386059
NPTRACE row 1425 501392554 501414327
NPTRACE row 1426 501418350 501419412
NPTRACE row 1427 501429776 501438372
NPTRACE row 1428 501445008 501452836
NPTRACE row 1429 501460853 501481269
NPTRACE row 1430 501485237 501486079
NPTRACE row 1431 501491593 501505190
NPTRACE row 1432 501509089 501519401
NPTRACE row 1433 501523789 501543397
NPTRACE row 1434 501547711 501552816
NPTRACE row 1435 501561072 501570592
NPTRACE row 1436 501576022 501586164
NPTRACE row 1437 501593452 501610001
NPTRACE row 1438 501614315 501619462
NPTRACE row 1439 501625454 501636504
NPTRACE row 1440 501641437 501652889
NPTRACE row 1441 501656589 501669417
NPTRACE row 1442 501675312 501687081
NPTRACE row 1443 501692418 501702867
NPTRACE row 1444 501710258 501720510
NPTRACE row 1445 501726317 501736311
NPTRACE row 1446 501741632 501752751
NPTRACE row 1447 501756989 501769625
NPTRACE row 1448 501775423 501787095
NPTRACE row 1449 501792264 501802840
NPTRACE row 1450 501807942 501819421
NPTRACE row 1451 501823577 501836209
NPTRACE row 1452 501843738 501860039
NPTRACE row 1453 501864151 501869503
NPTRACE row 1454 501877669 501897701
NPTRACE row 1455 501901983 501903025
NPTRACE row 1456 501911889 501922180
NPTRACE row 1457 501926775 501936582
NPTRACE row 1458 501944256 501952871
NPTRACE row 1459 501956461 501969412
NPTRACE row 1460 501973297 501986078
NPTRACE row 1461 501991319 502010611
NPTRACE row 1462 502017564 502019456
NPTRACE row 1463 502028555 502044573
NPTRACE row 1464 502050920 502052932
NPTRACE row 1465 502062510 502071138
NPTRACE row 1466 502076459 502086189
NPTRACE row 1467 502094121 502103798
NPTRACE row 1468 502109132 502119552
NPTRACE row 1469 502128046 502136347
NPTRACE row 1470 502150688 502152898
NPTRACE row 1471 502163507 502171731
NPTRACE row 1472 502176944 502186169
NPTRACE row 1473 502192787 502203772
NPTRACE row 1474 502208905 502219518
NPTRACE row 1475 502226957 502243485
NPTRACE row 1476 502248550 502252822
NPTRACE row 1477 502261189 502269739
NPTRACE row 1478 502275065 502286287
NPTRACE row 1479 502312786 502319669
NPTRACE row 1480 502326357 502337122
NPTRACE row 1481 502332559 502340649
NPTRACE row 1482 502350186 502353045
NPTRACE row 1483 502362763 502370158
NPTRACE row 1484 502383735 502386181
NPTRACE row 1485 502394122 502404288
NPTRACE row 1486 502416983 502419431
NPTRACE row 1487 502429599 502438332
NPTRACE row 1488 502444041 502453154
NPTRACE row 1489 502460819 502469737
NPTRACE row 1490 502476003 502486200
NPTRACE row 1491 502492832 502503818
NPTRACE row 1492 502508824 502519541
NPTRACE row 1493 502527719 502537324
NPTRACE row 1494 502542398 502552857
NPTRACE row 1495 502560145 502576836
NPTRACE row 1496 502581691 502586153
NPTRACE row 1497 502593578 502611716
NPTRACE row 1498 502615995 502619431
NPTRACE row 1499 502628051 502637487
NPTRACE row 1500 502642172 502653042
NPTRACE row 1501 502663229 502670850
NPTRACE row 1502 502675675 502686239
NPTRACE row 1503 502695869 502704190
NPTRACE row 1504 502708581 502719630
NPTRACE row 1505 502726344 502737306
NPTRACE row 1506 502741564 502752878
NPTRACE row 1507 502761425 502769695
NPTRACE row 1508 502779549 502788338
NPTRACE row 1509 502794074 502802943
NPTRACE row 1510 502808182 502819481
NPTRACE row 1511 502827104 502847254
NPTRACE row 1512 502850946 502852898
NPTRACE row 1513 502862437 502870085
NPTRACE row 1514 502883061 502886188
NPTRACE row 1515 502891631 502902988
NPTRACE row 1516 502906158 502919411
NPTRACE row 1517 502922793 502936215
NPTRACE row 1518 502942424 502953818
NPTRACE row 1519 502958789 502969746
NPTRACE row 1520 502977072 502987162
NPTRACE row 1521 502991205 503002833
NPTRACE row 1522 503009214 503020435
NPTRACE row 1523 503025056 503036283
NPTRACE row 1524 503041785 503053740
NPTRACE row 1525 503057923 503069480
NPTRACE row 1526 503076880 503087112
NPTRACE row 1527 503091738 503103176
NPTRACE row 1528 503110795 503119542
NPTRACE row 1529 503123342 503136476
NPTRACE row 1530 503146617 503166844
NPTRACE row 1531 503169977 503193384
NPTRACE row 1532 503178209 503196272
NPTRACE row 1533 503201339 503202830
NPTRACE row 1534 503209873 503220130
NPTRACE row 1535 503224192 503236571
NPTRACE row 1536 503240026 503252934
NPTRACE row 1537 503255908 503270541
NPTRACE row 1538 503275084 503286210
NPTRACE row 1539 503290831 503310022
NPTRACE row 1540 503314580 503319522
NPTRACE row 1541 503327949 503337607
NPTRACE row 1542 503342025 503352851
NPTRACE row 1543 503357071 503369569
NPTRACE row 1544 503372629 503386108
NPTRACE row 1545 503389148 503410620
NPTRACE row 1546 503415852 503419484
NPTRACE row 1547 503428036 503437508
NPTRACE row 1548 503441654 503452847
NPTRACE row 1549 503459482 503480875
NPTRACE row 1550 503484012 503486127
NPTRACE row 1551 503495423 503504844
NPTRACE row 1552 503509097 503519556
NPTRACE row 1553 503525288 503537287
NPTRACE row 1554 503541466 503553041
NPTRACE row 1555 503559989 503569563
NPTRACE row 1556 503572926 503586390
NPTRACE row 1557 503594117 503603776
NPTRACE row 1558 503608086 503619666
NPTRACE row 1559 503629257 503636779
NPTRACE row 1560 503643619 503653264
NPTRACE row 1561 503661995 503670273
NPTRACE row 1562 503677640 503686387
NPTRACE row 1563 503695085 503703532
NPTRACE row 1564 503708328 503719732
NPTRACE row 1565 503730004 503737488
NPTRACE row 1566 503742477 503753062
NPTRACE row 1567 503759939 503769753
NPTRACE row 1568 503772663 503786129
NPTRACE row 1569 503789783 503802819
NPTRACE row 1570 503805854 503820479
NPTRACE row 1571 503825282 503836318
NPTRACE row 1572 503840439 503864739
NPTRACE row 1573 503867750 503869485
NPTRACE row 1574 503885407 503887342
NPTRACE row 1575 503897050 503905187
NPTRACE row 1576 503912802 503919705
NPTRACE row 1577 503926373 503936318
NPTRACE row 1578 503942233 503953879
NPTRACE row 1579 503958064 503969580
NPTRACE row 1580 503976524 503986229
NPTRACE row 1581 503989580 504002993
NPTRACE row 1582 504011064 504020043
NPTRACE row 1583 504027607 504036679
NPTRACE row 1584 504044096 504060233
NPTRACE row 1585 504068565 504069604
NPTRACE row 1586 504078034 504090361
NPTRACE row 1587 504095317 504102952
NPTRACE row 1588 504107449 504119525
NPTRACE row 1589 504122974 504136258
NPTRACE row 1590 504139963 504153961
NPTRACE row 1591 504158739 504169817
NPTRACE row 1592 504175281 504198400
NPTRACE row 1593 504201497 504202808
NPTRACE row 1594 504213339 504221705
NPTRACE row 1595 504227841 504236436
NPTRACE row 1596 504242740 504253959
NPTRACE row 1597 504258296 504269594
NPTRACE row 1598 504276618 504297683
NPTRACE row 1599 504301603 504303124
NPTRACE row 1600 504313746 504321714
NPTRACE row 1601 504328104 504336398
NPTRACE row 1602 504341130 504360111
NPTRACE row 1603 504364705 504369553
NPTRACE row 1604 504377624 504393554
NPTRACE row 1605 504399480 504402845
NPTRACE row 1606 504411565 504419771
NPTRACE row 1607 504424935 504436456
NPTRACE row 1608 504444321 504460238
NPTRACE row 1609 504464598 504469533
NPTRACE row 1610 504477753 504487435
NPTRACE row 1611 504491699 504502906
NPTRACE row 1612 504509798 504519794
NPTRACE row 1613 504524970 504536376
NPTRACE row 1614 504541632 504552953
NPTRACE row 1615 504557744 504569794
NPTRACE row 1616 504577758 504587178
NPTRACE row 1617 504591320 504603068
NPTRACE row 1618 504610114 504619821
NPTRACE row 1619 504624699 504636318
NPTRACE row 1620 504641720 504653855
NPTRACE row 1621 504657935 504669580
NPTRACE row 1622 504676609 504697908
NPTRACE row 1623 504701977 504702870
NPTRACE row 1624 504711224 504722286
NPTRACE row 1625 504726167 504736676
NPTRACE row 1626 504743094 504753724
NPTRACE row 1627 504758156 504769660
NPTRACE row 1628 504777772 504787215
NPTRACE row 1629 504791422 504803185
NPTRACE row 1630 504808440 504819843
NPTRACE row 1631 504825379 504836958
NPTRACE row 1632 504843414 504863141
NPTRACE row 1633 504877020 504893461
NPTRACE row 1634 504883806 504896445
NPTRACE row 1635 504908725 504928027
NPTRACE row 1636 504915359 504932229
NPTRACE row 1637 504938424 504952986
NPTRACE row 1638 504944788 504955537
NPTRACE row 1639 504958639 504969639
NPTRACE row 1640 504974806 504993358
NPTRACE row 1641 504996607 505002827
NPTRACE row 1642 505010586 505020609
NPTRACE row 1643 505025247 505036349
NPTRACE row 1644 505042293 505053997
NPTRACE row 1645 505057930 505069527
NPTRACE row 1646 505080821 505086280
NPTRACE row 1647 505092299 505103094
NPTRACE row 1648 505106220 505130944
NPTRACE row 1649 505118783 505133564
NPTRACE row 1650 505145740 505154652
NPTRACE row 1651 505151780 505158179
NPTRACE row 1652 505175873 505187315
NPTRACE row 1653 505185045 505190896
NPTRACE row 1654 505209470 505220610
NPTRACE row 1655 505218821 505224519
NPTRACE row 1656 505243612 505254145
NPTRACE row 1657 505252066 505257790
NPTRACE row 1658 505275813 505286317
NPTRACE row 1659 505285248 505289237
NPTRACE row 1660 505310171 505319855
NPTRACE row 1661 505324498 505336368
NPTRACE row 1662 505342623 505353880
NPTRACE row 1663 505358553 505369652
NPTRACE row 1664 505373416 505386194
NPTRACE row 1665 505385020 505388804
NPTRACE row 1666 505402026 505405330
NPTRACE row 1667 505418817 505421987
NPTRACE row 1668 505441229 505452990
NPTRACE row 1669 505459406 505470085
NPTRACE row 1670 505468892 505473716
NPTRACE row 1671 505492905 505504146
NPTRACE row 1672 505501983 505507694
NPTRACE row 1673 505526684 505537481
NPTRACE row 1674 505535462 505541094
NPTRACE row 1675 505559493 505569674
NPTRACE row 1676 505568665 505572540
NPTRACE row 1677 505591614 505617106
NPTRACE row 1678 505601942 505619747
NPTRACE row 1679 505629928 505640803
NPTRACE row 1680 505647155 505653167
NPTRACE row 1681 505660238 505670669
NPTRACE row 1682 505668910 505674294
NPTRACE row 1683 505693044 505703012
NPTRACE row 1684 505702244 505705960
NPTRACE row 1685 505729283 505743770
NPTRACE row 1686 505750235 505753164
NPTRACE row 1687 505761123 505770160
NPTRACE row 1688 505769137 505773451
NPTRACE row 1689 505784724 505790502
NPTRACE row 1690 505809347 505820666
NPTRACE row 1691 505818358 505824478
NPTRACE row 1692 505842209 505854022
NPTRACE row 1693 505851519 505857607
NPTRACE row 1694 505876178 505893489
NPTRACE row 1695 505885168 505896563
NPTRACE row 1696 505910609 505919727
NPTRACE row 1697 505918522 505922823
NPTRACE row 1698 505943976 505954009
NPTRACE row 1699 505951445 505957713
NPTRACE row 1700 505975500 505993562
NPTRACE row 1701 505984812 505996466
NPTRACE row 1702 506011495 506019761
NPTRACE row 1703 506018573 506022946
NPTRACE row 1704 506043577 506054229
NPTRACE row 1705 506051790 506057843
NPTRACE row 1706 506074803 506087355
NPTRACE row 1707 506084888 506091111
NPTRACE row 1708 506111297 506120757
NPTRACE row 1709 506118433 506124581
NPTRACE row 1710 506141630 506165211
NPTRACE row 1711 506151736 506167936
NPTRACE row 1712 506178956 506187124
NPTRACE row 1713 506185008 506190021
NPTRACE row 1714 506209910 506219667
NPTRACE row 1715 506218012 506222719
NPTRACE row 1716 506242844 506253899
NPTRACE row 1717 506250756 506257477
NPTRACE row 1718 506275622 506293465
NPTRACE row 1719 506284137 506296402
NPTRACE row 1720 506307310 506319514
NPTRACE row 1721 506317693 506322213
NPTRACE row 1722 506334256 506338477
NPTRACE row 1723 506350586 506355184
NPTRACE row 1724 506367661 506373728
NPTRACE row 1725 506388753 506403966
NPTRACE row 1726 506400932 506407495
NPTRACE row 1727 506423392 506436540
NPTRACE row 1728 506435044 506439191
NPTRACE row 1729 506450556 506455610
NPTRACE row 1730 506473178 506486181
NPTRACE row 1731 506488779 506510085
NPTRACE row 1732 506502269 506514858
NPTRACE row 1733 506526665 506547282
NPTRACE row 1734 506534445 506549771
NPTRACE row 1735 506561188 506571087
NPTRACE row 1736 506567221 506574680
NPTRACE row 1737 506585831 506602757
NPTRACE row 1738 506600494 506605338
NPTRACE row 1739 506617207 506622152
NPTRACE row 1740 506633834 506640441
NPTRACE row 1741 506658413 506670699
NPTRACE row 1742 506667377 506674223
NPTRACE row 1743 506689040 506703227
NPTRACE row 1744 506701256 506706970
NPTRACE row 1745 506722028 506737428
NPTRACE row 1746 506734468 506741040
NPTRACE row 1747 506760769 506782499
NPTRACE row 1748 506786961 506810242
NPTRACE row 1749 506796163 506813156
NPTRACE row 1750 506816353 506819506
NPTRACE row 1751 506829263 506838707
NPTRACE row 1752 506843195 506853004
NPTRACE row 1753 506859729 506876932
NPTRACE row 1754 506868285 506879881
NPTRACE row 1755 506894334 506903066
NPTRACE row 1756 506901613 506906052
NPTRACE row 1757 506926617 506937446
NPTRACE row 1758 506935016 506941229
NPTRACE row 1759 506959316 506969944
NPTRACE row 1760 506967786 506972893
NPTRACE row 1761 506993782 507004078
NPTRACE row 1762 507001108 507007827
NPTRACE row 1763 507025776 507036365
NPTRACE row 1764 507034407 507039312
NPTRACE row 1765 507050860 507056338
NPTRACE row 1766 507068044 507073164
NPTRACE row 1767 507090092 507102880
NPTRACE row 1768 507100972 507105441
NPTRACE row 1769 507117719 507122226
NPTRACE row 1770 507134324 507146070
NPTRACE row 1771 507160985 507170728
NPTRACE row 1772 507167621 507174411
NPTRACE row 1773 507185660 507188566
NPTRACE row 1774 507200916 507216654
NPTRACE row 1775 507228720 507238456
NPTRACE row 1776 507235727 507242402
NPTRACE row 1777 507259353 507281502
NPTRACE row 1778 507268139 507284108
NPTRACE row 1779 507296368 507305007
NPTRACE row 1780 507309830 507319815
NPTRACE row 1781 507327341 507336572
NPTRACE row 1782 507335622 507339732
NPTRACE row 1783 507351448 507356959
NPTRACE row 1784 507368482 507379707
NPTRACE row 1785 507393743 507405710
NPTRACE row 1786 507400974 507408739
NPTRACE row 1787 507427579 507436580
NPTRACE row 1788 507434440 507439534
NPTRACE row 1789 507452165 507456260
NPTRACE row 1790 507468109 507473230
NPTRACE row 1791 507490984 507503239
NPTRACE row 1792 507500893 507506235
NPTRACE row 1793 507523395 507536611
NPTRACE row 1794 507542309 507553298
NPTRACE row 1795 507557546 507569560
NPTRACE row 1796 507567448 507572183
NPTRACE row 1797 507583773 507588629
NPTRACE row 1798 507600849 507605318
NPTRACE row 1799 507617697 507624235
NPTRACE row 1800 507640969 507653245
NPTRACE row 1801 507650663 507656233
NPTRACE row 1802 507677853 507686774
NPTRACE row 1803 507684328 507689817
NPTRACE row 1804 507711969 507720846
NPTRACE row 1805 507718857 507724834
NPTRACE row 1806 507739720 507752995
NPTRACE row 1807 507750933 507755804
NPTRACE row 1808 507768118 507772523
NPTRACE row 1809 507783498 507799330
NPTRACE row 1810 507812077 507821019
NPTRACE row 1811 507818725 507824956
NPTRACE row 1812 507839125 507854169
NPTRACE row 1813 507850106 507857922
NPTRACE row 1814 507872611 507897491
NPTRACE row 1815 507883446 507900081
NPTRACE row 1816 507912043 507921354
NPTRACE row 1817 507918628 507925296
NPTRACE row 1818 507941416 507964557
NPTRACE row 1819 507949971 507967133
NPTRACE row 1820 507979357 507998122
NPTRACE row 1821 507985557 508000700
NPTRACE row 1822 508021911 508036391
NPTRACE row 1823 508033710 508039318
NPTRACE row 1824 508047824 508054784
NPTRACE row 1825 508061087 508069934
NPTRACE row 1826 508078099 508086498
NPTRACE row 1827 508084950 508089539
NPTRACE row 1828 508113555 508121697
NPTRACE row 1829 508128543 508136565
NPTRACE row 1830 508143939 508154235
NPTRACE row 1831 508150897 508158028
NPTRACE row 1832 508175941 508187441
NPTRACE row 1833 508183475 508191092
NPTRACE row 1834 508205671 508219613
NPTRACE row 1835 508217012 508222428
NPTRACE row 1836 508233625 508239156
NPTRACE row 1837 508249973 508257352
NPTRACE row 1838 508269149 508272698
NPTRACE row 1839 508283510 508300188
NPTRACE row 1840 508313537 508321660
NPTRACE row 1841 508328077 508336556
NPTRACE row 1842 508343278 508354207
NPTRACE row 1843 508349933 508357964
NPTRACE row 1844 508374828 508387409
NPTRACE row 1845 508383128 508391258
NPTRACE row 1846 508406089 508429192
NPTRACE row 1847 508416841 508433286
NPTRACE row 1848 508446586 508461842
NPTRACE row 1849 508466225 508469855
NPTRACE row 1850 508480523 508500261
NPTRACE row 1851 508504315 508519975
NPTRACE row 1852 508528347 508536417
NPTRACE row 1853 508543161 508553426
NPTRACE row 1854 508552311 508557348
NPTRACE row 1855 508568965 508572117
NPTRACE row 1856 508578345 508588620
NPTRACE row 1857 508584191 508591315
NPTRACE row 1858 508599464 508605299
NPTRACE row 1859 508616222 508633178
NPTRACE row 1860 508645574 508653477
NPTRACE row 1861 508651795 508656457
NPTRACE row 1862 508666913 508673267
NPTRACE row 1863 508682612 508688596
NPTRACE row 1864 508699606 508705456
NPTRACE row 1865 508716384 508722127
NPTRACE row 1866 508732931 508739056
NPTRACE row 1867 508751986 508756474
NPTRACE row 1868 508766218 508785857
NPTRACE row 1869 508795238 508805743
NPTRACE row 1870 508801727 508808807
NPTRACE row 1871 508830636 508838934
NPTRACE row 1872 508846305 508853298
NPTRACE row 1873 508861693 508870871
NPTRACE row 1874 508868705 508874503
NPTRACE row 1875 508888813 508902855
NPTRACE row 1876 508899794 508905559
NPTRACE row 1877 508916382 508922347
NPTRACE row 1878 508933831 508939918
NPTRACE row 1879 508951701 508955311
NPTRACE row 1880 508966381 508971991
NPTRACE row 1881 508982389 508988686
NPTRACE row 1882 508999347 509007265
NPTRACE row 1883 509019065 509022096
NPTRACE row 1884 509032668 509038618
NPTRACE row 1885 509048923 509055759
NPTRACE row 1886 509065899 509074000
NPTRACE row 1887 509085264 509089336
NPTRACE row 1888 509099242 509105281
NPTRACE row 1889 509116024 509122304
NPTRACE row 1890 509132522 509140048
NPTRACE row 1891 509150780 509156207
NPTRACE row 1892 509165861 509171928
NPTRACE row 1893 509182141 509188657
NPTRACE row 1894 509199119 509205346
NPTRACE row 1895 509215916 509224132
NPTRACE row 1896 509242844 509253182
NPTRACE row 1897 509249241 509256126
NPTRACE row 1898 509268966 509272900
NPTRACE row 1899 509282093 509290609
NPTRACE row 1900 509302461 509306347
NPTRACE row 1901 509316790 509322672
NPTRACE row 1902 509333879 509339539
NPTRACE row 1903 509349530 509357145
NPTRACE row 1904 509368068 509373046
NPTRACE row 1905 509383895 509390329
NPTRACE row 1906 509401325 509406333
NPTRACE row 1907 509418276 509423886
NPTRACE row 1908 509434637 509439622
NPTRACE row 1909 509449084 509456668
NPTRACE row 1910 509468086 509474056
NPTRACE row 1911 509483108 509489028
NPTRACE row 1912 509500294 509506365
NPTRACE row 1913 509516427 509523888
NPTRACE row 1914 509542452 509553300
NPTRACE row 1915 509551620 509557198
NPTRACE row 1916 509568627 509572989
NPTRACE row 1917 509581810 509596536
NPTRACE row 1918 509612489 509621008
NPTRACE row 1919 509625905 509636538
NPTRACE row 1920 509641301 509653124
NPTRACE row 1921 509648871 509655772
NPTRACE row 1922 509665771 509672122
NPTRACE row 1923 509681949 509690460
NPTRACE row 1924 509702348 509705301
NPTRACE row 1925 509715695 509722143
NPTRACE row 1926 509732356 509739157
NPTRACE row 1927 509748730 509763340
NPTRACE row 1928 509778190 509794376
NPTRACE row 1929 509784478 509797334
NPTRACE row 1930 509812296 509830104
NPTRACE row 1931 509818984 509833663
NPTRACE row 1932 509846657 509861308
NPTRACE row 1933 509866831 509869741
NPTRACE row 1934 509876601 509886681
NPTRACE row 1935 509882993 509889453
NPTRACE row 1936 509898780 509905329
NPTRACE row 1937 509915521 509922145
NPTRACE row 1938 509932130 509940486
NPTRACE row 1939 509951701 509955320
NPTRACE row 1940 509966148 509972405
NPTRACE row 1941 509984419 509990086
NPTRACE row 1942 509999004 510013267
NPTRACE row 1943 510024756 510036438
NPTRACE row 1944 510032328 510039199
NPTRACE row 1945 510048126 510055300
NPTRACE row 1946 510065236 510072001
NPTRACE row 1947 510081372 510089031
NPTRACE row 1948 510111546 510127285
NPTRACE row 1949 510118168 510130388
NPTRACE row 1950 510144244 510160560
NPTRACE row 1951 510150867 510163588
NPTRACE row 1952 510177951 510186602
NPTRACE row 1953 510184537 510189724
NPTRACE row 1954 510202358 510206055
NPTRACE row 1955 510216404 510222199
NPTRACE row 1956 510233314 510239316
NPTRACE row 1957 510249321 510255930
NPTRACE row 1958 510268441 510273275
NPTRACE row 1959 510282620 510288740
NPTRACE row 1960 510299581 510305583
NPTRACE row 1961 510316408 510322323
NPTRACE row 1962 510333219 510346599
NPTRACE row 1963 510361278 510378500
NPTRACE row 1964 510368524 510382868
NPTRACE row 1965 510395893 510403563
NPTRACE row 1966 510407064 510420013
NPTRACE row 1967 510416487 510423736
NPTRACE row 1968 510435007 510440228
NPTRACE row 1969 510451927 510456327
NPTRACE row 1970 510466726 510474149
NPTRACE row 1971 510491696 510510639
NPTRACE row 1972 510501177 510515569
NPTRACE row 1973 510529889 510537222
NPTRACE row 1974 510550793 510553292
NPTRACE row 1975 510563889 510571827
NPTRACE row 1976 510578830 510586593
NPTRACE row 1977 510591594 510603130
NPTRACE row 1978 510598986 510605913
NPTRACE row 1979 510615570 510622522
NPTRACE row 1980 510632224 510638762
NPTRACE row 1981 510648948 510657390
NPTRACE row 1982 510672442 510687470
NPTRACE row 1983 510683271 510691622
NPTRACE row 1984 510706549 510719796
NPTRACE row 1985 510715465 510722702
NPTRACE row 1986 510732197 510739289
NPTRACE row 1987 510749305 510757413
NPTRACE row 1988 510773453 510798291
NPTRACE row 1989 510781799 510800930
NPTRACE row 1990 510813590 510820615
NPTRACE row 1991 510826476 510836910
NPTRACE row 1992 510848693 510853891
NPTRACE row 1993 510862850 510870406
NPTRACE row 1994 510879189 510886931
NPTRACE row 1995 510893551 510903362
NPTRACE row 1996 510911399 510920279
NPTRACE row 1997 510927497 510936967
NPTRACE row 1998 510947201 510967902
NPTRACE row 1999 510974572 510997502
NPTRACE row 2000 510982028 511000186
NPTRACE row 2001 511008675 511019991
NPTRACE row 2002 511015986 511023092
NPTRACE row 2003 511030140 511036938
NPTRACE row 2004 511047142 511060921
NPTRACE row 2005 511067027 511069998
NPTRACE row 2006 511080277 511098358
NPTRACE row 2007 511102146 511103159
NPTRACE row 2008 511112946 511132964
NPTRACE row 2009 511136883 511161761
NPTRACE row 2010 511146822 511165604
NPTRACE row 2011 511169903 511196915
NPTRACE row 2012 511180716 511199601
NPTRACE row 2013 511204089 511221017
NPTRACE row 2014 511214313 511224850
NPTRACE row 2015 511233147 511237011
NPTRACE row 2016 511248431 511255156
NPTRACE row 2017 511263448 511270151
NPTRACE row 2018 511277950 511286684
NPTRACE row 2019 511284818 511289765
NPTRACE row 2020 511307824 511319876
NPTRACE row 2021 511316854 511323110
NPTRACE row 2022 511333357 511339912
NPTRACE row 2023 511351319 511357251
NPTRACE row 2024 511368639 511373394
NPTRACE row 2025 511382986 511390568
NPTRACE row 2026 511402382 511406701
NPTRACE row 2027 511417090 511422713
NPTRACE row 2028 511435293 511441581
NPTRACE row 2029 511465120 511469910
NPTRACE row 2030 511479415 511497991
NPTRACE row 2031 511501280 511503046
NPTRACE row 2032 511514299 511520653
NPTRACE row 2033 511527568 511536901
NPTRACE row 2034 511544432 511554388
NPTRACE row 2035 511551802 511558349
NPTRACE row 2036 511573909 511586659
NPTRACE row 2037 511582867 511589757
NPTRACE row 2038 511602875 511609145
NPTRACE row 2039 511618400 511634828
NPTRACE row 2040 511647931 511655674
NPTRACE row 2041 511663638 511669969
NPTRACE row 2042 511680082 511687760
NPTRACE row 2043 511692936 511703549
NPTRACE row 2044 511710274 511720011
NPTRACE row 2045 511717567 511723232
NPTRACE row 2046 511740852 511753036
NPTRACE row 2047 511748432 511755896
NPTRACE row 2048 511764668 511772137
NPTRACE row 2049 511781021 511788850
NPTRACE row 2050 511798665 511807487
NPTRACE row 2051 511826500 511837691
NPTRACE row 2052 511833633 511841555
NPTRACE row 2053 511862780 511870295
NPTRACE row 2054 511878445 511886905
NPTRACE row 2055 511894995 511903657
NPTRACE row 2056 511912277 511920250
NPTRACE row 2057 511931201 511937196
NPTRACE row 2058 511947458 511953449
NPTRACE row 2059 511961582 511970660
NPTRACE row 2060 511980247 511986821
NPTRACE row 2061 511995970 512004499
NPTRACE row 2062 512009240 512020207
NPTRACE row 2063 512027985 512048460
NPTRACE row 2064 512035625 512051276
NPTRACE row 2065 512064302 512072033
NPTRACE row 2066 512082452 512087390
NPTRACE row 2067 512096823 512111771
NPTRACE row 2068 512117142 512120019
NPTRACE row 2069 512132678 512137446
NPTRACE row 2070 512146593 512153501
NPTRACE row 2071 512161164 512169891
NPTRACE row 2072 512167669 512172523
NPTRACE row 2073 512180282 512188862
NPTRACE row 2074 512197386 512205591
NPTRACE row 2075 512215868 512224122
NPTRACE row 2076 512235855 512238752
NPTRACE row 2077 512247343 512257293
NPTRACE row 2078 512269004 512272070
NPTRACE row 2079 512282405 512290831
NPTRACE row 2080 512302584 512305350
NPTRACE row 2081 512315778 512324139
NPTRACE row 2082 512339279 512353090
NPTRACE row 2083 512348835 512356152
NPTRACE row 2084 512365136 512373127
NPTRACE row 2085 512382719 512390511
NPTRACE row 2086 512402174 512406975
NPTRACE row 2087 512416708 512424144
NPTRACE row 2088 512440853 512454362
NPTRACE row 2089 512449897 512457993
NPTRACE row 2090 512474213 512486722
NPTRACE row 2091 512483297 512489825
NPTRACE row 2092 512521208 512536575
NPTRACE row 2093 512533745 512539505
NPTRACE row 2094 512549016 512554770
NPTRACE row 2095 512565177 512570309
NPTRACE row 2096 512579569 512587988
NPTRACE row 2097 512592048 512603123
NPTRACE row 2098 512607446 512632368
NPTRACE row 2099 512616753 512635112
NPTRACE row 2100 512647502 512655416
NPTRACE row 2101 512661863 512669896
NPTRACE row 2102 512677812 512697540
NPTRACE row 2103 512684437 512700117
NPTRACE row 2104 512712021 512731102
NPTRACE row 2105 512718557 512733808
NPTRACE row 2106 512746402 512764526
NPTRACE row 2107 512752504 512767115
NPTRACE row 2108 512778712 512787051
NPTRACE row 2109 512784922 512790064
NPTRACE row 2110 512806155 512820620
NPTRACE row 2111 512815656 512824732
NPTRACE row 2112 512842556 512854402
NPTRACE row 2113 512849311 512858197
NPTRACE row 2114 512880607 512887678
NPTRACE row 2115 512893009 512903475
NPTRACE row 2116 512912663 512919959
NPTRACE row 2117 512923565 512936715
NPTRACE row 2118 512930629 512940398
NPTRACE row 2119 512951411 512957048
NPTRACE row 2120 512968353 512975822
NPTRACE row 2121 512984442 512989163
NPTRACE row 2122 513001266 513007621
NPTRACE row 2123 513016980 513022711
NPTRACE row 2124 513029996 513039562
NPTRACE row 2125 513051233 513055831
NPTRACE row 2126 513067558 513073035
NPTRACE row 2127 513083266 513090434
NPTRACE row 2128 513101238 513106448
NPTRACE row 2129 513116412 513123844
NPTRACE row 2130 513135155 513139875
NPTRACE row 2131 513149124 513157088
NPTRACE row 2132 513168066 513173182
NPTRACE row 2133 513182790 513190561
NPTRACE row 2134 513202017 513206308
NPTRACE row 2135 513215759 513223983
NPTRACE row 2136 513241158 513254191
NPTRACE row 2137 513250043 513257835
NPTRACE row 2138 513273638 513299895
NPTRACE row 2139 513283048 513302530
NPTRACE row 2140 513312143 513323972
NPTRACE row 2141 513318933 513327833
NPTRACE row 2142 513344474 513353306
NPTRACE row 2143 513351421 513356387
NPTRACE row 2144 513378192 513387559
NPTRACE row 2145 513384549 513391217
NPTRACE row 2146 513406971 513420744
NPTRACE row 2147 513415895 513424615
NPTRACE row 2148 513440040 513454099
NPTRACE row 2149 513448618 513457700
NPTRACE row 2150 513474640 513487292
NPTRACE row 2151 513481450 513490895
NPTRACE row 2152 513508977 513519727
NPTRACE row 2153 513515708 513522852
NPTRACE row 2154 513535079 513539673
NPTRACE row 2155 513548077 513555845
NPTRACE row 2156 513578263 513587580
NPTRACE row 2157 513584392 513591149
NPTRACE row 2158 513602625 513605388
NPTRACE row 2159 513615764 513633149
NPTRACE row 2160 513646228 513654673
NPTRACE row 2161 513652187 513658227
NPTRACE row 2162 513675904 513697507
NPTRACE row 2163 513682423 513700100
NPTRACE row 2164 513713027 513720269
NPTRACE row 2165 513724076 513736728
NPTRACE row 2166 513733432 513739863
NPTRACE row 2167 513749771 513767431
NPTRACE row 2168 513778892 513788298
NPTRACE row 2169 513785061 513791929
NPTRACE row 2170 513809366 513830800
NPTRACE row 2171 513816173 513833492
NPTRACE row 2172 513845657 513853548
NPTRACE row 2173 513851605 513856551
NPTRACE row 2174 513877032 513886724
NPTRACE row 2175 513891052 513903106
NPTRACE row 2176 513909602 513919866
NPTRACE row 2177 513916006 513922713
NPTRACE row 2178 513929259 513938895
NPTRACE row 2179 513948237 513955891
NPTRACE row 2180 513962654 513975044
NPTRACE row 2181 513982486 513989224
NPTRACE row 2182 513995957 514006358
NPTRACE row 2183 514015971 514022640
NPTRACE row 2184 514042781 514053286
NPTRACE row 2185 514048854 514056078
NPTRACE row 2186 514067541 514071366
NPTRACE row 2187 514081968 514088810
NPTRACE row 2188 514098941 514116417
NPTRACE row 2189 514127519 514137411
NPTRACE row 2190 514134100 514140444
NPTRACE row 2191 514157964 514171020
NPTRACE row 2192 514165536 514174653
NPTRACE row 2193 514191027 514204300
NPTRACE row 2194 514198785 514208068
NPTRACE row 2195 514226393 514237700
NPTRACE row 2196 514232710 514241357
NPTRACE row 2197 514255277 514270893
NPTRACE row 2198 514265314 514274605
NPTRACE row 2199 514288767 514304240
NPTRACE row 2200 514298667 514308009
NPTRACE row 2201 514322512 514347663
NPTRACE row 2202 514331699 514350352
NPTRACE row 2203 514361639 514371885
NPTRACE row 2204 514368098 514375607
NPTRACE row 2205 514388549 514404318
NPTRACE row 2206 514397931 514408042
NPTRACE row 2207 514424941 514437941
NPTRACE row 2208 514432244 514441859
NPTRACE row 2209 514459278 514470011
NPTRACE row 2210 514466415 514473132
NPTRACE row 2211 514490795 514512902
NPTRACE row 2212 514498787 514516523
NPTRACE row 2213 514527409 514537362
NPTRACE row 2214 514534252 514540383
NPTRACE row 2215 514557861 514582109
NPTRACE row 2216 514565499 514584728
NPTRACE row 2217 514595755 514605239
NPTRACE row 2218 514602581 514609138
NPTRACE row 2219 514624249 514637806
NPTRACE row 2220 514632798 514641517
NPTRACE row 2221 514659240 514681031
NPTRACE row 2222 514666176 514683675
NPTRACE row 2223 514695053 514704114
NPTRACE row 2224 514701890 514707192
NPTRACE row 2225 514719089 514722348
NPTRACE row 2226 514734454 514737624
NPTRACE row 2227 514745718 514754939
NPTRACE row 2228 514769274 514771788
NPTRACE row 2229 514780848 514790258
NPTRACE row 2230 514805271 514820181
NPTRACE row 2231 514814655 514823883
NPTRACE row 2232 514835733 514838352
NPTRACE row 2233 514847304 514857550
NPTRACE row 2234 514872819 514887033
NPTRACE row 2235 514883114 514890161
NPTRACE row 2236 514901482 514911665
NPTRACE row 2237 514921595 514936759
NPTRACE row 2238 514931292 514939617
NPTRACE row 2239 514951148 514954743
NPTRACE row 2240 514968154 514970658
NPTRACE row 2241 514978275 514987218
NPTRACE row 2242 514995220 515003903
NPTRACE row 2243 515014688 515020800
NPTRACE row 2244 515033568 515037818
NPTRACE row 2245 515048628 515055349
NPTRACE row 2246 515068212 515070837
NPTRACE row 2247 515081161 515089522
NPTRACE row 2248 515102301 515104561
NPTRACE row 2249 515114739 515124396
NPTRACE row 2250 515139381 515154487
NPTRACE row 2251 515148812 515158273
NPTRACE row 2252 515173908 515187878
NPTRACE row 2253 515182248 515191618
NPTRACE row 2254 515209194 515220977
NPTRACE row 2255 515216446 515225099
NPTRACE row 2256 515242890 515254557
NPTRACE row 2257 515249804 515258399
NPTRACE row 2258 515275263 515287775
NPTRACE row 2259 515282555 515291693
NPTRACE row 2260 515309332 515321076
NPTRACE row 2261 515316798 515325149
NPTRACE row 2262 515342768 515354378
NPTRACE row 2263 515350020 515358157
NPTRACE row 2264 515372091 515386539
NPTRACE row 2265 515378847 515389247
NPTRACE row 2266 515397169 515403820
NPTRACE row 2267 515412026 515420545
NPTRACE row 2268 515430540 515448235
NPTRACE row 2269 515459514 515470061
NPTRACE row 2270 515466613 515473102
NPTRACE row 2271 515485777 515488587
NPTRACE row 2272 515498376 515505975
NPTRACE row 2273 515526930 515537822
NPTRACE row 2274 515533721 515541630
NPTRACE row 2275 515555129 515570947
NPTRACE row 2276 515565374 515574681
NPTRACE row 2277 515587990 515603206
NPTRACE row 2278 515598240 515606276
NPTRACE row 2279 515618919 515621676
NPTRACE row 2280 515633936 515637610
NPTRACE row 2281 515649371 515654548
NPTRACE row 2282 515667148 515671908
NPTRACE row 2283 515683337 515688146
NPTRACE row 2284 515699117 515711368
NPTRACE row 2285 515723873 515737851
NPTRACE row 2286 515732972 515741461
NPTRACE row 2287 515755416 515780054
NPTRACE row 2288 515766404 515783511
NPTRACE row 2289 515793764 515804707
NPTRACE row 2290 515800555 515808447
NPTRACE row 2291 515821014 515843989
NPTRACE row 2292 515829846 515846887
NPTRACE row 2293 515855313 515877333
NPTRACE row 2294 515864432 515880229
NPTRACE row 2295 515888506 515903221
NPTRACE row 2296 515896616 515906196
NPTRACE row 2297 515915009 515921159
NPTRACE row 2298 515932021 515937637
NPTRACE row 2299 515951436 515954673
NPTRACE row 2300 515965164 515973370
NPTRACE row 2301 515984906 515988245
NPTRACE row 2302 515999240 516005131
NPTRACE row 2303 516016481 516021277
NPTRACE row 2304 516033594 516038446
NPTRACE row 2305 516049589 516054675
NPTRACE row 2306 516066885 516071924
NPTRACE row 2307 516082627 516087711
NPTRACE row 2308 516099491 516105016
NPTRACE row 2309 516116194 516121262
NPTRACE row 2310 516131964 516137570
NPTRACE row 2311 516149031 516154817
NPTRACE row 2312 516165058 516170509
NPTRACE row 2313 516177317 516187806
NPTRACE row 2314 516196772 516203862
NPTRACE row 2315 516210509 516220265
NPTRACE row 2316 516227123 516236816
NPTRACE row 2317 516244361 516254674
NPTRACE row 2318 516265729 516270281
NPTRACE row 2319 516280068 516288386
NPTRACE row 2320 516299184 516303875
NPTRACE row 2321 516314290 516320637
NPTRACE row 2322 516331736 516337832
NPTRACE row 2323 516347272 516354972
NPTRACE row 2324 516365495 516370984
NPTRACE row 2325 516378273 516386975
NPTRACE row 2326 516394071 516403432
NPTRACE row 2327 516410942 516420243
NPTRACE row 2328 516429779 516448190
NPTRACE row 2329 516455335 516471002
NPTRACE row 2330 516465817 516474872
NPTRACE row 2331 516485959 516487228
NPTRACE row 2332 516497578 516507393
NPTRACE row 2333 516520144 516520796
NPTRACE row 2334 516529794 516540626
NPTRACE row 2335 516551601 516554007
NPTRACE row 2336 516565193 516581632
NPTRACE row 2337 516588125 516604180
NPTRACE row 2338 516597852 516607879
NPTRACE row 2339 516618521 516620225
NPTRACE row 2340 516630586 516638715
NPTRACE row 2341 516648820 516653442
NPTRACE row 2342 516660314 516670238
NPTRACE row 2343 516675808 516686628
NPTRACE row 2344 516694108 516704516
NPTRACE row 2345 516714444 516720168
NPTRACE row 2346 516729463 516738287
NPTRACE row 2347 516747901 516753390
NPTRACE row 2348 516759887 516770178
NPTRACE row 2349 516775757 516786584
NPTRACE row 2350 516794144 516803456
NPTRACE row 2351 516813942 516820856
NPTRACE row 2352 516830810 516838363
NPTRACE row 2353 516848397 516853466
NPTRACE row 2354 516864238 516871631
NPTRACE row 2355 516884141 516886755
NPTRACE row 2356 516896980 516911463
NPTRACE row 2357 516920535 516944087
NPTRACE row 2358 516929954 516947095
NPTRACE row 2359 516955103 516970966
NPTRACE row 2360 516966767 516974718
NPTRACE row 2361 516985353 516987193
NPTRACE row 2362 516999512 517006942
NPTRACE row 2363 517018592 517021285
NPTRACE row 2364 517032845 517037499
NPTRACE row 2365 517043882 517053665
NPTRACE row 2366 517065031 517071709
NPTRACE row 2367 517080459 517087201
NPTRACE row 2368 517098504 517103652
NPTRACE row 2369 517112480 517120620
NPTRACE row 2370 517130627 517137344
NPTRACE row 2371 517146564 517154098
NPTRACE row 2372 517164899 517170326
NPTRACE row 2373 517191883 517204175
NPTRACE row 2374 517198500 517207889
NPTRACE row 2375 517221786 517237753
NPTRACE row 2376 517233363 517243388
NPTRACE row 2377 517254625 517269918
NPTRACE row 2378 517261477 517272559
NPTRACE row 2379 517278172 517286509
NPTRACE row 2380 517295592 517303355
NPTRACE row 2381 517313177 517320195
NPTRACE row 2382 517330375 517337032
NPTRACE row 2383 517343372 517353611
NPTRACE row 2384 517363914 517371462
NPTRACE row 2385 517379090 517386754
NPTRACE row 2386 517396928 517404805
NPTRACE row 2387 517413969 517420215
NPTRACE row 2388 517431625 517449655
NPTRACE row 2389 517455232 517470899
NPTRACE row 2390 517463651 517474609
NPTRACE row 2391 517483373 517486680
NPTRACE row 2392 517497217 517503811
NPTRACE row 2393 517511917 517520306
NPTRACE row 2394 517527414 517536783
NPTRACE row 2395 517541785 517553286
NPTRACE row 2396 517561123 517581307
NPTRACE row 2397 517586916 517604207
NPTRACE row 2398 517596617 517607805
NPTRACE row 2399 517617865 517618921
NPTRACE end 9ffba9ef68361cfb
NPTRACE begin 686d1b003f4c9d72 2400 2400 3 0
NPTRACE row 0 683952687 683960302
NPTRACE row 1 683966720 683976666
NPTRACE row 2 683983124 683999848
NPTRACE row 3 684010795 684022776
NPTRACE row 4 684014773 684025203
NPTRACE row 5 684029771 684042005
NPTRACE row 6 684046218 684058520
NPTRACE row 7 684062819 684076502
NPTRACE row 8 684083269 684093538
NPTRACE row 9 684098902 684109887
NPTRACE row 10 684116364 684126712
NPTRACE row 11 684132578 684157417
NPTRACE row 12 684162133 684176564
NPTRACE row 13 684168936 684179817
NPTRACE row 14 684187558 684193382
NPTRACE row 15 684202748 684208848
NPTRACE row 16 684216355 684226504
NPTRACE row 17 684236111 684243368
NPTRACE row 18 684250045 684259880
NPTRACE row 19 684265921 684276496
NPTRACE row 20 684283337 684293235
NPTRACE row 21 684299349 684309792
NPTRACE row 22 684317303 684326890
NPTRACE row 23 684335398 684343409
NPTRACE row 24 684350561 684359890
NPTRACE row 25 684369035 684376527
NPTRACE row 26 684383821 684393070
NPTRACE row 27 684401181 684409856
NPTRACE row 28 684417029 684426484
NPTRACE row 29 684436062 684443402
NPTRACE row 30 684450446 684460090
NPTRACE row 31 684468409 684475448
NPTRACE row 32 684480852 684493717
NPTRACE row 33 684500990 684508438
NPTRACE row 34 684513861 684525188
NPTRACE row 35 684530459 684541998
NPTRACE row 36 684547287 684560057
NPTRACE row 37 684567307 684576617
NPTRACE row 38 684584557 684593030
NPTRACE row 39 684600201 684610001
NPTRACE row 40 684618976 684626467
NPTRACE row 41 684644546 684656241
NPTRACE row 42 684649146 684658529
NPTRACE row 43 684663793 684675318
NPTRACE row 44 684680265 684691853
NPTRACE row 45 684696838 684709931
NPTRACE row 46 684717052 684727030
NPTRACE row 47 684736102 684743423
NPTRACE row 48 684750683 684760353
NPTRACE row 49 684769539 684776690
NPTRACE row 50 684784434 684793606
NPTRACE row 51 684802774 684823873
NPTRACE row 52 684829242 684842255
NPTRACE row 53 684837208 684845224
NPTRACE row 54 684853438 684859767
NPTRACE row 55 684869907 684876623
NPTRACE row 56 684883990 684893103
NPTRACE row 57 684902119 684924269
NPTRACE row 58 684929633 684943232
NPTRACE row 59 684936653 684946800
NPTRACE row 60 684955631 684959839
NPTRACE row 61 684969508 684990788
NPTRACE row 62 685001674 685023819
NPTRACE row 63 685027722 685040149
NPTRACE row 64 685034585 685043747
NPTRACE row 65 685048387 685056537
NPTRACE row 66 685061044 685073316
NPTRACE row 67 685070659 685076775
NPTRACE row 68 685084311 685093585
NPTRACE row 69 685101947 685109938
NPTRACE row 70 685117310 685126964
NPTRACE row 71 685135519 685142381
NPTRACE row 72 685150675 685159972
NPTRACE row 73 685167385 685176658
NPTRACE row 74 685184366 685192984
NPTRACE row 75 685202085 685210001
NPTRACE row 76 685217614 685226827
NPTRACE row 77 685236246 685243463
NPTRACE row 78 685251715 685260346
NPTRACE row 79 685270242 685291077
NPTRACE row 80 685296787 685324105
NPTRACE row 81 685304578 685326602
NPTRACE row 82 685331991 685357763
NPTRACE row 83 685360758 685373448
NPTRACE row 84 685365929 685376802
NPTRACE row 85 685382663 685389898
NPTRACE row 86 685395634 685406660
NPTRACE row 87 685404845 685410074
NPTRACE row 88 685417319 685426796
NPTRACE row 89 685433409 685443343
NPTRACE row 90 685450781 685460417
NPTRACE row 91 685470014 685476489
NPTRACE row 92 685484461 685493720
NPTRACE row 93 685503473 685509944
NPTRACE row 94 685517593 685526594
NPTRACE row 95 685533969 685543460
NPTRACE row 96 685550912 685560308
NPTRACE row 97 685569664 685576675
NPTRACE row 98 685583886 685593596
NPTRACE row 99 685602316 685609038
NPTRACE row 100 685617229 685626815
NPTRACE row 101 685636158 685643442
NPTRACE row 102 685650611 685660056
NPTRACE row 103 685669596 685675569
NPTRACE row 104 685683459 685693756
NPTRACE row 105 685702083 685709956
NPTRACE row 106 685717615 685727204
NPTRACE row 107 685735855 685743489
NPTRACE row 108 685750782 685760665
NPTRACE row 109 685769755 685775539
NPTRACE row 110 685783567 685793697
NPTRACE row 111 685802191 685809928
NPTRACE row 112 685817176 685826650
NPTRACE row 113 685835405 685843515
NPTRACE row 114 685850757 685860130
NPTRACE row 115 685869653 685876594
NPTRACE row 116 685884051 685893458
NPTRACE row 117 685901995 685923923
NPTRACE row 118 685929358 685942959
NPTRACE row 119 685936777 685945919
NPTRACE row 120 685959111 685973552
NPTRACE row 121 685969591 685976948
NPTRACE row 122 685984379 685993178
NPTRACE row 123 686002909 686009484
NPTRACE row 124 686019322 686024429
NPTRACE row 125 686036950 686043193
NPTRACE row 126 686052878 686058518
NPTRACE row 127 686070955 686074832
NPTRACE row 128 686084148 686091847
NPTRACE row 129 686102229 686107720
NPTRACE row 130 686117213 686124745
NPTRACE row 131 686135939 686140613
NPTRACE row 132 686150296 686158339
NPTRACE row 133 686169788 686173817
NPTRACE row 134 686183937 686191696
NPTRACE row 135 686202049 686207771
NPTRACE row 136 686216997 686225162
NPTRACE row 137 686235883 686241279
NPTRACE row 138 686250465 686258482
NPTRACE row 139 686269476 686273818
NPTRACE row 140 686283476 686291539
NPTRACE row 141 686302579 686308083
NPTRACE row 142 686317154 686325376
NPTRACE row 143 686335898 686341134
NPTRACE row 144 686350298 686358477
NPTRACE row 145 686369303 686373811
NPTRACE row 146 686383412 686391913
NPTRACE row 147 686402894 686407815
NPTRACE row 148 686417338 686425122
NPTRACE row 149 686435170 686441387
NPTRACE row 150 686450434 686458135
NPTRACE row 151 686469235 686474530
NPTRACE row 152 686483559 686491830
NPTRACE row 153 686502728 686514930
NPTRACE row 154 686521966 686523725
NPTRACE row 155 686534563 686541286
NPTRACE row 156 686550209 686558131
NPTRACE row 157 686568987 686574495
NPTRACE row 158 686583539 686591777
NPTRACE row 159 686601637 686607696
NPTRACE row 160 686616778 686624906
NPTRACE row 161 686633905 686641293
NPTRACE row 162 686650108 686658250
NPTRACE row 163 686669357 686674550
NPTRACE row 164 686683607 686691333
NPTRACE row 165 686699234 686707682
NPTRACE row 166 686716383 686724765
NPTRACE row 167 686734640 686741353
NPTRACE row 168 686750638 686758306
NPTRACE row 169 686769111 686774462
NPTRACE row 170 686783340 686791320
NPTRACE row 171 686801275 686807798
NPTRACE row 172 686816385 686824598
NPTRACE row 173 686832551 686840538
NPTRACE row 174 686849473 686858289
NPTRACE row 175 686869106 686873727
NPTRACE row 176 686882605 686891374
NPTRACE row 177 686902282 686907682
NPTRACE row 178 686916276 686924771
NPTRACE row 179 686932497 686941181
NPTRACE row 180 686949388 686958137
NPTRACE row 181 686965442 686987581
NPTRACE row 182 686993613 687007628
NPTRACE row 183 686998213 687011019
NPTRACE row 184 687019027 687024593
NPTRACE row 185 687035731 687041192
NPTRACE row 186 687048807 687059332
NPTRACE row 187 687070052 687076722
NPTRACE row 188 687084288 687091199
NPTRACE row 189 687098510 687107733
NPTRACE row 190 687115415 687124363
NPTRACE row 191 687132087 687140584
NPTRACE row 192 687161266 687174408
NPTRACE row 193 687168060 687177758
NPTRACE row 194 687187069 687191020
NPTRACE row 195 687198161 687206987
NPTRACE row 196 687215395 687224813
NPTRACE row 197 687232370 687241093
NPTRACE row 198 687248952 687257960
NPTRACE row 199 687265233 687274298
NPTRACE row 200 687281919 687291008
NPTRACE row 201 687298166 687307627
NPTRACE row 202 687315452 687324338
NPTRACE row 203 687331698 687341088
NPTRACE row 204 687348929 687357765
NPTRACE row 205 687364890 687373654
NPTRACE row 206 687381972 687390954
NPTRACE row 207 687398317 687407728
NPTRACE row 208 687415570 687424282
NPTRACE row 209 687431807 687441170
NPTRACE row 210 687449073 687457608
NPTRACE row 211 687465051 687474310
NPTRACE row 212 687482233 687491084
NPTRACE row 213 687498211 687507591
NPTRACE row 214 687515425 687524328
NPTRACE row 215 687531855 687540411
NPTRACE row 216 687549173 687557412
NPTRACE row 217 687565277 687574327
NPTRACE row 218 687582518 687591004
NPTRACE row 219 687598195 687607638
NPTRACE row 220 687615930 687623984
NPTRACE row 221 687631824 687641186
NPTRACE row 222 687649119 687657550
NPTRACE row 223 687664798 687688912
NPTRACE row 224 687694791 687707384
NPTRACE row 225 687702338 687710873
NPTRACE row 226 687718853 687724194
NPTRACE row 227 687732165 687755849
NPTRACE row 228 687761693 687774046
NPTRACE row 229 687768158 687777432
NPTRACE row 230 687784989 687791158
NPTRACE row 231 687798194 687807499
NPTRACE row 232 687815012 687824060
NPTRACE row 233 687831580 687840375
NPTRACE row 234 687846099 687857184
NPTRACE row 235 687865046 687873501
NPTRACE row 236 687886648 687891089
NPTRACE row 237 687897609 687907382
NPTRACE row 238 687914994 687924201
NPTRACE row 239 687931612 687955905
NPTRACE row 240 687961986 687974132
NPTRACE row 241 687968871 687977529
NPTRACE row 242 687994984 688007146
NPTRACE row 243 688003827 688010575
NPTRACE row 244 688018750 688023954
NPTRACE row 245 688032142 688040953
NPTRACE row 246 688049012 688057162
NPTRACE row 247 688068586 688073469
NPTRACE row 248 688081238 688091346
NPTRACE row 249 688103252 688110162
NPTRACE row 250 688117847 688123985
NPTRACE row 251 688131595 688140227
NPTRACE row 252 688160206 688173901
NPTRACE row 253 688164807 688177275
NPTRACE row 254 688184462 688190498
NPTRACE row 255 688197566 688207599
NPTRACE row 256 688214838 688223724
NPTRACE row 257 688231280 688255450
NPTRACE row 258 688260611 688273844
NPTRACE row 259 688265139 688277189
NPTRACE row 260 688284267 688290526
NPTRACE row 261 688297932 688307287
NPTRACE row 262 688314555 688323803
NPTRACE row 263 688331200 688340996
NPTRACE row 264 688348722 688357371
NPTRACE row 265 688364284 688374119
NPTRACE row 266 688381585 688390550
NPTRACE row 267 688397698 688407405
NPTRACE row 268 688414845 688424077
NPTRACE row 269 688431535 688440139
NPTRACE row 270 688448495 688456659
NPTRACE row 271 688463443 688473548
NPTRACE row 272 688479922 688490801
NPTRACE row 273 688497576 688507135
NPTRACE row 274 688514924 688538946
NPTRACE row 275 688544194 688557282
NPTRACE row 276 688551946 688560694
NPTRACE row 277 688567528 688573450
NPTRACE row 278 688581331 688590712
NPTRACE row 279 688597663 688606868
NPTRACE row 280 688614318 688624117
NPTRACE row 281 688630959 688640456
NPTRACE row 282 688647525 688656729
NPTRACE row 283 688661686 688673946
NPTRACE row 284 688681322 688690136
NPTRACE row 285 688698515 688708039
NPTRACE row 286 688717592 688737205
NPTRACE row 287 688743904 688757362
NPTRACE row 288 688751565 688760788
NPTRACE row 289 688767242 688773485
NPTRACE row 290 688781048 688790783
NPTRACE row 291 688797309 688806817
NPTRACE row 292 688814542 688824122
NPTRACE row 293 688831089 688840373
NPTRACE row 294 688847905 688857372
NPTRACE row 295 688863931 688873557
NPTRACE row 296 688880952 688890678
NPTRACE row 297 688896922 688906863
NPTRACE row 298 688914162 688923355
NPTRACE row 299 688930227 688940213
NPTRACE row 300 688947907 688956738
NPTRACE row 301 688968987 688975786
NPTRACE row 302 688980349 688990376
NPTRACE row 303 688996388 689006774
NPTRACE row 304 689014154 689024057
NPTRACE row 305 689030657 689040304
NPTRACE row 306 689047581 689064628
NPTRACE row 307 689070488 689073062
NPTRACE row 308 689079375 689090587
NPTRACE row 309 689096406 689106469
NPTRACE row 310 689115318 689126849
NPTRACE row 311 689133037 689140061
NPTRACE row 312 689147941 689157434
NPTRACE row 313 689163674 689173239
NPTRACE row 314 689180956 689204060
NPTRACE row 315 689208510 689223681
NPTRACE row 316 689213623 689227106
NPTRACE row 317 689233743 689240010
NPTRACE row 318 689248047 689257440
NPTRACE row 319 689264153 689273411
NPTRACE row 320 689281102 689305408
NPTRACE row 321 689309711 689323624
NPTRACE row 322 689314634 689327076
NPTRACE row 323 689333216 689339932
NPTRACE row 324 689347511 689356752
NPTRACE row 325 689361252 689373792
NPTRACE row 326 689380449 689389825
NPTRACE row 327 689396775 689407054
NPTRACE row 328 689415282 689423962
NPTRACE row 329 689430309 689440053
NPTRACE row 330 689447737 689456751
NPTRACE row 331 689461091 689473837
NPTRACE row 332 689480021 689489933
NPTRACE row 333 689496363 689506919
NPTRACE row 334 689515003 689524296
NPTRACE row 335 689530350 689539971
NPTRACE row 336 689547639 689557596
NPTRACE row 337 689563125 689573198
NPTRACE row 338 689580605 689590593
NPTRACE row 339 689596214 689606464
NPTRACE row 340 689614212 689624031
NPTRACE row 341 689630164 689640007
NPTRACE row 342 689647499 689657401
NPTRACE row 343 689663123 689673076
NPTRACE row 344 689680568 689697708
NPTRACE row 345 689708622 689723026
NPTRACE row 346 689713863 689725800
NPTRACE row 347 689741686 689757150
NPTRACE row 348 689746832 689760561
NPTRACE row 349 689765797 689773216
NPTRACE row 350 689780555 689790221
NPTRACE row 351 689796758 689807044
NPTRACE row 352 689814155 689823765
NPTRACE row 353 689829713 689839966
NPTRACE row 354 689847449 689857291
NPTRACE row 355 689862355 689873213
NPTRACE row 356 689880438 689890050
NPTRACE row 357 689901305 689907221
NPTRACE row 358 689911610 689923717
NPTRACE row 359 689929251 689939987
NPTRACE row 360 689947576 689956790
NPTRACE row 361 689960860 689974083
NPTRACE row 362 689980191 689989781
NPTRACE row 363 689996807 690007197
NPTRACE row 364 690015235 690037978
NPTRACE row 365 690042379 690071624
NPTRACE row 366 690047478 690074091
NPTRACE row 367 690077965 690090320
NPTRACE row 368 690086023 690093728
NPTRACE row 369 690099401 690106495
NPTRACE row 370 690114056 690123303
NPTRACE row 371 690130290 690140343
NPTRACE row 372 690143866 690157048
NPTRACE row 373 690161774 690173112
NPTRACE row 374 690180040 690189894
NPTRACE row 375 690196297 690206684
NPTRACE row 376 690213523 690223685
NPTRACE row 377 690229664 690239973
NPTRACE row 378 690247390 690257214
NPTRACE row 379 690261923 690273123
NPTRACE row 380 690280320 690290078
NPTRACE row 381 690296359 690306693
NPTRACE row 382 690313346 690323245
NPTRACE row 383 690330027 690340345
NPTRACE row 384 690347427 690357288
NPTRACE row 385 690362153 690373072
NPTRACE row 386 690380631 690390018
NPTRACE row 387 690396126 690406527
NPTRACE row 388 690413447 690423770
NPTRACE row 389 690428804 690439906
NPTRACE row 390 690447119 690472181
NPTRACE row 391 690475887 690490173
NPTRACE row 392 690480772 690493568
NPTRACE row 393 690497552 690506358
NPTRACE row 394 690513856 690523920
NPTRACE row 395 690528812 690540054
NPTRACE row 396 690546957 690557164
NPTRACE row 397 690561990 690573112
NPTRACE row 398 690580157 690590517
NPTRACE row 399 690594589 690606439
NPTRACE row 400 690613369 690623871
NPTRACE row 401 690628438 690640056
NPTRACE row 402 690646872 690657196
NPTRACE row 403 690661704 690673047
NPTRACE row 404 690679979 690689936
NPTRACE row 405 690700490 690709426
NPTRACE row 406 690712505 690723258
NPTRACE row 407 690730545 690740790
NPTRACE row 408 690747720 690757164
NPTRACE row 409 690761902 690773124
NPTRACE row 410 690780443 690805590
NPTRACE row 411 690808704 690823050
NPTRACE row 412 690813879 690826467
NPTRACE row 413 690832631 690840013
NPTRACE row 414 690847089 690857110
NPTRACE row 415 690861863 690873126
NPTRACE row 416 690879958 690905468
NPTRACE row 417 690908557 690923527
NPTRACE row 418 690913446 690926935
NPTRACE row 419 690931446 690939966
NPTRACE row 420 690946804 690956525
NPTRACE row 421 690959225 690972963
NPTRACE row 422 690975819 690989668
NPTRACE row 423 690993891 691007342
NPTRACE row 424 691012003 691023186
NPTRACE row 425 691028938 691040048
NPTRACE row 426 691046420 691056834
NPTRACE row 427 691061197 691073128
NPTRACE row 428 691080482 691090348
NPTRACE row 429 691094986 691106453
NPTRACE row 430 691113114 691123699
NPTRACE row 431 691129415 691141432
NPTRACE row 432 691154081 691157577
NPTRACE row 433 691164549 691173828
NPTRACE row 434 691180490 691189700
NPTRACE row 435 691200655 691207178
NPTRACE row 436 691211012 691223572
NPTRACE row 437 691227930 691239879
NPTRACE row 438 691246569 691256992
NPTRACE row 439 691262157 691273631
NPTRACE row 440 691280000 691305433
NPTRACE row 441 691289522 691322948
NPTRACE row 442 691312893 691325648
NPTRACE row 443 691340686 691357119
NPTRACE row 444 691346319 691360345
NPTRACE row 445 691356113 691363475
NPTRACE row 446 691379394 691389796
NPTRACE row 447 691393399 691406639
NPTRACE row 448 691409388 691437761
NPTRACE row 449 691440733 691457041
NPTRACE row 450 691445477 691460297
NPTRACE row 451 691463921 691473003
NPTRACE row 452 691479011 691489701
NPTRACE row 453 691489358 691491933
NPTRACE row 454 691508908 691522951
NPTRACE row 455 691527222 691543666
NPTRACE row 456 691547981 691556622
NPTRACE row 457 691563359 691573758
NPTRACE row 458 691579764 691589621
NPTRACE row 459 691589506 691591896
NPTRACE row 460 691608929 691623231
NPTRACE row 461 691628341 691639887
NPTRACE row 462 691645955 691671945
NPTRACE row 463 691676444 691690095
NPTRACE row 464 691681165 691692767
NPTRACE row 465 691706918 691722921
NPTRACE row 466 691712887 691725249
NPTRACE row 467 691727868 691739603
NPTRACE row 468 691739455 691741993
NPTRACE row 469 691755770 691758702
NPTRACE row 470 691792131 691806861
NPTRACE row 471 691797575 691810809
NPTRACE row 472 691814873 691823005
NPTRACE row 473 691828887 691839764
NPTRACE row 474 691839393 691841991
NPTRACE row 475 691855676 691858688
NPTRACE row 476 691875888 691890159
NPTRACE row 477 691893905 691906675
NPTRACE row 478 691911187 691922988
NPTRACE row 479 691930366 691940246
NPTRACE row 480 691944524 691956498
NPTRACE row 481 691961493 691988669
NPTRACE row 482 691992594 692006874
NPTRACE row 483 691997278 692010203
NPTRACE row 484 692014611 692022989
NPTRACE row 485 692029230 692040328
NPTRACE row 486 692044413 692056344
NPTRACE row 487 692063394 692074094
NPTRACE row 488 692078747 692089675
NPTRACE row 489 692094505 692106302
NPTRACE row 490 692124727 692146900
NPTRACE row 491 692129473 692149703
NPTRACE row 492 692139172 692152442
NPTRACE row 493 692162353 692173835
NPTRACE row 494 692177479 692189675
NPTRACE row 495 692197838 692208101
NPTRACE row 496 692213052 692222997
NPTRACE row 497 692229313 692240258
NPTRACE row 498 692244063 692256346
NPTRACE row 499 692261978 692272972
NPTRACE row 500 692276686 692289697
NPTRACE row 501 692294812 692306784
NPTRACE row 502 692311847 692322994
NPTRACE row 503 692330571 692340474
NPTRACE row 504 692345855 692356608
NPTRACE row 505 692362257 692373419
NPTRACE row 506 692388576 692389680
NPTRACE row 507 692397445 692407936
NPTRACE row 508 692413371 692423007
NPTRACE row 509 692429315 692439816
NPTRACE row 510 692443141 692457092
NPTRACE row 511 692463009 692473661
NPTRACE row 512 692479434 692489696
NPTRACE row 513 692494230 692506310
NPTRACE row 514 692510577 692522976
NPTRACE row 515 692529904 692541023
NPTRACE row 516 692539354 692544267
NPTRACE row 517 692561298 692573389
NPTRACE row 518 692572666 692576747
NPTRACE row 519 692596067 692607475
NPTRACE row 520 692612626 692622996
NPTRACE row 521 692628931 692640251
NPTRACE row 522 692644278 692656351
NPTRACE row 523 692661257 692673438
NPTRACE row 524 692678848 692689700
NPTRACE row 525 692694264 692706759
NPTRACE row 526 692711190 692722999
NPTRACE row 527 692730223 692740976
NPTRACE row 528 692745649 692756624
NPTRACE row 529 692763192 692773795
NPTRACE row 530 692776135 692789624
NPTRACE row 531 692789056 692792065
NPTRACE row 532 692818830 692823065
NPTRACE row 533 692829321 692839938
NPTRACE row 534 692839457 692842286
NPTRACE row 535 692859490 692873105
NPTRACE row 536 692872390 692875509
NPTRACE row 537 692894475 692906353
NPTRACE row 538 692911507 692923439
NPTRACE row 539 692929091 692939911
NPTRACE row 540 692944892 692956828
NPTRACE row 541 692961892 692973025
NPTRACE row 542 692978078 692989661
NPTRACE row 543 692993727 693007487
NPTRACE row 544 693005616 693010871
NPTRACE row 545 693029760 693040149
NPTRACE row 546 693044458 693056553
NPTRACE row 547 693060692 693073024
NPTRACE row 548 693077739 693090057
NPTRACE row 549 693089534 693093440
NPTRACE row 550 693111279 693123447
NPTRACE row 551 693130289 693140632
NPTRACE row 552 693146700 693168191
NPTRACE row 553 693174423 693189968
NPTRACE row 554 693187452 693193400
NPTRACE row 555 693200618 693207218
NPTRACE row 556 693214279 693223724
NPTRACE row 557 693229273 693239962
NPTRACE row 558 693244815 693256345
NPTRACE row 559 693263466 693273709
NPTRACE row 560 693278656 693290082
NPTRACE row 561 693294943 693306341
NPTRACE row 562 693310823 693323421
NPTRACE row 563 693328700 693339884
NPTRACE row 564 693344363 693356325
NPTRACE row 565 693354949 693358592
NPTRACE row 566 693371941 693375382
NPTRACE row 567 693393736 693407689
NPTRACE row 568 693405251 693410880
NPTRACE row 569 693429084 693439918
NPTRACE row 570 693443522 693472757
NPTRACE row 571 693456158 693475171
NPTRACE row 572 693480504 693493498
NPTRACE row 573 693497550 693506365
NPTRACE row 574 693510708 693523449
NPTRACE row 575 693530499 693540832
NPTRACE row 576 693545510 693556847
NPTRACE row 577 693556134 693560167
NPTRACE row 578 693577818 693589937
NPTRACE row 579 693594079 693606364
NPTRACE row 580 693611316 693623412
NPTRACE row 581 693629482 693639922
NPTRACE row 582 693644977 693667822
NPTRACE row 583 693674462 693690392
NPTRACE row 584 693681443 693693851
NPTRACE row 585 693689139 693697097
NPTRACE row 586 693711107 693722997
NPTRACE row 587 693722307 693725379
NPTRACE row 588 693738870 693742009
NPTRACE row 589 693755623 693767594
NPTRACE row 590 693776990 693790121
NPTRACE row 591 693795969 693807148
NPTRACE row 592 693811661 693823001
NPTRACE row 593 693822190 693825396
NPTRACE row 594 693838762 693842027
NPTRACE row 595 693855504 693860078
NPTRACE row 596 693878088 693890064
NPTRACE row 597 693894808 693906379
NPTRACE row 598 693910745 693931026
NPTRACE row 599 693936001 693940161
NPTRACE row 600 693945918 693956697
NPTRACE row 601 693955220 693959065
NPTRACE row 602 693972357 693975401
NPTRACE row 603 693988525 693992066
NPTRACE row 604 694011863 694023051
NPTRACE row 605 694027931 694039855
NPTRACE row 606 694038989 694042085
NPTRACE row 607 694059472 694073751
NPTRACE row 608 694077915 694089711
NPTRACE row 609 694093688 694106765
NPTRACE row 610 694111663 694123039
NPTRACE row 611 694127857 694139915
NPTRACE row 612 694142956 694156363
NPTRACE row 613 694164410 694174103
NPTRACE row 614 694172716 694177533
NPTRACE row 615 694203435 694207479
NPTRACE row 616 694214912 694223494
NPTRACE row 617 694227577 694250858
NPTRACE row 618 694255940 694256369
NPTRACE row 619 694263118 694276870
NPTRACE row 620 694272246 694280147
NPTRACE row 621 694293399 694306345
NPTRACE row 622 694305001 694308597
NPTRACE row 623 694322877 694326010
NPTRACE row 624 694345043 694356605
NPTRACE row 625 694360431 694373016
NPTRACE row 626 694372008 694375271
NPTRACE row 627 694388188 694392055
NPTRACE row 628 694405725 694410175
NPTRACE row 629 694427825 694455257
NPTRACE row 630 694439384 694457597
NPTRACE row 631 694464200 694491019
NPTRACE row 632 694494090 694521824
NPTRACE row 633 694502111 694524204
NPTRACE row 634 694528172 694548587
NPTRACE row 635 694536616 694551362
NPTRACE row 636 694559302 694573491
NPTRACE row 637 694564172 694576782
NPTRACE row 638 694572378 694580090
NPTRACE row 639 694596249 694606925
NPTRACE row 640 694604713 694609169
NPTRACE row 641 694621442 694625521
NPTRACE row 642 694638515 694643320
NPTRACE row 643 694659698 694673015
NPTRACE row 644 694671339 694675238
NPTRACE row 645 694687635 694692058
NPTRACE row 646 694706229 694710195
NPTRACE row 647 694729158 694740238
NPTRACE row 648 694738594 694742550
NPTRACE row 649 694754492 694758695
NPTRACE row 650 694788036 694789717
NPTRACE row 651 694797528 694807761
NPTRACE row 652 694811668 694823061
NPTRACE row 653 694827391 694840341
NPTRACE row 654 694838924 694843671
NPTRACE row 655 694862004 694874183
NPTRACE row 656 694872793 694877581
NPTRACE row 657 694889388 694893098
NPTRACE row 658 694910016 694923059
NPTRACE row 659 694926861 694939871
NPTRACE row 660 694938611 694942463
NPTRACE row 661 694954059 694960442
NPTRACE row 662 694978479 694989732
NPTRACE row 663 694994284 695007032
NPTRACE row 664 695005192 695010462
NPTRACE row 665 695026673 695039831
NPTRACE row 666 695037702 695042066
NPTRACE row 667 695053927 695058761
NPTRACE row 668 695072524 695076876
NPTRACE row 669 695089368 695093058
NPTRACE row 670 695106267 695123053
NPTRACE row 671 695128967 695140260
NPTRACE row 672 695138197 695142613
NPTRACE row 673 695154104 695158704
NPTRACE row 674 695172784 695176628
NPTRACE row 675 695191451 695193125
NPTRACE row 676 695214282 695223633
NPTRACE row 677 695228671 695240213
NPTRACE row 678 695245698 695256379
NPTRACE row 679 695261318 695289022
NPTRACE row 680 695272876 695291382
NPTRACE row 681 695297012 695310191
NPTRACE row 682 695306109 695313546
NPTRACE row 683 695327030 695340336
NPTRACE row 684 695338554 695343792
NPTRACE row 685 695359556 695373031
NPTRACE row 686 695371209 695375276
NPTRACE row 687 695388674 695392583
NPTRACE row 688 695405841 695410212
NPTRACE row 689 695426632 695439832
NPTRACE row 690 695437815 695442053
NPTRACE row 691 695454119 695458759
NPTRACE row 692 695472575 695475717
NPTRACE row 693 695487438 695492928
NPTRACE row 694 695512178 695523065
NPTRACE row 695 695528557 695540029
NPTRACE row 696 695539510 695542703
NPTRACE row 697 695556096 695559713
NPTRACE row 698 695571437 695575283
NPTRACE row 699 695587619 695592076
NPTRACE row 700 695604764 695608755
NPTRACE row 701 695621721 695633293
NPTRACE row 702 695645427 695656378
NPTRACE row 703 695674748 695690663
NPTRACE row 704 695680065 695693928
NPTRACE row 705 695687886 695697208
NPTRACE row 706 695710437 695723038
NPTRACE row 707 695720904 695725396
NPTRACE row 708 695737487 695742043
NPTRACE row 709 695753805 695759026
NPTRACE row 710 695772707 695776347
NPTRACE row 711 695788036 695792332
NPTRACE row 712 695804093 695808744
NPTRACE row 713 695822109 695827069
NPTRACE row 714 695839510 695843065
NPTRACE row 715 695855479 695859022
NPTRACE row 716 695872685 695876204
NPTRACE row 717 695887872 695893433
NPTRACE row 718 695906053 695909901
NPTRACE row 719 695921866 695925879
NPTRACE row 720 695938062 695942153
NPTRACE row 721 695954333 695960157
NPTRACE row 722 695976524 695990113
NPTRACE row 723 695987919 695993460
NPTRACE row 724 696008319 696009688
NPTRACE row 725 696021367 696027014
NPTRACE row 726 696043659 696056380
NPTRACE row 727 696073926 696090369
NPTRACE row 728 696079468 696093689
NPTRACE row 729 696087533 696096890
NPTRACE row 730 696110575 696123480
NPTRACE row 731 696120683 696127111
NPTRACE row 732 696139085 696142787
NPTRACE row 733 696155289 696160127
NPTRACE row 734 696172435 696176359
NPTRACE row 735 696188623 696208022
NPTRACE row 736 696218297 696226884
NPTRACE row 737 696232148 696240285
NPTRACE row 738 696247068 696256793
NPTRACE row 739 696260577 696273089
NPTRACE row 740 696272227 696276638
NPTRACE row 741 696286675 696291940
NPTRACE row 742 696303681 696308778
NPTRACE row 743 696322675 696327651
NPTRACE row 744 696343437 696357000
NPTRACE row 745 696355277 696360288
NPTRACE row 746 696372635 696376375
NPTRACE row 747 696387663 696393502
NPTRACE row 748 696405981 696409856
NPTRACE row 749 696421530 696427061
NPTRACE row 750 696439429 696443089
NPTRACE row 751 696461001 696473450
NPTRACE row 752 696471924 696476472
NPTRACE row 753 696486392 696491961
NPTRACE row 754 696503396 696508777
NPTRACE row 755 696521634 696525831
NPTRACE row 756 696538475 696543193
NPTRACE row 757 696555359 696560164
NPTRACE row 758 696572037 696576513
NPTRACE row 759 696589207 696600162
NPTRACE row 760 696613372 696626958
NPTRACE row 761 696621317 696630377
NPTRACE row 762 696644080 696656785
NPTRACE row 763 696654991 696660228
NPTRACE row 764 696672077 696676234
NPTRACE row 765 696686216 696691982
NPTRACE row 766 696703214 696708783
NPTRACE row 767 696722721 696727828
NPTRACE row 768 696743362 696771684
NPTRACE row 769 696755026 696774057
NPTRACE row 770 696780246 696793454
NPTRACE row 771 696788705 696796715
NPTRACE row 772 696810199 696823474
NPTRACE row 773 696822397 696827039
NPTRACE row 774 696838802 696843185
NPTRACE row 775 696854537 696859019
NPTRACE row 776 696869909 696875452
NPTRACE row 777 696886434 696893513
NPTRACE row 778 696905106 696909717
NPTRACE row 779 696921386 696927147
NPTRACE row 780 696938226 696943267
NPTRACE row 781 696954675 696959044
NPTRACE row 782 696971357 696976396
NPTRACE row 783 696989512 696994181
NPTRACE row 784 697004693 697009708
NPTRACE row 785 697021489 697040786
NPTRACE row 786 697046737 697066567
NPTRACE row 787 697054964 697069372
NPTRACE row 788 697080065 697090332
NPTRACE row 789 697088011 697093699
NPTRACE row 790 697104807 697109705
NPTRACE row 791 697121025 697125845
NPTRACE row 792 697137067 697142227
NPTRACE row 793 697154216 697160199
NPTRACE row 794 697171957 697176370
NPTRACE row 795 697186847 697193509
NPTRACE row 796 697205073 697209809
NPTRACE row 797 697220983 697225879
NPTRACE row 798 697247614 697260161
NPTRACE row 799 697256109 697263769
NPTRACE row 800 697278101 697289742
NPTRACE row 801 697287224 697292413
NPTRACE row 802 697304495 697309878
NPTRACE row 803 697320579 697327068
NPTRACE row 804 697337780 697343192
NPTRACE row 805 697354298 697360122
NPTRACE row 806 697371220 697376411
NPTRACE row 807 697387974 697393782
NPTRACE row 808 697404508 697410042
NPTRACE row 809 697419167 697425447
NPTRACE row 810 697435741 697442110
NPTRACE row 811 697452966 697460238
NPTRACE row 812 697471055 697476254
NPTRACE row 813 697486733 697493571
NPTRACE row 814 697504318 697509597
NPTRACE row 815 697521617 697527357
NPTRACE row 816 697538961 697543517
NPTRACE row 817 697554768 697560396
NPTRACE row 818 697571835 697576456
NPTRACE row 819 697586272 697592066
NPTRACE row 820 697603390 697608881
NPTRACE row 821 697620839 697627197
NPTRACE row 822 697638177 697643246
NPTRACE row 823 697655013 697674136
NPTRACE row 824 697680232 697693713
NPTRACE row 825 697688714 697697103
NPTRACE row 826 697710660 697723456
NPTRACE row 827 697721924 697727087
NPTRACE row 828 697738030 697743199
NPTRACE row 829 697754366 697760337
NPTRACE row 830 697772039 697776487
NPTRACE row 831 697787893 697794136
NPTRACE row 832 697804095 697809815
NPTRACE row 833 697820076 697827246
NPTRACE row 834 697837622 697843204
NPTRACE row 835 697854421 697866892
NPTRACE row 836 697878793 697890366
NPTRACE row 837 697887473 697893906
NPTRACE row 838 697904590 697910117
NPTRACE row 839 697920695 697934239
NPTRACE row 840 697946418 697956843
NPTRACE row 841 697954296 697959510
NPTRACE row 842 697979633 697993603
NPTRACE row 843 697986905 697996933
NPTRACE row 844 698011241 698023606
NPTRACE row 845 698020826 698027281
NPTRACE row 846 698039068 698043104
NPTRACE row 847 698055281 698059434
NPTRACE row 848 698079506 698093663
NPTRACE row 849 698086576 698097099
NPTRACE row 850 698111196 698123599
NPTRACE row 851 698120430 698127319
NPTRACE row 852 698137314 698143054
NPTRACE row 853 698154359 698159161
NPTRACE row 854 698179333 698193668
NPTRACE row 855 698186755 698197276
NPTRACE row 856 698211361 698223213
NPTRACE row 857 698220868 698226097
NPTRACE row 858 698237321 698243281
NPTRACE row 859 698256319 698260323
NPTRACE row 860 698276829 698289759
NPTRACE row 861 698289627 698292527
NPTRACE row 862 698314005 698325812
NPTRACE row 863 698322845 698328993
NPTRACE row 864 698336578 698343415
NPTRACE row 865 698355418 698359157
NPTRACE row 866 698369846 698376319
NPTRACE row 867 698388893 698393455
NPTRACE row 868 698403306 698410002
NPTRACE row 869 698421359 698427291
NPTRACE row 870 698437747 698443204
NPTRACE row 871 698455296 698460569
NPTRACE row 872 698470754 698476448
NPTRACE row 873 698487094 698503465
NPTRACE row 874 698514236 698524818
NPTRACE row 875 698529297 698540109
NPTRACE row 876 698543804 698556841
NPTRACE row 877 698554527 698560390
NPTRACE row 878 698570564 698576517
NPTRACE row 879 698588534 698593958
NPTRACE row 880 698604141 698609981
NPTRACE row 881 698620476 698625944
NPTRACE row 882 698635864 698643425
NPTRACE row 883 698656270 698676524
NPTRACE row 884 698686095 698693693
NPTRACE row 885 698700853 698706686
NPTRACE row 886 698715007 698723687
NPTRACE row 887 698728782 698740427
NPTRACE row 888 698739612 698744015
NPTRACE row 889 698754977 698760361
NPTRACE row 890 698771018 698776726
NPTRACE row 891 698787003 698793720
NPTRACE row 892 698804784 698810016
NPTRACE row 893 698820752 698827272
NPTRACE row 894 698846883 698857768
NPTRACE row 895 698856214 698861604
NPTRACE row 896 698872049 698876684
NPTRACE row 897 698887675 698893662
NPTRACE row 898 698903911 698910190
NPTRACE row 899 698920184 698927139
NPTRACE row 900 698937466 698943104
NPTRACE row 901 698954451 698968013
NPTRACE row 902 698979452 698998131
NPTRACE row 903 698988705 699000909
NPTRACE row 904 699012873 699026980
NPTRACE row 905 699021165 699030442
NPTRACE row 906 699044838 699064453
NPTRACE row 907 699055545 699067275
NPTRACE row 908 699079427 699090055
NPTRACE row 909 699088289 699092754
NPTRACE row 910 699103519 699109915
NPTRACE row 911 699121813 699127463
NPTRACE row 912 699138872 699143589
NPTRACE row 913 699154757 699166985
NPTRACE row 914 699179685 699205083
NPTRACE row 915 699189002 699207527
NPTRACE row 916 699214524 699227032
NPTRACE row 917 699232146 699240125
NPTRACE row 918 699247018 699256957
NPTRACE row 919 699262220 699273475
NPTRACE row 920 699272756 699276774
NPTRACE row 921 699294625 699306655
NPTRACE row 922 699311739 699323493
NPTRACE row 923 699329564 699340200
NPTRACE row 924 699339545 699343913
NPTRACE row 925 699354276 699375112
NPTRACE row 926 699381580 699393575
NPTRACE row 927 699398990 699406975
NPTRACE row 928 699413846 699423699
NPTRACE row 929 699422656 699427415
NPTRACE row 930 699437735 699443090
NPTRACE row 931 699451393 699458736
NPTRACE row 932 699468372 699475551
NPTRACE row 933 699484949 699493720
NPTRACE row 934 699504052 699510428
NPTRACE row 935 699520223 699527311
NPTRACE row 936 699538556 699543370
NPTRACE row 937 699554583 699559204
NPTRACE row 938 699579988 699600726
NPTRACE row 939 699587919 699603589
NPTRACE row 940 699614617 699624147
NPTRACE row 941 699628845 699640138
NPTRACE row 942 699643263 699656859
NPTRACE row 943 699654814 699660599
NPTRACE row 944 699671111 699676382
NPTRACE row 945 699687489 699693609
NPTRACE row 946 699704026 699710241
NPTRACE row 947 699721490 699726002
NPTRACE row 948 699734858 699743115
NPTRACE row 949 699755605 699775623
NPTRACE row 950 699785036 699792522
NPTRACE row 951 699797152 699807338
NPTRACE row 952 699803545 699811446
NPTRACE row 953 699827710 699840067
NPTRACE row 954 699836357 699843281
NPTRACE row 955 699855457 699875629
NPTRACE row 956 699885126 699893704
NPTRACE row 957 699899126 699906606
NPTRACE row 958 699913410 699923712
NPTRACE row 959 699928154 699940056
NPTRACE row 960 699939252 699943788
NPTRACE row 961 699954834 699959218
NPTRACE row 962 699970502 699976621
NPTRACE row 963 699988439 699992674
NPTRACE row 964 700013294 700023287
NPTRACE row 965 700022989 700026987
NPTRACE row 966 700038080 700043466
NPTRACE row 967 700054822 700060549
NPTRACE row 968 700071098 700076724
NPTRACE row 969 700086729 700092574
NPTRACE row 970 700113058 700125856
NPTRACE row 971 700121634 700128841
NPTRACE row 972 700144075 700157045
NPTRACE row 973 700154980 700160460
NPTRACE row 974 700170678 700176680
NPTRACE row 975 700187951 700193987
NPTRACE row 976 700204682 700210917
NPTRACE row 977 700220799 700227180
NPTRACE row 978 700237106 700243180
NPTRACE row 979 700253736 700260225
NPTRACE row 980 700270438 700277126
NPTRACE row 981 700287115 700293582
NPTRACE row 982 700303847 700310604
NPTRACE row 983 700321781 700326156
NPTRACE row 984 700351389 700360441
NPTRACE row 985 700365202 700373376
NPTRACE row 986 700379986 700390308
NPTRACE row 987 700389573 700393703
NPTRACE row 988 700404514 700409900
NPTRACE row 989 700420055 700434097
NPTRACE row 990 700445174 700456583
NPTRACE row 991 700454368 700459536
NPTRACE row 992 700479003 700493667
NPTRACE row 993 700487144 700496939
NPTRACE row 994 700511410 700523635
NPTRACE row 995 700521020 700527235
NPTRACE row 996 700537813 700543581
NPTRACE row 997 700553727 700560264
NPTRACE row 998 700570570 700576800
NPTRACE row 999 700587447 700593952
NPTRACE row 1000 700604171 700610400
NPTRACE row 1001 700620056 700636178
NPTRACE row 1002 700646888 700658113
NPTRACE row 1003 700655472 700661727
NPTRACE row 1004 700671883 700676995
NPTRACE row 1005 700687223 700693682
NPTRACE row 1006 700703459 700710392
NPTRACE row 1007 700721057 700726234
NPTRACE row 1008 700737478 700744085
NPTRACE row 1009 700754498 700760340
NPTRACE row 1010 700770570 700777228
NPTRACE row 1011 700787497 700793652
NPTRACE row 1012 700803945 700810313
NPTRACE row 1013 700821012 700826036
NPTRACE row 1014 700846392 700860304
NPTRACE row 1015 700854976 700863839
NPTRACE row 1016 700878261 700890380
NPTRACE row 1017 700888246 700893763
NPTRACE row 1018 700903344 700910313
NPTRACE row 1019 700917791 700926905
NPTRACE row 1020 700945471 700956478
NPTRACE row 1021 700951405 700958949
NPTRACE row 1022 700967036 700975590
NPTRACE row 1023 700984306 700992609
NPTRACE row 1024 701001473 701010380
NPTRACE row 1025 701021051 701027461
NPTRACE row 1026 701038163 701043809
NPTRACE row 1027 701053903 701060564
NPTRACE row 1028 701070487 701077146
NPTRACE row 1029 701087290 701093707
NPTRACE row 1030 701104695 701123983
NPTRACE row 1031 701131169 701144107
NPTRACE row 1032 701149859 701156993
NPTRACE row 1033 701164847 701173777
NPTRACE row 1034 701178792 701190160
NPTRACE row 1035 701189369 701194151
NPTRACE row 1036 701205591 701210529
NPTRACE row 1037 701222024 701227237
NPTRACE row 1038 701238801 701243773
NPTRACE row 1039 701255138 701260773
NPTRACE row 1040 701270855 701277104
NPTRACE row 1041 701287459 701294274
NPTRACE row 1042 701304504 701324209
NPTRACE row 1043 701336949 701343982
NPTRACE row 1044 701354717 701357184
NPTRACE row 1045 701368378 701374103
NPTRACE row 1046 701380238 701390157
NPTRACE row 1047 701394875 701407218
NPTRACE row 1048 701404599 701410754
NPTRACE row 1049 701421229 701426982
NPTRACE row 1050 701438036 701443791
NPTRACE row 1051 701453584 701460523
NPTRACE row 1052 701477226 701489857
NPTRACE row 1053 701487706 701493948
NPTRACE row 1054 701504918 701510426
NPTRACE row 1055 701521957 701527839
NPTRACE row 1056 701539344 701543973
NPTRACE row 1057 701554827 701560577
NPTRACE row 1058 701570882 701575946
NPTRACE row 1059 701584337 701593790
NPTRACE row 1060 701610776 701623465
NPTRACE row 1061 701620544 701627232
NPTRACE row 1062 701639423 701643575
NPTRACE row 1063 701654929 701660721
NPTRACE row 1064 701671480 701676634
NPTRACE row 1065 701687132 701693936
NPTRACE row 1066 701704508 701710404
NPTRACE row 1067 701721511 701727518
NPTRACE row 1068 701738614 701756982
NPTRACE row 1069 701764355 701777299
NPTRACE row 1070 701782209 701790213
NPTRACE row 1071 701797822 701807530
NPTRACE row 1072 701813625 701823398
NPTRACE row 1073 701828770 701840664
NPTRACE row 1074 701838816 701844143
NPTRACE row 1075 701854884 701860691
NPTRACE row 1076 701871063 701875930
NPTRACE row 1077 701883924 701894056
NPTRACE row 1078 701911528 701923596
NPTRACE row 1079 701922716 701927816
NPTRACE row 1080 701953055 701960904
NPTRACE row 1081 701969822 701973856
NPTRACE row 1082 701983182 701990314
NPTRACE row 1083 701998527 702007180
NPTRACE row 1084 702014313 702023520
NPTRACE row 1085 702030835 702040611
NPTRACE row 1086 702045842 702056835
NPTRACE row 1087 702062533 702074138
NPTRACE row 1088 702072784 702077772
NPTRACE row 1089 702088352 702094255
NPTRACE row 1090 702105320 702110469
NPTRACE row 1091 702121870 702127903
NPTRACE row 1092 702138682 702150765
NPTRACE row 1093 702162195 702173857
NPTRACE row 1094 702170866 702177348
NPTRACE row 1095 702188370 702194255
NPTRACE row 1096 702205654 702210522
NPTRACE row 1097 702221403 702227488
NPTRACE row 1098 702238669 702257393
NPTRACE row 1099 702263950 702277115
NPTRACE row 1100 702281254 702290177
NPTRACE row 1101 702296319 702307235
NPTRACE row 1102 702305663 702310744
NPTRACE row 1103 702322841 702328020
NPTRACE row 1104 702339384 702350985
NPTRACE row 1105 702364294 702373369
NPTRACE row 1106 702378609 702390385
NPTRACE row 1107 702385249 702394367
NPTRACE row 1108 702410395 702423503
NPTRACE row 1109 702420495 702427442
NPTRACE row 1110 702442937 702457693
NPTRACE row 1111 702450291 702461869
NPTRACE row 1112 702479101 702490239
NPTRACE row 1113 702487854 702494229
NPTRACE row 1114 702510664 702523191
NPTRACE row 1115 702521757 702527663
NPTRACE row 1116 702538460 702558487
NPTRACE row 1117 702568036 702575929
NPTRACE row 1118 702580496 702590760
NPTRACE row 1119 702587360 702595506
NPTRACE row 1120 702604271 702608904
NPTRACE row 1121 702616688 702625801
NPTRACE row 1122 702632895 702642332
NPTRACE row 1123 702650549 702660384
NPTRACE row 1124 702670930 702677226
NPTRACE row 1125 702687779 702693807
NPTRACE row 1126 702704251 702710501
NPTRACE row 1127 702720804 702740840
NPTRACE row 1128 702748098 702759417
NPTRACE row 1129 702756086 702762233
NPTRACE row 1130 702778126 702790461
NPTRACE row 1131 702788110 702794143
NPTRACE row 1132 702805066 702810728
NPTRACE row 1133 702821005 702827327
NPTRACE row 1134 702838211 702844177
NPTRACE row 1135 702855371 702860656
NPTRACE row 1136 702870960 702876910
NPTRACE row 1137 702887563 702892681
NPTRACE row 1138 702913152 702925993
NPTRACE row 1139 702921592 702929044
NPTRACE row 1140 702947758 702956931
NPTRACE row 1141 702959990 702973401
NPTRACE row 1142 702966634 702977479
NPTRACE row 1143 702988712 702993818
NPTRACE row 1144 703004214 703010946
NPTRACE row 1145 703021025 703026114
NPTRACE row 1146 703045526 703056711
NPTRACE row 1147 703054316 703059408
NPTRACE row 1148 703079856 703090369
NPTRACE row 1149 703085829 703092920
NPTRACE row 1150 703099517 703109042
NPTRACE row 1151 703119221 703126237
NPTRACE row 1152 703147863 703172219
NPTRACE row 1153 703156255 703174719
NPTRACE row 1154 703184812 703192598
NPTRACE row 1155 703197152 703207579
NPTRACE row 1156 703204151 703211547
NPTRACE row 1157 703220940 703225699
NPTRACE row 1158 703232816 703242318
NPTRACE row 1159 703249137 703259047
NPTRACE row 1160 703268871 703277150
NPTRACE row 1161 703287359 703294245
NPTRACE row 1162 703304056 703310418
NPTRACE row 1163 703321349 703327791
NPTRACE row 1164 703338525 703343709
NPTRACE row 1165 703353531 703360675
NPTRACE row 1166 703370560 703377203
NPTRACE row 1167 703387662 703394065
NPTRACE row 1168 703411423 703423499
NPTRACE row 1169 703420290 703427726
NPTRACE row 1170 703438169 703443656
NPTRACE row 1171 703452450 703460806
NPTRACE row 1172 703477708 703490303
NPTRACE row 1173 703487248 703494342
NPTRACE row 1174 703503572 703523766
NPTRACE row 1175 703530415 703543920
NPTRACE row 1176 703548486 703556911
NPTRACE row 1177 703563092 703588229
NPTRACE row 1178 703591265 703607221
NPTRACE row 1179 703597283 703610539
NPTRACE row 1180 703605758 703613970
NPTRACE row 1181 703628743 703640750
NPTRACE row 1182 703639099 703644014
NPTRACE row 1183 703654423 703661219
NPTRACE row 1184 703670411 703688835
NPTRACE row 1185 703696797 703708373
NPTRACE row 1186 703705860 703711715
NPTRACE row 1187 703722034 703727454
NPTRACE row 1188 703737596 703743636
NPTRACE row 1189 703752844 703760921
NPTRACE row 1190 703771101 703777148
NPTRACE row 1191 703786737 703794157
NPTRACE row 1192 703804383 703810470
NPTRACE row 1193 703820156 703827095
NPTRACE row 1194 703837527 703843731
NPTRACE row 1195 703852860 703860223
NPTRACE row 1196 703870507 703890489
NPTRACE row 1197 703897924 703908329
NPTRACE row 1198 703912551 703923422
NPTRACE row 1199 703925629 703927723
NPTRACE row 1200 703938291 703942742
NPTRACE row 1201 703950518 703957453
NPTRACE row 1202 703972224 703974161
NPTRACE row 1203 703981825 703990809
NPTRACE row 1204 704005987 704024601
NPTRACE row 1205 704030838 704043921
NPTRACE row 1206 704039287 704047272
NPTRACE row 1207 704061871 704073793
NPTRACE row 1208 704071423 704077135
NPTRACE row 1209 704088341 704092215
NPTRACE row 1210 704103248 704122459
NPTRACE row 1211 704129785 704155481
NPTRACE row 1212 704137665 704157951
NPTRACE row 1213 704165055 704174883
NPTRACE row 1214 704179788 704190102
NPTRACE row 1215 704195201 704207203
NPTRACE row 1216 704204996 704210512
NPTRACE row 1217 704221982 704225761
NPTRACE row 1218 704237819 704241678
NPTRACE row 1219 704251559 704258667
NPTRACE row 1220 704269845 704274940
NPTRACE row 1221 704284735 704291852
NPTRACE row 1222 704303377 704308313
NPTRACE row 1223 704319762 704325560
NPTRACE row 1224 704338030 704341801
NPTRACE row 1225 704352928 704358456
NPTRACE row 1226 704370667 704388718
NPTRACE row 1227 704396028 704422878
NPTRACE row 1228 704406240 704425524
NPTRACE row 1229 704435772 704450629
NPTRACE row 1230 704456240 704458250
NPTRACE row 1231 704464835 704489852
NPTRACE row 1232 704472099 704492376
NPTRACE row 1233 704502124 704508143
NPTRACE row 1234 704514615 704523398
NPTRACE row 1235 704529514 704540710
NPTRACE row 1236 704538655 704543984
NPTRACE row 1237 704554694 704558605
NPTRACE row 1238 704569505 704574804
NPTRACE row 1239 704584338 704591631
NPTRACE row 1240 704603149 704608359
NPTRACE row 1241 704618060 704625534
NPTRACE row 1242 704636805 704641676
NPTRACE row 1243 704650999 704658653
NPTRACE row 1244 704668907 704682136
NPTRACE row 1245 704689253 704692128
NPTRACE row 1246 704699953 704722320
NPTRACE row 1247 704729930 704755565
NPTRACE row 1248 704738456 704758133
NPTRACE row 1249 704765333 704774841
NPTRACE row 1250 704780694 704790038
NPTRACE row 1251 704794861 704807141
NPTRACE row 1252 704804308 704810550
NPTRACE row 1253 704821919 704825258
NPTRACE row 1254 704837346 704841502
NPTRACE row 1255 704851205 704858512
NPTRACE row 1256 704869783 704874104
NPTRACE row 1257 704894576 704908118
NPTRACE row 1258 704902618 704911381
NPTRACE row 1259 704922592 704925215
NPTRACE row 1260 704936482 704941696
NPTRACE row 1261 704959922 704974144
NPTRACE row 1262 704967946 704977467
NPTRACE row 1263 704988357 704991830
NPTRACE row 1264 705002230 705022175
NPTRACE row 1265 705029209 705041728
NPTRACE row 1266 705037263 705045134
NPTRACE row 1267 705055767 705058471
NPTRACE row 1268 705070529 705075145
NPTRACE row 1269 705084240 705091479
NPTRACE row 1270 705101887 705107468
NPTRACE row 1271 705126221 705140976
NPTRACE row 1272 705135017 705144546
NPTRACE row 1273 705155468 705158200
NPTRACE row 1274 705170391 705175171
NPTRACE row 1275 705186035 705191885
NPTRACE row 1276 705203907 705208275
NPTRACE row 1277 705218438 705224970
NPTRACE row 1278 705237291 705240803
NPTRACE row 1279 705249213 705258638
NPTRACE row 1280 705271841 705274976
NPTRACE row 1281 705284682 705291803
NPTRACE row 1282 705303915 705322839
NPTRACE row 1283 705329848 705341667
NPTRACE row 1284 705338001 705344963
NPTRACE row 1285 705355697 705358158
NPTRACE row 1286 705370475 705375246
NPTRACE row 1287 705384613 705391545
NPTRACE row 1288 705402290 705408268
NPTRACE row 1289 705417807 705424872
NPTRACE row 1290 705436455 705440721
NPTRACE row 1291 705455335 705458456
NPTRACE row 1292 705469748 705474083
NPTRACE row 1293 705483509 705491684
NPTRACE row 1294 705502590 705508258
NPTRACE row 1295 705519444 705524973
NPTRACE row 1296 705537364 705540793
NPTRACE row 1297 705550574 705557968
NPTRACE row 1298 705570492 705574888
NPTRACE row 1299 705584347 705591410
NPTRACE row 1300 705602366 705622561
NPTRACE row 1301 705629695 705641456
NPTRACE row 1302 705638383 705644801
NPTRACE row 1303 705659115 705674110
NPTRACE row 1304 705670378 705677506
NPTRACE row 1305 705687819 705691163
NPTRACE row 1306 705702377 705707335
NPTRACE row 1307 705717202 705724862
NPTRACE row 1308 705736781 705741487
NPTRACE row 1309 705750572 705758030
NPTRACE row 1310 705769667 705774747
NPTRACE row 1311 705784302 705791423
NPTRACE row 1312 705802206 705808163
NPTRACE row 1313 705817512 705824718
NPTRACE row 1314 705836454 705841518
NPTRACE row 1315 705850301 705857825
NPTRACE row 1316 705869597 705881893
NPTRACE row 1317 705891968 705907418
NPTRACE row 1318 705900452 705910777
NPTRACE row 1319 705922113 705924854
NPTRACE row 1320 705937596 705941936
NPTRACE row 1321 705951140 705958072
NPTRACE row 1322 705969971 705974004
NPTRACE row 1323 705983228 705990892
NPTRACE row 1324 706002111 706008027
NPTRACE row 1325 706017776 706024806
NPTRACE row 1326 706036575 706041447
NPTRACE row 1327 706051537 706058022
NPTRACE row 1328 706069863 706074683
NPTRACE row 1329 706083604 706091007
NPTRACE row 1330 706102040 706108046
NPTRACE row 1331 706117373 706124405
NPTRACE row 1332 706136222 706141503
NPTRACE row 1333 706150148 706157807
NPTRACE row 1334 706169295 706173894
NPTRACE row 1335 706183073 706190915
NPTRACE row 1336 706201742 706208124
NPTRACE row 1337 706217087 706224890
NPTRACE row 1338 706236124 706241342
NPTRACE row 1339 706249804 706257575
NPTRACE row 1340 706269256 706273883
NPTRACE row 1341 706282917 706290942
NPTRACE row 1342 706302089 706308055
NPTRACE row 1343 706317941 706324997
NPTRACE row 1344 706337027 706341609
NPTRACE row 1345 706350300 706357739
NPTRACE row 1346 706368941 706373822
NPTRACE row 1347 706382709 706390597
NPTRACE row 1348 706402189 706422252
NPTRACE row 1349 706428911 706441109
NPTRACE row 1350 706437527 706444458
NPTRACE row 1351 706455369 706457653
NPTRACE row 1352 706470117 706474273
NPTRACE row 1353 706480602 706490926
NPTRACE row 1354 706503234 706507107
NPTRACE row 1355 706516850 706524400
NPTRACE row 1356 706537710 706540656
NPTRACE row 1357 706550333 706557843
NPTRACE row 1358 706569816 706574250
NPTRACE row 1359 706583750 706591552
NPTRACE row 1360 706603352 706607317
NPTRACE row 1361 706615845 706624119
NPTRACE row 1362 706636678 706641455
NPTRACE row 1363 706649382 706657412
NPTRACE row 1364 706668804 706673796
NPTRACE row 1365 706681898 706690564
NPTRACE row 1366 706700026 706722616
NPTRACE row 1367 706728845 706740799
NPTRACE row 1368 706737470 706744507
NPTRACE row 1369 706752942 706757623
NPTRACE row 1370 706769834 706788964
NPTRACE row 1371 706794617 706807664
NPTRACE row 1372 706803732 706810965
NPTRACE row 1373 706820768 706824329
NPTRACE row 1374 706836008 706841456
NPTRACE row 1375 706849607 706857467
NPTRACE row 1376 706868532 706874509
NPTRACE row 1377 706881830 706890524
NPTRACE row 1378 706899469 706907101
NPTRACE row 1379 706915520 706923865
NPTRACE row 1380 706935522 706940479
NPTRACE row 1381 706946093 706957314
NPTRACE row 1382 706967564 706974151
NPTRACE row 1383 706982970 706991571
NPTRACE row 1384 707003809 707007931
NPTRACE row 1385 707016408 707024519
NPTRACE row 1386 707036308 707054784
NPTRACE row 1387 707060248 707073465
NPTRACE row 1388 707069363 707076246
NPTRACE row 1389 707083677 707090262
NPTRACE row 1390 707102002 707108144
NPTRACE row 1391 707116259 707123999
NPTRACE row 1392 707135895 707141488
NPTRACE row 1393 707148860 707156993
NPTRACE row 1394 707168567 707188655
NPTRACE row 1395 707194077 707221291
NPTRACE row 1396 707203177 707223798
NPTRACE row 1397 707229604 707241043
NPTRACE row 1398 707237925 707244423
NPTRACE row 1399 707254829 707258125
NPTRACE row 1400 707269761 707274066
NPTRACE row 1401 707279600 707290111
NPTRACE row 1402 707301032 707307099
NPTRACE row 1403 707314702 707323888
NPTRACE row 1404 707336236 707341293
NPTRACE row 1405 707348348 707356954
NPTRACE row 1406 707364932 707374449
NPTRACE row 1407 707382119 707390565
NPTRACE row 1408 707398445 707406918
NPTRACE row 1409 707412430 707423957
NPTRACE row 1410 707434013 707440437
NPTRACE row 1411 707448049 707457085
NPTRACE row 1412 707468409 707474230
NPTRACE row 1413 707481634 707490409
NPTRACE row 1414 707501243 707507277
NPTRACE row 1415 707515651 707524139
NPTRACE row 1416 707539559 707541020
NPTRACE row 1417 707549796 707560312
NPTRACE row 1418 707571423 707574053
NPTRACE row 1419 707583292 707591618
NPTRACE row 1420 707602431 707607974
NPTRACE row 1421 707615018 707623702
NPTRACE row 1422 707632630 707640942
NPTRACE row 1423 707648090 707657127
NPTRACE row 1424 707667996 707674579
NPTRACE row 1425 707680735 707690209
NPTRACE row 1426 707698231 707707743
NPTRACE row 1427 707714490 707723738
NPTRACE row 1428 707731549 707755264
NPTRACE row 1429 707759805 707774151
NPTRACE row 1430 707768590 707777494
NPTRACE row 1431 707783982 707790539
NPTRACE row 1432 707801548 707807829
NPTRACE row 1433 707814649 707823701
NPTRACE row 1434 707831412 707841093
NPTRACE row 1435 707847163 707856786
NPTRACE row 1436 707864618 707873543
NPTRACE row 1437 707879769 707890204
NPTRACE row 1438 707899219 707914604
NPTRACE row 1439 707922108 707924368
NPTRACE row 1440 707933578 707942030
NPTRACE row 1441 707948183 707956828
NPTRACE row 1442 707964759 707973541
NPTRACE row 1443 707979989 707990148
NPTRACE row 1444 708000954 708007903
NPTRACE row 1445 708014678 708023639
NPTRACE row 1446 708031918 708040990
NPTRACE row 1447 708047928 708057067
NPTRACE row 1448 708068390 708074410
NPTRACE row 1449 708080202 708090135
NPTRACE row 1450 708098271 708107727
NPTRACE row 1451 708114345 708123786
NPTRACE row 1452 708134612 708141093
NPTRACE row 1453 708147093 708156862
NPTRACE row 1454 708164938 708173548
NPTRACE row 1455 708191088 708207805
NPTRACE row 1456 708197223 708211269
NPTRACE row 1457 708217748 708223691
NPTRACE row 1458 708231551 708240197
NPTRACE row 1459 708244268 708256685
NPTRACE row 1460 708260956 708273400
NPTRACE row 1461 708279215 708290198
NPTRACE row 1462 708298244 708307739
NPTRACE row 1463 708314368 708323878
NPTRACE row 1464 708335403 708341153
NPTRACE row 1465 708347187 708356815
NPTRACE row 1466 708368247 708381132
NPTRACE row 1467 708387012 708390186
NPTRACE row 1468 708396955 708407181
NPTRACE row 1469 708411614 708423476
NPTRACE row 1470 708427881 708440020
NPTRACE row 1471 708445224 708458128
NPTRACE row 1472 708463952 708473529
NPTRACE row 1473 708480819 708505187
NPTRACE row 1474 708509450 708524160
NPTRACE row 1475 708518704 708527686
NPTRACE row 1476 708533709 708540194
NPTRACE row 1477 708551554 708557537
NPTRACE row 1478 708561584 708573345
NPTRACE row 1479 708578071 708591077
NPTRACE row 1480 708596760 708606891
NPTRACE row 1481 708614364 708624385
NPTRACE row 1482 708630038 708640176
NPTRACE row 1483 708647763 708657770
NPTRACE row 1484 708663398 708673602
NPTRACE row 1485 708680977 708705227
NPTRACE row 1486 708709379 708724145
NPTRACE row 1487 708718938 708728060
NPTRACE row 1488 708734948 708740377
NPTRACE row 1489 708748377 708757707
NPTRACE row 1490 708763599 708773534
NPTRACE row 1491 708781356 708791041
NPTRACE row 1492 708796983 708806889
NPTRACE row 1493 708818134 708824452
NPTRACE row 1494 708830362 708840215
NPTRACE row 1495 708848356 708857939
NPTRACE row 1496 708863469 708873531
NPTRACE row 1497 708881001 708897737
NPTRACE row 1498 708902093 708906739
NPTRACE row 1499 708912896 708923554
NPTRACE row 1500 708929424 708940132
NPTRACE row 1501 708947540 708957723
NPTRACE row 1502 708963345 708973560
NPTRACE row 1503 708981556 708991365
NPTRACE row 1504 708996689 709006879
NPTRACE row 1505 709014570 709024482
NPTRACE row 1506 709029878 709040168
NPTRACE row 1507 709047440 709057757
NPTRACE row 1508 709063043 709073492
NPTRACE row 1509 709080730 709090881
NPTRACE row 1510 709096032 709106923
NPTRACE row 1511 709115232 709124698
NPTRACE row 1512 709130457 709140312
NPTRACE row 1513 709147718 709157598
NPTRACE row 1514 709163022 709173567
NPTRACE row 1515 709180957 709190168
NPTRACE row 1516 709193795 709206700
NPTRACE row 1517 709210874 709223551
NPTRACE row 1518 709229000 709240232
NPTRACE row 1519 709250459 709257515
NPTRACE row 1520 709265639 709274183
NPTRACE row 1521 709280776 709304866
NPTRACE row 1522 709308529 709324155
NPTRACE row 1523 709314338 709327715
NPTRACE row 1524 709332534 709340140
NPTRACE row 1525 709347394 709357463
NPTRACE row 1526 709362656 709373576
NPTRACE row 1527 709381492 709397829
NPTRACE row 1528 709403197 709406781
NPTRACE row 1529 709413068 709423858
NPTRACE row 1530 709427393 709440035
NPTRACE row 1531 709443454 709456718
NPTRACE row 1532 709460378 709480879
NPTRACE row 1533 709491191 709507615
NPTRACE row 1534 709497145 709510966
NPTRACE row 1535 709517693 709524242
NPTRACE row 1536 709535428 709541071
NPTRACE row 1537 709546716 709556899
NPTRACE row 1538 709568084 709573590
NPTRACE row 1539 709577009 709590054
NPTRACE row 1540 709593982 709621154
NPTRACE row 1541 709625856 709640313
NPTRACE row 1542 709633477 709643026
NPTRACE row 1543 709647375 709657623
NPTRACE row 1544 709662992 709673605
NPTRACE row 1545 709681328 709690539
NPTRACE row 1546 709698457 709707003
NPTRACE row 1547 709715096 709723833
NPTRACE row 1548 709730986 709740522
NPTRACE row 1549 709746547 709756923
NPTRACE row 1550 709764302 709774219
NPTRACE row 1551 709779608 709790730
NPTRACE row 1552 709797939 709807415
NPTRACE row 1553 709812746 709823777
NPTRACE row 1554 709830956 709840775
NPTRACE row 1555 709845466 709856819
NPTRACE row 1556 709864469 709874141
NPTRACE row 1557 709879099 709890225
NPTRACE row 1558 709897689 709906788
NPTRACE row 1559 709911422 709923756
NPTRACE row 1560 709930586 709940321
NPTRACE row 1561 709946978 709956908
NPTRACE row 1562 709966733 709973858
NPTRACE row 1563 709980443 709990245
NPTRACE row 1564 709998551 710006770
NPTRACE row 1565 710011185 710023597
NPTRACE row 1566 710027302 710040711
NPTRACE row 1567 710047368 710057276
NPTRACE row 1568 710064783 710073428
NPTRACE row 1569 710076682 710090045
NPTRACE row 1570 710093835 710107622
NPTRACE row 1571 710112834 710123711
NPTRACE row 1572 710131040 710140822
NPTRACE row 1573 710145487 710156917
NPTRACE row 1574 710164394 710174143
NPTRACE row 1575 710179780 710190404
NPTRACE row 1576 710197717 710206768
NPTRACE row 1577 710210254 710223507
NPTRACE row 1578 710226986 710240581
NPTRACE row 1579 710246301 710256833
NPTRACE row 1580 710264187 710273430
NPTRACE row 1581 710276597 710290052
NPTRACE row 1582 710293324 710314329
NPTRACE row 1583 710320009 710323797
NPTRACE row 1584 710330767 710341194
NPTRACE row 1585 710346381 710356978
NPTRACE row 1586 710364723 710374198
NPTRACE row 1587 710378842 710390372
NPTRACE row 1588 710397964 710422030
NPTRACE row 1589 710426608 710441224
NPTRACE row 1590 710435602 710444635
NPTRACE row 1591 710451503 710457189
NPTRACE row 1592 710465266 710473665
NPTRACE row 1593 710476566 710490124
NPTRACE row 1594 710493464 710514282
NPTRACE row 1595 710519743 710523631
NPTRACE row 1596 710530471 710541436
NPTRACE row 1597 710545925 710556949
NPTRACE row 1598 710564767 710574130
NPTRACE row 1599 710580884 710591330
NPTRACE row 1600 710604782 710607784
NPTRACE row 1601 710617519 710624733
NPTRACE row 1602 710635297 710640723
NPTRACE row 1603 710646991 710657124
NPTRACE row 1604 710664472 710681016
NPTRACE row 1605 710686317 710690451
NPTRACE row 1606 710696713 710707114
NPTRACE row 1607 710710836 710723692
NPTRACE row 1608 710727340 710740242
NPTRACE row 1609 710743225 710757625
NPTRACE row 1610 710762769 710773792
NPTRACE row 1611 710780570 710790908
NPTRACE row 1612 710796722 710806933
NPTRACE row 1613 710814356 710824365
NPTRACE row 1614 710829799 710840440
NPTRACE row 1615 710847546 710871873
NPTRACE row 1616 710875012 710890843
NPTRACE row 1617 710880790 710894289
NPTRACE row 1618 710899216 710907069
NPTRACE row 1619 710914062 710923639
NPTRACE row 1620 710927614 710940763
NPTRACE row 1621 710945788 710956953
NPTRACE row 1622 710964205 710973694
NPTRACE row 1623 710980363 711006143
NPTRACE row 1624 711010640 711030938
NPTRACE row 1625 711019944 711033827
NPTRACE row 1626 711041223 711056696
NPTRACE row 1627 711049583 711059529
NPTRACE row 1628 711062982 711073629
NPTRACE row 1629 711078487 711106853
NPTRACE row 1630 711111451 711123509
NPTRACE row 1631 711121236 711126622
NPTRACE row 1632 711137117 711141285
NPTRACE row 1633 711153220 711157516
NPTRACE row 1634 711178316 711191178
NPTRACE row 1635 711186623 711194510
NPTRACE row 1636 711203711 711207122
NPTRACE row 1637 711218925 711225201
NPTRACE row 1638 711232019 711240321
NPTRACE row 1639 711247255 711271540
NPTRACE row 1640 711274902 711290938
NPTRACE row 1641 711280771 711294282
NPTRACE row 1642 711299507 711306900
NPTRACE row 1643 711314406 711324469
NPTRACE row 1644 711329428 711340440
NPTRACE row 1645 711346936 711371853
NPTRACE row 1646 711374849 711390126
NPTRACE row 1647 711380979 711393052
NPTRACE row 1648 711397340 711406923
NPTRACE row 1649 711413105 711424145
NPTRACE row 1650 711428849 711440263
NPTRACE row 1651 711446301 711457475
NPTRACE row 1652 711462655 711473606
NPTRACE row 1653 711479450 711490144
NPTRACE row 1654 711502761 711506820
NPTRACE row 1655 711513391 711523617
NPTRACE row 1656 711526838 711540201
NPTRACE row 1657 711543057 711556761
NPTRACE row 1658 711559598 711573466
NPTRACE row 1659 711585254 711590128
NPTRACE row 1660 711596415 711607553
NPTRACE row 1661 711613940 711623799
NPTRACE row 1662 711633887 711640454
NPTRACE row 1663 711643872 711656996
NPTRACE row 1664 711659870 711674235
NPTRACE row 1665 711678293 711690273
NPTRACE row 1666 711696842 711707403
NPTRACE row 1667 711711835 711723782
NPTRACE row 1668 711731175 711751098
NPTRACE row 1669 711756342 711756980
NPTRACE row 1670 711768001 711777490
NPTRACE row 1671 711782653 711790341
NPTRACE row 1672 711797229 711807423
NPTRACE row 1673 711811912 711823749
NPTRACE row 1674 711830127 711840928
NPTRACE row 1675 711845909 711856945
NPTRACE row 1676 711863378 711874109
NPTRACE row 1677 711878108 711890269
NPTRACE row 1678 711896667 711907543
NPTRACE row 1679 711913599 711923946
NPTRACE row 1680 711931154 711947717
NPTRACE row 1681 711951728 711958763
NPTRACE row 1682 711963328 711974157
NPTRACE row 1683 711979442 711990247
NPTRACE row 1684 711997062 712006816
NPTRACE row 1685 712009903 712023545
NPTRACE row 1686 712026455 712048697
NPTRACE row 1687 712052449 712057729
NPTRACE row 1688 712063558 712074460
NPTRACE row 1689 712079242 712090308
NPTRACE row 1690 712096593 712107344
NPTRACE row 1691 712111706 712123635
NPTRACE row 1692 712129633 712140140
NPTRACE row 1693 712142804 712156763
NPTRACE row 1694 712159617 712174266
NPTRACE row 1695 712178468 712190253
NPTRACE row 1696 712196934 712207365
NPTRACE row 1697 712211975 712223798
NPTRACE row 1698 712229954 712240867
NPTRACE row 1699 712246169 712256904
NPTRACE row 1700 712263099 712273474
NPTRACE row 1701 712276122 712290094
NPTRACE row 1702 712292956 712307653
NPTRACE row 1703 712312948 712323835
NPTRACE row 1704 712330758 712340255
NPTRACE row 1705 712342980 712356764
NPTRACE row 1706 712359608 712373492
NPTRACE row 1707 712386045 712391003
NPTRACE row 1708 712396974 712407409
NPTRACE row 1709 712411798 712423802
NPTRACE row 1710 712429767 712440164
NPTRACE row 1711 712446185 712457053
NPTRACE row 1712 712462696 712481976
NPTRACE row 1713 712487961 712490208
NPTRACE row 1714 712497792 712507180
NPTRACE row 1715 712510035 712523343
NPTRACE row 1716 712526099 712540093
NPTRACE row 1717 712539472 712542564
NPTRACE row 1718 712561928 712573620
NPTRACE row 1719 712578810 712590217
NPTRACE row 1720 712589732 712592520
NPTRACE row 1721 712606414 712609389
NPTRACE row 1722 712623037 712640861
NPTRACE row 1723 712650711 712660885
NPTRACE row 1724 712664925 712673629
NPTRACE row 1725 712678699 712690167
NPTRACE row 1726 712695498 712707034
NPTRACE row 1727 712713084 712724688
NPTRACE row 1728 712730538 712740425
NPTRACE row 1729 712744762 712756827
NPTRACE row 1730 712756453 712759137
NPTRACE row 1731 712772601 712775831
NPTRACE row 1732 712795116 712807030
NPTRACE row 1733 712812253 712824256
NPTRACE row 1734 712823036 712827622
NPTRACE row 1735 712844973 712857535
NPTRACE row 1736 712862095 712873687
NPTRACE row 1737 712878312 712897529
NPTRACE row 1738 712902148 712906821
NPTRACE row 1739 712912552 712924534
NPTRACE row 1740 712922942 712927954
NPTRACE row 1741 712945759 712956937
NPTRACE row 1742 712955839 712959256
NPTRACE row 1743 712972719 712976054
NPTRACE row 1744 713001891 713008425
NPTRACE row 1745 713012762 713033932
NPTRACE row 1746 713038223 713040163
NPTRACE row 1747 713047446 713058785
NPTRACE row 1748 713062986 713073648
NPTRACE row 1749 713078091 713090250
NPTRACE row 1750 713092870 713106703
NPTRACE row 1751 713109986 713124310
NPTRACE row 1752 713129235 713140701
NPTRACE row 1753 713145392 713156924
NPTRACE row 1754 713169103 713174142
NPTRACE row 1755 713179111 713191015
NPTRACE row 1756 713195126 713207136
NPTRACE row 1757 713212543 713238402
NPTRACE row 1758 713241938 713257660
NPTRACE row 1759 713251589 713261495
NPTRACE row 1760 713266902 713273831
NPTRACE row 1761 713281019 713290869
NPTRACE row 1762 713295890 713306972
NPTRACE row 1763 713312033 713323722
NPTRACE row 1764 713327125 713340490
NPTRACE row 1765 713344321 713356835
NPTRACE row 1766 713356433 713359221
NPTRACE row 1767 713372878 713375942
NPTRACE row 1768 713389768 713392570
NPTRACE row 1769 713411841 713423666
NPTRACE row 1770 713427959 713440242
NPTRACE row 1771 713439406 713442611
NPTRACE row 1772 713456342 713459221
NPTRACE row 1773 713472659 713476199
NPTRACE row 1774 713494857 713506914
NPTRACE row 1775 713510105 713523518
NPTRACE row 1776 713526708 713540814
NPTRACE row 1777 713539947 713544307
NPTRACE row 1778 713562071 713574171
NPTRACE row 1779 713578814 713590312
NPTRACE row 1780 713595759 713607604
NPTRACE row 1781 713611682 713623709
NPTRACE row 1782 713630119 713641076
NPTRACE row 1783 713645339 713658425
NPTRACE row 1784 713667581 713673999
NPTRACE row 1785 713681246 713690344
NPTRACE row 1786 713695600 713707516
NPTRACE row 1787 713712250 713723801
NPTRACE row 1788 713727990 713740865
NPTRACE row 1789 713745052 713756964
NPTRACE row 1790 713761640 713774233
NPTRACE row 1791 713779327 713790531
NPTRACE row 1792 713794671 713821726
NPTRACE row 1793 713806327 713824376
NPTRACE row 1794 713831141 713856376
NPTRACE row 1795 713839405 713858988
NPTRACE row 1796 713866141 713877453
NPTRACE row 1797 713882180 713890538
NPTRACE row 1798 713896929 713906934
NPTRACE row 1799 713906397 713909946
NPTRACE row 1800 713928691 713940353
NPTRACE row 1801 713939423 713942705
NPTRACE row 1802 713956515 713959259
NPTRACE row 1803 713972726 713977550
NPTRACE row 1804 713997419 714015070
NPTRACE row 1805 714024784 714054068
NPTRACE row 1806 714031311 714056506
NPTRACE row 1807 714059976 714074428
NPTRACE row 1808 714070332 714078154
NPTRACE row 1809 714086865 714090676
NPTRACE row 1810 714101744 714108004
NPTRACE row 1811 714114382 714124059
NPTRACE row 1812 714129145 714140915
NPTRACE row 1813 714139842 714144351
NPTRACE row 1814 714161062 714173592
NPTRACE row 1815 714172206 714175961
NPTRACE row 1816 714189110 714192570
NPTRACE row 1817 714206222 714209670
NPTRACE row 1818 714227274 714240229
NPTRACE row 1819 714238751 714242571
NPTRACE row 1820 714255737 714259259
NPTRACE row 1821 714272020 714275919
NPTRACE row 1822 714289183 714292890
NPTRACE row 1823 714311537 714323618
NPTRACE row 1824 714322820 714326095
NPTRACE row 1825 714339074 714342542
NPTRACE row 1826 714356346 714360808
NPTRACE row 1827 714377736 714390910
NPTRACE row 1828 714389584 714394393
NPTRACE row 1829 714411690 714424446
NPTRACE row 1830 714428587 714440416
NPTRACE row 1831 714444830 714456942
NPTRACE row 1832 714456546 714459713
NPTRACE row 1833 714477213 714490929
NPTRACE row 1834 714494604 714506774
NPTRACE row 1835 714511446 714524178
NPTRACE row 1836 714522403 714527771
NPTRACE row 1837 714544539 714557550
NPTRACE row 1838 714555658 714561054
NPTRACE row 1839 714577855 714590265
NPTRACE row 1840 714589729 714592780
NPTRACE row 1841 714605744 714609495
NPTRACE row 1842 714622807 714626258
NPTRACE row 1843 714640103 714643518
NPTRACE row 1844 714660772 714674035
NPTRACE row 1845 714671983 714677490
NPTRACE row 1846 714696418 714707043
NPTRACE row 1847 714705873 714711594
NPTRACE row 1848 714722915 714725907
NPTRACE row 1849 714738540 714742532
NPTRACE row 1850 714755602 714759256
NPTRACE row 1851 714772608 714777535
NPTRACE row 1852 714794527 714814654
NPTRACE row 1853 714806016 714817546
NPTRACE row 1854 714830209 714842922
NPTRACE row 1855 714839286 714845987
NPTRACE row 1856 714854931 714860638
NPTRACE row 1857 714879001 714890440
NPTRACE row 1858 714889176 714894051
NPTRACE row 1859 714910979 714923699
NPTRACE row 1860 714922557 714927077
NPTRACE row 1861 714944673 714956959
NPTRACE row 1862 714956319 714960414
NPTRACE row 1863 714972673 714976235
NPTRACE row 1864 714989925 714993750
NPTRACE row 1865 715006311 715018173
NPTRACE row 1866 715028985 715054178
NPTRACE row 1867 715038752 715056827
NPTRACE row 1868 715063593 715077483
NPTRACE row 1869 715073013 715080866
NPTRACE row 1870 715095847 715107614
NPTRACE row 1871 715105432 715111369
NPTRACE row 1872 715127852 715140947
NPTRACE row 1873 715139270 715144425
NPTRACE row 1874 715160493 715173526
NPTRACE row 1875 715171425 715175880
NPTRACE row 1876 715188528 715192580
NPTRACE row 1877 715205150 715211205
NPTRACE row 1878 715227896 715240188
NPTRACE row 1879 715238318 715242536
NPTRACE row 1880 715255121 715259274
NPTRACE row 1881 715271171 715276396
NPTRACE row 1882 715289213 715293808
NPTRACE row 1883 715306234 715318234
NPTRACE row 1884 715329091 715348447
NPTRACE row 1885 715337921 715351208
NPTRACE row 1886 715363174 715374671
NPTRACE row 1887 715372616 715378300
NPTRACE row 1888 715389418 715393610
NPTRACE row 1889 715405004 715411020
NPTRACE row 1890 715422746 715426784
NPTRACE row 1891 715438919 715442918
NPTRACE row 1892 715455832 715460358
NPTRACE row 1893 715472685 715490491
NPTRACE row 1894 715497261 715523801
NPTRACE row 1895 715527022 715540985
NPTRACE row 1896 715537088 715544547
NPTRACE row 1897 715553378 715557343
NPTRACE row 1898 715569358 715586639
NPTRACE row 1899 715591638 715607622
NPTRACE row 1900 715601279 715611097
NPTRACE row 1901 715617507 715624047
NPTRACE row 1902 715633605 715640823
NPTRACE row 1903 715646920 715657253
NPTRACE row 1904 715661690 715673610
NPTRACE row 1905 715670928 715675991
NPTRACE row 1906 715693108 715707665
NPTRACE row 1907 715704803 715711269
NPTRACE row 1908 715722641 715727046
NPTRACE row 1909 715738435 715744178
NPTRACE row 1910 715755499 715760121
NPTRACE row 1911 715770736 715775811
NPTRACE row 1912 715787594 715792601
NPTRACE row 1913 715804866 715823729
NPTRACE row 1914 715830538 715842903
NPTRACE row 1915 715838904 715845773
NPTRACE row 1916 715864444 715877571
NPTRACE row 1917 715873012 715880961
NPTRACE row 1918 715895851 715907564
NPTRACE row 1919 715906520 715911554
NPTRACE row 1920 715927139 715940698
NPTRACE row 1921 715938236 715944180
NPTRACE row 1922 715956031 715960403
NPTRACE row 1923 715972266 715977447
NPTRACE row 1924 715989103 715993702
NPTRACE row 1925 716004802 716011003
NPTRACE row 1926 716022577 716027148
NPTRACE row 1927 716038768 716042903
NPTRACE row 1928 716055200 716060130
NPTRACE row 1929 716072229 716090353
NPTRACE row 1930 716097302 716110774
NPTRACE row 1931 716115157 716123733
NPTRACE row 1932 716130066 716140263
NPTRACE row 1933 716137193 716142612
NPTRACE row 1934 716154189 716159274
NPTRACE row 1935 716171455 716190351
NPTRACE row 1936 716197331 716223603
NPTRACE row 1937 716227152 716241047
NPTRACE row 1938 716235739 716244473
NPTRACE row 1939 716251002 716257213
NPTRACE row 1940 716268690 716274215
NPTRACE row 1941 716280671 716290365
NPTRACE row 1942 716295077 716316251
NPTRACE row 1943 716305908 716319138
NPTRACE row 1944 716330809 716341788
NPTRACE row 1945 716339565 716345207
NPTRACE row 1946 716356416 716360190
NPTRACE row 1947 716371828 716377442
NPTRACE row 1948 716388666 716393722
NPTRACE row 1949 716404173 716410916
NPTRACE row 1950 716421779 716426805
NPTRACE row 1951 716437059 716442562
NPTRACE row 1952 716454885 716459437
NPTRACE row 1953 716471282 716477652
NPTRACE row 1954 716488668 716493783
NPTRACE row 1955 716505605 716511252
NPTRACE row 1956 716527025 716547928
NPTRACE row 1957 716538068 716550922
NPTRACE row 1958 716562174 716574109
NPTRACE row 1959 716571825 716577886
NPTRACE row 1960 716589144 716593869
NPTRACE row 1961 716605174 716609423
NPTRACE row 1962 716621908 716626047
NPTRACE row 1963 716638226 716650944
NPTRACE row 1964 716663765 716673711
NPTRACE row 1965 716671490 716676351
NPTRACE row 1966 716687922 716692701
NPTRACE row 1967 716704502 716710059
NPTRACE row 1968 716721694 716728076
NPTRACE row 1969 716739248 716743591
NPTRACE row 1970 716754882 716759261
NPTRACE row 1971 716770936 716776034
NPTRACE row 1972 716788139 716801135
NPTRACE row 1973 716812752 716823780
NPTRACE row 1974 716821501 716826314
NPTRACE row 1975 716837637 716842701
NPTRACE row 1976 716854371 716859375
NPTRACE row 1977 716870626 716877681
NPTRACE row 1978 716889093 716893915
NPTRACE row 1979 716904312 716909398
NPTRACE row 1980 716920955 716926049
NPTRACE row 1981 716937242 716943049
NPTRACE row 1982 716962312 716988248
NPTRACE row 1983 716972376 716990992
NPTRACE row 1984 717001174 717009712
NPTRACE row 1985 717014383 717024470
NPTRACE row 1986 717021395 717028458
NPTRACE row 1987 717037573 717042564
NPTRACE row 1988 717054154 717059360
NPTRACE row 1989 717070532 717076033
NPTRACE row 1990 717087227 717094305
NPTRACE row 1991 717105491 717111223
NPTRACE row 1992 717122634 717127741
NPTRACE row 1993 717138589 717143748
NPTRACE row 1994 717154231 717159217
NPTRACE row 1995 717170330 717176033
NPTRACE row 1996 717187824 717194298
NPTRACE row 1997 717206239 717210581
NPTRACE row 1998 717221002 717225902
NPTRACE row 1999 717237477 717242786
NPTRACE row 2000 717254148 717261034
NPTRACE row 2001 717271922 717276935
NPTRACE row 2002 717287625 717293007
NPTRACE row 2003 717305033 717311316
NPTRACE row 2004 717322721 717334657
NPTRACE row 2005 717346295 717367561
NPTRACE row 2006 717355543 717370573
NPTRACE row 2007 717381249 717391017
NPTRACE row 2008 717387901 717393606
NPTRACE row 2009 717403836 717409493
NPTRACE row 2010 717420502 717425996
NPTRACE row 2011 717436843 717443004
NPTRACE row 2012 717462139 717474035
NPTRACE row 2013 717471649 717477705
NPTRACE row 2014 717489101 717494151
NPTRACE row 2015 717503981 717509461
NPTRACE row 2016 717521080 717526116
NPTRACE row 2017 717537446 717542975
NPTRACE row 2018 717562850 717587583
NPTRACE row 2019 717572389 717590118
NPTRACE row 2020 717597577 717610981
NPTRACE row 2021 717616104 717624101
NPTRACE row 2022 717633162 717640935
NPTRACE row 2023 717647153 717657364
NPTRACE row 2024 717663215 717673754
NPTRACE row 2025 717676941 717690403
NPTRACE row 2026 717686959 717693824
NPTRACE row 2027 717706535 717710767
NPTRACE row 2028 717721029 717728408
NPTRACE row 2029 717744710 717757620
NPTRACE row 2030 717754394 717761629
NPTRACE row 2031 717778457 717790594
NPTRACE row 2032 717789332 717794635
NPTRACE row 2033 717811119 717823515
NPTRACE row 2034 717821860 717827168
NPTRACE row 2035 717840040 717844278
NPTRACE row 2036 717855439 717860636
NPTRACE row 2037 717872508 717877529
NPTRACE row 2038 717888809 717894073
NPTRACE row 2039 717906152 717911070
NPTRACE row 2040 717927632 717940156
NPTRACE row 2041 717938256 717943054
NPTRACE row 2042 717955890 717960976
NPTRACE row 2043 717972425 717977606
NPTRACE row 2044 717989626 717994016
NPTRACE row 2045 718005818 718009923
NPTRACE row 2046 718020338 718027442
NPTRACE row 2047 718045220 718057269
NPTRACE row 2048 718055875 718061210
NPTRACE row 2049 718078021 718090294
NPTRACE row 2050 718089147 718093922
NPTRACE row 2051 718106576 718111005
NPTRACE row 2052 718122357 718127490
NPTRACE row 2053 718139380 718144275
NPTRACE row 2054 718155946 718160672
NPTRACE row 2055 718172111 718177635
NPTRACE row 2056 718189387 718193726
NPTRACE row 2057 718204388 718217850
NPTRACE row 2058 718230434 718241459
NPTRACE row 2059 718239336 718245078
NPTRACE row 2060 718260998 718288126
NPTRACE row 2061 718272141 718290727
NPTRACE row 2062 718301126 718311082
NPTRACE row 2063 718317121 718324183
NPTRACE row 2064 718336268 718341134
NPTRACE row 2065 718349100 718357270
NPTRACE row 2066 718369972 718389223
NPTRACE row 2067 718395250 718407776
NPTRACE row 2068 718405209 718411267
NPTRACE row 2069 718423201 718425583
NPTRACE row 2070 718435862 718444288
NPTRACE row 2071 718450904 718457158
NPTRACE row 2072 718469456 718474424
NPTRACE row 2073 718481618 718490571
NPTRACE row 2074 718497254 718507153
NPTRACE row 2075 718512737 718524098
NPTRACE row 2076 718523203 718528302
NPTRACE row 2077 718538036 718543023
NPTRACE row 2078 718554425 718561429
NPTRACE row 2079 718572119 718576510
NPTRACE row 2080 718596327 718610924
NPTRACE row 2081 718604325 718614549
NPTRACE row 2082 718630083 718641061
NPTRACE row 2083 718638640 718644580
NPTRACE row 2084 718655359 718660925
NPTRACE row 2085 718671545 718676347
NPTRACE row 2086 718687981 718694469
NPTRACE row 2087 718705534 718711148
NPTRACE row 2088 718723564 718727953
NPTRACE row 2089 718738811 718744242
NPTRACE row 2090 718763915 718773826
NPTRACE row 2091 718779868 718790551
NPTRACE row 2092 718795088 718807318
NPTRACE row 2093 718806326 718811176
NPTRACE row 2094 718822771 718827866
NPTRACE row 2095 718844909 718857291
NPTRACE row 2096 718855636 718861385
NPTRACE row 2097 718872985 718877503
NPTRACE row 2098 718888831 718894962
NPTRACE row 2099 718905702 718917833
NPTRACE row 2100 718929000 718953830
NPTRACE row 2101 718938303 718956293
NPTRACE row 2102 718963414 718976354
NPTRACE row 2103 718971975 718979300
NPTRACE row 2104 718997871 719017695
NPTRACE row 2105 719006690 719020778
NPTRACE row 2106 719034477 719041278
NPTRACE row 2107 719046050 719057421
NPTRACE row 2108 719056864 719061555
NPTRACE row 2109 719071557 719077417
NPTRACE row 2110 719088230 719094066
NPTRACE row 2111 719106352 719124273
NPTRACE row 2112 719134909 719143135
NPTRACE row 2113 719148893 719157272
NPTRACE row 2114 719166557 719174301
NPTRACE row 2115 719180430 719190598
NPTRACE row 2116 719195978 719207576
NPTRACE row 2117 719206110 719211273
NPTRACE row 2118 719222691 719227907
NPTRACE row 2119 719237796 719244224
NPTRACE row 2120 719255409 719261080
NPTRACE row 2121 719270715 719277494
NPTRACE row 2122 719289481 719294540
NPTRACE row 2123 719305193 719311102
NPTRACE row 2124 719322191 719327899
NPTRACE row 2125 719337602 719357011
NPTRACE row 2126 719364024 719377527
NPTRACE row 2127 719372531 719380967
NPTRACE row 2128 719396316 719407673
NPTRACE row 2129 719406559 719411342
NPTRACE row 2130 719422705 719427761
NPTRACE row 2131 719444807 719457179
NPTRACE row 2132 719455599 719460798
NPTRACE row 2133 719471030 719477547
NPTRACE row 2134 719488572 719494607
NPTRACE row 2135 719505262 719511076
NPTRACE row 2136 719523220 719527973
NPTRACE row 2137 719537522 719542960
NPTRACE row 2138 719555463 719561206
NPTRACE row 2139 719571959 719576327
NPTRACE row 2140 719584626 719594090
NPTRACE row 2141 719605663 719625577
NPTRACE row 2142 719635799 719644100
NPTRACE row 2143 719649663 719657097
NPTRACE row 2144 719661896 719673836
NPTRACE row 2145 719673081 719677464
NPTRACE row 2146 719687170 719694448
NPTRACE row 2147 719711975 719724013
NPTRACE row 2148 719722557 719727832
NPTRACE row 2149 719739676 719744183
NPTRACE row 2150 719754325 719761019
NPTRACE row 2151 719773372 719777473
NPTRACE row 2152 719789956 719794617
NPTRACE row 2153 719811962 719824010
NPTRACE row 2154 719822067 719828071
NPTRACE row 2155 719839271 719842938
NPTRACE row 2156 719850420 719861598
NPTRACE row 2157 719878275 719890499
NPTRACE row 2158 719887157 719894774
NPTRACE row 2159 719911592 719924019
NPTRACE row 2160 719922404 719928166
NPTRACE row 2161 719940045 719944109
NPTRACE row 2162 719955040 719960962
NPTRACE row 2163 719972304 719984542
NPTRACE row 2164 719997091 720007879
NPTRACE row 2165 720011685 720023751
NPTRACE row 2166 720023018 720027530
NPTRACE row 2167 720037447 720051119
NPTRACE row 2168 720063409 720074816
NPTRACE row 2169 720072124 720078306
NPTRACE row 2170 720089942 720094609
NPTRACE row 2171 720105257 720111209
NPTRACE row 2172 720122114 720127507
NPTRACE row 2173 720136992 720144179
NPTRACE row 2174 720154713 720161137
NPTRACE row 2175 720171056 720177735
NPTRACE row 2176 720188707 720194351
NPTRACE row 2177 720205267 720209859
NPTRACE row 2178 720217733 720227853
NPTRACE row 2179 720238943 720244170
NPTRACE row 2180 720253760 720261293
NPTRACE row 2181 720272882 720276355
NPTRACE row 2182 720284118 720294587
NPTRACE row 2183 720303599 720309478
NPTRACE row 2184 720318098 720326202
NPTRACE row 2185 720334018 720342781
NPTRACE row 2186 720352953 720361124
NPTRACE row 2187 720372487 720378073
NPTRACE row 2188 720387614 720394243
NPTRACE row 2189 720405357 720411387
NPTRACE row 2190 720420875 720427687
NPTRACE row 2191 720438679 720444410
NPTRACE row 2192 720454836 720461060
NPTRACE row 2193 720471311 720477805
NPTRACE row 2194 720485127 720492737
NPTRACE row 2195 720500367 720509673
NPTRACE row 2196 720519541 720526356
NPTRACE row 2197 720537273 720544504
NPTRACE row 2198 720554741 720560905
NPTRACE row 2199 720571368 720577786
NPTRACE row 2200 720588153 720594321
NPTRACE row 2201 720605284 720611182
NPTRACE row 2202 720620982 720627729
NPTRACE row 2203 720638190 720644585
NPTRACE row 2204 720655041 720667814
NPTRACE row 2205 720678717 720690475
NPTRACE row 2206 720688419 720693375
NPTRACE row 2207 720705599 720711445
NPTRACE row 2208 720722297 720726609
NPTRACE row 2209 720745287 720757070
NPTRACE row 2210 720752107 720759760
NPTRACE row 2211 720766875 720776122
NPTRACE row 2212 720784001 720792822
NPTRACE row 2213 720801283 720811112
NPTRACE row 2214 720828025 720853462
NPTRACE row 2215 720862057 720874080
NPTRACE row 2216 720871774 720876919
NPTRACE row 2217 720888123 720891640
NPTRACE row 2218 720904686 720907794
NPTRACE row 2219 720917774 720925267
NPTRACE row 2220 720936973 720955316
NPTRACE row 2221 720961438 720974593
NPTRACE row 2222 720970504 720978071
NPTRACE row 2223 720987992 720991249
NPTRACE row 2224 721003421 721016075
NPTRACE row 2225 721025352 721041257
NPTRACE row 2226 721034348 721044746
NPTRACE row 2227 721049107 721057331
NPTRACE row 2228 721068483 721073973
NPTRACE row 2229 721086183 721090493
NPTRACE row 2230 721096482 721107050
NPTRACE row 2231 721103027 721109771
NPTRACE row 2232 721117570 721126209
NPTRACE row 2233 721133559 721142775
NPTRACE row 2234 721152133 721161094
NPTRACE row 2235 721172139 721178331
NPTRACE row 2236 721188188 721194250
NPTRACE row 2237 721205863 721211502
NPTRACE row 2238 721223122 721227633
NPTRACE row 2239 721240075 721244789
NPTRACE row 2240 721255982 721260915
NPTRACE row 2241 721271831 721278001
NPTRACE row 2242 721289317 721302424
NPTRACE row 2243 721314167 721324356
NPTRACE row 2244 721320507 721326917
NPTRACE row 2245 721333301 721342800
NPTRACE row 2246 721350137 721359469
NPTRACE row 2247 721367999 721377549
NPTRACE row 2248 721396365 721407879
NPTRACE row 2249 721406507 721411573
NPTRACE row 2250 721430308 721441302
NPTRACE row 2251 721439106 721444812
NPTRACE row 2252 721461239 721474329
NPTRACE row 2253 721471488 721477768
NPTRACE row 2254 721489245 721494629
NPTRACE row 2255 721505878 721523846
NPTRACE row 2256 721534334 721544458
NPTRACE row 2257 721549660 721557423
NPTRACE row 2258 721569234 721574630
NPTRACE row 2259 721582232 721590693
NPTRACE row 2260 721601618 721607160
NPTRACE row 2261 721625808 721641363
NPTRACE row 2262 721635483 721644809
NPTRACE row 2263 721652690 721657350
NPTRACE row 2264 721665995 721673943
NPTRACE row 2265 721672511 721676383
NPTRACE row 2266 721684928 721691293
NPTRACE row 2267 721702971 721708108
NPTRACE row 2268 721721897 721726279
NPTRACE row 2269 721738136 721742268
NPTRACE row 2270 721755328 721759398
NPTRACE row 2271 721769399 721790734
NPTRACE row 2272 721802329 721809075
NPTRACE row 2273 721816231 721824946
NPTRACE row 2274 721838823 721841620
NPTRACE row 2275 721851707 721858920
NPTRACE row 2276 721869440 721874079
NPTRACE row 2277 721882792 721891062
NPTRACE row 2278 721901836 721907140
NPTRACE row 2279 721919973 721924741
NPTRACE row 2280 721931098 721940515
NPTRACE row 2281 721937380 721943062
NPTRACE row 2282 721951571 721957926
NPTRACE row 2283 721966139 721974537
NPTRACE row 2284 721985330 721992373
NPTRACE row 2285 722005060 722009693
NPTRACE row 2286 722020902 722024617
NPTRACE row 2287 722032968 722042651
NPTRACE row 2288 722055614 722057945
NPTRACE row 2289 722068826 722075896
NPTRACE row 2290 722089075 722092130
NPTRACE row 2291 722103890 722109329
NPTRACE row 2292 722121691 722125460
NPTRACE row 2293 722136482 722142482
NPTRACE row 2294 722154218 722158963
NPTRACE row 2295 722169997 722176543
NPTRACE row 2296 722187633 722192328
NPTRACE row 2297 722203933 722209492
NPTRACE row 2298 722221227 722225566
NPTRACE row 2299 722236746 722242648
NPTRACE row 2300 722254598 722258866
NPTRACE row 2301 722270568 722275938
NPTRACE row 2302 722286712 722291284
NPTRACE row 2303 722299868 722310063
NPTRACE row 2304 722320189 722324753
NPTRACE row 2305 722332937 722341183
NPTRACE row 2306 722351271 722358908
NPTRACE row 2307 722370604 722375845
NPTRACE row 2308 722387526 722392277
NPTRACE row 2309 722404365 722409438
NPTRACE row 2310 722421329 722425618
NPTRACE row 2311 722437038 722442302
NPTRACE row 2312 722454313 722458017
NPTRACE row 2313 722468471 722475905
NPTRACE row 2314 722487981 722491362
NPTRACE row 2315 722503173 722509466
NPTRACE row 2316 722520959 722525650
NPTRACE row 2317 722536868 722541971
NPTRACE row 2318 722551865 722558524
NPTRACE row 2319 722569897 722576544
NPTRACE row 2320 722587134 722591290
NPTRACE row 2321 722599121 722609296
NPTRACE row 2322 722619373 722624724
NPTRACE row 2323 722632063 722641096
NPTRACE row 2324 722649452 722657836
NPTRACE row 2325 722668548 722676012
NPTRACE row 2326 722688049 722692252
NPTRACE row 2327 722704384 722709341
NPTRACE row 2328 722720992 722724758
NPTRACE row 2329 722735334 722742651
NPTRACE row 2330 722754416 722765940
NPTRACE row 2331 722777081 722791258
NPTRACE row 2332 722785255 722794755
NPTRACE row 2333 722809459 722824401
NPTRACE row 2334 722818973 722827827
NPTRACE row 2335 722844901 722857188
NPTRACE row 2336 722861832 722873948
NPTRACE row 2337 722871438 722877932
NPTRACE row 2338 722892081 722907274
NPTRACE row 2339 722900723 722911138
NPTRACE row 2340 722924730 722940338
NPTRACE row 2341 722930902 722945141
NPTRACE row 2342 722955021 722957653
NPTRACE row 2343 722963878 722974252
NPTRACE row 2344 722980923 722990933
NPTRACE row 2345 722999335 723008699
NPTRACE row 2346 723019744 723025434
NPTRACE row 2347 723035421 723042044
NPTRACE row 2348 723052432 723058401
NPTRACE row 2349 723069083 723075505
NPTRACE row 2350 723086207 723092361
NPTRACE row 2351 723104016 723109056
NPTRACE row 2352 723127479 723140473
NPTRACE row 2353 723133385 723142872
NPTRACE row 2354 723150067 723157620
NPTRACE row 2355 723164378 723175085
NPTRACE row 2356 723186364 723191707
NPTRACE row 2357 723203962 723208979
NPTRACE row 2358 723220342 723225311
NPTRACE row 2359 723236948 723242036
NPTRACE row 2360 723252926 723258316
NPTRACE row 2361 723268931 723275346
NPTRACE row 2362 723286337 723291757
NPTRACE row 2363 723303848 723308915
NPTRACE row 2364 723319894 723325207
NPTRACE row 2365 723336361 723355113
NPTRACE row 2366 723362141 723374266
NPTRACE row 2367 723370888 723377226
NPTRACE row 2368 723384615 723392185
NPTRACE row 2369 723406728 723416289
NPTRACE row 2370 723429553 723448364
NPTRACE row 2371 723437538 723451133
NPTRACE row 2372 723460936 723473780
NPTRACE row 2373 723466952 723476246
NPTRACE row 2374 723482989 723490789
NPTRACE row 2375 723500358 723508549
NPTRACE row 2376 723520934 723525600
NPTRACE row 2377 723535223 723541774
NPTRACE row 2378 723553873 723558450
NPTRACE row 2379 723567707 723575194
NPTRACE row 2380 723586968 723591730
NPTRACE row 2381 723601299 723608451
NPTRACE row 2382 723619352 723625335
NPTRACE row 2383 723634489 723641730
NPTRACE row 2384 723653395 723658852
NPTRACE row 2385 723667490 723674763
NPTRACE row 2386 723686021 723705085
NPTRACE row 2387 723711723 723724295
NPTRACE row 2388 723720944 723727055
NPTRACE row 2389 723736232 723741539
NPTRACE row 2390 723752635 723758360
NPTRACE row 2391 723766945 723774943
NPTRACE row 2392 723786574 723791950
NPTRACE row 2393 723801022 723808244
NPTRACE row 2394 723818670 723825534
NPTRACE row 2395 723833984 723841514
NPTRACE row 2396 723850982 723858739
NPTRACE row 2397 723867483 723874601
NPTRACE row 2398 723887895 723894474
NPTRACE row 2399 723905711 723907080
NPTRACE end 686d1b003f4c9d72
