NPTRACE begin 043db97a2963b4ec 2400 2400 1 0
NPTRACE row 0 91543189 91545373
NPTRACE row 1 91556558 91558327
NPTRACE row 2 91575654 91578202
NPTRACE row 3 91589549 91591032
NPTRACE row 4 91606699 91607508
NPTRACE row 5 91623300 91624545
NPTRACE row 6 91641107 91644860
NPTRACE row 7 91655751 91657641
NPTRACE row 8 91674747 91678651
NPTRACE row 9 91689712 91691042
NPTRACE row 10 91708355 91711498
NPTRACE row 11 91733260 91736580
NPTRACE row 12 91741744 91745053
NPTRACE row 13 91756450 91757669
NPTRACE row 14 91775227 91778164
NPTRACE row 15 91790511 91791831
NPTRACE row 16 91806595 91807426
NPTRACE row 17 91823770 91824533
NPTRACE row 18 91842751 91844898
NPTRACE row 19 91856668 91857924
NPTRACE row 20 91874461 91878488
NPTRACE row 21 91889914 91891059
NPTRACE row 22 91911831 91915986
NPTRACE row 23 91925766 91928494
NPTRACE row 24 91941416 91945232
NPTRACE row 25 91956851 91957718
NPTRACE row 26 91975099 91978560
NPTRACE row 27 91990214 91991044
NPTRACE row 28 92007192 92007442
NPTRACE row 29 92035344 92036770
NPTRACE row 30 92047399 92049129
NPTRACE row 31 92059971 92061677
NPTRACE row 32 92075814 92078273
NPTRACE row 33 92090183 92091838
NPTRACE row 34 92106855 92107452
NPTRACE row 35 92125694 92128567
NPTRACE row 36 92142998 92145087
NPTRACE row 37 92156724 92158467
NPTRACE row 38 92174748 92178569
NPTRACE row 39 92190039 92191006
NPTRACE row 40 92208777 92211630
NPTRACE row 41 92225348 92228570
NPTRACE row 42 92239928 92240800
NPTRACE row 43 92257041 92257797
NPTRACE row 44 92274994 92278579
NPTRACE row 45 92290017 92290933
NPTRACE row 46 92306821 92307485
NPTRACE row 47 92323533 92324497
NPTRACE row 48 92342794 92345047
NPTRACE row 49 92356982 92358475
NPTRACE row 50 92375286 92378878
NPTRACE row 51 92398393 92399282
NPTRACE row 52 92409856 92412037
NPTRACE row 53 92423665 92424593
NPTRACE row 54 92441504 92445331
NPTRACE row 55 92456696 92457728
NPTRACE row 56 92475174 92478773
NPTRACE row 57 92490571 92491255
NPTRACE row 58 92507943 92511934
NPTRACE row 59 92523918 92524637
NPTRACE row 60 92540906 92545369
NPTRACE row 61 92556640 92557677
NPTRACE row 62 92577679 92586850
NPTRACE row 63 92598777 92599530
NPTRACE row 64 92608157 92611747
NPTRACE row 65 92620449 92624232
NPTRACE row 66 92636924 92641046
NPTRACE row 67 92658346 92661865
NPTRACE row 68 92671245 92674483
NPTRACE row 69 92690194 92691218
NPTRACE row 70 92706511 92707599
NPTRACE row 71 92733325 92736752
NPTRACE row 72 92743961 92745330
NPTRACE row 73 92756635 92757758
NPTRACE row 74 92776509 92778447
NPTRACE row 75 92790185 92791339
NPTRACE row 76 92806595 92807612
NPTRACE row 77 92825656 92828429
NPTRACE row 78 92842434 92845203
NPTRACE row 79 92866514 92870002
NPTRACE row 80 92877948 92878445
NPTRACE row 81 92889767 92891095
NPTRACE row 82 92908496 92911747
NPTRACE row 83 92923623 92924606
NPTRACE row 84 92940535 92940928
NPTRACE row 85 92956958 92958161
NPTRACE row 86 92974922 92994084
NPTRACE row 87 93002429 93003346
NPTRACE row 88 93026713 93028441
NPTRACE row 89 93035239 93036867
NPTRACE row 90 93047806 93049263
NPTRACE row 91 93060947 93061823
NPTRACE row 92 93075636 93079130
NPTRACE row 93 93090338 93091477
NPTRACE row 94 93108085 93112182
NPTRACE row 95 93123639 93124548
NPTRACE row 96 93140312 93140917
NPTRACE row 97 93156368 93157721
NPTRACE row 98 93172301 93174773
NPTRACE row 99 93190387 93191911
NPTRACE row 100 93207828 93219137
NPTRACE row 101 93233799 93236803
NPTRACE row 102 93243223 93261368
NPTRACE row 103 93269371 93270049
NPTRACE row 104 93283264 93286806
NPTRACE row 105 93296523 93299352
NPTRACE row 106 93310824 93311879
NPTRACE row 107 93335808 93336962
NPTRACE row 108 93346833 93349287
NPTRACE row 109 93361439 93361896
NPTRACE row 110 93372111 93374208
NPTRACE row 111 93386197 93386729
NPTRACE row 112 93403080 93403398
NPTRACE row 113 93440511 93441171
NPTRACE row 114 93452387 93453607
NPTRACE row 115 93467279 93470153
NPTRACE row 116 93477703 93479174
NPTRACE row 117 93491412 93495194
NPTRACE row 118 93509908 93511884
NPTRACE row 119 93525357 93528660
NPTRACE row 120 93541993 93545315
NPTRACE row 121 93557208 93557845
NPTRACE row 122 93572821 93574411
NPTRACE row 123 93590357 93591089
NPTRACE row 124 93608032 93628013
NPTRACE row 125 93641843 93645346
NPTRACE row 126 93654308 93657642
NPTRACE row 127 93668763 93670388
NPTRACE row 128 93682184 93682744
NPTRACE row 129 93696502 93699510
NPTRACE row 130 93706628 93707803
NPTRACE row 131 93720304 93724186
NPTRACE row 132 93736344 93736780
NPTRACE row 133 93755412 93757791
NPTRACE row 134 93777700 93778751
NPTRACE row 135 93790340 93791247
NPTRACE row 136 93808016 93811819
NPTRACE row 137 93825381 93828744
NPTRACE row 138 93839420 93841519
NPTRACE row 139 93856625 93857769
NPTRACE row 140 93871973 93874809
NPTRACE row 141 93890455 93891244
NPTRACE row 142 93907876 93912249
NPTRACE row 143 93925928 93928748
NPTRACE row 144 93941202 93945636
NPTRACE row 145 93956832 93957830
NPTRACE row 146 93971851 93974814
NPTRACE row 147 93990084 93991081
NPTRACE row 148 94009084 94012174
NPTRACE row 149 94025243 94028739
NPTRACE row 150 94038735 94041494
NPTRACE row 151 94056567 94057795
NPTRACE row 152 94074730 94079036
NPTRACE row 153 94090355 94091146
NPTRACE row 154 94109539 94112016
NPTRACE row 155 94123821 94125061
NPTRACE row 156 94137769 94141275
NPTRACE row 157 94156530 94157797
NPTRACE row 158 94175650 94179148
NPTRACE row 159 94190459 94191150
NPTRACE row 160 94212718 94216181
NPTRACE row 161 94226880 94228838
NPTRACE row 162 94241392 94257861
NPTRACE row 163 94266509 94270067
NPTRACE row 164 94276078 94279011
NPTRACE row 165 94289610 94291133
NPTRACE row 166 94307385 94307713
NPTRACE row 167 94323197 94324942
NPTRACE row 168 94341418 94345120
NPTRACE row 169 94369700 94370566
NPTRACE row 170 94384297 94386932
NPTRACE row 171 94398447 94399485
NPTRACE row 172 94407204 94407654
NPTRACE row 173 94418930 94420384
NPTRACE row 174 94435568 94436923
NPTRACE row 175 94456049 94457734
NPTRACE row 176 94474496 94478701
NPTRACE row 177 94489490 94491229
NPTRACE row 178 94507888 94512068
NPTRACE row 179 94522966 94524585
NPTRACE row 180 94539703 94541090
NPTRACE row 181 94555455 94557915
NPTRACE row 182 94573993 94574512
NPTRACE row 183 94588541 94591206
NPTRACE row 184 94607888 94611846
NPTRACE row 185 94622749 94624998
NPTRACE row 186 94637509 94641033
NPTRACE row 187 94654940 94658243
NPTRACE row 188 94677822 94678829
NPTRACE row 189 94689048 94691431
NPTRACE row 190 94704074 94707812
NPTRACE row 191 94733466 94737011
NPTRACE row 192 94743264 94745471
NPTRACE row 193 94755406 94757751
NPTRACE row 194 94774682 94778637
NPTRACE row 195 94788698 94791242
NPTRACE row 196 94804342 94807823
NPTRACE row 197 94822219 94824583
NPTRACE row 198 94837595 94841142
NPTRACE row 199 94855259 94857814
NPTRACE row 200 94870586 94874358
NPTRACE row 201 94888077 94891141
NPTRACE row 202 94903943 94907784
NPTRACE row 203 94922795 94924608
NPTRACE row 204 94937408 94941143
NPTRACE row 205 94955229 94957789
NPTRACE row 206 94970819 94974479
NPTRACE row 207 94988263 94991220
NPTRACE row 208 95004011 95007805
NPTRACE row 209 95022002 95024872
NPTRACE row 210 95037878 95041332
NPTRACE row 211 95067772 95070179
NPTRACE row 212 95077230 95079325
NPTRACE row 213 95088933 95091171
NPTRACE row 214 95107398 95107855
NPTRACE row 215 95121405 95124665
NPTRACE row 216 95139896 95141399
NPTRACE row 217 95154981 95157927
NPTRACE row 218 95174046 95174503
NPTRACE row 219 95188347 95191315
NPTRACE row 220 95204516 95207850
NPTRACE row 221 95222196 95224702
NPTRACE row 222 95237803 95241338
NPTRACE row 223 95255077 95257986
NPTRACE row 224 95274501 95278675
NPTRACE row 225 95288439 95291187
NPTRACE row 226 95304410 95307828
NPTRACE row 227 95322228 95324924
NPTRACE row 228 95339713 95341235
NPTRACE row 229 95354468 95357994
NPTRACE row 230 95370696 95374579
NPTRACE row 231 95387711 95391199
NPTRACE row 232 95403977 95407807
NPTRACE row 233 95421737 95424600
NPTRACE row 234 95437317 95441084
NPTRACE row 235 95454488 95457786
NPTRACE row 236 95470769 95474570
NPTRACE row 237 95488009 95491215
NPTRACE row 238 95504186 95507861
NPTRACE row 239 95521999 95524704
NPTRACE row 240 95539794 95541479
NPTRACE row 241 95563188 95566074
NPTRACE row 242 95574798 95578834
NPTRACE row 243 95588465 95591378
NPTRACE row 244 95607500 95607986
NPTRACE row 245 95622333 95624789
NPTRACE row 246 95639578 95641257
NPTRACE row 247 95655122 95657914
NPTRACE row 248 95670893 95675851
NPTRACE row 249 95687938 95691387
NPTRACE row 250 95710024 95712299
NPTRACE row 251 95721800 95724692
NPTRACE row 252 95740844 95741292
NPTRACE row 253 95754197 95757965
NPTRACE row 254 95770766 95774516
NPTRACE row 255 95788112 95791885
NPTRACE row 256 95803943 95807773
NPTRACE row 257 95821375 95824550
NPTRACE row 258 95836648 95837213
NPTRACE row 259 95858213 95862629
NPTRACE row 260 95875085 95878986
NPTRACE row 261 95887483 95891051
NPTRACE row 262 95906312 95908285
NPTRACE row 263 95921296 95924554
NPTRACE row 264 95938777 95941529
NPTRACE row 265 95954339 95958220
NPTRACE row 266 95970804 95974620
NPTRACE row 267 95987717 95991206
NPTRACE row 268 96004002 96007925
NPTRACE row 269 96021743 96024648
NPTRACE row 270 96037785 96041344
NPTRACE row 271 96054800 96057927
NPTRACE row 272 96070032 96070529
NPTRACE row 273 96087736 96091170
NPTRACE row 274 96103886 96107828
NPTRACE row 275 96121500 96124673
NPTRACE row 276 96137293 96141222
NPTRACE row 277 96154366 96158269
NPTRACE row 278 96170608 96174588
NPTRACE row 279 96187597 96192092
NPTRACE row 280 96202819 96203796
NPTRACE row 281 96220881 96224577
NPTRACE row 282 96236447 96237205
NPTRACE row 283 96253319 96254095
NPTRACE row 284 96269713 96270536
NPTRACE row 285 96287486 96291086
NPTRACE row 286 96303124 96303856
NPTRACE row 287 96320855 96325291
NPTRACE row 288 96336695 96337304
NPTRACE row 289 96354118 96357939
NPTRACE row 290 96370065 96370517
NPTRACE row 291 96387486 96391094
NPTRACE row 292 96403270 96403861
NPTRACE row 293 96431784 96433123
NPTRACE row 294 96444495 96445473
NPTRACE row 295 96456126 96457884
NPTRACE row 296 96469637 96470479
NPTRACE row 297 96488108 96491173
NPTRACE row 298 96502921 96503833
NPTRACE row 299 96521146 96524556
NPTRACE row 300 96536251 96537128
NPTRACE row 301 96552986 96554050
NPTRACE row 302 96569633 96570519
NPTRACE row 303 96586270 96587315
NPTRACE row 304 96602929 96603828
NPTRACE row 305 96621829 96624720
NPTRACE row 306 96636301 96637163
NPTRACE row 307 96653040 96654021
NPTRACE row 308 96669689 96670441
NPTRACE row 309 96686002 96687296
NPTRACE row 310 96702795 96703828
NPTRACE row 311 96719643 96720791
NPTRACE row 312 96742487 96745524
NPTRACE row 313 96765749 96766436
NPTRACE row 314 96775148 96778837
NPTRACE row 315 96786511 96787357
NPTRACE row 316 96803873 96807831
NPTRACE row 317 96820859 96824593
NPTRACE row 318 96836443 96837153
NPTRACE row 319 96854295 96858024
NPTRACE row 320 96869542 96870467
NPTRACE row 321 96889823 96891276
NPTRACE row 322 96902685 96903796
NPTRACE row 323 96924940 96928866
NPTRACE row 324 96936253 96937193
NPTRACE row 325 96952844 96953993
NPTRACE row 326 96969378 96970464
NPTRACE row 327 96997898 96999775
NPTRACE row 328 97010011 97012173
NPTRACE row 329 97022050 97024700
NPTRACE row 330 97036119 97037149
NPTRACE row 331 97052635 97053970
NPTRACE row 332 97069335 97070477
NPTRACE row 333 97088258 97091648
NPTRACE row 334 97102757 97103855
NPTRACE row 335 97122607 97124669
NPTRACE row 336 97136578 97137227
NPTRACE row 337 97152873 97154037
NPTRACE row 338 97169591 97170493
NPTRACE row 339 97195687 97199509
NPTRACE row 340 97203971 97208132
NPTRACE row 341 97219883 97220798
NPTRACE row 342 97236243 97237160
NPTRACE row 343 97252816 97253991
NPTRACE row 344 97269299 97270462
NPTRACE row 345 97285995 97287230
NPTRACE row 346 97302715 97303802
NPTRACE row 347 97318842 97320707
NPTRACE row 348 97336399 97337187
NPTRACE row 349 97352481 97353925
NPTRACE row 350 97369249 97370459
NPTRACE row 351 97389065 97391234
NPTRACE row 352 97402538 97403773
NPTRACE row 353 97419528 97420752
NPTRACE row 354 97435811 97437119
NPTRACE row 355 97455329 97457972
NPTRACE row 356 97469419 97470467
NPTRACE row 357 97485654 97487295
NPTRACE row 358 97502636 97503817
NPTRACE row 359 97519300 97520761
NPTRACE row 360 97536272 97537243
NPTRACE row 361 97556464 97557981
NPTRACE row 362 97569365 97570462
NPTRACE row 363 97585895 97587219
NPTRACE row 364 97603104 97603782
NPTRACE row 365 97619657 97620790
NPTRACE row 366 97636175 97637150
NPTRACE row 367 97651395 97653832
NPTRACE row 368 97669515 97670520
NPTRACE row 369 97685709 97687285
NPTRACE row 370 97702446 97703754
NPTRACE row 371 97719409 97720753
NPTRACE row 372 97735694 97737346
NPTRACE row 373 97756237 97758118
NPTRACE row 374 97772943 97775044
NPTRACE row 375 97785942 97787362
NPTRACE row 376 97804416 97808736
NPTRACE row 377 97820963 97824699
NPTRACE row 378 97837457 97841344
NPTRACE row 379 97852284 97853926
NPTRACE row 380 97869007 97870433
NPTRACE row 381 97885576 97887195
NPTRACE row 382 97902152 97903728
NPTRACE row 383 97924914 97928860
NPTRACE row 384 97936366 97937277
NPTRACE row 385 97952325 97953798
NPTRACE row 386 97969514 97970422
NPTRACE row 387 97984028 97987142
NPTRACE row 388 98002997 98003809
NPTRACE row 389 98024358 98024721
NPTRACE row 390 98035912 98037095
NPTRACE row 391 98052165 98053797
NPTRACE row 392 98069051 98070423
NPTRACE row 393 98089058 98091311
NPTRACE row 394 98102158 98103757
NPTRACE row 395 98122839 98124785
NPTRACE row 396 98135594 98137100
NPTRACE row 397 98151304 98153788
NPTRACE row 398 98169066 98170438
NPTRACE row 399 98185003 98187152
NPTRACE row 400 98202228 98203766
NPTRACE row 401 98218498 98220659
NPTRACE row 402 98235871 98237130
NPTRACE row 403 98254653 98257900
NPTRACE row 404 98268631 98270410
NPTRACE row 405 98284753 98287130
NPTRACE row 406 98302509 98303786
NPTRACE row 407 98322659 98324718
NPTRACE row 408 98335982 98337207
NPTRACE row 409 98351574 98353814
NPTRACE row 410 98368982 98370431
NPTRACE row 411 98385444 98387203
NPTRACE row 412 98402904 98403842
NPTRACE row 413 98419183 98420697
NPTRACE row 414 98436253 98437136
NPTRACE row 415 98451853 98453817
NPTRACE row 416 98469229 98470451
NPTRACE row 417 98484476 98487158
NPTRACE row 418 98502064 98503781
NPTRACE row 419 98518866 98520689
NPTRACE row 420 98535875 98537171
NPTRACE row 421 98551238 98553752
NPTRACE row 422 98568755 98570448
NPTRACE row 423 98585749 98587686
NPTRACE row 424 98602544 98603787
NPTRACE row 425 98622826 98624744
NPTRACE row 426 98635726 98637121
NPTRACE row 427 98651305 98653773
NPTRACE row 428 98669071 98670461
NPTRACE row 429 98684163 98687160
NPTRACE row 430 98702094 98703758
NPTRACE row 431 98725764 98729039
NPTRACE row 432 98736723 98737452
NPTRACE row 433 98751429 98753769
NPTRACE row 434 98769185 98770442
NPTRACE row 435 98784262 98787124
NPTRACE row 436 98805871 98808066
NPTRACE row 437 98819303 98820647
NPTRACE row 438 98836558 98837154
NPTRACE row 439 98852505 98854359
NPTRACE row 440 98868817 98870458
NPTRACE row 441 98883889 98887088
NPTRACE row 442 98902024 98903759
NPTRACE row 443 98918381 98920617
NPTRACE row 444 98935326 98937104
NPTRACE row 445 98950408 98953789
NPTRACE row 446 98968652 98970441
NPTRACE row 447 98986834 98987853
NPTRACE row 448 99001920 99003746
NPTRACE row 449 99018374 99020611
NPTRACE row 450 99035255 99037108
NPTRACE row 451 99055352 99057908
NPTRACE row 452 99068443 99070448
NPTRACE row 453 99083729 99087111
NPTRACE row 454 99101999 99103797
NPTRACE row 455 99119501 99121217
NPTRACE row 456 99135923 99137218
NPTRACE row 457 99150592 99153818
NPTRACE row 458 99168696 99170480
NPTRACE row 459 99183866 99187122
NPTRACE row 460 99202431 99203761
NPTRACE row 461 99218420 99220641
NPTRACE row 462 99235649 99237117
NPTRACE row 463 99252112 99254388
NPTRACE row 464 99268694 99270427
NPTRACE row 465 99282711 99283478
NPTRACE row 466 99301784 99303792
NPTRACE row 467 99318433 99320697
NPTRACE row 468 99335195 99337092
NPTRACE row 469 99351420 99353827
NPTRACE row 470 99368553 99370428
NPTRACE row 471 99386265 99387751
NPTRACE row 472 99401755 99403758
NPTRACE row 473 99417104 99420671
NPTRACE row 474 99435452 99437104
NPTRACE row 475 99446622 99449678
NPTRACE row 476 99465515 99466581
NPTRACE row 477 99482163 99483248
NPTRACE row 478 99500268 99503833
NPTRACE row 479 99519585 99521040
NPTRACE row 480 99534250 99537353
NPTRACE row 481 99551505 99553780
NPTRACE row 482 99568581 99576872
NPTRACE row 483 99585407 99587279
NPTRACE row 484 99601800 99603832
NPTRACE row 485 99618686 99620603
NPTRACE row 486 99633422 99637202
NPTRACE row 487 99652778 99654358
NPTRACE row 488 99668283 99670491
NPTRACE row 489 99684699 99687115
NPTRACE row 490 99700432 99703858
NPTRACE row 491 99718434 99720589
NPTRACE row 492 99732497 99733381
NPTRACE row 493 99751570 99753825
NPTRACE row 494 99768793 99770550
NPTRACE row 495 99786066 99787700
NPTRACE row 496 99800935 99803897
NPTRACE row 497 99822695 99824866
NPTRACE row 498 99830776 99832983
NPTRACE row 499 99846827 99849645
NPTRACE row 500 99871930 99874738
NPTRACE row 501 99884895 99887150
NPTRACE row 502 99906531 99908019
NPTRACE row 503 99920187 99921131
NPTRACE row 504 99936527 99937385
NPTRACE row 505 99951521 99953922
NPTRACE row 506 99969275 99970605
NPTRACE row 507 99984918 99987198
NPTRACE row 508 100001561 100003928
NPTRACE row 509 100018866 100020692
NPTRACE row 510 100035139 100037331
NPTRACE row 511 100053529 100054636
NPTRACE row 512 100067069 100070545
NPTRACE row 513 100084970 100087232
NPTRACE row 514 100101042 100103921
NPTRACE row 515 100118642 100120703
NPTRACE row 516 100133904 100137213
NPTRACE row 517 100151397 100153884
NPTRACE row 518 100168523 100170598
NPTRACE row 519 100185877 100187680
NPTRACE row 520 100205102 100208560
NPTRACE row 521 100219039 100220767
NPTRACE row 522 100233673 100237266
NPTRACE row 523 100251394 100253893
NPTRACE row 524 100268830 100270614
NPTRACE row 525 100284489 100287222
NPTRACE row 526 100301022 100303942
NPTRACE row 527 100319715 100321304
NPTRACE row 528 100336108 100337475
NPTRACE row 529 100351254 100353923
NPTRACE row 530 100363453 100366364
NPTRACE row 531 100379811 100383041
NPTRACE row 532 100401785 100403976
NPTRACE row 533 100418610 100420735
NPTRACE row 534 100435567 100437308
NPTRACE row 535 100452548 100454421
NPTRACE row 536 100467035 100470570
NPTRACE row 537 100484290 100487325
NPTRACE row 538 100506053 100508102
NPTRACE row 539 100519260 100520690
NPTRACE row 540 100535365 100537307
NPTRACE row 541 100551099 100553886
NPTRACE row 542 100568707 100570631
NPTRACE row 543 100585647 100587823
NPTRACE row 544 100601746 100603972
NPTRACE row 545 100618139 100620741
NPTRACE row 546 100635515 100637304
NPTRACE row 547 100650871 100653920
NPTRACE row 548 100681191 100683053
NPTRACE row 549 100695956 100699871
NPTRACE row 550 100708782 100712373
NPTRACE row 551 100721779 100725066
NPTRACE row 552 100735882 100737514
NPTRACE row 553 100750823 100754034
NPTRACE row 554 100774880 100779064
NPTRACE row 555 100785916 100787475
NPTRACE row 556 100801232 100804058
NPTRACE row 557 100818291 100820786
NPTRACE row 558 100835987 100837323
NPTRACE row 559 100855181 100858426
NPTRACE row 560 100868373 100870718
NPTRACE row 561 100884213 100887436
NPTRACE row 562 100901402 100903942
NPTRACE row 563 100917719 100920846
NPTRACE row 564 100934624 100937337
NPTRACE row 565 100950302 100954031
NPTRACE row 566 100972670 100974772
NPTRACE row 567 100986385 100987824
NPTRACE row 568 101001059 101004060
NPTRACE row 569 101017712 101020873
NPTRACE row 570 101034716 101037282
NPTRACE row 571 101049469 101050319
NPTRACE row 572 101073233 101074780
NPTRACE row 573 101085516 101087362
NPTRACE row 574 101102114 101104014
NPTRACE row 575 101119580 101121538
NPTRACE row 576 101136306 101137517
NPTRACE row 577 101150612 101154031
NPTRACE row 578 101173377 101174809
NPTRACE row 579 101185844 101187520
NPTRACE row 580 101201554 101204104
NPTRACE row 581 101218651 101221050
NPTRACE row 582 101235114 101237405
NPTRACE row 583 101252399 101254673
NPTRACE row 584 101268416 101270766
NPTRACE row 585 101283733 101287639
NPTRACE row 586 101301623 101304083
NPTRACE row 587 101317701 101321041
NPTRACE row 588 101332916 101333385
NPTRACE row 589 101350516 101354252
NPTRACE row 590 101369567 101370733
NPTRACE row 591 101385377 101388122
NPTRACE row 592 101401496 101404102
NPTRACE row 593 101417658 101421090
NPTRACE row 594 101440351 101441512
NPTRACE row 595 101452922 101454357
NPTRACE row 596 101469435 101470801
NPTRACE row 597 101483727 101487368
NPTRACE row 598 101495460 101495670
NPTRACE row 599 101513656 101516847
NPTRACE row 600 101536440 101537611
NPTRACE row 601 101550806 101554032
NPTRACE row 602 101562474 101566490
NPTRACE row 603 101578708 101579031
NPTRACE row 604 101602368 101604101
NPTRACE row 605 101618469 101621066
NPTRACE row 606 101635178 101637432
NPTRACE row 607 101652372 101654822
NPTRACE row 608 101668594 101670757
NPTRACE row 609 101682922 101683522
NPTRACE row 610 101701420 101704082
NPTRACE row 611 101717798 101721072
NPTRACE row 612 101732716 101733446
NPTRACE row 613 101749487 101750170
NPTRACE row 614 101774618 101774873
NPTRACE row 615 101787159 101788099
NPTRACE row 616 101801675 101804168
NPTRACE row 617 101817547 101821107
NPTRACE row 618 101832728 101833427
NPTRACE row 619 101849463 101850251
NPTRACE row 620 101868545 101870851
NPTRACE row 621 101882994 101883587
NPTRACE row 622 101902612 101904106
NPTRACE row 623 101919342 101921289
NPTRACE row 624 101929815 101933302
NPTRACE row 625 101945150 101945721
NPTRACE row 626 101962418 101966522
NPTRACE row 627 101984348 101987461
NPTRACE row 628 102001475 102004081
NPTRACE row 629 102012542 102016519
NPTRACE row 630 102028837 102029068
NPTRACE row 631 102055997 102058897
NPTRACE row 632 102069810 102070712
NPTRACE row 633 102078108 102079065
NPTRACE row 634 102095179 102095717
NPTRACE row 635 102118597 102120977
NPTRACE row 636 102134213 102137376
NPTRACE row 637 102144692 102145726
NPTRACE row 638 102161771 102162386
NPTRACE row 639 102186706 102188322
NPTRACE row 640 102201569 102204209
NPTRACE row 641 102223548 102225034
NPTRACE row 642 102236379 102237462
NPTRACE row 643 102244598 102245728
NPTRACE row 644 102261711 102262393
NPTRACE row 645 102282750 102294389
NPTRACE row 646 102302814 102304127
NPTRACE row 647 102313443 102316657
NPTRACE row 648 102328545 102329391
NPTRACE row 649 102351122 102354152
NPTRACE row 650 102367860 102370722
NPTRACE row 651 102378076 102379095
NPTRACE row 652 102395091 102395939
NPTRACE row 653 102415890 102416850
NPTRACE row 654 102433317 102438074
NPTRACE row 655 102453106 102454793
NPTRACE row 656 102467634 102470789
NPTRACE row 657 102477897 102479281
NPTRACE row 658 102494692 102495855
NPTRACE row 659 102514772 102516874
NPTRACE row 660 102532679 102533415
NPTRACE row 661 102554667 102558273
NPTRACE row 662 102568364 102571304
NPTRACE row 663 102584537 102587871
NPTRACE row 664 102601810 102604158
NPTRACE row 665 102611437 102612689
NPTRACE row 666 102627926 102629206
NPTRACE row 667 102656679 102658291
NPTRACE row 668 102667555 102670786
NPTRACE row 669 102681458 102683321
NPTRACE row 670 102700685 102704171
NPTRACE row 671 102713330 102716687
NPTRACE row 672 102728435 102729328
NPTRACE row 673 102748644 102750057
NPTRACE row 674 102768227 102770806
NPTRACE row 675 102778251 102779254
NPTRACE row 676 102795227 102795915
NPTRACE row 677 102815828 102816917
NPTRACE row 678 102835104 102837818
NPTRACE row 679 102851098 102854492
NPTRACE row 680 102868468 102871058
NPTRACE row 681 102884000 102887603
NPTRACE row 682 102906637 102908325
NPTRACE row 683 102915436 102916774
NPTRACE row 684 102928265 102929216
NPTRACE row 685 102950381 102954222
NPTRACE row 686 102967485 102970865
NPTRACE row 687 102979777 102983281
NPTRACE row 688 102994760 102995884
NPTRACE row 689 103016388 103016922
NPTRACE row 690 103034381 103037819
NPTRACE row 691 103048427 103050070
NPTRACE row 692 103067620 103070898
NPTRACE row 693 103077870 103079223
NPTRACE row 694 103094725 103095862
NPTRACE row 695 103117545 103120895
NPTRACE row 696 103135144 103137999
NPTRACE row 697 103148879 103150086
NPTRACE row 698 103167803 103171205
NPTRACE row 699 103184039 103187629
NPTRACE row 700 103201490 103204275
NPTRACE row 701 103211635 103212696
NPTRACE row 702 103228218 103229168
NPTRACE row 703 103251850 103254693
NPTRACE row 704 103267922 103271197
NPTRACE row 705 103281110 103283410
NPTRACE row 706 103300698 103304506
NPTRACE row 707 103330482 103333429
NPTRACE row 708 103342165 103346023
NPTRACE row 709 103354797 103358391
NPTRACE row 710 103368898 103371167
NPTRACE row 711 103384370 103387721
NPTRACE row 712 103400800 103404583
NPTRACE row 713 103426416 103429493
NPTRACE row 714 103439022 103441811
NPTRACE row 715 103453310 103454269
NPTRACE row 716 103468713 103470877
NPTRACE row 717 103477530 103479168
NPTRACE row 718 103494459 103495835
NPTRACE row 719 103516099 103517658
NPTRACE row 720 103534494 103538014
NPTRACE row 721 103548505 103550133
NPTRACE row 722 103567498 103571213
NPTRACE row 723 103580917 103596117
NPTRACE row 724 103607391 103608594
NPTRACE row 725 103620563 103621100
NPTRACE row 726 103635643 103637560
NPTRACE row 727 103645482 103646253
NPTRACE row 728 103660880 103662515
NPTRACE row 729 103682455 103683460
NPTRACE row 730 103700470 103704245
NPTRACE row 731 103711042 103712642
NPTRACE row 732 103727443 103729184
NPTRACE row 733 103752663 103754283
NPTRACE row 734 103767344 103771153
NPTRACE row 735 103782680 103784113
NPTRACE row 736 103800098 103804524
NPTRACE row 737 103813945 103816982
NPTRACE row 738 103832992 103833547
NPTRACE row 739 103849175 103850160
NPTRACE row 740 103866806 103870936
NPTRACE row 741 103877174 103879199
NPTRACE row 742 103894089 103895863
NPTRACE row 743 103923576 103925810
NPTRACE row 744 103939679 103946251
NPTRACE row 745 103958720 103962717
NPTRACE row 746 103971450 103975048
NPTRACE row 747 103979683 103983385
NPTRACE row 748 103994296 103995885
NPTRACE row 749 104015883 104017018
NPTRACE row 750 104033725 104037642
NPTRACE row 751 104045241 104046203
NPTRACE row 752 104060577 104062544
NPTRACE row 753 104077120 104079227
NPTRACE row 754 104098330 104100212
NPTRACE row 755 104116937 104121053
NPTRACE row 756 104127387 104129221
NPTRACE row 757 104143555 104145885
NPTRACE row 758 104165363 104166816
NPTRACE row 759 104184394 104187806
NPTRACE row 760 104197847 104200237
NPTRACE row 761 104216933 104221045
NPTRACE row 762 104227269 104229230
NPTRACE row 763 104243428 104245889
NPTRACE row 764 104264931 104266871
NPTRACE row 765 104282361 104283541
NPTRACE row 766 104295303 104296626
NPTRACE row 767 104319015 104321325
NPTRACE row 768 104328376 104329404
NPTRACE row 769 104343528 104345909
NPTRACE row 770 104364236 104366904
NPTRACE row 771 104382475 104383563
NPTRACE row 772 104393865 104395922
NPTRACE row 773 104410476 104412706
NPTRACE row 774 104430516 104433581
NPTRACE row 775 104451899 104454727
NPTRACE row 776 104462248 104462886
NPTRACE row 777 104481983 104483575
NPTRACE row 778 104497022 104500174
NPTRACE row 779 104516468 104517059
NPTRACE row 780 104530421 104533506
NPTRACE row 781 104548929 104550236
NPTRACE row 782 104560200 104562588
NPTRACE row 783 104577937 104579696
NPTRACE row 784 104593614 104595935
NPTRACE row 785 104612690 104617074
NPTRACE row 786 104632622 104633562
NPTRACE row 787 104643101 104645930
NPTRACE row 788 104660070 104662592
NPTRACE row 789 104678624 104680191
NPTRACE row 790 104699456 104700276
NPTRACE row 791 104711235 104713099
NPTRACE row 792 104727123 104729394
NPTRACE row 793 104745269 104753268
NPTRACE row 794 104766493 104766860
NPTRACE row 795 104778496 104779442
NPTRACE row 796 104802222 104804276
NPTRACE row 797 104811099 104812742
NPTRACE row 798 104826808 104829284
NPTRACE row 799 104844818 104846185
NPTRACE row 800 104865755 104866925
NPTRACE row 801 104878397 104879377
NPTRACE row 802 104903640 104904596
NPTRACE row 803 104916457 104917189
NPTRACE row 804 104931812 104933596
NPTRACE row 805 104948325 104950460
NPTRACE row 806 104961828 104962989
NPTRACE row 807 104981435 104983582
NPTRACE row 808 104996600 105000238
NPTRACE row 809 105015661 105016990
NPTRACE row 810 105026221 105029289
NPTRACE row 811 105042665 105045960
NPTRACE row 812 105063994 105066883
NPTRACE row 813 105081466 105083565
NPTRACE row 814 105092921 105095967
NPTRACE row 815 105110155 105112927
NPTRACE row 816 105129772 105133565
NPTRACE row 817 105148798 105150455
NPTRACE row 818 105163042 105166986
NPTRACE row 819 105182265 105183775
NPTRACE row 820 105193393 105196049
NPTRACE row 821 105209893 105212827
NPTRACE row 822 105228644 105229499
NPTRACE row 823 105249598 105250608
NPTRACE row 824 105259845 105262712
NPTRACE row 825 105275927 105279370
NPTRACE row 826 105293171 105296061
NPTRACE row 827 105311719 105313554
NPTRACE row 828 105332059 105333801
NPTRACE row 829 105344724 105346224
NPTRACE row 830 105365662 105367103
NPTRACE row 831 105376986 105379725
NPTRACE row 832 105392798 105396053
NPTRACE row 833 105411400 105413299
NPTRACE row 834 105431811 105433823
NPTRACE row 835 105445258 105446255
NPTRACE row 836 105465266 105467106
NPTRACE row 837 105476290 105479415
NPTRACE row 838 105492798 105496087
NPTRACE row 839 105521426 105525483
NPTRACE row 840 105534649 105538237
NPTRACE row 841 105545541 105546863
NPTRACE row 842 105565862 105567162
NPTRACE row 843 105580541 105583766
NPTRACE row 844 105599499 105600548
NPTRACE row 845 105610011 105612892
NPTRACE row 846 105626240 105629434
NPTRACE row 847 105648723 105650883
NPTRACE row 848 105666083 105667187
NPTRACE row 849 105676198 105679435
NPTRACE row 850 105692548 105696109
NPTRACE row 851 105712168 105713457
NPTRACE row 852 105731938 105733849
NPTRACE row 853 105746361 105757841
NPTRACE row 854 105771666 105775468
NPTRACE row 855 105787047 105788107
NPTRACE row 856 105802868 105804521
NPTRACE row 857 105812176 105813039
NPTRACE row 858 105825828 105829445
NPTRACE row 859 105845598 105846441
NPTRACE row 860 105865014 105867082
NPTRACE row 861 105875719 105879454
NPTRACE row 862 105892420 105896123
NPTRACE row 863 105912352 105913571
NPTRACE row 864 105932566 105933996
NPTRACE row 865 105943514 105946137
NPTRACE row 866 105959329 105962796
NPTRACE row 867 105975832 105979501
NPTRACE row 868 105998535 106000513
NPTRACE row 869 106016401 106017235
NPTRACE row 870 106026248 106029507
NPTRACE row 871 106042886 106046308
NPTRACE row 872 106063191 106067048
NPTRACE row 873 106081847 106083804
NPTRACE row 874 106092811 106096160
NPTRACE row 875 106109292 106112944
NPTRACE row 876 106127255 106129701
NPTRACE row 877 106148331 106150602
NPTRACE row 878 106160110 106162829
NPTRACE row 879 106176016 106179707
NPTRACE row 880 106192482 106196186
NPTRACE row 881 106211038 106213251
NPTRACE row 882 106231847 106233899
NPTRACE row 883 106242680 106246183
NPTRACE row 884 106259120 106262840
NPTRACE row 885 106278079 106279725
NPTRACE row 886 106298382 106300452
NPTRACE row 887 106309591 106313100
NPTRACE row 888 106326231 106329640
NPTRACE row 889 106346337 106350612
NPTRACE row 890 106366215 106367230
NPTRACE row 891 106375822 106379531
NPTRACE row 892 106392620 106396207
NPTRACE row 893 106411848 106413551
NPTRACE row 894 106431640 106433996
NPTRACE row 895 106447911 106450671
NPTRACE row 896 106465468 106467203
NPTRACE row 897 106478498 106479713
NPTRACE row 898 106505033 106508987
NPTRACE row 899 106520631 106521540
NPTRACE row 900 106536315 106538133
NPTRACE row 901 106549725 106550587
NPTRACE row 902 106565231 106567309
NPTRACE row 903 106578628 106580217
NPTRACE row 904 106597844 106600622
NPTRACE row 905 106612039 106613758
NPTRACE row 906 106630902 106634027
NPTRACE row 907 106647414 106650765
NPTRACE row 908 106665553 106667239
NPTRACE row 909 106677994 106679626
NPTRACE row 910 106700605 106704499
NPTRACE row 911 106713597 106717149
NPTRACE row 912 106733226 106734127
NPTRACE row 913 106754985 106763548
NPTRACE row 914 106770200 106771437
NPTRACE row 915 106784313 106788111
NPTRACE row 916 106801178 106804816
NPTRACE row 917 106815325 106817480
NPTRACE row 918 106832970 106833982
NPTRACE row 919 106847137 106850432
NPTRACE row 920 106865643 106867277
NPTRACE row 921 106879858 106883828
NPTRACE row 922 106898827 106900611
NPTRACE row 923 106913485 106917485
NPTRACE row 924 106933243 106933922
NPTRACE row 925 106947220 106950569
NPTRACE row 926 106965036 106967344
NPTRACE row 927 106981263 106984211
NPTRACE row 928 107009895 107013228
NPTRACE row 929 107025814 107029848
NPTRACE row 930 107039591 107042375
NPTRACE row 931 107055283 107058802
NPTRACE row 932 107070234 107071545
NPTRACE row 933 107085698 107088104
NPTRACE row 934 107101560 107104739
NPTRACE row 935 107114917 107117538
NPTRACE row 936 107132640 107134192
NPTRACE row 937 107149056 107150658
NPTRACE row 938 107166200 107167362
NPTRACE row 939 107179972 107183873
NPTRACE row 940 107198599 107200753
NPTRACE row 941 107213832 107217353
NPTRACE row 942 107232620 107234046
NPTRACE row 943 107254227 107255138
NPTRACE row 944 107270369 107271318
NPTRACE row 945 107295773 107296416
NPTRACE row 946 107307670 107309173
NPTRACE row 947 107322464 107325828
NPTRACE row 948 107339647 107342288
NPTRACE row 949 107353120 107354765
NPTRACE row 950 107369037 107371265
NPTRACE row 951 107397622 107400558
NPTRACE row 952 107410204 107413230
NPTRACE row 953 107426035 107429843
NPTRACE row 954 107440860 107442468
NPTRACE row 955 107454918 107458786
NPTRACE row 956 107470256 107471344
NPTRACE row 957 107479235 107479819
NPTRACE row 958 107491369 107492145
NPTRACE row 959 107514152 107517303
NPTRACE row 960 107532565 107534013
NPTRACE row 961 107547688 107550640
NPTRACE row 962 107565227 107567249
NPTRACE row 963 107576108 107579742
NPTRACE row 964 107591734 107592143
NPTRACE row 965 107613626 107617595
NPTRACE row 966 107631760 107633961
NPTRACE row 967 107647703 107650907
NPTRACE row 968 107665262 107667291
NPTRACE row 969 107683977 107688187
NPTRACE row 970 107699517 107700581
NPTRACE row 971 107709345 107713113
NPTRACE row 972 107724709 107725469
NPTRACE row 973 107745933 107746494
NPTRACE row 974 107763644 107767275
NPTRACE row 975 107778747 107780184
NPTRACE row 976 107797030 107800614
NPTRACE row 977 107809385 107813024
NPTRACE row 978 107824339 107825458
NPTRACE row 979 107844848 107846485
NPTRACE row 980 107863935 107867269
NPTRACE row 981 107877609 107879831
NPTRACE row 982 107896610 107900587
NPTRACE row 983 107914145 107917404
NPTRACE row 984 107931752 107934042
NPTRACE row 985 107945963 107946512
NPTRACE row 986 107963873 107967297
NPTRACE row 987 107979787 107984096
NPTRACE row 988 107998109 108000618
NPTRACE row 989 108013566 108017565
NPTRACE row 990 108030858 108034218
NPTRACE row 991 108045187 108046538
NPTRACE row 992 108057411 108058813
NPTRACE row 993 108077786 108079841
NPTRACE row 994 108097121 108100593
NPTRACE row 995 108112556 108113318
NPTRACE row 996 108130475 108133932
NPTRACE row 997 108144040 108146498
NPTRACE row 998 108163315 108167273
NPTRACE row 999 108180330 108183985
NPTRACE row 1000 108197429 108200605
NPTRACE row 1001 108212525 108213365
NPTRACE row 1002 108230299 108233943
NPTRACE row 1003 108247105 108250686
NPTRACE row 1004 108262680 108263173
NPTRACE row 1005 108279090 108279802
NPTRACE row 1006 108296816 108300510
NPTRACE row 1007 108311479 108313642
NPTRACE row 1008 108330542 108334005
NPTRACE row 1009 108344489 108358969
NPTRACE row 1010 108368368 108371370
NPTRACE row 1011 108380690 108383999
NPTRACE row 1012 108395762 108396513
NPTRACE row 1013 108413849 108417564
NPTRACE row 1014 108430836 108433941
NPTRACE row 1015 108448611 108450821
NPTRACE row 1016 108464537 108467285
NPTRACE row 1017 108478705 108479857
NPTRACE row 1018 108496898 108500563
NPTRACE row 1019 108508197 108509017
NPTRACE row 1020 108523706 108525516
NPTRACE row 1021 108543915 108546545
NPTRACE row 1022 108563291 108567309
NPTRACE row 1023 108575906 108579629
NPTRACE row 1024 108590589 108592276
NPTRACE row 1025 108610047 108613581
NPTRACE row 1026 108630204 108633942
NPTRACE row 1027 108644721 108646731
NPTRACE row 1028 108663697 108667355
NPTRACE row 1029 108680209 108683934
NPTRACE row 1030 108697206 108700768
NPTRACE row 1031 108718502 108721685
NPTRACE row 1032 108734836 108738324
NPTRACE row 1033 108744706 108746477
NPTRACE row 1034 108757554 108758974
NPTRACE row 1035 108777637 108780285
NPTRACE row 1036 108797032 108800780
NPTRACE row 1037 108818048 108821666
NPTRACE row 1038 108834203 108838241
NPTRACE row 1039 108844493 108846686
NPTRACE row 1040 108857228 108858968
NPTRACE row 1041 108876502 108880006
NPTRACE row 1042 108898215 108900864
NPTRACE row 1043 108913658 108917428
NPTRACE row 1044 108930269 108934069
NPTRACE row 1045 108948601 108950790
NPTRACE row 1046 108964534 108967470
NPTRACE row 1047 108980457 108984061
NPTRACE row 1048 108996612 109000596
NPTRACE row 1049 109012107 109013553
NPTRACE row 1050 109029257 109030078
NPTRACE row 1051 109044654 109046638
NPTRACE row 1052 109068753 109071575
NPTRACE row 1053 109084560 109088418
NPTRACE row 1054 109101158 109104919
NPTRACE row 1055 109111695 109113482
NPTRACE row 1056 109124303 109125794
NPTRACE row 1057 109143037 109146861
NPTRACE row 1058 109163945 109167518
NPTRACE row 1059 109180004 109184316
NPTRACE row 1060 109197703 109200866
NPTRACE row 1061 109214017 109217873
NPTRACE row 1062 109231247 109234208
NPTRACE row 1063 109247324 109250878
NPTRACE row 1064 109264354 109267521
NPTRACE row 1065 109284570 109288405
NPTRACE row 1066 109301102 109304987
NPTRACE row 1067 109311497 109313333
NPTRACE row 1068 109323683 109325698
NPTRACE row 1069 109347761 109350924
NPTRACE row 1070 109364099 109367506
NPTRACE row 1071 109378586 109380468
NPTRACE row 1072 109397227 109400814
NPTRACE row 1073 109413887 109417540
NPTRACE row 1074 109430743 109434186
NPTRACE row 1075 109441669 109442369
NPTRACE row 1076 109456805 109459033
NPTRACE row 1077 109476344 109480121
NPTRACE row 1078 109497320 109500880
NPTRACE row 1079 109518729 109521785
NPTRACE row 1080 109535803 109538464
NPTRACE row 1081 109546106 109546583
NPTRACE row 1082 109557341 109559067
NPTRACE row 1083 109576389 109580075
NPTRACE row 1084 109596963 109600869
NPTRACE row 1085 109614404 109617687
NPTRACE row 1086 109631866 109634225
NPTRACE row 1087 109652687 109655615
NPTRACE row 1088 109669793 109671755
NPTRACE row 1089 109680157 109683988
NPTRACE row 1090 109690005 109692396
NPTRACE row 1091 109710934 109713723
NPTRACE row 1092 109730688 109734145
NPTRACE row 1093 109745864 109746830
NPTRACE row 1094 109762748 109763590
NPTRACE row 1095 109778528 109780416
NPTRACE row 1096 109796991 109800852
NPTRACE row 1097 109813774 109817615
NPTRACE row 1098 109830465 109834108
NPTRACE row 1099 109846960 109850693
NPTRACE row 1100 109863697 109867362
NPTRACE row 1101 109883102 109884291
NPTRACE row 1102 109899535 109900831
NPTRACE row 1103 109910565 109913488
NPTRACE row 1104 109923312 109925849
NPTRACE row 1105 109943097 109946899
NPTRACE row 1106 109963863 109967448
NPTRACE row 1107 109978958 109980180
NPTRACE row 1108 109996982 110000715
NPTRACE row 1109 110018075 110021814
NPTRACE row 1110 110034260 110038323
NPTRACE row 1111 110044403 110046673
NPTRACE row 1112 110055901 110059082
NPTRACE row 1113 110077609 110080253
NPTRACE row 1114 110095549 110096818
NPTRACE row 1115 110114287 110117821
NPTRACE row 1116 110130343 110134317
NPTRACE row 1117 110145051 110146786
NPTRACE row 1118 110162371 110163535
NPTRACE row 1119 110178098 110180459
NPTRACE row 1120 110197039 110200715
NPTRACE row 1121 110216677 110217761
NPTRACE row 1122 110232966 110234205
NPTRACE row 1123 110242556 110246564
NPTRACE row 1124 110255560 110259050
NPTRACE row 1125 110275037 110276199
NPTRACE row 1126 110295001 110296827
NPTRACE row 1127 110307500 110309266
NPTRACE row 1128 110322814 110325831
NPTRACE row 1129 110339185 110346642
NPTRACE row 1130 110362429 110363526
NPTRACE row 1131 110383417 110384490
NPTRACE row 1132 110400145 110400848
NPTRACE row 1133 110410081 110413376
NPTRACE row 1134 110422493 110425732
NPTRACE row 1135 110441891 110443006
NPTRACE row 1136 110461476 110463543
NPTRACE row 1137 110474017 110475732
NPTRACE row 1138 110488718 110492392
NPTRACE row 1139 110508291 110509630
NPTRACE row 1140 110527842 110530239
NPTRACE row 1141 110544687 110546834
NPTRACE row 1142 110561864 110563476
NPTRACE row 1143 110577595 110580308
NPTRACE row 1144 110595661 110596857
NPTRACE row 1145 110610860 110613701
NPTRACE row 1146 110629180 110630196
NPTRACE row 1147 110647990 110650945
NPTRACE row 1148 110664918 110667687
NPTRACE row 1149 110678990 110680728
NPTRACE row 1150 110695669 110696818
NPTRACE row 1151 110712847 110713978
NPTRACE row 1152 110731213 110734305
NPTRACE row 1153 110746796 110751070
NPTRACE row 1154 110763885 110767550
NPTRACE row 1155 110783449 110784360
NPTRACE row 1156 110800980 110804834
NPTRACE row 1157 110810812 110813433
NPTRACE row 1158 110822974 110825768
NPTRACE row 1159 110840459 110842889
NPTRACE row 1160 110861133 110863644
NPTRACE row 1161 110875180 110876217
NPTRACE row 1162 110894495 110896919
NPTRACE row 1163 110912152 110913756
NPTRACE row 1164 110928654 110930265
NPTRACE row 1165 110942942 110946611
NPTRACE row 1166 110961346 110963592
NPTRACE row 1167 110980914 110984527
NPTRACE row 1168 110997833 111000893
NPTRACE row 1169 111013846 111017676
NPTRACE row 1170 111030544 111034175
NPTRACE row 1171 111044056 111046756
NPTRACE row 1172 111061078 111063544
NPTRACE row 1173 111076792 111080206
NPTRACE row 1174 111095447 111097422
NPTRACE row 1175 111123618 111126147
NPTRACE row 1176 111137685 111138480
NPTRACE row 1177 111149747 111150956
NPTRACE row 1178 111166880 111167702
NPTRACE row 1179 111180699 111184274
NPTRACE row 1180 111196260 111196977
NPTRACE row 1181 111211046 111213586
NPTRACE row 1182 111228118 111230198
NPTRACE row 1183 111243341 111246915
NPTRACE row 1184 111260827 111263559
NPTRACE row 1185 111276643 111280243
NPTRACE row 1186 111294577 111296853
NPTRACE row 1187 111310215 111313574
NPTRACE row 1188 111327527 111330266
NPTRACE row 1189 111342772 111346608
NPTRACE row 1190 111361192 111363590
NPTRACE row 1191 111375189 111376143
NPTRACE row 1192 111393682 111396916
NPTRACE row 1193 111410313 111413524
NPTRACE row 1194 111427274 111430271
NPTRACE row 1195 111443081 111446712
NPTRACE row 1196 111460537 111463540
NPTRACE row 1197 111475443 111476006
NPTRACE row 1198 111493720 111496764
NPTRACE row 1199 111510353 111513720
NPTRACE row 1200 111528023 111530272
NPTRACE row 1201 111547447 111550996
NPTRACE row 1202 111563868 111567561
NPTRACE row 1203 111576585 111580116
NPTRACE row 1204 111593895 111596782
NPTRACE row 1205 111610678 111613656
NPTRACE row 1206 111627296 111630179
NPTRACE row 1207 111641592 111642785
NPTRACE row 1208 111659676 111663529
NPTRACE row 1209 111675035 111675929
NPTRACE row 1210 111692917 111696865
NPTRACE row 1211 111709949 111713666
NPTRACE row 1212 111726883 111730149
NPTRACE row 1213 111741376 111742494
NPTRACE row 1214 111761770 111763512
NPTRACE row 1215 111781835 111784601
NPTRACE row 1216 111798110 111800919
NPTRACE row 1217 111813657 111817529
NPTRACE row 1218 111829201 111830201
NPTRACE row 1219 111845133 111847100
NPTRACE row 1220 111860706 111863529
NPTRACE row 1221 111875933 111880243
NPTRACE row 1222 111891267 111893945
NPTRACE row 1223 111908394 111909233
NPTRACE row 1224 111924188 111927015
NPTRACE row 1225 111942762 111946877
NPTRACE row 1226 111959603 111964206
NPTRACE row 1227 111976788 111980215
NPTRACE row 1228 111993785 111996882
NPTRACE row 1229 112010842 112013743
NPTRACE row 1230 112027299 112030224
NPTRACE row 1231 112043367 112046985
NPTRACE row 1232 112058661 112059478
NPTRACE row 1233 112075304 112075905
NPTRACE row 1234 112091694 112096864
NPTRACE row 1235 112116635 112117806
NPTRACE row 1236 112132881 112134312
NPTRACE row 1237 112148547 112150996
NPTRACE row 1238 112166765 112167602
NPTRACE row 1239 112181857 112184312
NPTRACE row 1240 112196947 112200829
NPTRACE row 1241 112212308 112213736
NPTRACE row 1242 112223710 112225793
NPTRACE row 1243 112236388 112238280
NPTRACE row 1244 112256697 112263553
NPTRACE row 1245 112278371 112280179
NPTRACE row 1246 112291874 112292843
NPTRACE row 1247 112310453 112313696
NPTRACE row 1248 112326710 112330409
NPTRACE row 1249 112343181 112346926
NPTRACE row 1250 112358014 112359580
NPTRACE row 1251 112375905 112380308
NPTRACE row 1252 112393271 112396904
NPTRACE row 1253 112410144 112413569
NPTRACE row 1254 112424899 112426019
NPTRACE row 1255 112442900 112446849
NPTRACE row 1256 112458206 112459586
NPTRACE row 1257 112475173 112475935
NPTRACE row 1258 112491836 112492839
NPTRACE row 1259 112508720 112509422
NPTRACE row 1260 112525395 112526284
NPTRACE row 1261 112541758 112542610
NPTRACE row 1262 112557035 112559376
NPTRACE row 1263 112576409 112580152
NPTRACE row 1264 112591933 112593016
NPTRACE row 1265 112609707 112613673
NPTRACE row 1266 112624927 112626185
NPTRACE row 1267 112641672 112642749
NPTRACE row 1268 112658053 112659617
NPTRACE row 1269 112674896 112676079
NPTRACE row 1270 112691485 112692969
NPTRACE row 1271 112710366 112713695
NPTRACE row 1272 112727098 112730583
NPTRACE row 1273 112742983 112747107
NPTRACE row 1274 112759601 112763709
NPTRACE row 1275 112776653 112780403
NPTRACE row 1276 112793436 112797122
NPTRACE row 1277 112810920 112814043
NPTRACE row 1278 112825433 112826352
NPTRACE row 1279 112844213 112847442
NPTRACE row 1280 112859977 112863712
NPTRACE row 1281 112876230 112880170
NPTRACE row 1282 112892223 112897098
NPTRACE row 1283 112914253 112917669
NPTRACE row 1284 112927806 112930357
NPTRACE row 1285 112943318 112947129
NPTRACE row 1286 112958388 112963730
NPTRACE row 1287 112979632 112980462
NPTRACE row 1288 112994083 112997773
NPTRACE row 1289 113009694 113013497
NPTRACE row 1290 113025006 113026432
NPTRACE row 1291 113041848 113042772
NPTRACE row 1292 113058642 113059748
NPTRACE row 1293 113074831 113076191
NPTRACE row 1294 113091854 113093061
NPTRACE row 1295 113110555 113113724
NPTRACE row 1296 113128752 113130650
NPTRACE row 1297 113152247 113155164
NPTRACE row 1298 113168046 113172181
NPTRACE row 1299 113183875 113184459
NPTRACE row 1300 113199333 113201275
NPTRACE row 1301 113218242 113221811
NPTRACE row 1302 113233327 113234547
NPTRACE row 1303 113250143 113251209
NPTRACE row 1304 113260373 113263508
NPTRACE row 1305 113269983 113271809
NPTRACE row 1306 113289971 113293018
NPTRACE row 1307 113308912 113309675
NPTRACE row 1308 113328674 113330390
NPTRACE row 1309 113344417 113347164
NPTRACE row 1310 113358922 113359617
NPTRACE row 1311 113376691 113380313
NPTRACE row 1312 113393333 113396886
NPTRACE row 1313 113410355 113413737
NPTRACE row 1314 113424922 113426448
NPTRACE row 1315 113441506 113442831
NPTRACE row 1316 113458167 113459816
NPTRACE row 1317 113474904 113476236
NPTRACE row 1318 113492015 113493136
NPTRACE row 1319 113510167 113513683
NPTRACE row 1320 113526696 113530426
NPTRACE row 1321 113543119 113546916
NPTRACE row 1322 113558507 113559466
NPTRACE row 1323 113575076 113576255
NPTRACE row 1324 113597515 113601169
NPTRACE row 1325 113615449 113617965
NPTRACE row 1326 113629716 113631316
NPTRACE row 1327 113648406 113651473
NPTRACE row 1328 113664921 113668051
NPTRACE row 1329 113681941 113684515
NPTRACE row 1330 113697983 113701353
NPTRACE row 1331 113715668 113717931
NPTRACE row 1332 113726346 113730135
NPTRACE row 1333 113736074 113738508
NPTRACE row 1334 113752906 113756292
NPTRACE row 1335 113776914 113780582
NPTRACE row 1336 113791710 113793197
NPTRACE row 1337 113808435 113809749
NPTRACE row 1338 113825051 113826548
NPTRACE row 1339 113841558 113842867
NPTRACE row 1340 113857663 113859930
NPTRACE row 1341 113876353 113880442
NPTRACE row 1342 113891251 113893261
NPTRACE row 1343 113910877 113913912
NPTRACE row 1344 113927246 113930449
NPTRACE row 1345 113943175 113947178
NPTRACE row 1346 113958300 113959638
NPTRACE row 1347 113975002 113976305
NPTRACE row 1348 113991856 114001468
NPTRACE row 1349 114017852 114021787
NPTRACE row 1350 114036980 114038837
NPTRACE row 1351 114052939 114055729
NPTRACE row 1352 114069231 114072109
NPTRACE row 1353 114084584 114088602
NPTRACE row 1354 114094291 114096882
NPTRACE row 1355 114104159 114105313
NPTRACE row 1356 114118932 114121871
NPTRACE row 1357 114140216 114142822
NPTRACE row 1358 114157728 114159671
NPTRACE row 1359 114174031 114177937
NPTRACE row 1360 114198911 114201206
NPTRACE row 1361 114214826 114218044
NPTRACE row 1362 114234962 114238796
NPTRACE row 1363 114250363 114251137
NPTRACE row 1364 114264825 114267911
NPTRACE row 1365 114280836 114284477
NPTRACE row 1366 114294490 114297045
NPTRACE row 1367 114310686 114314063
NPTRACE row 1368 114326936 114330364
NPTRACE row 1369 114341714 114342831
NPTRACE row 1370 114357983 114363827
NPTRACE row 1371 114379383 114380505
NPTRACE row 1372 114394024 114397083
NPTRACE row 1373 114410320 114413749
NPTRACE row 1374 114424086 114426316
NPTRACE row 1375 114441286 114443141
NPTRACE row 1376 114458138 114459782
NPTRACE row 1377 114472735 114476224
NPTRACE row 1378 114491320 114493130
NPTRACE row 1379 114508193 114509681
NPTRACE row 1380 114524875 114526444
NPTRACE row 1381 114539573 114542932
NPTRACE row 1382 114557796 114559692
NPTRACE row 1383 114573093 114576359
NPTRACE row 1384 114592326 114592849
NPTRACE row 1385 114607540 114609659
NPTRACE row 1386 114624444 114626438
NPTRACE row 1387 114639708 114642932
NPTRACE row 1388 114657155 114659554
NPTRACE row 1389 114672609 114676237
NPTRACE row 1390 114691075 114693233
NPTRACE row 1391 114708082 114709915
NPTRACE row 1392 114730479 114734615
NPTRACE row 1393 114745983 114747152
NPTRACE row 1394 114760198 114763829
NPTRACE row 1395 114775255 114776224
NPTRACE row 1396 114790467 114792797
NPTRACE row 1397 114806385 114809640
NPTRACE row 1398 114824189 114826462
NPTRACE row 1399 114839804 114843037
NPTRACE row 1400 114857770 114859462
NPTRACE row 1401 114881349 114884377
NPTRACE row 1402 114892365 114893318
NPTRACE row 1403 114907851 114909663
NPTRACE row 1404 114924568 114927858
NPTRACE row 1405 114943714 114947158
NPTRACE row 1406 114958143 114959412
NPTRACE row 1407 114981283 114984599
NPTRACE row 1408 114992350 114993269
NPTRACE row 1409 115006474 115009605
NPTRACE row 1410 115024281 115026121
NPTRACE row 1411 115038857 115042717
NPTRACE row 1412 115055853 115059656
NPTRACE row 1413 115072262 115076074
NPTRACE row 1414 115088837 115092968
NPTRACE row 1415 115106222 115109660
NPTRACE row 1416 115124587 115126641
NPTRACE row 1417 115138845 115142992
NPTRACE row 1418 115156184 115159608
NPTRACE row 1419 115172405 115176215
NPTRACE row 1420 115190169 115192817
NPTRACE row 1421 115205932 115210792
NPTRACE row 1422 115229591 115230468
NPTRACE row 1423 115245265 115247352
NPTRACE row 1424 115259027 115263814
NPTRACE row 1425 115278393 115280428
NPTRACE row 1426 115292945 115297053
NPTRACE row 1427 115306557 115309640
NPTRACE row 1428 115324033 115330453
NPTRACE row 1429 115343723 115347076
NPTRACE row 1430 115357825 115359432
NPTRACE row 1431 115372400 115376250
NPTRACE row 1432 115390943 115393196
NPTRACE row 1433 115405770 115409568
NPTRACE row 1434 115423443 115426158
NPTRACE row 1435 115437942 115438678
NPTRACE row 1436 115455501 115459484
NPTRACE row 1437 115471285 115472039
NPTRACE row 1438 115489562 115493196
NPTRACE row 1439 115507639 115509814
NPTRACE row 1440 115524151 115529624
NPTRACE row 1441 115542979 115547105
NPTRACE row 1442 115558311 115559489
NPTRACE row 1443 115572168 115576104
NPTRACE row 1444 115591057 115592862
NPTRACE row 1445 115605918 115609570
NPTRACE row 1446 115624045 115626643
NPTRACE row 1447 115641996 115643155
NPTRACE row 1448 115657267 115659489
NPTRACE row 1449 115682119 115684406
NPTRACE row 1450 115694625 115697157
NPTRACE row 1451 115710290 115713957
NPTRACE row 1452 115725534 115726512
NPTRACE row 1453 115739395 115742944
NPTRACE row 1454 115756065 115759933
NPTRACE row 1455 115772851 115776370
NPTRACE row 1456 115790658 115793327
NPTRACE row 1457 115806110 115809657
NPTRACE row 1458 115823879 115826701
NPTRACE row 1459 115838856 115842781
NPTRACE row 1460 115856294 115859809
NPTRACE row 1461 115871133 115872152
NPTRACE row 1462 115890203 115893340
NPTRACE row 1463 115906182 115909662
NPTRACE row 1464 115924110 115926792
NPTRACE row 1465 115938171 115938780
NPTRACE row 1466 115956219 115959688
NPTRACE row 1467 115971548 115972170
NPTRACE row 1468 115988847 115993296
NPTRACE row 1469 116005710 116009635
NPTRACE row 1470 116022725 116026628
NPTRACE row 1471 116040102 116043167
NPTRACE row 1472 116055745 116059641
NPTRACE row 1473 116070911 116072132
NPTRACE row 1474 116087684 116088748
NPTRACE row 1475 116104839 116105638
NPTRACE row 1476 116123896 116126655
NPTRACE row 1477 116137338 116138809
NPTRACE row 1478 116153717 116155418
NPTRACE row 1479 116171046 116172286
NPTRACE row 1480 116190832 116193302
NPTRACE row 1481 116204543 116205640
NPTRACE row 1482 116224124 116226237
NPTRACE row 1483 116236869 116238766
NPTRACE row 1484 116260625 116263716
NPTRACE row 1485 116273200 116276296
NPTRACE row 1486 116289806 116293195
NPTRACE row 1487 116306301 116309643
NPTRACE row 1488 116322477 116326157
NPTRACE row 1489 116333164 116334463
NPTRACE row 1490 116350202 116351141
NPTRACE row 1491 116370313 116372157
NPTRACE row 1492 116386809 116388744
NPTRACE row 1493 116403881 116405684
NPTRACE row 1494 116422862 116426643
NPTRACE row 1495 116437764 116438974
NPTRACE row 1496 116455274 116459655
NPTRACE row 1497 116470705 116472140
NPTRACE row 1498 116486665 116488740
NPTRACE row 1499 116508853 116509839
NPTRACE row 1500 116524471 116526609
NPTRACE row 1501 116537670 116538824
NPTRACE row 1502 116553734 116555889
NPTRACE row 1503 116570153 116572517
NPTRACE row 1504 116587141 116588711
NPTRACE row 1505 116603165 116605561
NPTRACE row 1506 116619877 116622040
NPTRACE row 1507 116644801 116646903
NPTRACE row 1508 116656633 116659936
NPTRACE row 1509 116669454 116672097
NPTRACE row 1510 116686352 116688719
NPTRACE row 1511 116708765 116709996
NPTRACE row 1512 116725099 116730725
NPTRACE row 1513 116744429 116747278
NPTRACE row 1514 116757741 116759962
NPTRACE row 1515 116770748 116772164
NPTRACE row 1516 116788932 116793143
NPTRACE row 1517 116803527 116805609
NPTRACE row 1518 116823892 116826652
NPTRACE row 1519 116837714 116839149
NPTRACE row 1520 116855448 116859796
NPTRACE row 1521 116869313 116872167
NPTRACE row 1522 116890013 116893203
NPTRACE row 1523 116902988 116905599
NPTRACE row 1524 116919923 116922366
NPTRACE row 1525 116935597 116938779
NPTRACE row 1526 116953782 116955402
NPTRACE row 1527 116969736 116972388
NPTRACE row 1528 116990176 116997276
NPTRACE row 1529 117008539 117009835
NPTRACE row 1530 117023840 117026645
NPTRACE row 1531 117036713 117038864
NPTRACE row 1532 117055812 117059981
NPTRACE row 1533 117069701 117072197
NPTRACE row 1534 117090149 117093412
NPTRACE row 1535 117104326 117106165
NPTRACE row 1536 117124073 117126419
NPTRACE row 1537 117137242 117138860
NPTRACE row 1538 117156618 117163971
NPTRACE row 1539 117175034 117176322
NPTRACE row 1540 117190870 117193364
NPTRACE row 1541 117206138 117209864
NPTRACE row 1542 117224027 117230626
NPTRACE row 1543 117243722 117247394
NPTRACE row 1544 117259022 117259643
NPTRACE row 1545 117272726 117276269
NPTRACE row 1546 117291833 117292997
NPTRACE row 1547 117306097 117309691
NPTRACE row 1548 117324039 117326811
NPTRACE row 1549 117337092 117338835
NPTRACE row 1550 117353660 117355918
NPTRACE row 1551 117370218 117372480
NPTRACE row 1552 117386938 117388803
NPTRACE row 1553 117402412 117405667
NPTRACE row 1554 117420353 117422108
NPTRACE row 1555 117435770 117438855
NPTRACE row 1556 117457104 117463900
NPTRACE row 1557 117475511 117476384
NPTRACE row 1558 117490515 117493363
NPTRACE row 1559 117504787 117505946
NPTRACE row 1560 117523989 117526843
NPTRACE row 1561 117537392 117538841
NPTRACE row 1562 117557159 117559684
NPTRACE row 1563 117570550 117572270
NPTRACE row 1564 117590570 117593049
NPTRACE row 1565 117606168 117609977
NPTRACE row 1566 117621269 117622101
NPTRACE row 1567 117632552 117634749
NPTRACE row 1568 117648796 117651244
NPTRACE row 1569 117668735 117672261
NPTRACE row 1570 117687543 117688824
NPTRACE row 1571 117708822 117709894
NPTRACE row 1572 117724793 117726835
NPTRACE row 1573 117738744 117743064
NPTRACE row 1574 117756092 117764056
NPTRACE row 1575 117774430 117776646
NPTRACE row 1576 117790517 117794848
NPTRACE row 1577 117806238 117809832
NPTRACE row 1578 117823762 117826379
NPTRACE row 1579 117836901 117838922
NPTRACE row 1580 117857127 117859992
NPTRACE row 1581 117870513 117872263
NPTRACE row 1582 117886723 117888749
NPTRACE row 1583 117903917 117905985
NPTRACE row 1584 117924140 117931006
NPTRACE row 1585 117943521 117947329
NPTRACE row 1586 117958972 117960116
NPTRACE row 1587 117973382 117976461
NPTRACE row 1588 117991176 117993101
NPTRACE row 1589 118006102 118009783
NPTRACE row 1590 118024096 118026895
NPTRACE row 1591 118039282 118042935
NPTRACE row 1592 118055707 118059878
NPTRACE row 1593 118068662 118072312
NPTRACE row 1594 118090661 118093021
NPTRACE row 1595 118104652 118105882
NPTRACE row 1596 118121058 118122202
NPTRACE row 1597 118131351 118134650
NPTRACE row 1598 118148312 118151314
NPTRACE row 1599 118169777 118172720
NPTRACE row 1600 118189214 118193484
NPTRACE row 1601 118202584 118205888
NPTRACE row 1602 118220588 118222176
NPTRACE row 1603 118231268 118234660
NPTRACE row 1604 118248247 118251332
NPTRACE row 1605 118267568 118268405
NPTRACE row 1606 118291629 118293408
NPTRACE row 1607 118306711 118309845
NPTRACE row 1608 118322420 118326317
NPTRACE row 1609 118331268 118334660
NPTRACE row 1610 118348267 118351323
NPTRACE row 1611 118369141 118372352
NPTRACE row 1612 118387186 118388843
NPTRACE row 1613 118398129 118401443
NPTRACE row 1614 118414852 118417995
NPTRACE row 1615 118431569 118434795
NPTRACE row 1616 118453131 118455690
NPTRACE row 1617 118469712 118472234
NPTRACE row 1618 118486456 118489091
NPTRACE row 1619 118503599 118505712
NPTRACE row 1620 118520305 118522361
NPTRACE row 1621 118536387 118538895
NPTRACE row 1622 118552601 118555690
NPTRACE row 1623 118570312 118572278
NPTRACE row 1624 118581272 118584682
NPTRACE row 1625 118598612 118601474
NPTRACE row 1626 118617251 118618272
NPTRACE row 1627 118636091 118638905
NPTRACE row 1628 118651931 118655784
NPTRACE row 1629 118670141 118672225
NPTRACE row 1630 118681362 118684692
NPTRACE row 1631 118698601 118701632
NPTRACE row 1632 118719180 118722419
NPTRACE row 1633 118740255 118743582
NPTRACE row 1634 118754929 118755810
NPTRACE row 1635 118772489 118776642
NPTRACE row 1636 118786387 118789082
NPTRACE row 1637 118804097 118805654
NPTRACE row 1638 118814737 118818064
NPTRACE row 1639 118831265 118834902
NPTRACE row 1640 118853775 118855720
NPTRACE row 1641 118870358 118872547
NPTRACE row 1642 118883794 118885847
NPTRACE row 1643 118903778 118905747
NPTRACE row 1644 118914474 118918054
NPTRACE row 1645 118930855 118934805
NPTRACE row 1646 118953567 118955684
NPTRACE row 1647 118969931 118972452
NPTRACE row 1648 118987211 118988997
NPTRACE row 1649 119005706 119010147
NPTRACE row 1650 119020712 119022367
NPTRACE row 1651 119036713 119038877
NPTRACE row 1652 119053763 119055701
NPTRACE row 1653 119069662 119072316
NPTRACE row 1654 119086968 119089049
NPTRACE row 1655 119106470 119109789
NPTRACE row 1656 119121499 119122656
NPTRACE row 1657 119136729 119138898
NPTRACE row 1658 119154291 119155742
NPTRACE row 1659 119169800 119172568
NPTRACE row 1660 119186509 119192364
NPTRACE row 1661 119207152 119225502
NPTRACE row 1662 119233142 119234736
NPTRACE row 1663 119248808 119251992
NPTRACE row 1664 119265235 119268214
NPTRACE row 1665 119275063 119276394
NPTRACE row 1666 119284992 119289072
NPTRACE row 1667 119300314 119301545
NPTRACE row 1668 119317737 119318547
NPTRACE row 1669 119336358 119339277
NPTRACE row 1670 119354091 119355768
NPTRACE row 1671 119373074 119376843
NPTRACE row 1672 119386917 119389143
NPTRACE row 1673 119407642 119410330
NPTRACE row 1674 119421839 119422429
NPTRACE row 1675 119439626 119443390
NPTRACE row 1676 119453564 119455752
NPTRACE row 1677 119469832 119472556
NPTRACE row 1678 119486014 119489144
NPTRACE row 1679 119507703 119510360
NPTRACE row 1680 119523079 119526668
NPTRACE row 1681 119541081 119543930
NPTRACE row 1682 119568015 119572527
NPTRACE row 1683 119583182 119584965
NPTRACE row 1684 119600410 119601561
NPTRACE row 1685 119616903 119618471
NPTRACE row 1686 119634340 119634901
NPTRACE row 1687 119649765 119651714
NPTRACE row 1688 119668673 119672299
NPTRACE row 1689 119677761 119680626
NPTRACE row 1690 119687385 119688928
NPTRACE row 1691 119697723 119701480
NPTRACE row 1692 119714192 119718043
NPTRACE row 1693 119734263 119735006
NPTRACE row 1694 119753397 119755708
NPTRACE row 1695 119764612 119768263
NPTRACE row 1696 119780911 119784789
NPTRACE row 1697 119797648 119801520
NPTRACE row 1698 119820714 119822515
NPTRACE row 1699 119835932 119839054
NPTRACE row 1700 119847823 119851458
NPTRACE row 1701 119863604 119864063
NPTRACE row 1702 119883664 119885071
NPTRACE row 1703 119903196 119906329
NPTRACE row 1704 119922825 119926732
NPTRACE row 1705 119939281 119943478
NPTRACE row 1706 119953685 119955859
NPTRACE row 1707 119969791 119972642
NPTRACE row 1708 119986664 119989253
NPTRACE row 1709 120003390 120006250
NPTRACE row 1710 120020505 120022522
NPTRACE row 1711 120039666 120043426
NPTRACE row 1712 120054527 120055904
NPTRACE row 1713 120069718 120072458
NPTRACE row 1714 120100061 120101492
NPTRACE row 1715 120114392 120118429
NPTRACE row 1716 120131208 120134816
NPTRACE row 1717 120144609 120147494
NPTRACE row 1718 120160198 120164073
NPTRACE row 1719 120175321 120177000
NPTRACE row 1720 120189860 120193315
NPTRACE row 1721 120207646 120210451
NPTRACE row 1722 120221352 120222452
NPTRACE row 1723 120236239 120239024
NPTRACE row 1724 120250996 120251618
NPTRACE row 1725 120268751 120272363
NPTRACE row 1726 120279892 120280717
NPTRACE row 1727 120297720 120301382
NPTRACE row 1728 120328617 120331061
NPTRACE row 1729 120342491 120343499
NPTRACE row 1730 120356844 120359920
NPTRACE row 1731 120371138 120372358
NPTRACE row 1732 120384438 120384980
NPTRACE row 1733 120402420 120405791
NPTRACE row 1734 120413296 120414008
NPTRACE row 1735 120429656 120430686
NPTRACE row 1736 120450676 120451651
NPTRACE row 1737 120468584 120472504
NPTRACE row 1738 120493618 120497285
NPTRACE row 1739 120503332 120505878
NPTRACE row 1740 120516562 120518312
NPTRACE row 1741 120536344 120539172
NPTRACE row 1742 120546274 120547337
NPTRACE row 1743 120562776 120564163
NPTRACE row 1744 120579379 120580700
NPTRACE row 1745 120602633 120605918
NPTRACE row 1746 120618575 120622290
NPTRACE row 1747 120629320 120630707
NPTRACE row 1748 120646166 120647381
NPTRACE row 1749 120669317 120672632
NPTRACE row 1750 120685058 120689411
NPTRACE row 1751 120704124 120706212
NPTRACE row 1752 120719778 120722571
NPTRACE row 1753 120729724 120730733
NPTRACE row 1754 120746344 120747403
NPTRACE row 1755 120769061 120772669
NPTRACE row 1756 120785232 120789279
NPTRACE row 1757 120801142 120801991
NPTRACE row 1758 120818992 120822495
NPTRACE row 1759 120830213 120830935
NPTRACE row 1760 120845985 120847405
NPTRACE row 1761 120866708 120868424
NPTRACE row 1762 120885461 120889153
NPTRACE row 1763 120896325 120897542
NPTRACE row 1764 120912564 120914085
NPTRACE row 1765 120934357 120935154
NPTRACE row 1766 120952350 120955829
NPTRACE row 1767 120962732 120964133
NPTRACE row 1768 120979275 120980747
NPTRACE row 1769 120995860 120997549
NPTRACE row 1770 121019358 121022614
NPTRACE row 1771 121035276 121039029
NPTRACE row 1772 121045993 121047432
NPTRACE row 1773 121062241 121064097
NPTRACE row 1774 121085492 121089329
NPTRACE row 1775 121102760 121106329
NPTRACE row 1776 121121369 121124864
NPTRACE row 1777 121140629 121143861
NPTRACE row 1778 121155209 121155959
NPTRACE row 1779 121173726 121177237
NPTRACE row 1780 121188544 121189325
NPTRACE row 1781 121207629 121214602
NPTRACE row 1782 121228873 121231186
NPTRACE row 1783 121244022 121247847
NPTRACE row 1784 121259557 121260108
NPTRACE row 1785 121275579 121277133
NPTRACE row 1786 121292085 121293457
NPTRACE row 1787 121308470 121314675
NPTRACE row 1788 121333003 121335772
NPTRACE row 1789 121350251 121351876
NPTRACE row 1790 121367525 121368445
NPTRACE row 1791 121378169 121381072
NPTRACE row 1792 121388229 121389135
NPTRACE row 1793 121398312 121401744
NPTRACE row 1794 121412402 121414158
NPTRACE row 1795 121435939 121439381
NPTRACE row 1796 121451912 121455744
NPTRACE row 1797 121462250 121464156
NPTRACE row 1798 121479096 121480820
NPTRACE row 1799 121504575 121506282
NPTRACE row 1800 121520308 121522906
NPTRACE row 1801 121536664 121539367
NPTRACE row 1802 121552608 121556185
NPTRACE row 1803 121569428 121572711
NPTRACE row 1804 121585267 121589260
NPTRACE row 1805 121596198 121597623
NPTRACE row 1806 121612546 121614184
NPTRACE row 1807 121633366 121635382
NPTRACE row 1808 121652547 121656013
NPTRACE row 1809 121662470 121664178
NPTRACE row 1810 121678901 121680832
NPTRACE row 1811 121695563 121697618
NPTRACE row 1812 121718693 121722779
NPTRACE row 1813 121734376 121735128
NPTRACE row 1814 121752524 121756091
NPTRACE row 1815 121768614 121772355
NPTRACE row 1816 121778775 121780838
NPTRACE row 1817 121795435 121797613
NPTRACE row 1818 121817468 121818529
NPTRACE row 1819 121833902 121835093
NPTRACE row 1820 121845213 121847498
NPTRACE row 1821 121861653 121864171
NPTRACE row 1822 121892351 121893561
NPTRACE row 1823 121907688 121910919
NPTRACE row 1824 121923178 121926874
NPTRACE row 1825 121938608 121939323
NPTRACE row 1826 121953637 121956133
NPTRACE row 1827 121969386 121972812
NPTRACE row 1828 121987040 121989534
NPTRACE row 1829 122002820 122006094
NPTRACE row 1830 122013400 122014238
NPTRACE row 1831 122028784 122030885
NPTRACE row 1832 122050462 122051995
NPTRACE row 1833 122067853 122068514
NPTRACE row 1834 122078563 122080896
NPTRACE row 1835 122095377 122097677
NPTRACE row 1836 122112015 122114257
NPTRACE row 1837 122135495 122139533
NPTRACE row 1838 122151093 122151852
NPTRACE row 1839 122169006 122172692
NPTRACE row 1840 122185760 122189688
NPTRACE row 1841 122202719 122206353
NPTRACE row 1842 122218755 122223634
NPTRACE row 1843 122235928 122239527
NPTRACE row 1844 122252070 122255984
NPTRACE row 1845 122261711 122264244
NPTRACE row 1846 122278242 122280897
NPTRACE row 1847 122302657 122306373
NPTRACE row 1848 122318940 122322981
NPTRACE row 1849 122335870 122339466
NPTRACE row 1850 122354972 122356203
NPTRACE row 1851 122365318 122368389
NPTRACE row 1852 122378308 122380880
NPTRACE row 1853 122402542 122406034
NPTRACE row 1854 122417836 122418485
NPTRACE row 1855 122436069 122439669
NPTRACE row 1856 122451997 122455797
NPTRACE row 1857 122461153 122464233
NPTRACE row 1858 122477558 122480871
NPTRACE row 1859 122502180 122506058
NPTRACE row 1860 122518698 122522427
NPTRACE row 1861 122527975 122530920
NPTRACE row 1862 122544466 122547567
NPTRACE row 1863 122567396 122568642
NPTRACE row 1864 122583441 122585208
NPTRACE row 1865 122594623 122597697
NPTRACE row 1866 122611018 122614462
NPTRACE row 1867 122636068 122639420
NPTRACE row 1868 122650928 122651861
NPTRACE row 1869 122660752 122664250
NPTRACE row 1870 122677739 122680921
NPTRACE row 1871 122702527 122706062
NPTRACE row 1872 122718982 122722541
NPTRACE row 1873 122728636 122730918
NPTRACE row 1874 122744637 122747583
NPTRACE row 1875 122767462 122768693
NPTRACE row 1876 122784335 122785223
NPTRACE row 1877 122802634 122806073
NPTRACE row 1878 122818571 122822662
NPTRACE row 1879 122828476 122830967
NPTRACE row 1880 122844550 122847600
NPTRACE row 1881 122867135 122868677
NPTRACE row 1882 122883426 122885217
NPTRACE row 1883 122894543 122897726
NPTRACE row 1884 122910828 122914272
NPTRACE row 1885 122929444 122931211
NPTRACE row 1886 122950858 122952030
NPTRACE row 1887 122961676 122964347
NPTRACE row 1888 122977534 122980934
NPTRACE row 1889 122994422 122997739
NPTRACE row 1890 123017751 123018676
NPTRACE row 1891 123033109 123035221
NPTRACE row 1892 123044378 123047611
NPTRACE row 1893 123060438 123064285
NPTRACE row 1894 123084332 123085308
NPTRACE row 1895 123100888 123101992
NPTRACE row 1896 123119216 123122999
NPTRACE row 1897 123134542 123135208
NPTRACE row 1898 123144403 123147602
NPTRACE row 1899 123160402 123164265
NPTRACE row 1900 123184313 123185318
NPTRACE row 1901 123201362 123202088
NPTRACE row 1902 123219215 123222838
NPTRACE row 1903 123234689 123235303
NPTRACE row 1904 123244699 123247617
NPTRACE row 1905 123260497 123264296
NPTRACE row 1906 123284479 123285324
NPTRACE row 1907 123300884 123301991
NPTRACE row 1908 123310779 123314282
NPTRACE row 1909 123326960 123330977
NPTRACE row 1910 123350339 123352061
NPTRACE row 1911 123365443 123370599
NPTRACE row 1912 123381097 123384994
NPTRACE row 1913 123394344 123397723
NPTRACE row 1914 123419921 123422817
NPTRACE row 1915 123435353 123439589
NPTRACE row 1916 123451973 123456145
NPTRACE row 1917 123467358 123468618
NPTRACE row 1918 123477384 123480957
NPTRACE row 1919 123494539 123497878
NPTRACE row 1920 123515062 123518649
NPTRACE row 1921 123535405 123539352
NPTRACE row 1922 123552352 123556254
NPTRACE row 1923 123567985 123568583
NPTRACE row 1924 123578114 123580978
NPTRACE row 1925 123594146 123597748
NPTRACE row 1926 123616334 123618739
NPTRACE row 1927 123634734 123635285
NPTRACE row 1928 123644669 123647634
NPTRACE row 1929 123660377 123664250
NPTRACE row 1930 123680537 123681188
NPTRACE row 1931 123702137 123706969
NPTRACE row 1932 123719420 123722934
NPTRACE row 1933 123735457 123740407
NPTRACE row 1934 123752993 123756272
NPTRACE row 1935 123768888 123773695
NPTRACE row 1936 123786637 123789581
NPTRACE row 1937 123803009 123806176
NPTRACE row 1938 123813257 123814342
NPTRACE row 1939 123827229 123830973
NPTRACE row 1940 123852049 123856258
NPTRACE row 1941 123868683 123872529
NPTRACE row 1942 123878253 123880993
NPTRACE row 1943 123893962 123897634
NPTRACE row 1944 123917767 123918830
NPTRACE row 1945 123933750 123935252
NPTRACE row 1946 123949678 123952071
NPTRACE row 1947 123967236 123968577
NPTRACE row 1948 123981589 123985418
NPTRACE row 1949 124001189 124002037
NPTRACE row 1950 124018957 124022778
NPTRACE row 1951 124034522 124035306
NPTRACE row 1952 124044458 124047773
NPTRACE row 1953 124060579 124064256
NPTRACE row 1954 124082201 124085566
NPTRACE row 1955 124101221 124102135
NPTRACE row 1956 124111582 124114460
NPTRACE row 1957 124127266 124130958
NPTRACE row 1958 124146930 124155235
NPTRACE row 1959 124168027 124168710
NPTRACE row 1960 124185828 124189532
NPTRACE row 1961 124202225 124205980
NPTRACE row 1962 124212243 124214492
NPTRACE row 1963 124227386 124231053
NPTRACE row 1964 124248504 124252170
NPTRACE row 1965 124267818 124268807
NPTRACE row 1966 124286310 124289734
NPTRACE row 1967 124302787 124306082
NPTRACE row 1968 124313397 124314572
NPTRACE row 1969 124327277 124331006
NPTRACE row 1970 124348372 124352281
NPTRACE row 1971 124368110 124368989
NPTRACE row 1972 124383207 124385308
NPTRACE row 1973 124394479 124397933
NPTRACE row 1974 124411070 124414482
NPTRACE row 1975 124430053 124431429
NPTRACE row 1976 124450351 124452140
NPTRACE row 1977 124460943 124464470
NPTRACE row 1978 124477319 124481074
NPTRACE row 1979 124502357 124506250
NPTRACE row 1980 124519098 124523565
NPTRACE row 1981 124537382 124539839
NPTRACE row 1982 124553386 124556255
NPTRACE row 1983 124564670 124568541
NPTRACE row 1984 124577373 124581081
NPTRACE row 1985 124599820 124602476
NPTRACE row 1986 124618022 124618824
NPTRACE row 1987 124628234 124631167
NPTRACE row 1988 124643794 124647682
NPTRACE row 1989 124665153 124668797
NPTRACE row 1990 124683452 124685457
NPTRACE row 1991 124694190 124697788
NPTRACE row 1992 124710705 124714463
NPTRACE row 1993 124731667 124735374
NPTRACE row 1994 124750532 124752157
NPTRACE row 1995 124765864 124769019
NPTRACE row 1996 124784623 124785503
NPTRACE row 1997 124803054 124806482
NPTRACE row 1998 124818993 124823665
NPTRACE row 1999 124837339 124839975
NPTRACE row 2000 124857448 124860309
NPTRACE row 2001 124874197 124876978
NPTRACE row 2002 124888232 124889527
NPTRACE row 2003 124898877 124902119
NPTRACE row 2004 124910631 124914687
NPTRACE row 2005 124931522 124935658
NPTRACE row 2006 124950071 124952169
NPTRACE row 2007 124965703 124969005
NPTRACE row 2008 124983877 124985504
NPTRACE row 2009 124998746 125002583
NPTRACE row 2010 125016641 125018846
NPTRACE row 2011 125031786 125035656
NPTRACE row 2012 125050386 125052189
NPTRACE row 2013 125061110 125064491
NPTRACE row 2014 125076203 125077012
NPTRACE row 2015 125100287 125102553
NPTRACE row 2016 125119475 125123692
NPTRACE row 2017 125137308 125139853
NPTRACE row 2018 125154012 125156328
NPTRACE row 2019 125164818 125168625
NPTRACE row 2020 125177351 125181081
NPTRACE row 2021 125199811 125202553
NPTRACE row 2022 125219039 125223398
NPTRACE row 2023 125250141 125252086
NPTRACE row 2024 125260791 125264530
NPTRACE row 2025 125270509 125272877
NPTRACE row 2026 125281381 125285240
NPTRACE row 2027 125300456 125309173
NPTRACE row 2028 125320013 125322873
NPTRACE row 2029 125329940 125331219
NPTRACE row 2030 125342696 125343702
NPTRACE row 2031 125362522 125364905
NPTRACE row 2032 125383408 125386599
NPTRACE row 2033 125403660 125406708
NPTRACE row 2034 125424131 125427856
NPTRACE row 2035 125441292 125443811
NPTRACE row 2036 125458505 125461035
NPTRACE row 2037 125474283 125477360
NPTRACE row 2038 125488432 125489560
NPTRACE row 2039 125499026 125502167
NPTRACE row 2040 125510801 125514752
NPTRACE row 2041 125530738 125535433
NPTRACE row 2042 125550583 125552237
NPTRACE row 2043 125561410 125564565
NPTRACE row 2044 125576181 125577065
NPTRACE row 2045 125598503 125602180
NPTRACE row 2046 125616657 125618876
NPTRACE row 2047 125628060 125631392
NPTRACE row 2048 125642582 125643735
NPTRACE row 2049 125661748 125665024
NPTRACE row 2050 125682778 125685584
NPTRACE row 2051 125694474 125697989
NPTRACE row 2052 125709282 125710433
NPTRACE row 2053 125728037 125738864
NPTRACE row 2054 125753477 125756633
NPTRACE row 2055 125775399 125777453
NPTRACE row 2056 125792957 125794481
NPTRACE row 2057 125811879 125814906
NPTRACE row 2058 125830345 125831600
NPTRACE row 2059 125848733 125852109
NPTRACE row 2060 125859645 125860449
NPTRACE row 2061 125869608 125872955
NPTRACE row 2062 125880398 125881293
NPTRACE row 2063 125895373 125898431
NPTRACE row 2064 125916788 125919055
NPTRACE row 2065 125932961 125935793
NPTRACE row 2066 125953571 125956786
NPTRACE row 2067 125966986 125969038
NPTRACE row 2068 125984442 125985793
NPTRACE row 2069 126001444 126002529
NPTRACE row 2070 126018853 126022704
NPTRACE row 2071 126028333 126031250
NPTRACE row 2072 126041976 126043721
NPTRACE row 2073 126059705 126064893
NPTRACE row 2074 126084823 126085596
NPTRACE row 2075 126102967 126106372
NPTRACE row 2076 126118891 126122834
NPTRACE row 2077 126139973 126143826
NPTRACE row 2078 126157885 126164888
NPTRACE row 2079 126178188 126181431
NPTRACE row 2080 126192846 126194258
NPTRACE row 2081 126209064 126210824
NPTRACE row 2082 126225049 126231684
NPTRACE row 2083 126244724 126248150
NPTRACE row 2084 126263777 126265136
NPTRACE row 2085 126280490 126281519
NPTRACE row 2086 126294511 126298310
NPTRACE row 2087 126311622 126314773
NPTRACE row 2088 126329587 126331688
NPTRACE row 2089 126346406 126348276
NPTRACE row 2090 126362946 126365061
NPTRACE row 2091 126379967 126381602
NPTRACE row 2092 126391714 126393752
NPTRACE row 2093 126404481 126406404
NPTRACE row 2094 126416527 126418775
NPTRACE row 2095 126432518 126435882
NPTRACE row 2096 126449805 126452230
NPTRACE row 2097 126465206 126468955
NPTRACE row 2098 126482379 126485621
NPTRACE row 2099 126499861 126502575
NPTRACE row 2100 126517521 126518896
NPTRACE row 2101 126532152 126535628
NPTRACE row 2102 126549250 126552228
NPTRACE row 2103 126559509 126560401
NPTRACE row 2104 126574504 126577063
NPTRACE row 2105 126592428 126598445
NPTRACE row 2106 126615455 126618790
NPTRACE row 2107 126628509 126631496
NPTRACE row 2108 126647189 126648200
NPTRACE row 2109 126659959 126661085
NPTRACE row 2110 126680597 126681558
NPTRACE row 2111 126700633 126702740
NPTRACE row 2112 126719423 126723460
NPTRACE row 2113 126737029 126739911
NPTRACE row 2114 126752814 126757121
NPTRACE row 2115 126771191 126773171
NPTRACE row 2116 126786665 126790156
NPTRACE row 2117 126804101 126806741
NPTRACE row 2118 126819792 126823506
NPTRACE row 2119 126847252 126848268
NPTRACE row 2120 126862052 126864927
NPTRACE row 2121 126878747 126881626
NPTRACE row 2122 126894977 126898348
NPTRACE row 2123 126911843 126915039
NPTRACE row 2124 126923601 126927241
NPTRACE row 2125 126933494 126935445
NPTRACE row 2126 126943908 126947805
NPTRACE row 2127 126958219 126960960
NPTRACE row 2128 126980492 126981553
NPTRACE row 2129 126995752 126998299
NPTRACE row 2130 127015432 127018782
NPTRACE row 2131 127028398 127031465
NPTRACE row 2132 127047488 127048235
NPTRACE row 2133 127060002 127065012
NPTRACE row 2134 127082030 127085475
NPTRACE row 2135 127092701 127093886
NPTRACE row 2136 127107638 127110559
NPTRACE row 2137 127125583 127127430
NPTRACE row 2138 127148439 127152095
NPTRACE row 2139 127162208 127164876
NPTRACE row 2140 127182067 127185494
NPTRACE row 2141 127196047 127198400
NPTRACE row 2142 127214994 127218910
NPTRACE row 2143 127230232 127231651
NPTRACE row 2144 127247498 127248227
NPTRACE row 2145 127258621 127260444
NPTRACE row 2146 127273773 127277167
NPTRACE row 2147 127290818 127293889
NPTRACE row 2148 127308286 127311035
NPTRACE row 2149 127329097 127331577
NPTRACE row 2150 127343075 127344203
NPTRACE row 2151 127362074 127364911
NPTRACE row 2152 127376592 127377524
NPTRACE row 2153 127396427 127398342
NPTRACE row 2154 127408516 127410498
NPTRACE row 2155 127423810 127427191
NPTRACE row 2156 127441924 127444284
NPTRACE row 2157 127462512 127465053
NPTRACE row 2158 127479364 127481534
NPTRACE row 2159 127497537 127498478
NPTRACE row 2160 127508862 127510537
NPTRACE row 2161 127523186 127526946
NPTRACE row 2162 127547477 127561503
NPTRACE row 2163 127573265 127577704
NPTRACE row 2164 127586493 127590151
NPTRACE row 2165 127602808 127606736
NPTRACE row 2166 127621511 127623220
NPTRACE row 2167 127636315 127639673
NPTRACE row 2168 127646256 127647984
NPTRACE row 2169 127656832 127660458
NPTRACE row 2170 127678454 127681715
NPTRACE row 2171 127698128 127698457
NPTRACE row 2172 127711255 127714744
NPTRACE row 2173 127729664 127731585
NPTRACE row 2174 127745042 127748231
NPTRACE row 2175 127763968 127765136
NPTRACE row 2176 127776480 127777721
NPTRACE row 2177 127796408 127798454
NPTRACE row 2178 127808612 127810589
NPTRACE row 2179 127823342 127827054
NPTRACE row 2180 127844760 127848313
NPTRACE row 2181 127863008 127865069
NPTRACE row 2182 127882209 127885585
NPTRACE row 2183 127899378 127902273
NPTRACE row 2184 127909682 127910652
NPTRACE row 2185 127923399 127927199
NPTRACE row 2186 127944492 127949203
NPTRACE row 2187 127963676 127965137
NPTRACE row 2188 127977785 127981339
NPTRACE row 2189 127996463 127998480
NPTRACE row 2190 128015274 128018914
NPTRACE row 2191 128032344 128035474
NPTRACE row 2192 128041942 128043845
NPTRACE row 2193 128055843 128056481
NPTRACE row 2194 128078517 128081671
NPTRACE row 2195 128095695 128098272
NPTRACE row 2196 128108847 128110990
NPTRACE row 2197 128128421 128131628
NPTRACE row 2198 128150152 128152428
NPTRACE row 2199 128166520 128168921
NPTRACE row 2200 128176482 128177312
NPTRACE row 2201 128190148 128193802
NPTRACE row 2202 128211323 128214716
NPTRACE row 2203 128227865 128231563
NPTRACE row 2204 128245677 128248308
NPTRACE row 2205 128262376 128265005
NPTRACE row 2206 128278122 128281531
NPTRACE row 2207 128297255 128298683
NPTRACE row 2208 128312478 128315199
NPTRACE row 2209 128330089 128331855
NPTRACE row 2210 128346743 128348444
NPTRACE row 2211 128363246 128365192
NPTRACE row 2212 128379182 128381785
NPTRACE row 2213 128396890 128398504
NPTRACE row 2214 128418436 128419181
NPTRACE row 2215 128440898 128444437
NPTRACE row 2216 128456914 128460779
NPTRACE row 2217 128474600 128477730
NPTRACE row 2218 128490396 128494001
NPTRACE row 2219 128509154 128513547
NPTRACE row 2220 128528305 128531792
NPTRACE row 2221 128548661 128552437
NPTRACE row 2222 128565497 128569038
NPTRACE row 2223 128579721 128581817
NPTRACE row 2224 128596862 128598472
NPTRACE row 2225 128612896 128627631
NPTRACE row 2226 128639219 128640231
NPTRACE row 2227 128654558 128656901
NPTRACE row 2228 128678296 128681704
NPTRACE row 2229 128694578 128698405
NPTRACE row 2230 128712005 128715139
NPTRACE row 2231 128729231 128731889
NPTRACE row 2232 128745410 128748603
NPTRACE row 2233 128761630 128765159
NPTRACE row 2234 128782111 128786031
NPTRACE row 2235 128799207 128802419
NPTRACE row 2236 128809809 128810631
NPTRACE row 2237 128819873 128823253
NPTRACE row 2238 128830564 128831492
NPTRACE row 2239 128845883 128848768
NPTRACE row 2240 128861972 128865249
NPTRACE row 2241 128879713 128881707
NPTRACE row 2242 128897384 128898584
NPTRACE row 2243 128912242 128915185
NPTRACE row 2244 128929017 128931849
NPTRACE row 2245 128952909 128956520
NPTRACE row 2246 128969378 128973269
NPTRACE row 2247 128986222 128989930
NPTRACE row 2248 129002783 129006627
NPTRACE row 2249 129025407 129027676
NPTRACE row 2250 129039224 129039905
NPTRACE row 2251 129048913 129052341
NPTRACE row 2252 129059996 129060782
NPTRACE row 2253 129072635 129073613
NPTRACE row 2254 129090280 129093980
NPTRACE row 2255 129109330 129111545
NPTRACE row 2256 129128208 129131651
NPTRACE row 2257 129145786 129148592
NPTRACE row 2258 129166773 129169217
NPTRACE row 2259 129181826 129185975
NPTRACE row 2260 129199557 129202525
NPTRACE row 2261 129225672 129227849
NPTRACE row 2262 129242480 129244749
NPTRACE row 2263 129260307 129261056
NPTRACE row 2264 129280923 129281885
NPTRACE row 2265 129299195 129302495
NPTRACE row 2266 129310171 129310767
NPTRACE row 2267 129320559 129323345
NPTRACE row 2268 129331705 129335564
NPTRACE row 2269 129344821 129348267
NPTRACE row 2270 129362038 129365169
NPTRACE row 2271 129379464 129381913
NPTRACE row 2272 129396871 129398583
NPTRACE row 2273 129413817 129415296
NPTRACE row 2274 129432453 129435715
NPTRACE row 2275 129446000 129448438
NPTRACE row 2276 129466411 129471209
NPTRACE row 2277 129484425 129485903
NPTRACE row 2278 129506034 129506625
NPTRACE row 2279 129520678 129523565
NPTRACE row 2280 129539260 129540279
NPTRACE row 2281 129554609 129556943
NPTRACE row 2282 129573579 129577360
NPTRACE row 2283 129588898 129590256
NPTRACE row 2284 129607513 129610919
NPTRACE row 2285 129624243 129627478
NPTRACE row 2286 129641511 129644193
NPTRACE row 2287 129657781 129660916
NPTRACE row 2288 129673846 129677517
NPTRACE row 2289 129688180 129690359
NPTRACE row 2290 129707155 129710623
NPTRACE row 2291 129721793 129723606
NPTRACE row 2292 129738566 129739984
NPTRACE row 2293 129752844 129756534
NPTRACE row 2294 129767753 129769050
NPTRACE row 2295 129780938 129781662
NPTRACE row 2296 129796834 129798474
NPTRACE row 2297 129808316 129810704
NPTRACE row 2298 129818178 129819019
NPTRACE row 2299 129827967 129831454
NPTRACE row 2300 129841647 129848506
NPTRACE row 2301 129865439 129868958
NPTRACE row 2302 129884116 129885872
NPTRACE row 2303 129902896 129906576
NPTRACE row 2304 129920394 129923674
NPTRACE row 2305 129936399 129940069
NPTRACE row 2306 129954915 129957057
NPTRACE row 2307 129972306 129973534
NPTRACE row 2308 129988559 129990117
NPTRACE row 2309 130010977 130015058
NPTRACE row 2310 130026699 130027756
NPTRACE row 2311 130042387 130044684
NPTRACE row 2312 130058330 130061051
NPTRACE row 2313 130073738 130078051
NPTRACE row 2314 130087636 130090209
NPTRACE row 2315 130107507 130110860
NPTRACE row 2316 130122054 130123444
NPTRACE row 2317 130136256 130140001
NPTRACE row 2318 130152919 130156542
NPTRACE row 2319 130167828 130169224
NPTRACE row 2320 130182352 130185841
NPTRACE row 2321 130199686 130202441
NPTRACE row 2322 130215366 130218954
NPTRACE row 2323 130230739 130232074
NPTRACE row 2324 130245157 130248318
NPTRACE row 2325 130261413 130264998
NPTRACE row 2326 130289309 130290862
NPTRACE row 2327 130302817 130306622
NPTRACE row 2328 130316402 130319566
NPTRACE row 2329 130332590 130336092
NPTRACE row 2330 130349082 130352550
NPTRACE row 2331 130365711 130369314
NPTRACE row 2332 130382266 130386148
NPTRACE row 2333 130399829 130402659
NPTRACE row 2334 130415198 130419061
NPTRACE row 2335 130432379 130435785
NPTRACE row 2336 130446001 130448387
NPTRACE row 2337 130461455 130465226
NPTRACE row 2338 130483342 130485929
NPTRACE row 2339 130503471 130506556
NPTRACE row 2340 130513324 130514842
NPTRACE row 2341 130522585 130523299
NPTRACE row 2342 130540545 130544471
NPTRACE row 2343 130558615 130560965
NPTRACE row 2344 130574759 130577902
NPTRACE row 2345 130592651 130594394
NPTRACE row 2346 130611466 130615052
NPTRACE row 2347 130626129 130627611
NPTRACE row 2348 130642655 130644335
NPTRACE row 2349 130658623 130660992
NPTRACE row 2350 130674983 130677689
NPTRACE row 2351 130693225 130694530
NPTRACE row 2352 130711774 130715306
NPTRACE row 2353 130726875 130727652
NPTRACE row 2354 130741868 130744271
NPTRACE row 2355 130759712 130761000
NPTRACE row 2356 130777830 130781556
NPTRACE row 2357 130795171 130798489
NPTRACE row 2358 130813102 130815186
NPTRACE row 2359 130829759 130831902
NPTRACE row 2360 130841411 130844057
NPTRACE row 2361 130853153 130856551
NPTRACE row 2362 130880873 130881887
NPTRACE row 2363 130898661 130902256
NPTRACE row 2364 130908152 130910733
NPTRACE row 2365 130919856 130923229
NPTRACE row 2366 130940215 130944217
NPTRACE row 2367 130964264 130965136
NPTRACE row 2368 130974049 130977390
NPTRACE row 2369 130987423 130990018
NPTRACE row 2370 131004219 131006634
NPTRACE row 2371 131022570 131030711
NPTRACE row 2372 131047115 131048400
NPTRACE row 2373 131062518 131065189
NPTRACE row 2374 131079383 131081931
NPTRACE row 2375 131100158 131102588
NPTRACE row 2376 131121235 131123497
NPTRACE row 2377 131130887 131131678
NPTRACE row 2378 131140716 131144148
NPTRACE row 2379 131153349 131156883
NPTRACE row 2380 131176237 131177797
NPTRACE row 2381 131193213 131194512
NPTRACE row 2382 131209615 131211073
NPTRACE row 2383 131225491 131227880
NPTRACE row 2384 131244806 131248301
NPTRACE row 2385 131261174 131264920
NPTRACE row 2386 131276436 131277826
NPTRACE row 2387 131294783 131298280
NPTRACE row 2388 131315264 131319097
NPTRACE row 2389 131325978 131327863
NPTRACE row 2390 131342747 131344331
NPTRACE row 2391 131361028 131365176
NPTRACE row 2392 131376159 131377754
NPTRACE row 2393 131393614 131394560
NPTRACE row 2394 131409785 131411186
NPTRACE row 2395 131424978 131427707
NPTRACE row 2396 131443084 131444344
NPTRACE row 2397 131459633 131461112
NPTRACE row 2398 131476031 131477678
NPTRACE row 2399 131492180 131492917
NPTRACE end 043db97a2963b4ec
NPTRACE begin 2c1faf6e33d3fd20 2400 2400 1 0
NPTRACE row 0 298273265 298274571
NPTRACE row 1 298289178 298290912
NPTRACE row 2 298306893 298307680
NPTRACE row 3 298321663 298324080
NPTRACE row 4 298343202 298344918
NPTRACE row 5 298356026 298357650
NPTRACE row 6 298371633 298373985
NPTRACE row 7 298388432 298390885
NPTRACE row 8 298417184 298420252
NPTRACE row 9 298425574 298428034
NPTRACE row 10 298439626 298440811
NPTRACE row 11 298456120 298457513
NPTRACE row 12 298473327 298474286
NPTRACE row 13 298488511 298490714
NPTRACE row 14 298506837 298507707
NPTRACE row 15 298523404 298524276
NPTRACE row 16 298539769 298540802
NPTRACE row 17 298556788 298557502
NPTRACE row 18 298578627 298582261
NPTRACE row 19 298589732 298590903
NPTRACE row 20 298606890 298607585
NPTRACE row 21 298622527 298624054
NPTRACE row 22 298640379 298640946
NPTRACE row 23 298660930 298661437
NPTRACE row 24 298672799 298674103
NPTRACE row 25 298689417 298690814
NPTRACE row 26 298708054 298711338
NPTRACE row 27 298722539 298724073
NPTRACE row 28 298742602 298744722
NPTRACE row 29 298756893 298757495
NPTRACE row 30 298774517 298777990
NPTRACE row 31 298789717 298790646
NPTRACE row 32 298807679 298811315
NPTRACE row 33 298822786 298823899
NPTRACE row 34 298840134 298840861
NPTRACE row 35 298856624 298857522
NPTRACE row 36 298873722 298874264
NPTRACE row 37 298888828 298890552
NPTRACE row 38 298907945 298911332
NPTRACE row 39 298922697 298923944
NPTRACE row 40 298939909 298940873
NPTRACE row 41 298956320 298957488
NPTRACE row 42 298975298 298978005
NPTRACE row 43 298989651 298990734
NPTRACE row 44 299007917 299011326
NPTRACE row 45 299022483 299023895
NPTRACE row 46 299039907 299040811
NPTRACE row 47 299056315 299057468
NPTRACE row 48 299076845 299078148
NPTRACE row 49 299089346 299090791
NPTRACE row 50 299108474 299111608
NPTRACE row 51 299124541 299128027
NPTRACE row 52 299135006 299136524
NPTRACE row 53 299151893 299153285
NPTRACE row 54 299178425 299182203
NPTRACE row 55 299189618 299190615
NPTRACE row 56 299205446 299207308
NPTRACE row 57 299226264 299228199
NPTRACE row 58 299250015 299253051
NPTRACE row 59 299259678 299261529
NPTRACE row 60 299270807 299273896
NPTRACE row 61 299290884 299294718
NPTRACE row 62 299301612 299303201
NPTRACE row 63 299318530 299319917
NPTRACE row 64 299356310 299357564
NPTRACE row 65 299385458 299386576
NPTRACE row 66 299393064 299394822
NPTRACE row 67 299405234 299407364
NPTRACE row 68 299416415 299419992
NPTRACE row 69 299427841 299428382
NPTRACE row 70 299445351 299449239
NPTRACE row 71 299458140 299461516
NPTRACE row 72 299486981 299490596
NPTRACE row 73 299494432 299494787
NPTRACE row 74 299508099 299511522
NPTRACE row 75 299523630 299524080
NPTRACE row 76 299534904 299536471
NPTRACE row 77 299551864 299553274
NPTRACE row 78 299572602 299574184
NPTRACE row 79 299590114 299590801
NPTRACE row 80 299601619 299603133
NPTRACE row 81 299617992 299619813
NPTRACE row 82 299655637 299657405
NPTRACE row 83 299685001 299686601
NPTRACE row 84 299692648 299694773
NPTRACE row 85 299702876 299703502
NPTRACE row 86 299714020 299715719
NPTRACE row 87 299726504 299728169
NPTRACE row 88 299753464 299757284
NPTRACE row 89 299761298 299761597
NPTRACE row 90 299773212 299774207
NPTRACE row 91 299788100 299790863
NPTRACE row 92 299816742 299819925
NPTRACE row 93 299827000 299828430
NPTRACE row 94 299839728 299840677
NPTRACE row 95 299856900 299857561
NPTRACE row 96 299867855 299869790
NPTRACE row 97 299884462 299886458
NPTRACE row 98 299917226 299920296
NPTRACE row 99 299926700 299928327
NPTRACE row 100 299937973 299940688
NPTRACE row 101 299957727 299961528
NPTRACE row 102 299967653 299969796
NPTRACE row 103 299984358 299986464
NPTRACE row 104 300004359 300007259
NPTRACE row 105 300022877 300024106
NPTRACE row 106 300034780 300036592
NPTRACE row 107 300051456 300053252
NPTRACE row 108 300083075 300086499
NPTRACE row 109 300092644 300094806
NPTRACE row 110 300121318 300124081
NPTRACE row 111 300133863 300136583
NPTRACE row 112 300145442 300149073
NPTRACE row 113 300158836 300161652
NPTRACE row 114 300189226 300190692
NPTRACE row 115 300200992 300203250
NPTRACE row 116 300212808 300215873
NPTRACE row 117 300226193 300228193
NPTRACE row 118 300234514 300236485
NPTRACE row 119 300251491 300253272
NPTRACE row 120 300289247 300290834
NPTRACE row 121 300301087 300303170
NPTRACE row 122 300312107 300315719
NPTRACE row 123 300325356 300328232
NPTRACE row 124 300355088 300357334
NPTRACE row 125 300366668 300370135
NPTRACE row 126 300377949 300378473
NPTRACE row 127 300392411 300395075
NPTRACE row 128 300421078 300424012
NPTRACE row 129 300429103 300432346
NPTRACE row 130 300437128 300440671
NPTRACE row 131 300451388 300453289
NPTRACE row 132 300468103 300469837
NPTRACE row 133 300487207 300496606
NPTRACE row 134 300508292 300511628
NPTRACE row 135 300537799 300540884
NPTRACE row 136 300551177 300553242
NPTRACE row 137 300563511 300566283
NPTRACE row 138 300576549 300578237
NPTRACE row 139 300603606 300607356
NPTRACE row 140 300611312 300611544
NPTRACE row 141 300626030 300628413
NPTRACE row 142 300639552 300640915
NPTRACE row 143 300651410 300653302
NPTRACE row 144 300667445 300669851
NPTRACE row 145 300684612 300686519
NPTRACE row 146 300703624 300714833
NPTRACE row 147 300725665 300728197
NPTRACE row 148 300734512 300736644
NPTRACE row 149 300750984 300753308
NPTRACE row 150 300767635 300769859
NPTRACE row 151 300804322 300807443
NPTRACE row 152 300815915 300830500
NPTRACE row 153 300844030 300845326
NPTRACE row 154 300869127 300869879
NPTRACE row 155 300877342 300878402
NPTRACE row 156 300904497 300907376
NPTRACE row 157 300912400 300915921
NPTRACE row 158 300927048 300928311
NPTRACE row 159 300941073 300944829
NPTRACE row 160 300960816 300965822
NPTRACE row 161 300975812 300978329
NPTRACE row 162 301003567 301007402
NPTRACE row 163 301011316 301011574
NPTRACE row 164 301026034 301028301
NPTRACE row 165 301038945 301040894
NPTRACE row 166 301052423 301053299
NPTRACE row 167 301064288 301066230
NPTRACE row 168 301077565 301078382
NPTRACE row 169 301098929 301099436
NPTRACE row 170 301109404 301111557
NPTRACE row 171 301130882 301132486
NPTRACE row 172 301141222 301144825
NPTRACE row 173 301171155 301174190
NPTRACE row 174 301179001 301182592
NPTRACE row 175 301193329 301194984
NPTRACE row 176 301206627 301207576
NPTRACE row 177 301231037 301232503
NPTRACE row 178 301241396 301244900
NPTRACE row 179 301251476 301253419
NPTRACE row 180 301271363 301274329
NPTRACE row 181 301284864 301287071
NPTRACE row 182 301304878 301307609
NPTRACE row 183 301316424 301319903
NPTRACE row 184 301333181 301336570
NPTRACE row 185 301369732 301370044
NPTRACE row 186 301377064 301378261
NPTRACE row 187 301398767 301400564
NPTRACE row 188 301409187 301411578
NPTRACE row 189 301435635 301436589
NPTRACE row 190 301442905 301444960
NPTRACE row 191 301470610 301474283
NPTRACE row 192 301482850 301487023
NPTRACE row 193 301492694 301495023
NPTRACE row 194 301506899 301507631
NPTRACE row 195 301518030 301520325
NPTRACE row 196 301537895 301540966
NPTRACE row 197 301549721 301553375
NPTRACE row 198 301566245 301569922
NPTRACE row 199 301584707 301587008
NPTRACE row 200 301604037 301607676
NPTRACE row 201 301617455 301627124
NPTRACE row 202 301639102 301640810
NPTRACE row 203 301662694 301665929
NPTRACE row 204 301673190 301674348
NPTRACE row 205 301683980 301686977
NPTRACE row 206 301704479 301707723
NPTRACE row 207 301716033 301719870
NPTRACE row 208 301732848 301736602
NPTRACE row 209 301751373 301753780
NPTRACE row 210 301769396 301770326
NPTRACE row 211 301782709 301786542
NPTRACE row 212 301799462 301803274
NPTRACE row 213 301837416 301840786
NPTRACE row 214 301845096 301849175
NPTRACE row 215 301859165 301861827
NPTRACE row 216 301875409 301878505
NPTRACE row 217 301885667 301886915
NPTRACE row 218 301899627 301903282
NPTRACE row 219 301935574 301936661
NPTRACE row 220 301943670 301945043
NPTRACE row 221 301953086 301954353
NPTRACE row 222 301971305 301974284
NPTRACE row 223 301984657 301986715
NPTRACE row 224 302009241 302011632
NPTRACE row 225 302035915 302036814
NPTRACE row 226 302047685 302049350
NPTRACE row 227 302060639 302061834
NPTRACE row 228 302074590 302078345
NPTRACE row 229 302082334 302082549
NPTRACE row 230 302099303 302103242
NPTRACE row 231 302117384 302120284
NPTRACE row 232 302135528 302136761
NPTRACE row 233 302168295 302170256
NPTRACE row 234 302178193 302178655
NPTRACE row 235 302191546 302195079
NPTRACE row 236 302204250 302207667
NPTRACE row 237 302218002 302220043
NPTRACE row 238 302237460 302241034
NPTRACE row 239 302268065 302270381
NPTRACE row 240 302283050 302286873
NPTRACE row 241 302294084 302295224
NPTRACE row 242 302308250 302311695
NPTRACE row 243 302330245 302332632
NPTRACE row 244 302340388 302341161
NPTRACE row 245 302363399 302366076
NPTRACE row 246 302374003 302374565
NPTRACE row 247 302400877 302403373
NPTRACE row 248 302410099 302411698
NPTRACE row 249 302439235 302441015
NPTRACE row 250 302449772 302453438
NPTRACE row 251 302460760 302461996
NPTRACE row 252 302474474 302478268
NPTRACE row 253 302482137 302482535
NPTRACE row 254 302498806 302499193
NPTRACE row 255 302537797 302541044
NPTRACE row 256 302549633 302553456
NPTRACE row 257 302560750 302562021
NPTRACE row 258 302574529 302578367
NPTRACE row 259 302601008 302603501
NPTRACE row 260 302612130 302615968
NPTRACE row 261 302624066 302624697
NPTRACE row 262 302637087 302640893
NPTRACE row 263 302667314 302670076
NPTRACE row 264 302676721 302678470
NPTRACE row 265 302704090 302707696
NPTRACE row 266 302717527 302720143
NPTRACE row 267 302728976 302732723
NPTRACE row 268 302742062 302745098
NPTRACE row 269 302752561 302761135
NPTRACE row 270 302773569 302774276
NPTRACE row 271 302800641 302803596
NPTRACE row 272 302811567 302811932
NPTRACE row 273 302824050 302824680
NPTRACE row 274 302837226 302841006
NPTRACE row 275 302850713 302866178
NPTRACE row 276 302876177 302878495
NPTRACE row 277 302905331 302907538
NPTRACE row 278 302916185 302920005
NPTRACE row 279 302927210 302928465
NPTRACE row 280 302940692 302941074
NPTRACE row 281 302948920 302949360
NPTRACE row 282 302965123 302965901
NPTRACE row 283 302983596 302986742
NPTRACE row 284 303009012 303011712
NPTRACE row 285 303027751 303028502
NPTRACE row 286 303038787 303040926
NPTRACE row 287 303058570 303061894
NPTRACE row 288 303069549 303070364
NPTRACE row 289 303083557 303087098
NPTRACE row 290 303103555 303107545
NPTRACE row 291 303116969 303120320
NPTRACE row 292 303136556 303136870
NPTRACE row 293 303168745 303170534
NPTRACE row 294 303182229 303182754
NPTRACE row 295 303193592 303195117
NPTRACE row 296 303206297 303207716
NPTRACE row 297 303216597 303220323
NPTRACE row 298 303236050 303236856
NPTRACE row 299 303267948 303270280
NPTRACE row 300 303278776 303282712
NPTRACE row 301 303292643 303295143
NPTRACE row 302 303305276 303307744
NPTRACE row 303 303317054 303320326
NPTRACE row 304 303335910 303336918
NPTRACE row 305 303369751 303370225
NPTRACE row 306 303377439 303378423
NPTRACE row 307 303406743 303407713
NPTRACE row 308 303419502 303420308
NPTRACE row 309 303430192 303432842
NPTRACE row 310 303442562 303445138
NPTRACE row 311 303469897 303470243
NPTRACE row 312 303478178 303478556
NPTRACE row 313 303485735 303486767
NPTRACE row 314 303498067 303499340
NPTRACE row 315 303518237 303520164
NPTRACE row 316 303536570 303536926
NPTRACE row 317 303552580 303553741
NPTRACE row 318 303569109 303570248
NPTRACE row 319 303586332 303587125
NPTRACE row 320 303602056 303603641
NPTRACE row 321 303618570 303620238
NPTRACE row 322 303635606 303636901
NPTRACE row 323 303652416 303653750
NPTRACE row 324 303668606 303670290
NPTRACE row 325 303685047 303686895
NPTRACE row 326 303701881 303703593
NPTRACE row 327 303725572 303728536
NPTRACE row 328 303737412 303740936
NPTRACE row 329 303750220 303753651
NPTRACE row 330 303768002 303770330
NPTRACE row 331 303780813 303782657
NPTRACE row 332 303801649 303803473
NPTRACE row 333 303819407 303820414
NPTRACE row 334 303834407 303836910
NPTRACE row 335 303870708 303874391
NPTRACE row 336 303879108 303882868
NPTRACE row 337 303893037 303895200
NPTRACE row 338 303906334 303907791
NPTRACE row 339 303917856 303920205
NPTRACE row 340 303949923 303953815
NPTRACE row 341 303960516 303962014
NPTRACE row 342 303973866 303974414
NPTRACE row 343 304002871 304003461
NPTRACE row 344 304010597 304011808
NPTRACE row 345 304038660 304040966
NPTRACE row 346 304048392 304067242
NPTRACE row 347 304074184 304078392
NPTRACE row 348 304099728 304103506
NPTRACE row 349 304108821 304111793
NPTRACE row 350 304116619 304120128
NPTRACE row 351 304123800 304124321
NPTRACE row 352 304131541 304132662
NPTRACE row 353 304150875 304153738
NPTRACE row 354 304175251 304178471
NPTRACE row 355 304184715 304186899
NPTRACE row 356 304201831 304203706
NPTRACE row 357 304217509 304220275
NPTRACE row 358 304234918 304237018
NPTRACE row 359 304250488 304253714
NPTRACE row 360 304274568 304278522
NPTRACE row 361 304301026 304303605
NPTRACE row 362 304312297 304316216
NPTRACE row 363 304325040 304328558
NPTRACE row 364 304337847 304341112
NPTRACE row 365 304351202 304353702
NPTRACE row 366 304367835 304370377
NPTRACE row 367 304385426 304386900
NPTRACE row 368 304401258 304403734
NPTRACE row 369 304417896 304420283
NPTRACE row 370 304434516 304436998
NPTRACE row 371 304450191 304453775
NPTRACE row 372 304467719 304470358
NPTRACE row 373 304484616 304486931
NPTRACE row 374 304501097 304503700
NPTRACE row 375 304518061 304520252
NPTRACE row 376 304534169 304536991
NPTRACE row 377 304550336 304553790
NPTRACE row 378 304567723 304570372
NPTRACE row 379 304584506 304586927
NPTRACE row 380 304600651 304603699
NPTRACE row 381 304616766 304620211
NPTRACE row 382 304634239 304636987
NPTRACE row 383 304650522 304654215
NPTRACE row 384 304668236 304670428
NPTRACE row 385 304685200 304686839
NPTRACE row 386 304701686 304703610
NPTRACE row 387 304717535 304720239
NPTRACE row 388 304734590 304736982
NPTRACE row 389 304750021 304753683
NPTRACE row 390 304767725 304770354
NPTRACE row 391 304784429 304786847
NPTRACE row 392 304800653 304803662
NPTRACE row 393 304815820 304816189
NPTRACE row 394 304833836 304837037
NPTRACE row 395 304849855 304853693
NPTRACE row 396 304867276 304870364
NPTRACE row 397 304883788 304886858
NPTRACE row 398 304900718 304903685
NPTRACE row 399 304923916 304925227
NPTRACE row 400 304936318 304936889
NPTRACE row 401 304948606 304949511
NPTRACE row 402 304976303 304978506
NPTRACE row 403 304985357 304987631
NPTRACE row 404 304999178 304999717
NPTRACE row 405 305016411 305020244
NPTRACE row 406 305032028 305033022
NPTRACE row 407 305050225 305053698
NPTRACE row 408 305067512 305070507
NPTRACE row 409 305092696 305095304
NPTRACE row 410 305104358 305107684
NPTRACE row 411 305115541 305116187
NPTRACE row 412 305133869 305137029
NPTRACE row 413 305149741 305153775
NPTRACE row 414 305167229 305170408
NPTRACE row 415 305183790 305186966
NPTRACE row 416 305200372 305203755
NPTRACE row 417 305216416 305220628
NPTRACE row 418 305233322 305236927
NPTRACE row 419 305249746 305253514
NPTRACE row 420 305266768 305270305
NPTRACE row 421 305287817 305291055
NPTRACE row 422 305299062 305299718
NPTRACE row 423 305317466 305320434
NPTRACE row 424 305333346 305337067
NPTRACE row 425 305347105 305349741
NPTRACE row 426 305365032 305366241
NPTRACE row 427 305383485 305387314
NPTRACE row 428 305405719 305407743
NPTRACE row 429 305424159 305424359
NPTRACE row 430 305435889 305436843
NPTRACE row 431 305448835 305450222
NPTRACE row 432 305467234 305470578
NPTRACE row 433 305483126 305486888
NPTRACE row 434 305500581 305503601
NPTRACE row 435 305515415 305516124
NPTRACE row 436 305538728 305541008
NPTRACE row 437 305549202 305549653
NPTRACE row 438 305566943 305570252
NPTRACE row 439 305584338 305587465
NPTRACE row 440 305599829 305603615
NPTRACE row 441 305613302 305616217
NPTRACE row 442 305641861 305645184
NPTRACE row 443 305665463 305666269
NPTRACE row 444 305676791 305678546
NPTRACE row 445 305704521 305707712
NPTRACE row 446 305712102 305716145
NPTRACE row 447 305727345 305729290
NPTRACE row 448 305740211 305741096
NPTRACE row 449 305766795 305770354
NPTRACE row 450 305775858 305778546
NPTRACE row 451 305784878 305787490
NPTRACE row 452 305798360 305799585
NPTRACE row 453 305817200 305820213
NPTRACE row 454 305831130 305833147
NPTRACE row 455 305850351 305853748
NPTRACE row 456 305866939 305870538
NPTRACE row 457 305882602 305882744
NPTRACE row 458 305899968 305903647
NPTRACE row 459 305913382 305916155
NPTRACE row 460 305932191 305933156
NPTRACE row 461 305949105 305949575
NPTRACE row 462 305966514 305970249
NPTRACE row 463 305998898 305999956
NPTRACE row 464 306009003 306011881
NPTRACE row 465 306017936 306020708
NPTRACE row 466 306031513 306032844
NPTRACE row 467 306059697 306062142
NPTRACE row 468 306070562 306074385
NPTRACE row 469 306078065 306078638
NPTRACE row 470 306100070 306103658
NPTRACE row 471 306117205 306120481
NPTRACE row 472 306131469 306133142
NPTRACE row 473 306147847 306149729
NPTRACE row 474 306164822 306166199
NPTRACE row 475 306182097 306182851
NPTRACE row 476 306198075 306199541
NPTRACE row 477 306212473 306216199
NPTRACE row 478 306241750 306245250
NPTRACE row 479 306251477 306254348
NPTRACE row 480 306277106 306278667
NPTRACE row 481 306285697 306287477
NPTRACE row 482 306298333 306299526
NPTRACE row 483 306317268 306320296
NPTRACE row 484 306331617 306332826
NPTRACE row 485 306347519 306349678
NPTRACE row 486 306365076 306366205
NPTRACE row 487 306384179 306387345
NPTRACE row 488 306397900 306399649
NPTRACE row 489 306412427 306423406
NPTRACE row 490 306435892 306436922
NPTRACE row 491 306444783 306445392
NPTRACE row 492 306462887 306466395
NPTRACE row 493 306482414 306482905
NPTRACE row 494 306499338 306499551
NPTRACE row 495 306517506 306520710
NPTRACE row 496 306532879 306537008
NPTRACE row 497 306548079 306549751
NPTRACE row 498 306564964 306566174
NPTRACE row 499 306582235 306582870
NPTRACE row 500 306599389 306603698
NPTRACE row 501 306612518 306616278
NPTRACE row 502 306632910 306637021
NPTRACE row 503 306649356 306650303
NPTRACE row 504 306666839 306670651
NPTRACE row 505 306682643 306682931
NPTRACE row 506 306699974 306703673
NPTRACE row 507 306712541 306716181
NPTRACE row 508 306731912 306732906
NPTRACE row 509 306752485 306753856
NPTRACE row 510 306765144 306766230
NPTRACE row 511 306785224 306787872
NPTRACE row 512 306799840 306803696
NPTRACE row 513 306815295 306816283
NPTRACE row 514 306832844 306837042
NPTRACE row 515 306847838 306849780
NPTRACE row 516 306864948 306866194
NPTRACE row 517 306882161 306882933
NPTRACE row 518 306898123 306899477
NPTRACE row 519 306917238 306920583
NPTRACE row 520 306931515 306932875
NPTRACE row 521 306947987 306949795
NPTRACE row 522 306964780 306966152
NPTRACE row 523 306980998 306982910
NPTRACE row 524 306998229 306999525
NPTRACE row 525 307025987 307028657
NPTRACE row 526 307037515 307041130
NPTRACE row 527 307062846 307066258
NPTRACE row 528 307075877 307078848
NPTRACE row 529 307101243 307103727
NPTRACE row 530 307111794 307112210
NPTRACE row 531 307125501 307128687
NPTRACE row 532 307138415 307141239
NPTRACE row 533 307150041 307153870
NPTRACE row 534 307166262 307170452
NPTRACE row 535 307184080 307187263
NPTRACE row 536 307199206 307199511
NPTRACE row 537 307211919 307212101
NPTRACE row 538 307231562 307232981
NPTRACE row 539 307246601 307249816
NPTRACE row 540 307264687 307266204
NPTRACE row 541 307279577 307282941
NPTRACE row 542 307298048 307299618
NPTRACE row 543 307313435 307316817
NPTRACE row 544 307344755 307345556
NPTRACE row 545 307355867 307358022
NPTRACE row 546 307367841 307370426
NPTRACE row 547 307383059 307387017
NPTRACE row 548 307397557 307399558
NPTRACE row 549 307411789 307412061
NPTRACE row 550 307431130 307432865
NPTRACE row 551 307449255 307450312
NPTRACE row 552 307464909 307466700
NPTRACE row 553 307482132 307499571
NPTRACE row 554 307509237 307512001
NPTRACE row 555 307518509 307520924
NPTRACE row 556 307531550 307532850
NPTRACE row 557 307548879 307549754
NPTRACE row 558 307564399 307566240
NPTRACE row 559 307583754 307587705
NPTRACE row 560 307597772 307599626
NPTRACE row 561 307611883 307612135
NPTRACE row 562 307630957 307632876
NPTRACE row 563 307645655 307649906
NPTRACE row 564 307664251 307666201
NPTRACE row 565 307678537 307678764
NPTRACE row 566 307697390 307699546
NPTRACE row 567 307716938 307720384
NPTRACE row 568 307730731 307732872
NPTRACE row 569 307745706 307749831
NPTRACE row 570 307764132 307766222
NPTRACE row 571 307779311 307782894
NPTRACE row 572 307797513 307799603
NPTRACE row 573 307815295 307816321
NPTRACE row 574 307830562 307832954
NPTRACE row 575 307863506 307866400
NPTRACE row 576 307873866 307874944
NPTRACE row 577 307884306 307887109
NPTRACE row 578 307897408 307899576
NPTRACE row 579 307915585 307934241
NPTRACE row 580 307942774 307945372
NPTRACE row 581 307969014 307970660
NPTRACE row 582 307980096 308001256
NPTRACE row 583 308009443 308012497
NPTRACE row 584 308032405 308033093
NPTRACE row 585 308042813 308045376
NPTRACE row 586 308054079 308057965
NPTRACE row 587 308065314 308066529
NPTRACE row 588 308077797 308078783
NPTRACE row 589 308086929 308087493
NPTRACE row 590 308098932 308099657
NPTRACE row 591 308117874 308121035
NPTRACE row 592 308131391 308132919
NPTRACE row 593 308148097 308149854
NPTRACE row 594 308163869 308166286
NPTRACE row 595 308181973 308183009
NPTRACE row 596 308197306 308199620
NPTRACE row 597 308215334 308216341
NPTRACE row 598 308230668 308232945
NPTRACE row 599 308249378 308250170
NPTRACE row 600 308276607 308279031
NPTRACE row 601 308286179 308287338
NPTRACE row 602 308298303 308299649
NPTRACE row 603 308313621 308316274
NPTRACE row 604 308330997 308332928
NPTRACE row 605 308348413 308349748
NPTRACE row 606 308364385 308366303
NPTRACE row 607 308382566 308401028
NPTRACE row 608 308409369 308412189
NPTRACE row 609 308418686 308420417
NPTRACE row 610 308430404 308433037
NPTRACE row 611 308446780 308449907
NPTRACE row 612 308463717 308466278
NPTRACE row 613 308478639 308479193
NPTRACE row 614 308497178 308499614
NPTRACE row 615 308514733 308516889
NPTRACE row 616 308530325 308532946
NPTRACE row 617 308546410 308549918
NPTRACE row 618 308563876 308566284
NPTRACE row 619 308579478 308583042
NPTRACE row 620 308597064 308599626
NPTRACE row 621 308611934 308612548
NPTRACE row 622 308630440 308632957
NPTRACE row 623 308649220 308650195
NPTRACE row 624 308664310 308666430
NPTRACE row 625 308679737 308683047
NPTRACE row 626 308704728 308707930
NPTRACE row 627 308715693 308716437
NPTRACE row 628 308730498 308732987
NPTRACE row 629 308746341 308749920
NPTRACE row 630 308764081 308766284
NPTRACE row 631 308780553 308783600
NPTRACE row 632 308796849 308799686
NPTRACE row 633 308815228 308816412
NPTRACE row 634 308830008 308832976
NPTRACE row 635 308846101 308849891
NPTRACE row 636 308863430 308866292
NPTRACE row 637 308878416 308879313
NPTRACE row 638 308896893 308899624
NPTRACE row 639 308914820 308917126
NPTRACE row 640 308930046 308932985
NPTRACE row 641 308946259 308949922
NPTRACE row 642 308963455 308966318
NPTRACE row 643 308978621 308979274
NPTRACE row 644 308996837 308999664
NPTRACE row 645 309011802 309012619
NPTRACE row 646 309030210 309032977
NPTRACE row 647 309052067 309055034
NPTRACE row 648 309064701 309066492
NPTRACE row 649 309079889 309083070
NPTRACE row 650 309096876 309099663
NPTRACE row 651 309111926 309112607
NPTRACE row 652 309130355 309132994
NPTRACE row 653 309146346 309149938
NPTRACE row 654 309163608 309166310
NPTRACE row 655 309182290 309183790
NPTRACE row 656 309196624 309199677
NPTRACE row 657 309211763 309212600
NPTRACE row 658 309230084 309233009
NPTRACE row 659 309245274 309246176
NPTRACE row 660 309272525 309274642
NPTRACE row 661 309281555 309283131
NPTRACE row 662 309296402 309299684
NPTRACE row 663 309313303 309324171
NPTRACE row 664 309340394 309341528
NPTRACE row 665 309360255 309362357
NPTRACE row 666 309371605 309374667
NPTRACE row 667 309379421 309383140
NPTRACE row 668 309396389 309399714
NPTRACE row 669 309411580 309412630
NPTRACE row 670 309437099 309437207
NPTRACE row 671 309447067 309450142
NPTRACE row 672 309463665 309466518
NPTRACE row 673 309478563 309479379
NPTRACE row 674 309504114 309507994
NPTRACE row 675 309512086 309512356
NPTRACE row 676 309530308 309533034
NPTRACE row 677 309546603 309549956
NPTRACE row 678 309563620 309566348
NPTRACE row 679 309580554 309583719
NPTRACE row 680 309596529 309599705
NPTRACE row 681 309611802 309612586
NPTRACE row 682 309630015 309633031
NPTRACE row 683 309646249 309649979
NPTRACE row 684 309663022 309666395
NPTRACE row 685 309678401 309679238
NPTRACE row 686 309709599 309712283
NPTRACE row 687 309721821 309725039
NPTRACE row 688 309734848 309737272
NPTRACE row 689 309746492 309757382
NPTRACE row 690 309770770 309774683
NPTRACE row 691 309778361 309778877
NPTRACE row 692 309792839 309795517
NPTRACE row 693 309809082 309812185
NPTRACE row 694 309839677 309841353
NPTRACE row 695 309852136 309854672
NPTRACE row 696 309866698 309870582
NPTRACE row 697 309878554 309879193
NPTRACE row 698 309909856 309912294
NPTRACE row 699 309919961 309920644
NPTRACE row 700 309932204 309933304
NPTRACE row 701 309946394 309950009
NPTRACE row 702 309963198 309966382
NPTRACE row 703 309982524 309983791
NPTRACE row 704 309996091 309999743
NPTRACE row 705 310011735 310012579
NPTRACE row 706 310029550 310033055
NPTRACE row 707 310050032 310054072
NPTRACE row 708 310062711 310066846
NPTRACE row 709 310100746 310103889
NPTRACE row 710 310110597 310112449
NPTRACE row 711 310122937 310125271
NPTRACE row 712 310136203 310137269
NPTRACE row 713 310149197 310150078
NPTRACE row 714 310162163 310162390
NPTRACE row 715 310178137 310179220
NPTRACE row 716 310195960 310199754
NPTRACE row 717 310211430 310212575
NPTRACE row 718 310228247 310228912
NPTRACE row 719 310249316 310250385
NPTRACE row 720 310263197 310266546
NPTRACE row 721 310278479 310279267
NPTRACE row 722 310304879 310308057
NPTRACE row 723 310313189 310324616
NPTRACE row 724 310338272 310341395
NPTRACE row 725 310346857 310350078
NPTRACE row 726 310362857 310366445
NPTRACE row 727 310380129 310383322
NPTRACE row 728 310395791 310399794
NPTRACE row 729 310411429 310412487
NPTRACE row 730 310443095 310445646
NPTRACE row 731 310454849 310458267
NPTRACE row 732 310467867 310470634
NPTRACE row 733 310479433 310483098
NPTRACE row 734 310495426 310495749
NPTRACE row 735 310513706 310516859
NPTRACE row 736 310528675 310529072
NPTRACE row 737 310545166 310546037
NPTRACE row 738 310562059 310562384
NPTRACE row 739 310577989 310579232
NPTRACE row 740 310595478 310595705
NPTRACE row 741 310611250 310612512
NPTRACE row 742 310628728 310629066
NPTRACE row 743 310646624 310650051
NPTRACE row 744 310662888 310666686
NPTRACE row 745 310678139 310679119
NPTRACE row 746 310709553 310712317
NPTRACE row 747 310719606 310720625
NPTRACE row 748 310731706 310733296
NPTRACE row 749 310746340 310750098
NPTRACE row 750 310762521 310766454
NPTRACE row 751 310780176 310783495
NPTRACE row 752 310795288 310795725
NPTRACE row 753 310811062 310812514
NPTRACE row 754 310828740 310829030
NPTRACE row 755 310844863 310845899
NPTRACE row 756 310861906 310862390
NPTRACE row 757 310877866 310879085
NPTRACE row 758 310895205 310895717
NPTRACE row 759 310911935 310912691
NPTRACE row 760 310928522 310928980
NPTRACE row 761 310944990 310945893
NPTRACE row 762 310961855 310962356
NPTRACE row 763 310977715 310979088
NPTRACE row 764 311006446 311008114
NPTRACE row 765 311016817 311020634
NPTRACE row 766 311028548 311029023
NPTRACE row 767 311048568 311050280
NPTRACE row 768 311062699 311066742
NPTRACE row 769 311080701 311083186
NPTRACE row 770 311099366 311100690
NPTRACE row 771 311111138 311112491
NPTRACE row 772 311143768 311145685
NPTRACE row 773 311155183 311158347
NPTRACE row 774 311168580 311170710
NPTRACE row 775 311184292 311187635
NPTRACE row 776 311196588 311199839
NPTRACE row 777 311211071 311212414
NPTRACE row 778 311228454 311228995
NPTRACE row 779 311244610 311245891
NPTRACE row 780 311276185 311279026
NPTRACE row 781 311286897 311287514
NPTRACE row 782 311299093 311299991
NPTRACE row 783 311314537 311317114
NPTRACE row 784 311328842 311329108
NPTRACE row 785 311344879 311346024
NPTRACE row 786 311361617 311362334
NPTRACE row 787 311377826 311379153
NPTRACE row 788 311404509 311408164
NPTRACE row 789 311412185 311412333
NPTRACE row 790 311424561 311424836
NPTRACE row 791 311443032 311446030
NPTRACE row 792 311478471 311479296
NPTRACE row 793 311504351 311508155
NPTRACE row 794 311515711 311516703
NPTRACE row 795 311527400 311529044
NPTRACE row 796 311541848 311545767
NPTRACE row 797 311553758 311554246
NPTRACE row 798 311565918 311566773
NPTRACE row 799 311579922 311583510
NPTRACE row 800 311595029 311595688
NPTRACE row 801 311611163 311612465
NPTRACE row 802 311628051 311629051
NPTRACE row 803 311644559 311645943
NPTRACE row 804 311661398 311662408
NPTRACE row 805 311677593 311679135
NPTRACE row 806 311694622 311695750
NPTRACE row 807 311711072 311712617
NPTRACE row 808 311728035 311729020
NPTRACE row 809 311744848 311745989
NPTRACE row 810 311761246 311762377
NPTRACE row 811 311777729 311779142
NPTRACE row 812 311794761 311795695
NPTRACE row 813 311810788 311812452
NPTRACE row 814 311827975 311829083
NPTRACE row 815 311845063 311846218
NPTRACE row 816 311861862 311862626
NPTRACE row 817 311878492 311879260
NPTRACE row 818 311895074 311895775
NPTRACE row 819 311911395 311912606
NPTRACE row 820 311928350 311934211
NPTRACE row 821 311945370 311946238
NPTRACE row 822 311961350 311962506
NPTRACE row 823 311978466 311979733
NPTRACE row 824 312007736 312008390
NPTRACE row 825 312027291 312029231
NPTRACE row 826 312039295 312041614
NPTRACE row 827 312048818 312050316
NPTRACE row 828 312061412 312062520
NPTRACE row 829 312077985 312079225
NPTRACE row 830 312094562 312095797
NPTRACE row 831 312121903 312125085
NPTRACE row 832 312136660 312137610
NPTRACE row 833 312149226 312150264
NPTRACE row 834 312161671 312162527
NPTRACE row 835 312178167 312179281
NPTRACE row 836 312194494 312195798
NPTRACE row 837 312211604 312212596
NPTRACE row 838 312227854 312229195
NPTRACE row 839 312246400 312250155
NPTRACE row 840 312262749 312266587
NPTRACE row 841 312278464 312279265
NPTRACE row 842 312295207 312295804
NPTRACE row 843 312311896 312312666
NPTRACE row 844 312329309 312333296
NPTRACE row 845 312345553 312346174
NPTRACE row 846 312361196 312362544
NPTRACE row 847 312382080 312383443
NPTRACE row 848 312394696 312395874
NPTRACE row 849 312411362 312412658
NPTRACE row 850 312428576 312429167
NPTRACE row 851 312445218 312446153
NPTRACE row 852 312460866 312462544
NPTRACE row 853 312478257 312479232
NPTRACE row 854 312494886 312495892
NPTRACE row 855 312511844 312513262
NPTRACE row 856 312536544 312537478
NPTRACE row 857 312545205 312546038
NPTRACE row 858 312557160 312558301
NPTRACE row 859 312573626 312574980
NPTRACE row 860 312590566 312591638
NPTRACE row 861 312610355 312612512
NPTRACE row 862 312627791 312629213
NPTRACE row 863 312659701 312662860
NPTRACE row 864 312672107 312675269
NPTRACE row 865 312685199 312687650
NPTRACE row 866 312697268 312700013
NPTRACE row 867 312706841 312708312
NPTRACE row 868 312724246 312724989
NPTRACE row 869 312757857 312758449
NPTRACE row 870 312769265 312770960
NPTRACE row 871 312782324 312783557
NPTRACE row 872 312796457 312800178
NPTRACE row 873 312811175 312812558
NPTRACE row 874 312828534 312829614
NPTRACE row 875 312844674 312846106
NPTRACE row 876 312862090 312862504
NPTRACE row 877 312873383 312875068
NPTRACE row 878 312894942 312895930
NPTRACE row 879 312910167 312912784
NPTRACE row 880 312927409 312929231
NPTRACE row 881 312945105 312946304
NPTRACE row 882 312961671 312962598
NPTRACE row 883 312978290 312979206
NPTRACE row 884 312994785 312995910
NPTRACE row 885 313011601 313012596
NPTRACE row 886 313027043 313029270
NPTRACE row 887 313046375 313050303
NPTRACE row 888 313062400 313062799
NPTRACE row 889 313078137 313079223
NPTRACE row 890 313108869 313112743
NPTRACE row 891 313139073 313141699
NPTRACE row 892 313169216 313170889
NPTRACE row 893 313178375 313179315
NPTRACE row 894 313191504 313191719
NPTRACE row 895 313207279 313208985
NPTRACE row 896 313217627 313220858
NPTRACE row 897 313226037 313229188
NPTRACE row 898 313234772 313237521
NPTRACE row 899 313243806 313246763
NPTRACE row 900 313260331 313262568
NPTRACE row 901 313277581 313279211
NPTRACE row 902 313307981 313308524
NPTRACE row 903 313318719 313321120
NPTRACE row 904 313331764 313333617
NPTRACE row 905 313346580 313350020
NPTRACE row 906 313361756 313362629
NPTRACE row 907 313378768 313379503
NPTRACE row 908 313407808 313408494
NPTRACE row 909 313427232 313429309
NPTRACE row 910 313439475 313441712
NPTRACE row 911 313451543 313454563
NPTRACE row 912 313473613 313475172
NPTRACE row 913 313484619 313487628
NPTRACE row 914 313498054 313500119
NPTRACE row 915 313511605 313512696
NPTRACE row 916 313543200 313545885
NPTRACE row 917 313556904 313558595
NPTRACE row 918 313571722 313575302
NPTRACE row 919 313586640 313587868
NPTRACE row 920 313601385 313604384
NPTRACE row 921 313616529 313616934
NPTRACE row 922 313629807 313633466
NPTRACE row 923 313645019 313646243
NPTRACE row 924 313670670 313670913
NPTRACE row 925 313680818 313683612
NPTRACE row 926 313693068 313695994
NPTRACE row 927 313711309 313712931
NPTRACE row 928 313727086 313729275
NPTRACE row 929 313744780 313746243
NPTRACE row 930 313759385 313762634
NPTRACE row 931 313777676 313779287
NPTRACE row 932 313801063 313804246
NPTRACE row 933 313810724 313812569
NPTRACE row 934 313841307 313841867
NPTRACE row 935 313851691 313854542
NPTRACE row 936 313873267 313875211
NPTRACE row 937 313893368 313896039
NPTRACE row 938 313906351 313908417
NPTRACE row 939 313915096 313916758
NPTRACE row 940 313924355 313925077
NPTRACE row 941 313939831 313941867
NPTRACE row 942 313956512 313958413
NPTRACE row 943 313976761 313979623
NPTRACE row 944 313994482 313995944
NPTRACE row 945 314024083 314025086
NPTRACE row 946 314035192 314037695
NPTRACE row 947 314048364 314050359
NPTRACE row 948 314062385 314062682
NPTRACE row 949 314077386 314079336
NPTRACE row 950 314094554 314096135
NPTRACE row 951 314109705 314112855
NPTRACE row 952 314127685 314129320
NPTRACE row 953 314144818 314146161
NPTRACE row 954 314160359 314163490
NPTRACE row 955 314176684 314179361
NPTRACE row 956 314195082 314196304
NPTRACE row 957 314221667 314225109
NPTRACE row 958 314233168 314233497
NPTRACE row 959 314247557 314250655
NPTRACE row 960 314263613 314266911
NPTRACE row 961 314286991 314287664
NPTRACE row 962 314298874 314317204
NPTRACE row 963 314325610 314329398
NPTRACE row 964 314337163 314337635
NPTRACE row 965 314351753 314354500
NPTRACE row 966 314364165 314366802
NPTRACE row 967 314373298 314375246
NPTRACE row 968 314389256 314391780
NPTRACE row 969 314412273 314412700
NPTRACE row 970 314427630 314429356
NPTRACE row 971 314444089 314446214
NPTRACE row 972 314461114 314462678
NPTRACE row 973 314477636 314479337
NPTRACE row 974 314494288 314496059
NPTRACE row 975 314521521 314525214
NPTRACE row 976 314532440 314533818
NPTRACE row 977 314545703 314546190
NPTRACE row 978 314560478 314562718
NPTRACE row 979 314577285 314579383
NPTRACE row 980 314594262 314596062
NPTRACE row 981 314609243 314612656
NPTRACE row 982 314627366 314629351
NPTRACE row 983 314653493 314654570
NPTRACE row 984 314665956 314667015
NPTRACE row 985 314678178 314679337
NPTRACE row 986 314694205 314696058
NPTRACE row 987 314709613 314712735
NPTRACE row 988 314727706 314729370
NPTRACE row 989 314753264 314754444
NPTRACE row 990 314765404 314767117
NPTRACE row 991 314790368 314792037
NPTRACE row 992 314811556 314812763
NPTRACE row 993 314823065 314825155
NPTRACE row 994 314834764 314837770
NPTRACE row 995 314847825 314850483
NPTRACE row 996 314861685 314862676
NPTRACE row 997 314877667 314879401
NPTRACE row 998 314893716 314896047
NPTRACE row 999 314905043 314908623
NPTRACE row 1000 314921826 314925160
NPTRACE row 1001 314943897 314946264
NPTRACE row 1002 314960291 314962674
NPTRACE row 1003 314978366 314979567
NPTRACE row 1004 314993604 314996127
NPTRACE row 1005 315009122 315012763
NPTRACE row 1006 315026996 315029411
NPTRACE row 1007 315043999 315046519
NPTRACE row 1008 315061367 315062816
NPTRACE row 1009 315076281 315079426
NPTRACE row 1010 315093794 315096075
NPTRACE row 1011 315109433 315112760
NPTRACE row 1012 315127389 315129406
NPTRACE row 1013 315143311 315146305
NPTRACE row 1014 315160991 315162765
NPTRACE row 1015 315178687 315179643
NPTRACE row 1016 315197685 315200320
NPTRACE row 1017 315211810 315212772
NPTRACE row 1018 315227024 315229499
NPTRACE row 1019 315243977 315246325
NPTRACE row 1020 315260792 315262773
NPTRACE row 1021 315286266 315287721
NPTRACE row 1022 315295250 315296061
NPTRACE row 1023 315311720 315313264
NPTRACE row 1024 315327371 315329483
NPTRACE row 1025 315343601 315346444
NPTRACE row 1026 315360838 315362828
NPTRACE row 1027 315378197 315379568
NPTRACE row 1028 315394372 315396135
NPTRACE row 1029 315404927 315408596
NPTRACE row 1030 315421943 315425264
NPTRACE row 1031 315444292 315446599
NPTRACE row 1032 315462145 315462932
NPTRACE row 1033 315478442 315479564
NPTRACE row 1034 315494465 315496185
NPTRACE row 1035 315510319 315512927
NPTRACE row 1036 315527701 315529489
NPTRACE row 1037 315538747 315542070
NPTRACE row 1038 315555521 315558614
NPTRACE row 1039 315577608 315579907
NPTRACE row 1040 315593858 315596147
NPTRACE row 1041 315617761 315621145
NPTRACE row 1042 315630700 315633899
NPTRACE row 1043 315643966 315646411
NPTRACE row 1044 315660415 315662855
NPTRACE row 1045 315688663 315691982
NPTRACE row 1046 315699288 315700590
NPTRACE row 1047 315712439 315713072
NPTRACE row 1048 315727039 315729503
NPTRACE row 1049 315742403 315746225
NPTRACE row 1050 315760247 315762941
NPTRACE row 1051 315792245 315796059
NPTRACE row 1052 315804253 315804563
NPTRACE row 1053 315818519 315821434
NPTRACE row 1054 315830907 315833661
NPTRACE row 1055 315840466 315842294
NPTRACE row 1056 315855764 315858764
NPTRACE row 1057 315877202 315879571
NPTRACE row 1058 315894042 315896158
NPTRACE row 1059 315910491 315912928
NPTRACE row 1060 315927743 315929590
NPTRACE row 1061 315944241 315946361
NPTRACE row 1062 315961337 315962892
NPTRACE row 1063 315972015 315975441
NPTRACE row 1064 315988380 315991987
NPTRACE row 1065 316004789 316008578
NPTRACE row 1066 316026353 316029641
NPTRACE row 1067 316044222 316046309
NPTRACE row 1068 316060835 316063009
NPTRACE row 1069 316077664 316079632
NPTRACE row 1070 316088212 316091993
NPTRACE row 1071 316105088 316108657
NPTRACE row 1072 316125488 316129363
NPTRACE row 1073 316144357 316146337
NPTRACE row 1074 316154875 316158658
NPTRACE row 1075 316171408 316175257
NPTRACE row 1076 316188145 316191925
NPTRACE row 1077 316209607 316212999
NPTRACE row 1078 316227289 316229978
NPTRACE row 1079 316255469 316258783
NPTRACE row 1080 316285582 316288001
NPTRACE row 1081 316295100 316296170
NPTRACE row 1082 316305069 316308673
NPTRACE row 1083 316314200 316317035
NPTRACE row 1084 316323981 316325338
NPTRACE row 1085 316344442 316346431
NPTRACE row 1086 316360414 316362887
NPTRACE row 1087 316380196 316383800
NPTRACE row 1088 316399149 316400560
NPTRACE row 1089 316412191 316412942
NPTRACE row 1090 316427396 316429565
NPTRACE row 1091 316438157 316442012
NPTRACE row 1092 316454722 316458614
NPTRACE row 1093 316476754 316479650
NPTRACE row 1094 316493278 316496228
NPTRACE row 1095 316507849 316508881
NPTRACE row 1096 316528225 316529632
NPTRACE row 1097 316541567 316542296
NPTRACE row 1098 316560302 316562932
NPTRACE row 1099 316574881 316575437
NPTRACE row 1100 316592455 316596100
NPTRACE row 1101 316603828 316604531
NPTRACE row 1102 316620813 316621199
NPTRACE row 1103 316643387 316646569
NPTRACE row 1104 316660776 316663014
NPTRACE row 1105 316670693 316671202
NPTRACE row 1106 316688000 316691908
NPTRACE row 1107 316704037 316704537
NPTRACE row 1108 316725770 316729669
NPTRACE row 1109 316743656 316746347
NPTRACE row 1110 316754606 316758573
NPTRACE row 1111 316771310 316775243
NPTRACE row 1112 316793617 316796359
NPTRACE row 1113 316809477 316813033
NPTRACE row 1114 316834770 316838119
NPTRACE row 1115 316850131 316850922
NPTRACE row 1116 316863988 316867267
NPTRACE row 1117 316877806 316879643
NPTRACE row 1118 316907067 316908736
NPTRACE row 1119 316920012 316921529
NPTRACE row 1120 316934658 316938095
NPTRACE row 1121 316948522 316950686
NPTRACE row 1122 316961797 316963017
NPTRACE row 1123 316976112 316979597
NPTRACE row 1124 316986912 316987892
NPTRACE row 1125 317003307 317004560
NPTRACE row 1126 317031727 317033844
NPTRACE row 1127 317043824 317046434
NPTRACE row 1128 317074842 317075798
NPTRACE row 1129 317087657 317088021
NPTRACE row 1130 317102219 317104746
NPTRACE row 1131 317118270 317121407
NPTRACE row 1132 317131574 317133985
NPTRACE row 1133 317145587 317146346
NPTRACE row 1134 317154930 317158718
NPTRACE row 1135 317170589 317171383
NPTRACE row 1136 317191046 317192177
NPTRACE row 1137 317209584 317213134
NPTRACE row 1138 317223762 317225410
NPTRACE row 1139 317236662 317238031
NPTRACE row 1140 317257586 317258839
NPTRACE row 1141 317275600 317279475
NPTRACE row 1142 317291662 317292164
NPTRACE row 1143 317309506 317312998
NPTRACE row 1144 317320242 317321236
NPTRACE row 1145 317336884 317338029
NPTRACE row 1146 317357523 317358866
NPTRACE row 1147 317375784 317379656
NPTRACE row 1148 317390894 317392171
NPTRACE row 1149 317409113 317412857
NPTRACE row 1150 317424256 317425502
NPTRACE row 1151 317443153 317446435
NPTRACE row 1152 317454018 317454689
NPTRACE row 1153 317469904 317471236
NPTRACE row 1154 317491163 317492174
NPTRACE row 1155 317509136 317512946
NPTRACE row 1156 317520251 317521241
NPTRACE row 1157 317536910 317538033
NPTRACE row 1158 317557848 317558849
NPTRACE row 1159 317575769 317579627
NPTRACE row 1160 317586509 317587912
NPTRACE row 1161 317602840 317604580
NPTRACE row 1162 317624496 317625501
NPTRACE row 1163 317642904 317646252
NPTRACE row 1164 317652922 317654584
NPTRACE row 1165 317669222 317671252
NPTRACE row 1166 317686520 317687921
NPTRACE row 1167 317707218 317708977
NPTRACE row 1168 317725793 317729655
NPTRACE row 1169 317736226 317738049
NPTRACE row 1170 317752816 317754592
NPTRACE row 1171 317773643 317775520
NPTRACE row 1172 317791862 317792188
NPTRACE row 1173 317802167 317804595
NPTRACE row 1174 317819237 317821263
NPTRACE row 1175 317840758 317842361
NPTRACE row 1176 317859469 317862932
NPTRACE row 1177 317869025 317871267
NPTRACE row 1178 317886130 317887934
NPTRACE row 1179 317906155 317908836
NPTRACE row 1180 317925703 317929725
NPTRACE row 1181 317940641 317942323
NPTRACE row 1182 317958566 317958943
NPTRACE row 1183 317974469 317975664
NPTRACE row 1184 317991124 317992313
NPTRACE row 1185 318001944 318004610
NPTRACE row 1186 318019048 318021278
NPTRACE row 1187 318055474 318058914
NPTRACE row 1188 318067893 318071396
NPTRACE row 1189 318080256 318083979
NPTRACE row 1190 318094571 318096385
NPTRACE row 1191 318109085 318113029
NPTRACE row 1192 318124334 318125683
NPTRACE row 1193 318140074 318142403
NPTRACE row 1194 318157265 318158898
NPTRACE row 1195 318168554 318171290
NPTRACE row 1196 318185558 318187964
NPTRACE row 1197 318202120 318204625
NPTRACE row 1198 318222138 318225520
NPTRACE row 1199 318247231 318250651
NPTRACE row 1200 318256350 318258878
NPTRACE row 1201 318268534 318271258
NPTRACE row 1202 318285752 318287926
NPTRACE row 1203 318305377 318316507
NPTRACE row 1204 318327695 318329598
NPTRACE row 1205 318336561 318338056
NPTRACE row 1206 318352252 318354597
NPTRACE row 1207 318368764 318371266
NPTRACE row 1208 318390050 318392199
NPTRACE row 1209 318407030 318408867
NPTRACE row 1210 318423079 318425511
NPTRACE row 1211 318441357 318442295
NPTRACE row 1212 318451713 318454607
NPTRACE row 1213 318468380 318471276
NPTRACE row 1214 318489584 318492202
NPTRACE row 1215 318508039 318509037
NPTRACE row 1216 318518842 318521279
NPTRACE row 1217 318535335 318538070
NPTRACE row 1218 318555339 318558883
NPTRACE row 1219 318574174 318575536
NPTRACE row 1220 318585068 318587957
NPTRACE row 1221 318601615 318604618
NPTRACE row 1222 318620738 318621780
NPTRACE row 1223 318641218 318642451
NPTRACE row 1224 318652547 318654744
NPTRACE row 1225 318668325 318671291
NPTRACE row 1226 318685708 318687968
NPTRACE row 1227 318705360 318708825
NPTRACE row 1228 318724780 318725548
NPTRACE row 1229 318735170 318738087
NPTRACE row 1230 318752113 318754631
NPTRACE row 1231 318772693 318775628
NPTRACE row 1232 318790553 318792219
NPTRACE row 1233 318804103 318804719
NPTRACE row 1234 318823888 318825560
NPTRACE row 1235 318838781 318842349
NPTRACE row 1236 318857008 318858895
NPTRACE row 1237 318867693 318871305
NPTRACE row 1238 318884763 318887980
NPTRACE row 1239 318901654 318904713
NPTRACE row 1240 318921027 318921363
NPTRACE row 1241 318939162 318942338
NPTRACE row 1242 318951415 318954648
NPTRACE row 1243 318967736 318971312
NPTRACE row 1244 318984995 318987991
NPTRACE row 1245 319004548 319008772
NPTRACE row 1246 319023662 319025564
NPTRACE row 1247 319035091 319038260
NPTRACE row 1248 319051946 319054774
NPTRACE row 1249 319071835 319075569
NPTRACE row 1250 319090816 319092240
NPTRACE row 1251 319104058 319104756
NPTRACE row 1252 319123707 319125587
NPTRACE row 1253 319134670 319138125
NPTRACE row 1254 319151359 319154661
NPTRACE row 1255 319187119 319188106
NPTRACE row 1256 319198525 319200786
NPTRACE row 1257 319210150 319213064
NPTRACE row 1258 319224894 319225584
NPTRACE row 1259 319234404 319238069
NPTRACE row 1260 319252804 319254678
NPTRACE row 1261 319272257 319275610
NPTRACE row 1262 319289656 319292258
NPTRACE row 1263 319301000 319304795
NPTRACE row 1264 319317932 319321410
NPTRACE row 1265 319338464 319342342
NPTRACE row 1266 319356738 319359022
NPTRACE row 1267 319370532 319371526
NPTRACE row 1268 319389719 319392368
NPTRACE row 1269 319400880 319404743
NPTRACE row 1270 319417903 319421410
NPTRACE row 1271 319455328 319458907
NPTRACE row 1272 319476800 319479833
NPTRACE row 1273 319489258 319492267
NPTRACE row 1274 319500206 319500760
NPTRACE row 1275 319513563 319517290
NPTRACE row 1276 319528469 319530809
NPTRACE row 1277 319544990 319546659
NPTRACE row 1278 319560367 319563301
NPTRACE row 1279 319575101 319576080
NPTRACE row 1280 319590606 319592354
NPTRACE row 1281 319600927 319604759
NPTRACE row 1282 319617915 319621429
NPTRACE row 1283 319636026 319638285
NPTRACE row 1284 319656432 319659160
NPTRACE row 1285 319671735 319675487
NPTRACE row 1286 319690120 319692358
NPTRACE row 1287 319701117 319704840
NPTRACE row 1288 319717819 319721437
NPTRACE row 1289 319755015 319758814
NPTRACE row 1290 319765910 319767569
NPTRACE row 1291 319778612 319779864
NPTRACE row 1292 319793577 319796838
NPTRACE row 1293 319806625 319809049
NPTRACE row 1294 319823504 319825703
NPTRACE row 1295 319839181 319842428
NPTRACE row 1296 319858116 319859151
NPTRACE row 1297 319867799 319871447
NPTRACE row 1298 319884888 319888121
NPTRACE row 1299 319904267 319904898
NPTRACE row 1300 319923662 319925708
NPTRACE row 1301 319934722 319938242
NPTRACE row 1302 319951529 319954790
NPTRACE row 1303 319971941 319975596
NPTRACE row 1304 319990314 319992381
NPTRACE row 1305 320000887 320004730
NPTRACE row 1306 320017751 320021397
NPTRACE row 1307 320038788 320042403
NPTRACE row 1308 320056612 320059065
NPTRACE row 1309 320067579 320071410
NPTRACE row 1310 320084377 320088071
NPTRACE row 1311 320101327 320104884
NPTRACE row 1312 320121926 320125812
NPTRACE row 1313 320140761 320142494
NPTRACE row 1314 320154265 320154979
NPTRACE row 1315 320172363 320175753
NPTRACE row 1316 320184414 320188126
NPTRACE row 1317 320200791 320204684
NPTRACE row 1318 320221934 320225833
NPTRACE row 1319 320241319 320242592
NPTRACE row 1320 320251435 320254932
NPTRACE row 1321 320270919 320271491
NPTRACE row 1322 320302975 320305174
NPTRACE row 1323 320315027 320317453
NPTRACE row 1324 320328664 320329930
NPTRACE row 1325 320344548 320346631
NPTRACE row 1326 320354200 320354821
NPTRACE row 1327 320368198 320371632
NPTRACE row 1328 320388908 320392511
NPTRACE row 1329 320406642 320409096
NPTRACE row 1330 320421939 320425636
NPTRACE row 1331 320440844 320442518
NPTRACE row 1332 320454033 320455001
NPTRACE row 1333 320473215 320475760
NPTRACE row 1334 320488547 320492417
NPTRACE row 1335 320506532 320509177
NPTRACE row 1336 320520471 320521658
NPTRACE row 1337 320540509 320542521
NPTRACE row 1338 320553872 320555021
NPTRACE row 1339 320572532 320575763
NPTRACE row 1340 320587863 320588289
NPTRACE row 1341 320606584 320609105
NPTRACE row 1342 320629558 320630019
NPTRACE row 1343 320642126 320642720
NPTRACE row 1344 320668271 320671668
NPTRACE row 1345 320677226 320680112
NPTRACE row 1346 320691506 320692459
NPTRACE row 1347 320706815 320709125
NPTRACE row 1348 320722312 320725785
NPTRACE row 1349 320740604 320742528
NPTRACE row 1350 320770107 320771558
NPTRACE row 1351 320781130 320784268
NPTRACE row 1352 320794539 320796673
NPTRACE row 1353 320809135 320813067
NPTRACE row 1354 320818130 320821511
NPTRACE row 1355 320833680 320834148
NPTRACE row 1356 320870504 320871550
NPTRACE row 1357 320882529 320884343
NPTRACE row 1358 320895542 320896609
NPTRACE row 1359 320910280 320913455
NPTRACE row 1360 320925214 320925746
NPTRACE row 1361 320940133 320942532
NPTRACE row 1362 320950033 320950695
NPTRACE row 1363 320966244 320967354
NPTRACE row 1364 320987532 320988283
NPTRACE row 1365 321005418 321009119
NPTRACE row 1366 321016590 321017362
NPTRACE row 1367 321033355 321034226
NPTRACE row 1368 321052719 321062544
NPTRACE row 1369 321077487 321079921
NPTRACE row 1370 321092179 321092456
NPTRACE row 1371 321106925 321109119
NPTRACE row 1372 321116623 321117373
NPTRACE row 1373 321133272 321134168
NPTRACE row 1374 321154237 321154965
NPTRACE row 1375 321176475 321180157
NPTRACE row 1376 321189635 321192452
NPTRACE row 1377 321204555 321205059
NPTRACE row 1378 321220803 321221648
NPTRACE row 1379 321239285 321242520
NPTRACE row 1380 321253021 321254982
NPTRACE row 1381 321270736 321272020
NPTRACE row 1382 321301439 321304910
NPTRACE row 1383 321313895 321324699
NPTRACE row 1384 321339774 321342383
NPTRACE row 1385 321351889 321355105
NPTRACE row 1386 321365642 321367627
NPTRACE row 1387 321377690 321379895
NPTRACE row 1388 321386675 321388215
NPTRACE row 1389 321398999 321400723
NPTRACE row 1390 321418531 321421651
NPTRACE row 1391 321439530 321442451
NPTRACE row 1392 321454181 321455119
NPTRACE row 1393 321472049 321475657
NPTRACE row 1394 321486498 321488344
NPTRACE row 1395 321505302 321509004
NPTRACE row 1396 321520272 321521653
NPTRACE row 1397 321539249 321542481
NPTRACE row 1398 321552235 321555005
NPTRACE row 1399 321571999 321575666
NPTRACE row 1400 321586064 321588327
NPTRACE row 1401 321603430 321605259
NPTRACE row 1402 321619784 321621672
NPTRACE row 1403 321638895 321642340
NPTRACE row 1404 321653258 321655013
NPTRACE row 1405 321670681 321671790
NPTRACE row 1406 321682558 321684054
NPTRACE row 1407 321699233 321700955
NPTRACE row 1408 321719626 321721575
NPTRACE row 1409 321737616 321738503
NPTRACE row 1410 321752459 321754935
NPTRACE row 1411 321770391 321771738
NPTRACE row 1412 321785305 321796733
NPTRACE row 1413 321807091 321809051
NPTRACE row 1414 321819535 321821644
NPTRACE row 1415 321837862 321838570
NPTRACE row 1416 321853396 321855129
NPTRACE row 1417 321870502 321871673
NPTRACE row 1418 321903143 321904909
NPTRACE row 1419 321913525 321917527
NPTRACE row 1420 321925313 321925806
NPTRACE row 1421 321940213 321942572
NPTRACE row 1422 321952825 321955005
NPTRACE row 1423 321971578 321971959
NPTRACE row 1424 321984643 321988233
NPTRACE row 1425 322003611 322005153
NPTRACE row 1426 322032086 322034298
NPTRACE row 1427 322041863 322042639
NPTRACE row 1428 322053332 322054943
NPTRACE row 1429 322069915 322071738
NPTRACE row 1430 322082084 322084081
NPTRACE row 1431 322098529 322100886
NPTRACE row 1432 322117961 322121519
NPTRACE row 1433 322137377 322138514
NPTRACE row 1434 322152451 322155031
NPTRACE row 1435 322169919 322171743
NPTRACE row 1436 322185460 322188349
NPTRACE row 1437 322203098 322205083
NPTRACE row 1438 322218201 322221678
NPTRACE row 1439 322237286 322238833
NPTRACE row 1440 322269155 322271747
NPTRACE row 1441 322277659 322279946
NPTRACE row 1442 322291722 322292447
NPTRACE row 1443 322306073 322309962
NPTRACE row 1444 322318896 322321592
NPTRACE row 1445 322331628 322334213
NPTRACE row 1446 322351266 322362629
NPTRACE row 1447 322374613 322375902
NPTRACE row 1448 322396071 322396703
NPTRACE row 1449 322406599 322409091
NPTRACE row 1450 322435141 322438284
NPTRACE row 1451 322444101 322446732
NPTRACE row 1452 322457838 322459184
NPTRACE row 1453 322472709 322475844
NPTRACE row 1454 322484887 322488373
NPTRACE row 1455 322503905 322505454
NPTRACE row 1456 322528136 322530087
NPTRACE row 1457 322540425 322542564
NPTRACE row 1458 322552832 322555037
NPTRACE row 1459 322569764 322571772
NPTRACE row 1460 322585885 322588334
NPTRACE row 1461 322602888 322605183
NPTRACE row 1462 322615097 322617456
NPTRACE row 1463 322631671 322634383
NPTRACE row 1464 322652085 322655273
NPTRACE row 1465 322669502 322671799
NPTRACE row 1466 322683906 322684445
NPTRACE row 1467 322703094 322705148
NPTRACE row 1468 322718680 322721730
NPTRACE row 1469 322736808 322738650
NPTRACE row 1470 322765401 322767760
NPTRACE row 1471 322776828 322780247
NPTRACE row 1472 322789854 322792510
NPTRACE row 1473 322803414 322805137
NPTRACE row 1474 322815214 322817474
NPTRACE row 1475 322831161 322834254
NPTRACE row 1476 322852412 322855057
NPTRACE row 1477 322868911 322871931
NPTRACE row 1478 322883610 322884177
NPTRACE row 1479 322903345 322905406
NPTRACE row 1480 322914922 322917481
NPTRACE row 1481 322931100 322934267
NPTRACE row 1482 322949688 322951116
NPTRACE row 1483 322969033 322971890
NPTRACE row 1484 322981460 322984151
NPTRACE row 1485 322997391 323000815
NPTRACE row 1486 323016765 323017586
NPTRACE row 1487 323037448 323039157
NPTRACE row 1488 323068111 323071700
NPTRACE row 1489 323076786 323080236
NPTRACE row 1490 323090332 323092535
NPTRACE row 1491 323104520 323105130
NPTRACE row 1492 323119143 323121780
NPTRACE row 1493 323136472 323138718
NPTRACE row 1494 323148450 323150835
NPTRACE row 1495 323164498 323167647
NPTRACE row 1496 323184699 323188450
NPTRACE row 1497 323202211 323205123
NPTRACE row 1498 323217970 323221609
NPTRACE row 1499 323236251 323238897
NPTRACE row 1500 323250478 323251001
NPTRACE row 1501 323268801 323271828
NPTRACE row 1502 323283377 323292666
NPTRACE row 1503 323305612 323309342
NPTRACE row 1504 323315891 323317848
NPTRACE row 1505 323339238 323342694
NPTRACE row 1506 323349858 323350938
NPTRACE row 1507 323363396 323367442
NPTRACE row 1508 323383742 323400684
NPTRACE row 1509 323409032 323409198
NPTRACE row 1510 323423679 323425919
NPTRACE row 1511 323438944 323442502
NPTRACE row 1512 323452719 323455278
NPTRACE row 1513 323468530 323471928
NPTRACE row 1514 323483272 323501264
NPTRACE row 1515 323509912 323513521
NPTRACE row 1516 323523282 323525963
NPTRACE row 1517 323537705 323538746
NPTRACE row 1518 323552599 323555119
NPTRACE row 1519 323569619 323572266
NPTRACE row 1520 323581530 323584200
NPTRACE row 1521 323596743 323600798
NPTRACE row 1522 323614355 323617740
NPTRACE row 1523 323635455 323638789
NPTRACE row 1524 323668453 323671745
NPTRACE row 1525 323676730 323680319
NPTRACE row 1526 323689701 323692573
NPTRACE row 1527 323703993 323705461
NPTRACE row 1528 323718703 323721812
NPTRACE row 1529 323735732 323738911
NPTRACE row 1530 323749697 323751003
NPTRACE row 1531 323769270 323771954
NPTRACE row 1532 323783166 323801373
NPTRACE row 1533 323810058 323813391
NPTRACE row 1534 323822982 323825933
NPTRACE row 1535 323839335 323842514
NPTRACE row 1536 323853381 323855276
NPTRACE row 1537 323868507 323871918
NPTRACE row 1538 323883631 323891786
NPTRACE row 1539 323905275 323909220
NPTRACE row 1540 323915902 323917872
NPTRACE row 1541 323936774 323938859
NPTRACE row 1542 323948285 323950900
NPTRACE row 1543 323963885 323967707
NPTRACE row 1544 323983292 323984559
NPTRACE row 1545 324001497 324005299
NPTRACE row 1546 324014247 324017571
NPTRACE row 1547 324030360 324034286
NPTRACE row 1548 324049711 324058381
NPTRACE row 1549 324071410 324071781
NPTRACE row 1550 324082975 324084565
NPTRACE row 1551 324101968 324105544
NPTRACE row 1552 324118050 324121680
NPTRACE row 1553 324135484 324138851
NPTRACE row 1554 324151741 324155176
NPTRACE row 1555 324167948 324172006
NPTRACE row 1556 324183553 324184365
NPTRACE row 1557 324201596 324205278
NPTRACE row 1558 324214431 324217591
NPTRACE row 1559 324230497 324234299
NPTRACE row 1560 324249328 324258809
NPTRACE row 1561 324272510 324275918
NPTRACE row 1562 324283270 324284305
NPTRACE row 1563 324306259 324309251
NPTRACE row 1564 324319242 324321843
NPTRACE row 1565 324336572 324338887
NPTRACE row 1566 324352682 324355166
NPTRACE row 1567 324372636 324376973
NPTRACE row 1568 324389524 324392620
NPTRACE row 1569 324406789 324409323
NPTRACE row 1570 324421044 324421874
NPTRACE row 1571 324435683 324438804
NPTRACE row 1572 324449934 324451237
NPTRACE row 1573 324474027 324475928
NPTRACE row 1574 324482682 324484287
NPTRACE row 1575 324496361 324496972
NPTRACE row 1576 324514106 324517834
NPTRACE row 1577 324535261 324538627
NPTRACE row 1578 324568809 324571784
NPTRACE row 1579 324577450 324580277
NPTRACE row 1580 324590545 324592677
NPTRACE row 1581 324604629 324605302
NPTRACE row 1582 324618385 324621826
NPTRACE row 1583 324636043 324638980
NPTRACE row 1584 324652712 324655445
NPTRACE row 1585 324668279 324672051
NPTRACE row 1586 324683631 324684399
NPTRACE row 1587 324701394 324705253
NPTRACE row 1588 324716595 324718001
NPTRACE row 1589 324735624 324738924
NPTRACE row 1590 324749378 324751286
NPTRACE row 1591 324768653 324772197
NPTRACE row 1592 324784133 324797066
NPTRACE row 1593 324807450 324809333
NPTRACE row 1594 324829937 324830274
NPTRACE row 1595 324841331 324842787
NPTRACE row 1596 324854082 324855207
NPTRACE row 1597 324868251 324871976
NPTRACE row 1598 324884112 324884653
NPTRACE row 1599 324902700 324905630
NPTRACE row 1600 324918641 324921945
NPTRACE row 1601 324935318 324938763
NPTRACE row 1602 324950693 324951102
NPTRACE row 1603 324968222 324971989
NPTRACE row 1604 324984099 324984588
NPTRACE row 1605 325001419 325005141
NPTRACE row 1606 325016946 325017998
NPTRACE row 1607 325035603 325038851
NPTRACE row 1608 325050694 325051441
NPTRACE row 1609 325067369 325067844
NPTRACE row 1610 325083121 325084393
NPTRACE row 1611 325100820 325101155
NPTRACE row 1612 325116433 325118027
NPTRACE row 1613 325135474 325138844
NPTRACE row 1614 325151543 325155197
NPTRACE row 1615 325168521 325172112
NPTRACE row 1616 325183143 325184603
NPTRACE row 1617 325200304 325201264
NPTRACE row 1618 325216109 325234668
NPTRACE row 1619 325243825 325247119
NPTRACE row 1620 325258352 325259420
NPTRACE row 1621 325273151 325276112
NPTRACE row 1622 325287457 325288594
NPTRACE row 1623 325301750 325305440
NPTRACE row 1624 325316631 325330426
NPTRACE row 1625 325341622 325342816
NPTRACE row 1626 325354205 325355275
NPTRACE row 1627 325368618 325372110
NPTRACE row 1628 325386340 325388566
NPTRACE row 1629 325403322 325405461
NPTRACE row 1630 325423408 325427439
NPTRACE row 1631 325440109 325442842
NPTRACE row 1632 325466224 325468153
NPTRACE row 1633 325476587 325480310
NPTRACE row 1634 325490885 325492792
NPTRACE row 1635 325505992 325509480
NPTRACE row 1636 325520850 325521978
NPTRACE row 1637 325535706 325538896
NPTRACE row 1638 325551791 325555331
NPTRACE row 1639 325568132 325571875
NPTRACE row 1640 325583029 325584733
NPTRACE row 1641 325600368 325601376
NPTRACE row 1642 325616088 325618054
NPTRACE row 1643 325634968 325638841
NPTRACE row 1644 325650509 325651397
NPTRACE row 1645 325666748 325667994
NPTRACE row 1646 325683459 325684661
NPTRACE row 1647 325700466 325701347
NPTRACE row 1648 325715883 325718011
NPTRACE row 1649 325733623 325734647
NPTRACE row 1650 325750140 325751365
NPTRACE row 1651 325766498 325767906
NPTRACE row 1652 325782511 325801102
NPTRACE row 1653 325809836 325813598
NPTRACE row 1654 325825872 325826115
NPTRACE row 1655 325840860 325842955
NPTRACE row 1656 325855902 325859492
NPTRACE row 1657 325869945 325872127
NPTRACE row 1658 325883211 325884697
NPTRACE row 1659 325899939 325901234
NPTRACE row 1660 325916243 325918035
NPTRACE row 1661 325934023 325934689
NPTRACE row 1662 325950855 325967811
NPTRACE row 1663 325977714 325981319
NPTRACE row 1664 325993324 325996930
NPTRACE row 1665 326008050 326009458
NPTRACE row 1666 326017153 326017723
NPTRACE row 1667 326028652 326030333
NPTRACE row 1668 326048335 326051241
NPTRACE row 1669 326066465 326067887
NPTRACE row 1670 326082629 326092217
NPTRACE row 1671 326105625 326109461
NPTRACE row 1672 326116520 326118099
NPTRACE row 1673 326133394 326134699
NPTRACE row 1674 326150396 326151373
NPTRACE row 1675 326166765 326167895
NPTRACE row 1676 326182550 326184726
NPTRACE row 1677 326199479 326201264
NPTRACE row 1678 326215847 326218054
NPTRACE row 1679 326233839 326234910
NPTRACE row 1680 326250960 326263514
NPTRACE row 1681 326272143 326276069
NPTRACE row 1682 326284118 326284809
NPTRACE row 1683 326299769 326301252
NPTRACE row 1684 326316177 326318082
NPTRACE row 1685 326333586 326334743
NPTRACE row 1686 326351425 326355336
NPTRACE row 1687 326367112 326368023
NPTRACE row 1688 326382839 326392317
NPTRACE row 1689 326405419 326409345
NPTRACE row 1690 326417158 326417762
NPTRACE row 1691 326429358 326430361
NPTRACE row 1692 326447685 326451330
NPTRACE row 1693 326466352 326468123
NPTRACE row 1694 326483108 326484731
NPTRACE row 1695 326499998 326501482
NPTRACE row 1696 326515080 326517862
NPTRACE row 1697 326533704 326534741
NPTRACE row 1698 326549438 326551424
NPTRACE row 1699 326565929 326567916
NPTRACE row 1700 326583246 326584749
NPTRACE row 1701 326599450 326601332
NPTRACE row 1702 326615201 326634129
NPTRACE row 1703 326643912 326647855
NPTRACE row 1704 326660221 326663818
NPTRACE row 1705 326674455 326676174
NPTRACE row 1706 326689170 326692862
NPTRACE row 1707 326703998 326705418
NPTRACE row 1708 326717381 326718059
NPTRACE row 1709 326733265 326734730
NPTRACE row 1710 326749351 326751414
NPTRACE row 1711 326766515 326768273
NPTRACE row 1712 326783589 326784542
NPTRACE row 1713 326799568 326801251
NPTRACE row 1714 326815325 326818175
NPTRACE row 1715 326832658 326834785
NPTRACE row 1716 326850990 326851257
NPTRACE row 1717 326865385 326867985
NPTRACE row 1718 326882553 326884778
NPTRACE row 1719 326897764 326901400
NPTRACE row 1720 326915260 326917843
NPTRACE row 1721 326932377 326934791
NPTRACE row 1722 326949941 326951229
NPTRACE row 1723 326965123 326967998
NPTRACE row 1724 326982398 326984855
NPTRACE row 1725 326997416 327001362
NPTRACE row 1726 327015032 327018094
NPTRACE row 1727 327033460 327035097
NPTRACE row 1728 327051347 327055415
NPTRACE row 1729 327065217 327068015
NPTRACE row 1730 327082666 327084837
NPTRACE row 1731 327097349 327101179
NPTRACE row 1732 327115257 327118152
NPTRACE row 1733 327131152 327134838
NPTRACE row 1734 327150134 327151248
NPTRACE row 1735 327165568 327168123
NPTRACE row 1736 327182490 327184823
NPTRACE row 1737 327196833 327197150
NPTRACE row 1738 327214917 327217858
NPTRACE row 1739 327230984 327234759
NPTRACE row 1740 327249626 327251241
NPTRACE row 1741 327265672 327268221
NPTRACE row 1742 327282413 327284817
NPTRACE row 1743 327297766 327301554
NPTRACE row 1744 327315810 327325604
NPTRACE row 1745 327338540 327338979
NPTRACE row 1746 327349295 327351280
NPTRACE row 1747 327364062 327368107
NPTRACE row 1748 327382619 327384864
NPTRACE row 1749 327397396 327401331
NPTRACE row 1750 327415985 327432482
NPTRACE row 1751 327451830 327455475
NPTRACE row 1752 327466819 327468348
NPTRACE row 1753 327480698 327484783
NPTRACE row 1754 327493155 327497117
NPTRACE row 1755 327506684 327509649
NPTRACE row 1756 327535275 327538776
NPTRACE row 1757 327544681 327547912
NPTRACE row 1758 327561172 327563885
NPTRACE row 1759 327576637 327580293
NPTRACE row 1760 327589270 327593031
NPTRACE row 1761 327603517 327605607
NPTRACE row 1762 327617317 327618265
NPTRACE row 1763 327631158 327634864
NPTRACE row 1764 327649418 327651626
NPTRACE row 1765 327663910 327667858
NPTRACE row 1766 327682396 327692278
NPTRACE row 1767 327705687 327709518
NPTRACE row 1768 327717166 327718316
NPTRACE row 1769 327731125 327734803
NPTRACE row 1770 327748333 327759718
NPTRACE row 1771 327776813 327781129
NPTRACE row 1772 327791771 327793031
NPTRACE row 1773 327807241 327809670
NPTRACE row 1774 327820201 327822223
NPTRACE row 1775 327836003 327839194
NPTRACE row 1776 327849958 327851779
NPTRACE row 1777 327864633 327868153
NPTRACE row 1778 327883564 327884959
NPTRACE row 1779 327897810 327901548
NPTRACE row 1780 327915743 327918319
NPTRACE row 1781 327932924 327935000
NPTRACE row 1782 327952422 327955670
NPTRACE row 1783 327967457 327968311
NPTRACE row 1784 327981593 327984891
NPTRACE row 1785 327997552 328001457
NPTRACE row 1786 328015352 328018274
NPTRACE row 1787 328032349 328034909
NPTRACE row 1788 328048937 328051675
NPTRACE row 1789 328064233 328068163
NPTRACE row 1790 328082881 328093440
NPTRACE row 1791 328106475 328109838
NPTRACE row 1792 328115811 328117967
NPTRACE row 1793 328127119 328130565
NPTRACE row 1794 328143720 328147531
NPTRACE row 1795 328165274 328168112
NPTRACE row 1796 328182727 328185069
NPTRACE row 1797 328197499 328201444
NPTRACE row 1798 328215503 328225781
NPTRACE row 1799 328239390 328243022
NPTRACE row 1800 328248994 328251426
NPTRACE row 1801 328260127 328263787
NPTRACE row 1802 328277264 328280460
NPTRACE row 1803 328293449 328297558
NPTRACE row 1804 328315568 328318210
NPTRACE row 1805 328332979 328335226
NPTRACE row 1806 328349110 328351451
NPTRACE row 1807 328365816 328380851
NPTRACE row 1808 328392315 328393099
NPTRACE row 1809 328404126 328405569
NPTRACE row 1810 328418727 328422409
NPTRACE row 1811 328435023 328443693
NPTRACE row 1812 328459896 328463696
NPTRACE row 1813 328473533 328476435
NPTRACE row 1814 328489347 328492987
NPTRACE row 1815 328500596 328501393
NPTRACE row 1816 328523107 328526323
NPTRACE row 1817 328532236 328534793
NPTRACE row 1818 328543423 328547151
NPTRACE row 1819 328559442 328559733
NPTRACE row 1820 328576666 328580510
NPTRACE row 1821 328596878 328597276
NPTRACE row 1822 328614849 328634392
NPTRACE row 1823 328643604 328647244
NPTRACE row 1824 328658606 328659901
NPTRACE row 1825 328674380 328676400
NPTRACE row 1826 328688153 328688921
NPTRACE row 1827 328702878 328705710
NPTRACE row 1828 328718989 328722258
NPTRACE row 1829 328734414 328735154
NPTRACE row 1830 328749620 328751707
NPTRACE row 1831 328764244 328768210
NPTRACE row 1832 328782580 328785156
NPTRACE row 1833 328797366 328801379
NPTRACE row 1834 328815955 328818472
NPTRACE row 1835 328832333 328834882
NPTRACE row 1836 328846519 328847319
NPTRACE row 1837 328863280 328863923
NPTRACE row 1838 328882223 328885126
NPTRACE row 1839 328897530 328901394
NPTRACE row 1840 328916202 328918699
NPTRACE row 1841 328932213 328934822
NPTRACE row 1842 328948875 328951794
NPTRACE row 1843 328963340 328963937
NPTRACE row 1844 328982040 328985145
NPTRACE row 1845 328996757 328997329
NPTRACE row 1846 329015321 329018485
NPTRACE row 1847 329031029 329034856
NPTRACE row 1848 329048792 329067633
NPTRACE row 1849 329075833 329076359
NPTRACE row 1850 329091088 329093121
NPTRACE row 1851 329106630 329109773
NPTRACE row 1852 329136150 329138905
NPTRACE row 1853 329147830 329151377
NPTRACE row 1854 329172484 329176406
NPTRACE row 1855 329183941 329185325
NPTRACE row 1856 329197547 329201512
NPTRACE row 1857 329211185 329214871
NPTRACE row 1858 329227061 329233606
NPTRACE row 1859 329243844 329247366
NPTRACE row 1860 329261662 329264262
NPTRACE row 1861 329276012 329276438
NPTRACE row 1862 329291575 329293209
NPTRACE row 1863 329306627 329309785
NPTRACE row 1864 329319777 329322297
NPTRACE row 1865 329334290 329335112
NPTRACE row 1866 329349358 329351820
NPTRACE row 1867 329363560 329364161
NPTRACE row 1868 329382094 329384770
NPTRACE row 1869 329395077 329397316
NPTRACE row 1870 329416055 329418141
NPTRACE row 1871 329429971 329430933
NPTRACE row 1872 329449449 329451565
NPTRACE row 1873 329462988 329463990
NPTRACE row 1874 329486770 329489020
NPTRACE row 1875 329500242 329501434
NPTRACE row 1876 329517601 329518444
NPTRACE row 1877 329531528 329535089
NPTRACE row 1878 329548548 329551904
NPTRACE row 1879 329563082 329563997
NPTRACE row 1880 329582148 329584783
NPTRACE row 1881 329595525 329597324
NPTRACE row 1882 329614342 329618507
NPTRACE row 1883 329629640 329630866
NPTRACE row 1884 329645978 329647288
NPTRACE row 1885 329661219 329664009
NPTRACE row 1886 329682314 329685249
NPTRACE row 1887 329695854 329697464
NPTRACE row 1888 329714322 329718480
NPTRACE row 1889 329729239 329730818
NPTRACE row 1890 329747072 329751718
NPTRACE row 1891 329761935 329764081
NPTRACE row 1892 329781490 329785097
NPTRACE row 1893 329795372 329797395
NPTRACE row 1894 329814137 329818316
NPTRACE row 1895 329829050 329830819
NPTRACE row 1896 329851844 329855649
NPTRACE row 1897 329865652 329868350
NPTRACE row 1898 329879089 329880657
NPTRACE row 1899 329895120 329897412
NPTRACE row 1900 329913565 329914044
NPTRACE row 1901 329932235 329934701
NPTRACE row 1902 329945949 329947324
NPTRACE row 1903 329962383 329964155
NPTRACE row 1904 329979174 329980671
NPTRACE row 1905 329995052 329997344
NPTRACE row 1906 330014486 330018490
NPTRACE row 1907 330029331 330030802
NPTRACE row 1908 330047437 330051715
NPTRACE row 1909 330061595 330064037
NPTRACE row 1910 330081016 330092338
NPTRACE row 1911 330107545 330109763
NPTRACE row 1912 330120401 330122365
NPTRACE row 1913 330135670 330139131
NPTRACE row 1914 330149273 330159947
NPTRACE row 1915 330169927 330172261
NPTRACE row 1916 330179135 330180589
NPTRACE row 1917 330191371 330193094
NPTRACE row 1918 330208370 330209775
NPTRACE row 1919 330238735 330239244
NPTRACE row 1920 330248560 330251559
NPTRACE row 1921 330258436 330259758
NPTRACE row 1922 330275276 330276425
NPTRACE row 1923 330291536 330293096
NPTRACE row 1924 330312165 330314037
NPTRACE row 1925 330331310 330335218
NPTRACE row 1926 330345387 330347352
NPTRACE row 1927 330364647 330368185
NPTRACE row 1928 330378291 330380690
NPTRACE row 1929 330394879 330397369
NPTRACE row 1930 330411747 330414102
NPTRACE row 1931 330431221 330435307
NPTRACE row 1932 330445256 330447355
NPTRACE row 1933 330463094 330464063
NPTRACE row 1934 330479035 330480706
NPTRACE row 1935 330502324 330505807
NPTRACE row 1936 330516500 330518380
NPTRACE row 1937 330531091 330534788
NPTRACE row 1938 330541647 330543114
NPTRACE row 1939 330558174 330559781
NPTRACE row 1940 330585119 330588932
NPTRACE row 1941 330595277 330597284
NPTRACE row 1942 330607931 330609785
NPTRACE row 1943 330624736 330626577
NPTRACE row 1944 330641630 330643243
NPTRACE row 1945 330670148 330672300
NPTRACE row 1946 330682322 330685336
NPTRACE row 1947 330694684 330697345
NPTRACE row 1948 330711573 330714053
NPTRACE row 1949 330727726 330730853
NPTRACE row 1950 330745472 330747307
NPTRACE row 1951 330774693 330776560
NPTRACE row 1952 330788022 330789274
NPTRACE row 1953 330802825 330806037
NPTRACE row 1954 330818890 330822568
NPTRACE row 1955 330834220 330835402
NPTRACE row 1956 330849105 330851666
NPTRACE row 1957 330861568 330864305
NPTRACE row 1958 330882177 330885532
NPTRACE row 1959 330895162 330897575
NPTRACE row 1960 330913831 330914291
NPTRACE row 1961 330928144 330931184
NPTRACE row 1962 330947710 330951914
NPTRACE row 1963 330961190 330964287
NPTRACE row 1964 330981837 330985536
NPTRACE row 1965 330995033 330997559
NPTRACE row 1966 331014415 331018385
NPTRACE row 1967 331032487 331035058
NPTRACE row 1968 331048353 331052293
NPTRACE row 1969 331061689 331064193
NPTRACE row 1970 331082181 331085542
NPTRACE row 1971 331095577 331097526
NPTRACE row 1972 331115543 331126051
NPTRACE row 1973 331139761 331143382
NPTRACE row 1974 331152731 331155928
NPTRACE row 1975 331167919 331168497
NPTRACE row 1976 331183966 331185560
NPTRACE row 1977 331199097 331201882
NPTRACE row 1978 331215514 331226827
NPTRACE row 1979 331237424 331239234
NPTRACE row 1980 331249975 331252210
NPTRACE row 1981 331263495 331264204
NPTRACE row 1982 331283856 331285189
NPTRACE row 1983 331299691 331301882
NPTRACE row 1984 331314821 331318765
NPTRACE row 1985 331327961 331331062
NPTRACE row 1986 331347735 331352002
NPTRACE row 1987 331360586 331364191
NPTRACE row 1988 331381982 331385612
NPTRACE row 1989 331395089 331397553
NPTRACE row 1990 331413633 331414282
NPTRACE row 1991 331427618 331430915
NPTRACE row 1992 331448390 331452089
NPTRACE row 1993 331460871 331464287
NPTRACE row 1994 331481926 331485643
NPTRACE row 1995 331495016 331497618
NPTRACE row 1996 331518946 331522510
NPTRACE row 1997 331534440 331535462
NPTRACE row 1998 331569778 331572543
NPTRACE row 1999 331583779 331585095
NPTRACE row 2000 331598163 331601939
NPTRACE row 2001 331615392 331618358
NPTRACE row 2002 331628059 331630977
NPTRACE row 2003 331644190 331647712
NPTRACE row 2004 331659624 331660102
NPTRACE row 2005 331675265 331676716
NPTRACE row 2006 331686990 331690126
NPTRACE row 2007 331702022 331705697
NPTRACE row 2008 331717899 331718353
NPTRACE row 2009 331733433 331735428
NPTRACE row 2010 331748415 331760749
NPTRACE row 2011 331770350 331772484
NPTRACE row 2012 331782176 331785036
NPTRACE row 2013 331803601 331805838
NPTRACE row 2014 331816211 331818998
NPTRACE row 2015 331830185 331831215
NPTRACE row 2016 331848413 331851667
NPTRACE row 2017 331861837 331864732
NPTRACE row 2018 331881643 331885653
NPTRACE row 2019 331894693 331897608
NPTRACE row 2020 331915055 331918391
NPTRACE row 2021 331928280 331931149
NPTRACE row 2022 331947667 331951814
NPTRACE row 2023 331960549 331964201
NPTRACE row 2024 331981575 332001050
NPTRACE row 2025 332007351 332009990
NPTRACE row 2026 332035469 332039174
NPTRACE row 2027 332048723 332051803
NPTRACE row 2028 332062660 332064747
NPTRACE row 2029 332077039 332081083
NPTRACE row 2030 332093866 332097591
NPTRACE row 2031 332109418 332110146
NPTRACE row 2032 332126026 332126841
NPTRACE row 2033 332142062 332143519
NPTRACE row 2034 332156690 332160156
NPTRACE row 2035 332173549 332176621
NPTRACE row 2036 332187669 332189348
NPTRACE row 2037 332202741 332206098
NPTRACE row 2038 332219103 332222686
NPTRACE row 2039 332234469 332235435
NPTRACE row 2040 332249696 332252067
NPTRACE row 2041 332263809 332265006
NPTRACE row 2042 332282132 332285680
NPTRACE row 2043 332295770 332297669
NPTRACE row 2044 332315109 332335135
NPTRACE row 2045 332342075 332343459
NPTRACE row 2046 332353799 332356727
NPTRACE row 2047 332370138 332373044
NPTRACE row 2048 332387418 332389374
NPTRACE row 2049 332402898 332406103
NPTRACE row 2050 332419303 332422650
NPTRACE row 2051 332435649 332439290
NPTRACE row 2052 332449784 332452260
NPTRACE row 2053 332463310 332464286
NPTRACE row 2054 332481760 332493625
NPTRACE row 2055 332503403 332505878
NPTRACE row 2056 332515854 332518536
NPTRACE row 2057 332535707 332539425
NPTRACE row 2058 332568758 332572487
NPTRACE row 2059 332581433 332584874
NPTRACE row 2060 332595731 332597660
NPTRACE row 2061 332610439 332614760
NPTRACE row 2062 332628466 332631051
NPTRACE row 2063 332644452 332647831
NPTRACE row 2064 332660831 332664222
NPTRACE row 2065 332676934 332680883
NPTRACE row 2066 332696019 332699140
NPTRACE row 2067 332711336 332714706
NPTRACE row 2068 332728702 332730982
NPTRACE row 2069 332744060 332747639
NPTRACE row 2070 332759670 332760151
NPTRACE row 2071 332774736 332776791
NPTRACE row 2072 332802084 332805875
NPTRACE row 2073 332811337 332814299
NPTRACE row 2074 332828285 332831321
NPTRACE row 2075 332843604 332847589
NPTRACE row 2076 332858409 332860175
NPTRACE row 2077 332873458 332876743
NPTRACE row 2078 332887410 332889365
NPTRACE row 2079 332902533 332906122
NPTRACE row 2080 332916626 332918934
NPTRACE row 2081 332930218 332931158
NPTRACE row 2082 332944758 332947748
NPTRACE row 2083 332959728 332960199
NPTRACE row 2084 332977279 332981491
NPTRACE row 2085 332994915 332997683
NPTRACE row 2086 333011008 333014691
NPTRACE row 2087 333028370 333031454
NPTRACE row 2088 333048453 333051808
NPTRACE row 2089 333061772 333064714
NPTRACE row 2090 333078213 333081310
NPTRACE row 2091 333094945 333097651
NPTRACE row 2092 333110851 333114513
NPTRACE row 2093 333128595 333131227
NPTRACE row 2094 333144517 333147679
NPTRACE row 2095 333161320 333164491
NPTRACE row 2096 333177435 333181514
NPTRACE row 2097 333194849 333197663
NPTRACE row 2098 333211003 333214336
NPTRACE row 2099 333223091 333226741
NPTRACE row 2100 333239653 333243289
NPTRACE row 2101 333259344 333260287
NPTRACE row 2102 333277426 333281123
NPTRACE row 2103 333294730 333298125
NPTRACE row 2104 333310301 333314403
NPTRACE row 2105 333327900 333331399
NPTRACE row 2106 333343826 333347738
NPTRACE row 2107 333363282 333364341
NPTRACE row 2108 333377449 333381529
NPTRACE row 2109 333394322 333397668
NPTRACE row 2110 333410400 333414229
NPTRACE row 2111 333428500 333431851
NPTRACE row 2112 333444702 333447832
NPTRACE row 2113 333460272 333464090
NPTRACE row 2114 333477509 333481150
NPTRACE row 2115 333493717 333497425
NPTRACE row 2116 333510624 333514564
NPTRACE row 2117 333528511 333531209
NPTRACE row 2118 333545470 333547733
NPTRACE row 2119 333559708 333560197
NPTRACE row 2120 333583825 333585567
NPTRACE row 2121 333597089 333597743
NPTRACE row 2122 333614593 333618696
NPTRACE row 2123 333627576 333630963
NPTRACE row 2124 333643860 333647740
NPTRACE row 2125 333660406 333664104
NPTRACE row 2126 333676927 333681502
NPTRACE row 2127 333694172 333697784
NPTRACE row 2128 333710383 333714507
NPTRACE row 2129 333728099 333731453
NPTRACE row 2130 333743757 333747692
NPTRACE row 2131 333758894 333760225
NPTRACE row 2132 333776947 333781467
NPTRACE row 2133 333793826 333797560
NPTRACE row 2134 333810358 333814265
NPTRACE row 2135 333826497 333827020
NPTRACE row 2136 333844225 333847830
NPTRACE row 2137 333859675 333860180
NPTRACE row 2138 333877260 333881050
NPTRACE row 2139 333892929 333893550
NPTRACE row 2140 333910427 333914382
NPTRACE row 2141 333929629 333931758
NPTRACE row 2142 333944088 333947626
NPTRACE row 2143 333955258 333955993
NPTRACE row 2144 333971683 333972580
NPTRACE row 2145 333993137 333993522
NPTRACE row 2146 334009711 334010220
NPTRACE row 2147 334027144 334030800
NPTRACE row 2148 334043233 334043500
NPTRACE row 2149 334059275 334060209
NPTRACE row 2150 334076356 334076821
NPTRACE row 2151 334098799 334101956
NPTRACE row 2152 334111237 334114286
NPTRACE row 2153 334121281 334122712
NPTRACE row 2154 334138248 334139327
NPTRACE row 2155 334159654 334160194
NPTRACE row 2156 334176019 334176815
NPTRACE row 2157 334192359 334193555
NPTRACE row 2158 334209689 334210174
NPTRACE row 2159 334225895 334227136
NPTRACE row 2160 334244033 334247694
NPTRACE row 2161 334273115 334276643
NPTRACE row 2162 334284025 334285663
NPTRACE row 2163 334297167 334297738
NPTRACE row 2164 334314977 334318517
NPTRACE row 2165 334327476 334331047
NPTRACE row 2166 334343799 334347746
NPTRACE row 2167 334360329 334364292
NPTRACE row 2168 334376472 334376857
NPTRACE row 2169 334392545 334393578
NPTRACE row 2170 334409805 334410265
NPTRACE row 2171 334427290 334431049
NPTRACE row 2172 334442315 334443539
NPTRACE row 2173 334459265 334460219
NPTRACE row 2174 334476108 334476858
NPTRACE row 2175 334493247 334493847
NPTRACE row 2176 334509529 334510264
NPTRACE row 2177 334527325 334531023
NPTRACE row 2178 334543088 334543690
NPTRACE row 2179 334559252 334560307
NPTRACE row 2180 334576226 334576942
NPTRACE row 2181 334595927 334597830
NPTRACE row 2182 334620176 334622817
NPTRACE row 2183 334636132 334639391
NPTRACE row 2184 334647466 334651685
NPTRACE row 2185 334656554 334660201
NPTRACE row 2186 334672043 334672763
NPTRACE row 2187 334693867 334697637
NPTRACE row 2188 334709312 334710263
NPTRACE row 2189 334726600 334727220
NPTRACE row 2190 334742671 334743616
NPTRACE row 2191 334759808 334760447
NPTRACE row 2192 334775841 334776959
NPTRACE row 2193 334792189 334793702
NPTRACE row 2194 334809488 334810362
NPTRACE row 2195 334826412 334827221
NPTRACE row 2196 334842426 334843629
NPTRACE row 2197 334854056 334856058
NPTRACE row 2198 334871207 334872718
NPTRACE row 2199 334893071 334893721
NPTRACE row 2200 334909240 334910299
NPTRACE row 2201 334926133 334927178
NPTRACE row 2202 334942795 334943711
NPTRACE row 2203 334959519 334960326
NPTRACE row 2204 334975987 334976978
NPTRACE row 2205 334992518 334993689
NPTRACE row 2206 335008867 335010305
NPTRACE row 2207 335026484 335027303
NPTRACE row 2208 335042758 335043745
NPTRACE row 2209 335059818 335060332
NPTRACE row 2210 335075837 335077056
NPTRACE row 2211 335092942 335093729
NPTRACE row 2212 335109425 335110309
NPTRACE row 2213 335126593 335127223
NPTRACE row 2214 335142768 335143648
NPTRACE row 2215 335159508 335160409
NPTRACE row 2216 335175816 335176993
NPTRACE row 2217 335192522 335193691
NPTRACE row 2218 335209674 335210393
NPTRACE row 2219 335234237 335235907
NPTRACE row 2220 335250747 335252128
NPTRACE row 2221 335263736 335264547
NPTRACE row 2222 335278731 335281105
NPTRACE row 2223 335288064 335289491
NPTRACE row 2224 335304423 335306094
NPTRACE row 2225 335321196 335322874
NPTRACE row 2226 335343067 335343841
NPTRACE row 2227 335358976 335360311
NPTRACE row 2228 335377804 335381123
NPTRACE row 2229 335391765 335393657
NPTRACE row 2230 335409149 335410370
NPTRACE row 2231 335426062 335427091
NPTRACE row 2232 335443291 335443942
NPTRACE row 2233 335457512 335460338
NPTRACE row 2234 335477552 335481019
NPTRACE row 2235 335492440 335493665
NPTRACE row 2236 335504603 335506108
NPTRACE row 2237 335521213 335522886
NPTRACE row 2238 335544129 335547807
NPTRACE row 2239 335560815 335564472
NPTRACE row 2240 335578133 335581251
NPTRACE row 2241 335592884 335593675
NPTRACE row 2242 335609978 335610458
NPTRACE row 2243 335630749 335631273
NPTRACE row 2244 335640134 335643610
NPTRACE row 2245 335653719 335656119
NPTRACE row 2246 335675553 335677073
NPTRACE row 2247 335691303 335693658
NPTRACE row 2248 335709502 335710441
NPTRACE row 2249 335726156 335727130
NPTRACE row 2250 335744449 335748194
NPTRACE row 2251 335759463 335760359
NPTRACE row 2252 335778264 335781745
NPTRACE row 2253 335793038 335793690
NPTRACE row 2254 335808824 335810458
NPTRACE row 2255 335825937 335827213
NPTRACE row 2256 335844762 335848703
NPTRACE row 2257 335860030 335860368
NPTRACE row 2258 335878134 335881363
NPTRACE row 2259 335893203 335893696
NPTRACE row 2260 335910063 335910443
NPTRACE row 2261 335925258 335927153
NPTRACE row 2262 335944510 335947913
NPTRACE row 2263 335960009 335960370
NPTRACE row 2264 335977424 335981986
NPTRACE row 2265 335992900 335993713
NPTRACE row 2266 336009639 336010560
NPTRACE row 2267 336026096 336027151
NPTRACE row 2268 336037665 336039476
NPTRACE row 2269 336053592 336056151
NPTRACE row 2270 336077330 336081541
NPTRACE row 2271 336092363 336093807
NPTRACE row 2272 336104060 336106152
NPTRACE row 2273 336120397 336122957
NPTRACE row 2274 336155065 336156236
NPTRACE row 2275 336170886 336172983
NPTRACE row 2276 336186120 336189542
NPTRACE row 2277 336196451 336197804
NPTRACE row 2278 336205905 336206182
NPTRACE row 2279 336220247 336222935
NPTRACE row 2280 336243239 336243893
NPTRACE row 2281 336258576 336260363
NPTRACE row 2282 336277728 336281631
NPTRACE row 2283 336292761 336293728
NPTRACE row 2284 336310567 336314541
NPTRACE row 2285 336325669 336327159
NPTRACE row 2286 336342181 336343722
NPTRACE row 2287 336357611 336360438
NPTRACE row 2288 336376409 336377055
NPTRACE row 2289 336391540 336393687
NPTRACE row 2290 336408303 336410512
NPTRACE row 2291 336425328 336427144
NPTRACE row 2292 336445034 336447885
NPTRACE row 2293 336459032 336460372
NPTRACE row 2294 336477937 336481460
NPTRACE row 2295 336491767 336493704
NPTRACE row 2296 336507069 336510455
NPTRACE row 2297 336525406 336527142
NPTRACE row 2298 336544919 336548468
NPTRACE row 2299 336559067 336560379
NPTRACE row 2300 336591233 336593643
NPTRACE row 2301 336602748 336606156
NPTRACE row 2302 336616609 336618922
NPTRACE row 2303 336633029 336635838
NPTRACE row 2304 336652790 336656579
NPTRACE row 2305 336668060 336669101
NPTRACE row 2306 336683515 336685736
NPTRACE row 2307 336698289 336709274
NPTRACE row 2308 336723600 336727085
NPTRACE row 2309 336736309 336739476
NPTRACE row 2310 336750766 336752321
NPTRACE row 2311 336766237 336769423
NPTRACE row 2312 336779519 336781933
NPTRACE row 2313 336793873 336797719
NPTRACE row 2314 336809411 336810597
NPTRACE row 2315 336824772 336827252
NPTRACE row 2316 336836594 336839472
NPTRACE row 2317 336852890 336856140
NPTRACE row 2318 336873810 336877181
NPTRACE row 2319 336891617 336893864
NPTRACE row 2320 336907094 336910502
NPTRACE row 2321 336924817 336927255
NPTRACE row 2322 336940676 336944052
NPTRACE row 2323 336958534 336960484
NPTRACE row 2324 336972095 336973079
NPTRACE row 2325 336991001 336993823
NPTRACE row 2326 337006469 337010205
NPTRACE row 2327 337025726 337027281
NPTRACE row 2328 337040125 337043733
NPTRACE row 2329 337058623 337060498
NPTRACE row 2330 337073310 337076890
NPTRACE row 2331 337091542 337093850
NPTRACE row 2332 337122589 337122955
NPTRACE row 2333 337134475 337135720
NPTRACE row 2334 337149338 337152160
NPTRACE row 2335 337165311 337169459
NPTRACE row 2336 337178109 337181285
NPTRACE row 2337 337191920 337193760
NPTRACE row 2338 337207188 337210581
NPTRACE row 2339 337224858 337227207
NPTRACE row 2340 337238245 337239600
NPTRACE row 2341 337257438 337260437
NPTRACE row 2342 337271942 337272934
NPTRACE row 2343 337290494 337293769
NPTRACE row 2344 337301502 337302110
NPTRACE row 2345 337318103 337318892
NPTRACE row 2346 337341715 337344138
NPTRACE row 2347 337356885 337360443
NPTRACE row 2348 337371451 337372961
NPTRACE row 2349 337390240 337393779
NPTRACE row 2350 337405792 337406289
NPTRACE row 2351 337424727 337427283
NPTRACE row 2352 337454272 337456329
NPTRACE row 2353 337466916 337468866
NPTRACE row 2354 337481751 337485592
NPTRACE row 2355 337494267 337497927
NPTRACE row 2356 337509023 337510498
NPTRACE row 2357 337525268 337527222
NPTRACE row 2358 337538797 337539646
NPTRACE row 2359 337557616 337560454
NPTRACE row 2360 337568331 337568750
NPTRACE row 2361 337584570 337585385
NPTRACE row 2362 337606500 337610247
NPTRACE row 2363 337624690 337627242
NPTRACE row 2364 337634982 337635427
NPTRACE row 2365 337651298 337652056
NPTRACE row 2366 337683676 337685713
NPTRACE row 2367 337696077 337698192
NPTRACE row 2368 337717182 337718839
NPTRACE row 2369 337730775 337731534
NPTRACE row 2370 337744425 337748069
NPTRACE row 2371 337758857 337760436
NPTRACE row 2372 337770837 337772984
NPTRACE row 2373 337790752 337793805
NPTRACE row 2374 337804669 337806308
NPTRACE row 2375 337826763 337828221
NPTRACE row 2376 337846733 337849134
NPTRACE row 2377 337861232 337864788
NPTRACE row 2378 337878047 337881644
NPTRACE row 2379 337892460 337893802
NPTRACE row 2380 337904771 337906331
NPTRACE row 2381 337924253 337927257
NPTRACE row 2382 337938669 337939658
NPTRACE row 2383 337957083 337960542
NPTRACE row 2384 337973944 337977264
NPTRACE row 2385 337990419 337993832
NPTRACE row 2386 338001278 338002149
NPTRACE row 2387 338017713 338018866
NPTRACE row 2388 338039781 338043687
NPTRACE row 2389 338056640 338060414
NPTRACE row 2390 338070315 338073006
NPTRACE row 2391 338090091 338093648
NPTRACE row 2392 338101104 338102160
NPTRACE row 2393 338117597 338118872
NPTRACE row 2394 338139911 338143745
NPTRACE row 2395 338156567 338160326
NPTRACE row 2396 338171891 338173076
NPTRACE row 2397 338189983 338193750
NPTRACE row 2398 338201115 338202102
NPTRACE row 2399 338218151 338218673
NPTRACE end 2c1faf6e33d3fd20
