NPTRACE begin 6826dd5ff2869dea 2400 2400 1 0
NPTRACE row 0 91217734 91220290
NPTRACE row 1 91235593 91236743
NPTRACE row 2 91254976 91257421
NPTRACE row 3 91268384 91269823
NPTRACE row 4 91285331 91287061
NPTRACE row 5 91303678 91307432
NPTRACE row 6 91321506 91324133
NPTRACE row 7 91337411 91340726
NPTRACE row 8 91355394 91357739
NPTRACE row 9 91368836 91370377
NPTRACE row 10 91388938 91390775
NPTRACE row 11 91403045 91403460
NPTRACE row 12 91422422 91424125
NPTRACE row 13 91435991 91436582
NPTRACE row 14 91455667 91457460
NPTRACE row 15 91471200 91474303
NPTRACE row 16 91488446 91490839
NPTRACE row 17 91503854 91507531
NPTRACE row 18 91522586 91524169
NPTRACE row 19 91538678 91540760
NPTRACE row 20 91555396 91557500
NPTRACE row 21 91571258 91574106
NPTRACE row 22 91596241 91599197
NPTRACE row 23 91606084 91607615
NPTRACE row 24 91622083 91624174
NPTRACE row 25 91638359 91640798
NPTRACE row 26 91655976 91657527
NPTRACE row 27 91672444 91674156
NPTRACE row 28 91689620 91690847
NPTRACE row 29 91706089 91707612
NPTRACE row 30 91722514 91724213
NPTRACE row 31 91742803 91744979
NPTRACE row 32 91756291 91757516
NPTRACE row 33 91771691 91774163
NPTRACE row 34 91789091 91790838
NPTRACE row 35 91806209 91807656
NPTRACE row 36 91823072 91824444
NPTRACE row 37 91838429 91840847
NPTRACE row 38 91855911 91857523
NPTRACE row 39 91872280 91874176
NPTRACE row 40 91889331 91890864
NPTRACE row 41 91904024 91907618
NPTRACE row 42 91927522 91928367
NPTRACE row 43 91938061 91945247
NPTRACE row 44 91958088 91961704
NPTRACE row 45 91968844 91970168
NPTRACE row 46 91984491 91986558
NPTRACE row 47 92001742 92003354
NPTRACE row 48 92019482 92020231
NPTRACE row 49 92041574 92045015
NPTRACE row 50 92052066 92053514
NPTRACE row 51 92068024 92069967
NPTRACE row 52 92086321 92092238
NPTRACE row 53 92106592 92107867
NPTRACE row 54 92118538 92120072
NPTRACE row 55 92134613 92136633
NPTRACE row 56 92154865 92157597
NPTRACE row 57 92173833 92174539
NPTRACE row 58 92188483 92190950
NPTRACE row 59 92206563 92207859
NPTRACE row 60 92222871 92224282
NPTRACE row 61 92239369 92241045
NPTRACE row 62 92255698 92257630
NPTRACE row 63 92273245 92274533
NPTRACE row 64 92288751 92290916
NPTRACE row 65 92301863 92303502
NPTRACE row 66 92320291 92324193
NPTRACE row 67 92339343 92341063
NPTRACE row 68 92355469 92357604
NPTRACE row 69 92372585 92374467
NPTRACE row 70 92387860 92391036
NPTRACE row 71 92406149 92407878
NPTRACE row 72 92421721 92424292
NPTRACE row 73 92439218 92441122
NPTRACE row 74 92453803 92457562
NPTRACE row 75 92472716 92474460
NPTRACE row 76 92488514 92490979
NPTRACE row 77 92506628 92507918
NPTRACE row 78 92523742 92524482
NPTRACE row 79 92539306 92541040
NPTRACE row 80 92554093 92557668
NPTRACE row 81 92572297 92574419
NPTRACE row 82 92588084 92590997
NPTRACE row 83 92606004 92607918
NPTRACE row 84 92621712 92624367
NPTRACE row 85 92639572 92641338
NPTRACE row 86 92654283 92657711
NPTRACE row 87 92672534 92674440
NPTRACE row 88 92688035 92691008
NPTRACE row 89 92706295 92707870
NPTRACE row 90 92721978 92724363
NPTRACE row 91 92738605 92741057
NPTRACE row 92 92754045 92757788
NPTRACE row 93 92772566 92774585
NPTRACE row 94 92788170 92791066
NPTRACE row 95 92805738 92808012
NPTRACE row 96 92821320 92824359
NPTRACE row 97 92839107 92841058
NPTRACE row 98 92854274 92857709
NPTRACE row 99 92872904 92874613
NPTRACE row 100 92888433 92891037
NPTRACE row 101 92906453 92907955
NPTRACE row 102 92921815 92924349
NPTRACE row 103 92938983 92941151
NPTRACE row 104 92952698 92953626
NPTRACE row 105 92969716 92971089
NPTRACE row 106 92988762 92991241
NPTRACE row 107 93008760 93012003
NPTRACE row 108 93021748 93024427
NPTRACE row 109 93038693 93041168
NPTRACE row 110 93053141 93053653
NPTRACE row 111 93071551 93074451
NPTRACE row 112 93087662 93091113
NPTRACE row 113 93106248 93107985
NPTRACE row 114 93121046 93124404
NPTRACE row 115 93139281 93141214
NPTRACE row 116 93154095 93157766
NPTRACE row 117 93172443 93174559
NPTRACE row 118 93187399 93191189
NPTRACE row 119 93208322 93212073
NPTRACE row 120 93223339 93224599
NPTRACE row 121 93238888 93241217
NPTRACE row 122 93253856 93257688
NPTRACE row 123 93272464 93274588
NPTRACE row 124 93286930 93291184
NPTRACE row 125 93306810 93307936
NPTRACE row 126 93328739 93332865
NPTRACE row 127 93344206 93345752
NPTRACE row 128 93357141 93357754
NPTRACE row 129 93379555 93382729
NPTRACE row 130 93389521 93391492
NPTRACE row 131 93406039 93408104
NPTRACE row 132 93423123 93424470
NPTRACE row 133 93438859 93441141
NPTRACE row 134 93454140 93457850
NPTRACE row 135 93472091 93474593
NPTRACE row 136 93492816 93495379
NPTRACE row 137 93508162 93512114
NPTRACE row 138 93522453 93524487
NPTRACE row 139 93538770 93541287
NPTRACE row 140 93553115 93553697
NPTRACE row 141 93572561 93574851
NPTRACE row 142 93587952 93591187
NPTRACE row 143 93606661 93607965
NPTRACE row 144 93619637 93620406
NPTRACE row 145 93639041 93641182
NPTRACE row 146 93655011 93657823
NPTRACE row 147 93672545 93674581
NPTRACE row 148 93688757 93691387
NPTRACE row 149 93705810 93708117
NPTRACE row 150 93721081 93724490
NPTRACE row 151 93738849 93741347
NPTRACE row 152 93752778 93753787
NPTRACE row 153 93772056 93774605
NPTRACE row 154 93787048 93791187
NPTRACE row 155 93806124 93808058
NPTRACE row 156 93821535 93824521
NPTRACE row 157 93838532 93841310
NPTRACE row 158 93852794 93856174
NPTRACE row 159 93872029 93874551
NPTRACE row 160 93887440 93891113
NPTRACE row 161 93905970 93908069
NPTRACE row 162 93921391 93924559
NPTRACE row 163 93938836 93941196
NPTRACE row 164 93952809 93953801
NPTRACE row 165 93971066 93974543
NPTRACE row 166 93991118 93995226
NPTRACE row 167 94006699 94008072
NPTRACE row 168 94020932 94024763
NPTRACE row 169 94037713 94041343
NPTRACE row 170 94052803 94053636
NPTRACE row 171 94071708 94074592
NPTRACE row 172 94091524 94095245
NPTRACE row 173 94105120 94108195
NPTRACE row 174 94120535 94124572
NPTRACE row 175 94138039 94141327
NPTRACE row 176 94152224 94153599
NPTRACE row 177 94170517 94174653
NPTRACE row 178 94186459 94187135
NPTRACE row 179 94204532 94208123
NPTRACE row 180 94219699 94220280
NPTRACE row 181 94237272 94241088
NPTRACE row 182 94250586 94253554
NPTRACE row 183 94269207 94270499
NPTRACE row 184 94288168 94291123
NPTRACE row 185 94302938 94304253
NPTRACE row 186 94319125 94320406
NPTRACE row 187 94335451 94337004
NPTRACE row 188 94355297 94358047
NPTRACE row 189 94368839 94370470
NPTRACE row 190 94388545 94391151
NPTRACE row 191 94404306 94407743
NPTRACE row 192 94419580 94420690
NPTRACE row 193 94437362 94441103
NPTRACE row 194 94452843 94453763
NPTRACE row 195 94468826 94470428
NPTRACE row 196 94483699 94486859
NPTRACE row 197 94499135 94499509
NPTRACE row 198 94516074 94522874
NPTRACE row 199 94537393 94541254
NPTRACE row 200 94551467 94553779
NPTRACE row 201 94568664 94570477
NPTRACE row 202 94585521 94587120
NPTRACE row 203 94604101 94607773
NPTRACE row 204 94619536 94620467
NPTRACE row 205 94636452 94637108
NPTRACE row 206 94651507 94653811
NPTRACE row 207 94669879 94670504
NPTRACE row 208 94686356 94687203
NPTRACE row 209 94704330 94708016
NPTRACE row 210 94719344 94720452
NPTRACE row 211 94735500 94737067
NPTRACE row 212 94750886 94753788
NPTRACE row 213 94768921 94770427
NPTRACE row 214 94784126 94795496
NPTRACE row 215 94810124 94812158
NPTRACE row 216 94825602 94828917
NPTRACE row 217 94839074 94841315
NPTRACE row 218 94852688 94853662
NPTRACE row 219 94871812 94874826
NPTRACE row 220 94886123 94887081
NPTRACE row 221 94904591 94908092
NPTRACE row 222 94919894 94920550
NPTRACE row 223 94937423 94941151
NPTRACE row 224 94952222 94953819
NPTRACE row 225 94969978 94970427
NPTRACE row 226 94986042 94987209
NPTRACE row 227 95004331 95008094
NPTRACE row 228 95019798 95020484
NPTRACE row 229 95035300 95037132
NPTRACE row 230 95050761 95053827
NPTRACE row 231 95068773 95070386
NPTRACE row 232 95084734 95086986
NPTRACE row 233 95104049 95107793
NPTRACE row 234 95118968 95120488
NPTRACE row 235 95135169 95137096
NPTRACE row 236 95150732 95153831
NPTRACE row 237 95168845 95170479
NPTRACE row 238 95186695 95191191
NPTRACE row 239 95204340 95208087
NPTRACE row 240 95220891 95224653
NPTRACE row 241 95237441 95241366
NPTRACE row 242 95253954 95257802
NPTRACE row 243 95270550 95274523
NPTRACE row 244 95285362 95287222
NPTRACE row 245 95304579 95308110
NPTRACE row 246 95320672 95324493
NPTRACE row 247 95337349 95341385
NPTRACE row 248 95356409 95357924
NPTRACE row 249 95368811 95370578
NPTRACE row 250 95404464 95407992
NPTRACE row 251 95414768 95416591
NPTRACE row 252 95426360 95428694
NPTRACE row 253 95438258 95441362
NPTRACE row 254 95454583 95457846
NPTRACE row 255 95468565 95470545
NPTRACE row 256 95485381 95487389
NPTRACE row 257 95502333 95503925
NPTRACE row 258 95518682 95520416
NPTRACE row 259 95535014 95537036
NPTRACE row 260 95553344 95553790
NPTRACE row 261 95568462 95570694
NPTRACE row 262 95583792 95587036
NPTRACE row 263 95602070 95603862
NPTRACE row 264 95619490 95620747
NPTRACE row 265 95635296 95637031
NPTRACE row 266 95652180 95653698
NPTRACE row 267 95668500 95670536
NPTRACE row 268 95685763 95687227
NPTRACE row 269 95704301 95708088
NPTRACE row 270 95721187 95724630
NPTRACE row 271 95737210 95741349
NPTRACE row 272 95753214 95753983
NPTRACE row 273 95768455 95770384
NPTRACE row 274 95786178 95787182
NPTRACE row 275 95802159 95804003
NPTRACE row 276 95819702 95820576
NPTRACE row 277 95835250 95837135
NPTRACE row 278 95853005 95866484
NPTRACE row 279 95878264 95878927
NPTRACE row 280 95886239 95886982
NPTRACE row 281 95897893 95899668
NPTRACE row 282 95914906 95916169
NPTRACE row 283 95934649 95937145
NPTRACE row 284 95951517 95953825
NPTRACE row 285 95968280 95970484
NPTRACE row 286 95984040 95987206
NPTRACE row 287 96001779 96003932
NPTRACE row 288 96018567 96020522
NPTRACE row 289 96034844 96037080
NPTRACE row 290 96052160 96053870
NPTRACE row 291 96067438 96071824
NPTRACE row 292 96086157 96087071
NPTRACE row 293 96102004 96103898
NPTRACE row 294 96118696 96124669
NPTRACE row 295 96138033 96141406
NPTRACE row 296 96151696 96153865
NPTRACE row 297 96167677 96170390
NPTRACE row 298 96185539 96187257
NPTRACE row 299 96201502 96204069
NPTRACE row 300 96217189 96228097
NPTRACE row 301 96240687 96241599
NPTRACE row 302 96267365 96270547
NPTRACE row 303 96279266 96282922
NPTRACE row 304 96289223 96291263
NPTRACE row 305 96301451 96304113
NPTRACE row 306 96318137 96320520
NPTRACE row 307 96334401 96337160
NPTRACE row 308 96350688 96353907
NPTRACE row 309 96367738 96370887
NPTRACE row 310 96388867 96391278
NPTRACE row 311 96400993 96405268
NPTRACE row 312 96419872 96420843
NPTRACE row 313 96437847 96441382
NPTRACE row 314 96453035 96454727
NPTRACE row 315 96467909 96470399
NPTRACE row 316 96487437 96491240
NPTRACE row 317 96501740 96503873
NPTRACE row 318 96519254 96520593
NPTRACE row 319 96535024 96537283
NPTRACE row 320 96552389 96553938
NPTRACE row 321 96567393 96570661
NPTRACE row 322 96586313 96587094
NPTRACE row 323 96601232 96604006
NPTRACE row 324 96617198 96620550
NPTRACE row 325 96634252 96637122
NPTRACE row 326 96650694 96653883
NPTRACE row 327 96667488 96670423
NPTRACE row 328 96686703 96687110
NPTRACE row 329 96701232 96704033
NPTRACE row 330 96717819 96720611
NPTRACE row 331 96734035 96737158
NPTRACE row 332 96750489 96753948
NPTRACE row 333 96767496 96770509
NPTRACE row 334 96783607 96787299
NPTRACE row 335 96801210 96804038
NPTRACE row 336 96818483 96820765
NPTRACE row 337 96833978 96837161
NPTRACE row 338 96852712 96853798
NPTRACE row 339 96867532 96870561
NPTRACE row 340 96885308 96887308
NPTRACE row 341 96901238 96904060
NPTRACE row 342 96917241 96920597
NPTRACE row 343 96934285 96937142
NPTRACE row 344 96952904 96953785
NPTRACE row 345 96967259 96970585
NPTRACE row 346 96983913 96987305
NPTRACE row 347 97001138 97003972
NPTRACE row 348 97017533 97020575
NPTRACE row 349 97032112 97033395
NPTRACE row 350 97050586 97053909
NPTRACE row 351 97064181 97066290
NPTRACE row 352 97086477 97093775
NPTRACE row 353 97108495 97112213
NPTRACE row 354 97119083 97120607
NPTRACE row 355 97133638 97137052
NPTRACE row 356 97151006 97153974
NPTRACE row 357 97166994 97170561
NPTRACE row 358 97183594 97187176
NPTRACE row 359 97200832 97204053
NPTRACE row 360 97217402 97220789
NPTRACE row 361 97233916 97237214
NPTRACE row 362 97252338 97253812
NPTRACE row 363 97266960 97270577
NPTRACE row 364 97285192 97287162
NPTRACE row 365 97300374 97303886
NPTRACE row 366 97317240 97320491
NPTRACE row 367 97333978 97337188
NPTRACE row 368 97350271 97354005
NPTRACE row 369 97365992 97366760
NPTRACE row 370 97386300 97387156
NPTRACE row 371 97399316 97400249
NPTRACE row 372 97423873 97424723
NPTRACE row 373 97435223 97437374
NPTRACE row 374 97452228 97453987
NPTRACE row 375 97465953 97466715
NPTRACE row 376 97483599 97487092
NPTRACE row 377 97500359 97503897
NPTRACE row 378 97519064 97520526
NPTRACE row 379 97532504 97533367
NPTRACE row 380 97550013 97553905
NPTRACE row 381 97566757 97570417
NPTRACE row 382 97581859 97583273
NPTRACE row 383 97600468 97603933
NPTRACE row 384 97617369 97620538
NPTRACE row 385 97632167 97633300
NPTRACE row 386 97650514 97654690
NPTRACE row 387 97665789 97666658
NPTRACE row 388 97682406 97683353
NPTRACE row 389 97702297 97704060
NPTRACE row 390 97719190 97720567
NPTRACE row 391 97732474 97733334
NPTRACE row 392 97748732 97749926
NPTRACE row 393 97765535 97766687
NPTRACE row 394 97781894 97783402
NPTRACE row 395 97799087 97800045
NPTRACE row 396 97815346 97816575
NPTRACE row 397 97832357 97833303
NPTRACE row 398 97848708 97849975
NPTRACE row 399 97865318 97866636
NPTRACE row 400 97881774 97883244
NPTRACE row 401 97899083 97900109
NPTRACE row 402 97915191 97916448
NPTRACE row 403 97932011 97933370
NPTRACE row 404 97948671 97949880
NPTRACE row 405 97965397 97966592
NPTRACE row 406 97981846 97983198
NPTRACE row 407 97998947 98000146
NPTRACE row 408 98015815 98016542
NPTRACE row 409 98036733 98037356
NPTRACE row 410 98048629 98049820
NPTRACE row 411 98065480 98066593
NPTRACE row 412 98082278 98083224
NPTRACE row 413 98099306 98100168
NPTRACE row 414 98115353 98116431
NPTRACE row 415 98132235 98133317
NPTRACE row 416 98148458 98149841
NPTRACE row 417 98164273 98166392
NPTRACE row 418 98182116 98183322
NPTRACE row 419 98198879 98200093
NPTRACE row 420 98215118 98216400
NPTRACE row 421 98236482 98237295
NPTRACE row 422 98248402 98249824
NPTRACE row 423 98267343 98270640
NPTRACE row 424 98281682 98283157
NPTRACE row 425 98305401 98308342
NPTRACE row 426 98315736 98316661
NPTRACE row 427 98331918 98333269
NPTRACE row 428 98348692 98349782
NPTRACE row 429 98365017 98366583
NPTRACE row 430 98381473 98383129
NPTRACE row 431 98409213 98412471
NPTRACE row 432 98421611 98424804
NPTRACE row 433 98432345 98433363
NPTRACE row 434 98453384 98454013
NPTRACE row 435 98464875 98466491
NPTRACE row 436 98481767 98483194
NPTRACE row 437 98505597 98508191
NPTRACE row 438 98517115 98522737
NPTRACE row 439 98536650 98537849
NPTRACE row 440 98548525 98549795
NPTRACE row 441 98564674 98566526
NPTRACE row 442 98581381 98583115
NPTRACE row 443 98597461 98599870
NPTRACE row 444 98615118 98616385
NPTRACE row 445 98643436 98645666
NPTRACE row 446 98654132 98658027
NPTRACE row 447 98667271 98670647
NPTRACE row 448 98681546 98683073
NPTRACE row 449 98698310 98700011
NPTRACE row 450 98714599 98716408
NPTRACE row 451 98731232 98733160
NPTRACE row 452 98748031 98749728
NPTRACE row 453 98764474 98766433
NPTRACE row 454 98781498 98783576
NPTRACE row 455 98800631 98804094
NPTRACE row 456 98815233 98816557
NPTRACE row 457 98838266 98841430
NPTRACE row 458 98852486 98853853
NPTRACE row 459 98864765 98866551
NPTRACE row 460 98881603 98883140
NPTRACE row 461 98898489 98900024
NPTRACE row 462 98914882 98916383
NPTRACE row 463 98933812 98937206
NPTRACE row 464 98948034 98949822
NPTRACE row 465 98964490 98966444
NPTRACE row 466 98981292 98983100
NPTRACE row 467 98998235 98999963
NPTRACE row 468 99014514 99016303
NPTRACE row 469 99031151 99033172
NPTRACE row 470 99048038 99049773
NPTRACE row 471 99078517 99079463
NPTRACE row 472 99086392 99087136
NPTRACE row 473 99094652 99095611
NPTRACE row 474 99111606 99112156
NPTRACE row 475 99131128 99133120
NPTRACE row 476 99147690 99149674
NPTRACE row 477 99169698 99170694
NPTRACE row 478 99181121 99183085
NPTRACE row 479 99199378 99200572
NPTRACE row 480 99215043 99216573
NPTRACE row 481 99236520 99237405
NPTRACE row 482 99248030 99249751
NPTRACE row 483 99264530 99266482
NPTRACE row 484 99281278 99283078
NPTRACE row 485 99298624 99300103
NPTRACE row 486 99314746 99316407
NPTRACE row 487 99331789 99333672
NPTRACE row 488 99348816 99349829
NPTRACE row 489 99364190 99366407
NPTRACE row 490 99381032 99383078
NPTRACE row 491 99397929 99399915
NPTRACE row 492 99414198 99416403
NPTRACE row 493 99431209 99433121
NPTRACE row 494 99452533 99453998
NPTRACE row 495 99478322 99479363
NPTRACE row 496 99489558 99491467
NPTRACE row 497 99501414 99504221
NPTRACE row 498 99514747 99516524
NPTRACE row 499 99531194 99533127
NPTRACE row 500 99547914 99549764
NPTRACE row 501 99564396 99566457
NPTRACE row 502 99581232 99583607
NPTRACE row 503 99599528 99600590
NPTRACE row 504 99615070 99617149
NPTRACE row 505 99631461 99633137
NPTRACE row 506 99648017 99649821
NPTRACE row 507 99664751 99666459
NPTRACE row 508 99681434 99683103
NPTRACE row 509 99698525 99699958
NPTRACE row 510 99715009 99716471
NPTRACE row 511 99734678 99737560
NPTRACE row 512 99748169 99749782
NPTRACE row 513 99764433 99766450
NPTRACE row 514 99781493 99783073
NPTRACE row 515 99800491 99804105
NPTRACE row 516 99815200 99816451
NPTRACE row 517 99831127 99833129
NPTRACE row 518 99848015 99849748
NPTRACE row 519 99865607 99867057
NPTRACE row 520 99881291 99883075
NPTRACE row 521 99897905 99899946
NPTRACE row 522 99914604 99916436
NPTRACE row 523 99931072 99933144
NPTRACE row 524 99947990 99950169
NPTRACE row 525 99976848 99978898
NPTRACE row 526 99984640 99987214
NPTRACE row 527 99995330 99996333
NPTRACE row 528 100011189 100012448
NPTRACE row 529 100033481 100037303
NPTRACE row 530 100048229 100049811
NPTRACE row 531 100064312 100066501
NPTRACE row 532 100081477 100083178
NPTRACE row 533 100108804 100112472
NPTRACE row 534 100119923 100120892
NPTRACE row 535 100134053 100137482
NPTRACE row 536 100147983 100149775
NPTRACE row 537 100168082 100170676
NPTRACE row 538 100181075 100183206
NPTRACE row 539 100202879 100204220
NPTRACE row 540 100214542 100216914
NPTRACE row 541 100230745 100233172
NPTRACE row 542 100247591 100249880
NPTRACE row 543 100276350 100279272
NPTRACE row 544 100286824 100287720
NPTRACE row 545 100298782 100300193
NPTRACE row 546 100314546 100316549
NPTRACE row 547 100330308 100333171
NPTRACE row 548 100347928 100349837
NPTRACE row 549 100363650 100366512
NPTRACE row 550 100381162 100383157
NPTRACE row 551 100398219 100400652
NPTRACE row 552 100417920 100421095
NPTRACE row 553 100430753 100433199
NPTRACE row 554 100448801 100450281
NPTRACE row 555 100464184 100466527
NPTRACE row 556 100489895 100491550
NPTRACE row 557 100502155 100504220
NPTRACE row 558 100516601 100520931
NPTRACE row 559 100532759 100533851
NPTRACE row 560 100547818 100549774
NPTRACE row 561 100563440 100566495
NPTRACE row 562 100581171 100583173
NPTRACE row 563 100597304 100600085
NPTRACE row 564 100615013 100616613
NPTRACE row 565 100640138 100641586
NPTRACE row 566 100653626 100654151
NPTRACE row 567 100669780 100671534
NPTRACE row 568 100685363 100687649
NPTRACE row 569 100697217 100700012
NPTRACE row 570 100714265 100716539
NPTRACE row 571 100730042 100733202
NPTRACE row 572 100747979 100750799
NPTRACE row 573 100763188 100766549
NPTRACE row 574 100781083 100783185
NPTRACE row 575 100799625 100800877
NPTRACE row 576 100815281 100816712
NPTRACE row 577 100832292 100833305
NPTRACE row 578 100848801 100850813
NPTRACE row 579 100863580 100866561
NPTRACE row 580 100881606 100883401
NPTRACE row 581 100898011 100900118
NPTRACE row 582 100915440 100916663
NPTRACE row 583 100938254 100941809
NPTRACE row 584 100952743 100954337
NPTRACE row 585 100964596 100966590
NPTRACE row 586 100981720 100983390
NPTRACE row 587 100997554 101000147
NPTRACE row 588 101014812 101016613
NPTRACE row 589 101030354 101033348
NPTRACE row 590 101048676 101049954
NPTRACE row 591 101065695 101067319
NPTRACE row 592 101081789 101083263
NPTRACE row 593 101097420 101100132
NPTRACE row 594 101115004 101117075
NPTRACE row 595 101130315 101133259
NPTRACE row 596 101148043 101150779
NPTRACE row 597 101164033 101166625
NPTRACE row 598 101181628 101183384
NPTRACE row 599 101198691 101200791
NPTRACE row 600 101215544 101216751
NPTRACE row 601 101230544 101233350
NPTRACE row 602 101248909 101250882
NPTRACE row 603 101264111 101266664
NPTRACE row 604 101282089 101283321
NPTRACE row 605 101297727 101300175
NPTRACE row 606 101315287 101316622
NPTRACE row 607 101332668 101333992
NPTRACE row 608 101348273 101350534
NPTRACE row 609 101363436 101366624
NPTRACE row 610 101381310 101383347
NPTRACE row 611 101396862 101400187
NPTRACE row 612 101414743 101416656
NPTRACE row 613 101430613 101433366
NPTRACE row 614 101448181 101450198
NPTRACE row 615 101474348 101475299
NPTRACE row 616 101486144 101487770
NPTRACE row 617 101498642 101500123
NPTRACE row 618 101522188 101525062
NPTRACE row 619 101534253 101537406
NPTRACE row 620 101548284 101550882
NPTRACE row 621 101563776 101566645
NPTRACE row 622 101581392 101583242
NPTRACE row 623 101599289 101600845
NPTRACE row 624 101615348 101616783
NPTRACE row 625 101630834 101633381
NPTRACE row 626 101648402 101650790
NPTRACE row 627 101663228 101666678
NPTRACE row 628 101681595 101683377
NPTRACE row 629 101697434 101700211
NPTRACE row 630 101715032 101716763
NPTRACE row 631 101742690 101745915
NPTRACE row 632 101755256 101758411
NPTRACE row 633 101767259 101770804
NPTRACE row 634 101781080 101783412
NPTRACE row 635 101797611 101800185
NPTRACE row 636 101814556 101816656
NPTRACE row 637 101829782 101839727
NPTRACE row 638 101848402 101849995
NPTRACE row 639 101864611 101867286
NPTRACE row 640 101880915 101883338
NPTRACE row 641 101897200 101900180
NPTRACE row 642 101914302 101916703
NPTRACE row 643 101929610 101933413
NPTRACE row 644 101947858 101950694
NPTRACE row 645 101961894 101962738
NPTRACE row 646 101981053 101983399
NPTRACE row 647 101998770 102000771
NPTRACE row 648 102015134 102016745
NPTRACE row 649 102028643 102029423
NPTRACE row 650 102048211 102050791
NPTRACE row 651 102062069 102062848
NPTRACE row 652 102081362 102083550
NPTRACE row 653 102096586 102100260
NPTRACE row 654 102114426 102116635
NPTRACE row 655 102131161 102134000
NPTRACE row 656 102147866 102150870
NPTRACE row 657 102167735 102170844
NPTRACE row 658 102181261 102183442
NPTRACE row 659 102201396 102204422
NPTRACE row 660 102214692 102216628
NPTRACE row 661 102228449 102229448
NPTRACE row 662 102247940 102250825
NPTRACE row 663 102264055 102266974
NPTRACE row 664 102280841 102283453
NPTRACE row 665 102296400 102300115
NPTRACE row 666 102314364 102316610
NPTRACE row 667 102325304 102329113
NPTRACE row 668 102342373 102345779
NPTRACE row 669 102359930 102362495
NPTRACE row 670 102381219 102383804
NPTRACE row 671 102398793 102400955
NPTRACE row 672 102416105 102416852
NPTRACE row 673 102425375 102429127
NPTRACE row 674 102442769 102445827
NPTRACE row 675 102459147 102462492
NPTRACE row 676 102481208 102483491
NPTRACE row 677 102498270 102500147
NPTRACE row 678 102515444 102516810
NPTRACE row 679 102538864 102542215
NPTRACE row 680 102551461 102554286
NPTRACE row 681 102564474 102566888
NPTRACE row 682 102581645 102583429
NPTRACE row 683 102598145 102600155
NPTRACE row 684 102608791 102612498
NPTRACE row 685 102625348 102629338
NPTRACE row 686 102647442 102650102
NPTRACE row 687 102665269 102667361
NPTRACE row 688 102681282 102683450
NPTRACE row 689 102697936 102700858
NPTRACE row 690 102713056 102716760
NPTRACE row 691 102730557 102733480
NPTRACE row 692 102745575 102746074
NPTRACE row 693 102764292 102766766
NPTRACE row 694 102779613 102783498
NPTRACE row 695 102799267 102800538
NPTRACE row 696 102809289 102812645
NPTRACE row 697 102825155 102829365
NPTRACE row 698 102847684 102850180
NPTRACE row 699 102864218 102866818
NPTRACE row 700 102883397 102887639
NPTRACE row 701 102898165 102901015
NPTRACE row 702 102913826 102921354
NPTRACE row 703 102935412 102938463
NPTRACE row 704 102948997 102950168
NPTRACE row 705 102964221 102966741
NPTRACE row 706 102979686 102983505
NPTRACE row 707 102998266 103000622
NPTRACE row 708 103014474 103016861
NPTRACE row 709 103030626 103033463
NPTRACE row 710 103047181 103056189
NPTRACE row 711 103067773 103071431
NPTRACE row 712 103081767 103083489
NPTRACE row 713 103097762 103100277
NPTRACE row 714 103114480 103116856
NPTRACE row 715 103130722 103133547
NPTRACE row 716 103146302 103150175
NPTRACE row 717 103164034 103166870
NPTRACE row 718 103178461 103179369
NPTRACE row 719 103202239 103204391
NPTRACE row 720 103215427 103217039
NPTRACE row 721 103230939 103233423
NPTRACE row 722 103241952 103245882
NPTRACE row 723 103258308 103262565
NPTRACE row 724 103280515 103283522
NPTRACE row 725 103297598 103300423
NPTRACE row 726 103314676 103316822
NPTRACE row 727 103332242 103333965
NPTRACE row 728 103346379 103350180
NPTRACE row 729 103364111 103367497
NPTRACE row 730 103387119 103387666
NPTRACE row 731 103400450 103404564
NPTRACE row 732 103414916 103416817
NPTRACE row 733 103430782 103433586
NPTRACE row 734 103457923 103458553
NPTRACE row 735 103472589 103475721
NPTRACE row 736 103487318 103487640
NPTRACE row 737 103502333 103504676
NPTRACE row 738 103515035 103516875
NPTRACE row 739 103530426 103533473
NPTRACE row 740 103547034 103550191
NPTRACE row 741 103567862 103570915
NPTRACE row 742 103576561 103579228
NPTRACE row 743 103593228 103596208
NPTRACE row 744 103623960 103625474
NPTRACE row 745 103634262 103637571
NPTRACE row 746 103643106 103645912
NPTRACE row 747 103657704 103658633
NPTRACE row 748 103690492 103691861
NPTRACE row 749 103699625 103700385
NPTRACE row 750 103708610 103712591
NPTRACE row 751 103726467 103729475
NPTRACE row 752 103745077 103746025
NPTRACE row 753 103765028 103766844
NPTRACE row 754 103778872 103779429
NPTRACE row 755 103797355 103800325
NPTRACE row 756 103813770 103816844
NPTRACE row 757 103830116 103833510
NPTRACE row 758 103847770 103850173
NPTRACE row 759 103864847 103867141
NPTRACE row 760 103878995 103879492
NPTRACE row 761 103897608 103900570
NPTRACE row 762 103914364 103916842
NPTRACE row 763 103930465 103933512
NPTRACE row 764 103947037 103950262
NPTRACE row 765 103963812 103966872
NPTRACE row 766 103978469 103979438
NPTRACE row 767 103998769 104000866
NPTRACE row 768 104013592 104017147
NPTRACE row 769 104030798 104033439
NPTRACE row 770 104041374 104041908
NPTRACE row 771 104057702 104058629
NPTRACE row 772 104078145 104079439
NPTRACE row 773 104097535 104100331
NPTRACE row 774 104113212 104116931
NPTRACE row 775 104131630 104134316
NPTRACE row 776 104146806 104150218
NPTRACE row 777 104163876 104166838
NPTRACE row 778 104179560 104183534
NPTRACE row 779 104197121 104200277
NPTRACE row 780 104207700 104208610
NPTRACE row 781 104223915 104225206
NPTRACE row 782 104244399 104246180
NPTRACE row 783 104264720 104267541
NPTRACE row 784 104281051 104283595
NPTRACE row 785 104297022 104300429
NPTRACE row 786 104313918 104316938
NPTRACE row 787 104329884 104333513
NPTRACE row 788 104340919 104341905
NPTRACE row 789 104357191 104358545
NPTRACE row 790 104379739 104383570
NPTRACE row 791 104397932 104400932
NPTRACE row 792 104414158 104417099
NPTRACE row 793 104429857 104433647
NPTRACE row 794 104446538 104450291
NPTRACE row 795 104463566 104466871
NPTRACE row 796 104474599 104475283
NPTRACE row 797 104491006 104491990
NPTRACE row 798 104513083 104517030
NPTRACE row 799 104531662 104533720
NPTRACE row 800 104540897 104541938
NPTRACE row 801 104557032 104558509
NPTRACE row 802 104577348 104579328
NPTRACE row 803 104596528 104600303
NPTRACE row 804 104613255 104616867
NPTRACE row 805 104623683 104625185
NPTRACE row 806 104640643 104641856
NPTRACE row 807 104663734 104667230
NPTRACE row 808 104679564 104683645
NPTRACE row 809 104695555 104696315
NPTRACE row 810 104713063 104716880
NPTRACE row 811 104723665 104725147
NPTRACE row 812 104740621 104741815
NPTRACE row 813 104763219 104766982
NPTRACE row 814 104779294 104783644
NPTRACE row 815 104796882 104800506
NPTRACE row 816 104814035 104817097
NPTRACE row 817 104824089 104825328
NPTRACE row 818 104840911 104841905
NPTRACE row 819 104863801 104867102
NPTRACE row 820 104880350 104883752
NPTRACE row 821 104896492 104900465
NPTRACE row 822 104913571 104916988
NPTRACE row 823 104924408 104925380
NPTRACE row 824 104940537 104941900
NPTRACE row 825 104963277 104967109
NPTRACE row 826 104979680 104983739
NPTRACE row 827 104996603 105000469
NPTRACE row 828 105013249 105017086
NPTRACE row 829 105028958 105029541
NPTRACE row 830 105046495 105050337
NPTRACE row 831 105058029 105058947
NPTRACE row 832 105073659 105075241
NPTRACE row 833 105103455 105104788
NPTRACE row 834 105117690 105121479
NPTRACE row 835 105129871 105133635
NPTRACE row 836 105146584 105150320
NPTRACE row 837 105157075 105158600
NPTRACE row 838 105173841 105175273
NPTRACE row 839 105196846 105200534
NPTRACE row 840 105213848 105217273
NPTRACE row 841 105229810 105233664
NPTRACE row 842 105247033 105250375
NPTRACE row 843 105257283 105258625
NPTRACE row 844 105274082 105275296
NPTRACE row 845 105296969 105300702
NPTRACE row 846 105313269 105317209
NPTRACE row 847 105338921 105342633
NPTRACE row 848 105352819 105354868
NPTRACE row 849 105365994 105367089
NPTRACE row 850 105381669 105383687
NPTRACE row 851 105395533 105396512
NPTRACE row 852 105413052 105417056
NPTRACE row 853 105423616 105425304
NPTRACE row 854 105440325 105441974
NPTRACE row 855 105462166 105463189
NPTRACE row 856 105479632 105483802
NPTRACE row 857 105496686 105500595
NPTRACE row 858 105513027 105517057
NPTRACE row 859 105523465 105525302
NPTRACE row 860 105540282 105541978
NPTRACE row 861 105563403 105567170
NPTRACE row 862 105579900 105583777
NPTRACE row 863 105594248 105596518
NPTRACE row 864 105607298 105608793
NPTRACE row 865 105630216 105633900
NPTRACE row 866 105646278 105650410
NPTRACE row 867 105656887 105658672
NPTRACE row 868 105673887 105675348
NPTRACE row 869 105697602 105700753
NPTRACE row 870 105713582 105717123
NPTRACE row 871 105724151 105725494
NPTRACE row 872 105740207 105742022
NPTRACE row 873 105763529 105767320
NPTRACE row 874 105779551 105783729
NPTRACE row 875 105790428 105792145
NPTRACE row 876 105806860 105808686
NPTRACE row 877 105827871 105829716
NPTRACE row 878 105846743 105850475
NPTRACE row 879 105857262 105858910
NPTRACE row 880 105873455 105875358
NPTRACE row 881 105890241 105892164
NPTRACE row 882 105912423 105913082
NPTRACE row 883 105928789 105929664
NPTRACE row 884 105939941 105942039
NPTRACE row 885 105956445 105958698
NPTRACE row 886 105979090 105979683
NPTRACE row 887 105997543 106000495
NPTRACE row 888 106007971 106008837
NPTRACE row 889 106023212 106025384
NPTRACE row 890 106040561 106042059
NPTRACE row 891 106062382 106063117
NPTRACE row 892 106079604 106083816
NPTRACE row 893 106090581 106092187
NPTRACE row 894 106106839 106108723
NPTRACE row 895 106128882 106130152
NPTRACE row 896 106145755 106146460
NPTRACE row 897 106156145 106158711
NPTRACE row 898 106173201 106175378
NPTRACE row 899 106190056 106192181
NPTRACE row 900 106212300 106213089
NPTRACE row 901 106228478 106229689
NPTRACE row 902 106245045 106246467
NPTRACE row 903 106262420 106263170
NPTRACE row 904 106272934 106275391
NPTRACE row 905 106289785 106292189
NPTRACE row 906 106307611 106309147
NPTRACE row 907 106330672 106334014
NPTRACE row 908 106346530 106350509
NPTRACE row 909 106362199 106363082
NPTRACE row 910 106372826 106375390
NPTRACE row 911 106390191 106392415
NPTRACE row 912 106408166 106410002
NPTRACE row 913 106429962 106434057
NPTRACE row 914 106445856 106446516
NPTRACE row 915 106462489 106463131
NPTRACE row 916 106473521 106475443
NPTRACE row 917 106490053 106492238
NPTRACE row 918 106507857 106508840
NPTRACE row 919 106530472 106534236
NPTRACE row 920 106545656 106546469
NPTRACE row 921 106562087 106563117
NPTRACE row 922 106572913 106575437
NPTRACE row 923 106590002 106592307
NPTRACE row 924 106613360 106617196
NPTRACE row 925 106628920 106629810
NPTRACE row 926 106639788 106642097
NPTRACE row 927 106656301 106658986
NPTRACE row 928 106673072 106675434
NPTRACE row 929 106694491 106696656
NPTRACE row 930 106712046 106713078
NPTRACE row 931 106722047 106725443
NPTRACE row 932 106739194 106742113
NPTRACE row 933 106760851 106763141
NPTRACE row 934 106778194 106779731
NPTRACE row 935 106794658 106796827
NPTRACE row 936 106813677 106817160
NPTRACE row 937 106823140 106825466
NPTRACE row 938 106839918 106842150
NPTRACE row 939 106856298 106858801
NPTRACE row 940 106878376 106879893
NPTRACE row 941 106895730 106896567
NPTRACE row 942 106905920 106908817
NPTRACE row 943 106922810 106925701
NPTRACE row 944 106944087 106946545
NPTRACE row 945 106961773 106963120
NPTRACE row 946 106982218 106984021
NPTRACE row 947 106998277 107000789
NPTRACE row 948 107014510 107017351
NPTRACE row 949 107029712 107033870
NPTRACE row 950 107038994 107042138
NPTRACE row 951 107055478 107058934
NPTRACE row 952 107078167 107079827
NPTRACE row 953 107095179 107096534
NPTRACE row 954 107105288 107108803
NPTRACE row 955 107121765 107125466
NPTRACE row 956 107143357 107146517
NPTRACE row 957 107161272 107163119
NPTRACE row 958 107172046 107175467
NPTRACE row 959 107189674 107192592
NPTRACE row 960 107207208 107209584
NPTRACE row 961 107228620 107229991
NPTRACE row 962 107245314 107246546
NPTRACE row 963 107263341 107267188
NPTRACE row 964 107272789 107275516
NPTRACE row 965 107289170 107292310
NPTRACE row 966 107307020 107309352
NPTRACE row 967 107330362 107333999
NPTRACE row 968 107346773 107350600
NPTRACE row 969 107362150 107363170
NPTRACE row 970 107372278 107375503
NPTRACE row 971 107388967 107392309
NPTRACE row 972 107406557 107409905
NPTRACE row 973 107428171 107429952
NPTRACE row 974 107440092 107442181
NPTRACE row 975 107455669 107459075
NPTRACE row 976 107472373 107475516
NPTRACE row 977 107491831 107492599
NPTRACE row 978 107511123 107513125
NPTRACE row 979 107521633 107525505
NPTRACE row 980 107538554 107542180
NPTRACE row 981 107560588 107563181
NPTRACE row 982 107578302 107579794
NPTRACE row 983 107589111 107592447
NPTRACE row 984 107605823 107609068
NPTRACE row 985 107627143 107629923
NPTRACE row 986 107645387 107646491
NPTRACE row 987 107655102 107658862
NPTRACE row 988 107672085 107675528
NPTRACE row 989 107694976 107696709
NPTRACE row 990 107711772 107713168
NPTRACE row 991 107727753 107730180
NPTRACE row 992 107745103 107746470
NPTRACE row 993 107754773 107758851
NPTRACE row 994 107771709 107775514
NPTRACE row 995 107794300 107796707
NPTRACE row 996 107810208 107813160
NPTRACE row 997 107821550 107825522
NPTRACE row 998 107838272 107842202
NPTRACE row 999 107859936 107863454
NPTRACE row 1000 107876830 107879833
NPTRACE row 1001 107894264 107896743
NPTRACE row 1002 107911270 107913154
NPTRACE row 1003 107922186 107925678
NPTRACE row 1004 107937613 107938188
NPTRACE row 1005 107958508 107959011
NPTRACE row 1006 107976330 107979810
NPTRACE row 1007 107994358 107997026
NPTRACE row 1008 108013862 108017623
NPTRACE row 1009 108028714 108029859
NPTRACE row 1010 108044221 108046473
NPTRACE row 1011 108055074 108058782
NPTRACE row 1012 108071603 108075517
NPTRACE row 1013 108091717 108092522
NPTRACE row 1014 108112001 108113186
NPTRACE row 1015 108127631 108130030
NPTRACE row 1016 108145503 108146697
NPTRACE row 1017 108159741 108163252
NPTRACE row 1018 108179062 108179976
NPTRACE row 1019 108194354 108196769
NPTRACE row 1020 108212458 108213310
NPTRACE row 1021 108227386 108229955
NPTRACE row 1022 108244867 108246667
NPTRACE row 1023 108262699 108263500
NPTRACE row 1024 108277986 108280142
NPTRACE row 1025 108289484 108292418
NPTRACE row 1026 108304994 108308886
NPTRACE row 1027 108327554 108330035
NPTRACE row 1028 108345753 108346930
NPTRACE row 1029 108361441 108363371
NPTRACE row 1030 108379330 108380112
NPTRACE row 1031 108395664 108397104
NPTRACE row 1032 108413821 108417549
NPTRACE row 1033 108423795 108425673
NPTRACE row 1034 108438763 108442340
NPTRACE row 1035 108460363 108463412
NPTRACE row 1036 108480274 108484340
NPTRACE row 1037 108497245 108500909
NPTRACE row 1038 108513360 108517451
NPTRACE row 1039 108524042 108525900
NPTRACE row 1040 108538496 108542261
NPTRACE row 1041 108559492 108563343
NPTRACE row 1042 108580356 108584293
NPTRACE row 1043 108597055 108600659
NPTRACE row 1044 108612771 108617190
NPTRACE row 1045 108626123 108629888
NPTRACE row 1046 108638832 108642315
NPTRACE row 1047 108660933 108663630
NPTRACE row 1048 108678534 108679960
NPTRACE row 1049 108688814 108692303
NPTRACE row 1050 108704311 108704876
NPTRACE row 1051 108727343 108730022
NPTRACE row 1052 108745243 108746648
NPTRACE row 1053 108759319 108763182
NPTRACE row 1054 108778390 108780018
NPTRACE row 1055 108796088 108797260
NPTRACE row 1056 108813867 108817588
NPTRACE row 1057 108824057 108825729
NPTRACE row 1058 108838802 108842397
NPTRACE row 1059 108859376 108863600
NPTRACE row 1060 108880252 108884016
NPTRACE row 1061 108890733 108892532
NPTRACE row 1062 108905352 108909075
NPTRACE row 1063 108926240 108929845
NPTRACE row 1064 108943272 108946882
NPTRACE row 1065 108961852 108963548
NPTRACE row 1066 108979343 108980288
NPTRACE row 1067 108997600 109000981
NPTRACE row 1068 109013983 109017523
NPTRACE row 1069 109024641 109025896
NPTRACE row 1070 109037789 109038245
NPTRACE row 1071 109070212 109072098
NPTRACE row 1072 109087397 109088878
NPTRACE row 1073 109104608 109105430
NPTRACE row 1074 109118425 109121580
NPTRACE row 1075 109128192 109129921
NPTRACE row 1076 109138647 109142398
NPTRACE row 1077 109159649 109163431
NPTRACE row 1078 109179321 109180116
NPTRACE row 1079 109197560 109201011
NPTRACE row 1080 109214568 109217659
NPTRACE row 1081 109225006 109225780
NPTRACE row 1082 109238327 109242431
NPTRACE row 1083 109259522 109263350
NPTRACE row 1084 109278436 109280100
NPTRACE row 1085 109299466 109301227
NPTRACE row 1086 109319404 109322214
NPTRACE row 1087 109336656 109338973
NPTRACE row 1088 109353917 109355764
NPTRACE row 1089 109370645 109371878
NPTRACE row 1090 109384649 109388273
NPTRACE row 1091 109394752 109396732
NPTRACE row 1092 109405308 109409330
NPTRACE row 1093 109425888 109430239
NPTRACE row 1094 109444955 109446761
NPTRACE row 1095 109469277 109471896
NPTRACE row 1096 109486888 109488414
NPTRACE row 1097 109503005 109505376
NPTRACE row 1098 109519474 109522221
NPTRACE row 1099 109534581 109538474
NPTRACE row 1100 109552837 109555530
NPTRACE row 1101 109567807 109571650
NPTRACE row 1102 109586088 109588390
NPTRACE row 1103 109603176 109605386
NPTRACE row 1104 109618046 109621723
NPTRACE row 1105 109627823 109629937
NPTRACE row 1106 109641246 109642459
NPTRACE row 1107 109656068 109659349
NPTRACE row 1108 109677733 109680097
NPTRACE row 1109 109693142 109697093
NPTRACE row 1110 109711476 109713445
NPTRACE row 1111 109731268 109734502
NPTRACE row 1112 109747424 109751180
NPTRACE row 1113 109764039 109767675
NPTRACE row 1114 109780365 109784047
NPTRACE row 1115 109790320 109792556
NPTRACE row 1116 109803584 109804937
NPTRACE row 1117 109826534 109830205
NPTRACE row 1118 109843831 109846826
NPTRACE row 1119 109859869 109863331
NPTRACE row 1120 109877077 109880097
NPTRACE row 1121 109888506 109892272
NPTRACE row 1122 109903269 109904914
NPTRACE row 1123 109923883 109926041
NPTRACE row 1124 109942972 109946745
NPTRACE row 1125 109959428 109963273
NPTRACE row 1126 109976888 109980084
NPTRACE row 1127 109999703 110001248
NPTRACE row 1128 110018580 110026126
NPTRACE row 1129 110036625 110038456
NPTRACE row 1130 110053830 110055576
NPTRACE row 1131 110071223 110072224
NPTRACE row 1132 110087353 110096433
NPTRACE row 1133 110112185 110113535
NPTRACE row 1134 110127057 110130252
NPTRACE row 1135 110144492 110146913
NPTRACE row 1136 110161713 110163503
NPTRACE row 1137 110178664 110180077
NPTRACE row 1138 110203463 110205320
NPTRACE row 1139 110219998 110222326
NPTRACE row 1140 110234397 110238510
NPTRACE row 1141 110252161 110255498
NPTRACE row 1142 110265915 110267721
NPTRACE row 1143 110281573 110284569
NPTRACE row 1144 110297299 110301110
NPTRACE row 1145 110314263 110317444
NPTRACE row 1146 110324009 110325794
NPTRACE row 1147 110333656 110334199
NPTRACE row 1148 110343287 110346653
NPTRACE row 1149 110360394 110363904
NPTRACE row 1150 110376286 110380127
NPTRACE row 1151 110391779 110393104
NPTRACE row 1152 110410394 110413570
NPTRACE row 1153 110420890 110421684
NPTRACE row 1154 110436662 110438310
NPTRACE row 1155 110455245 110461546
NPTRACE row 1156 110478290 110480260
NPTRACE row 1157 110495217 110497087
NPTRACE row 1158 110511598 110513760
NPTRACE row 1159 110528984 110530192
NPTRACE row 1160 110545685 110546961
NPTRACE row 1161 110556020 110559150
NPTRACE row 1162 110569537 110571641
NPTRACE row 1163 110586737 110588423
NPTRACE row 1164 110611586 110613597
NPTRACE row 1165 110628643 110630103
NPTRACE row 1166 110645179 110646903
NPTRACE row 1167 110669844 110672327
NPTRACE row 1168 110684404 110688654
NPTRACE row 1169 110703128 110705708
NPTRACE row 1170 110717961 110721857
NPTRACE row 1171 110732459 110734129
NPTRACE row 1172 110741714 110742477
NPTRACE row 1173 110751972 110754930
NPTRACE row 1174 110770577 110771679
NPTRACE row 1175 110795365 110796839
NPTRACE row 1176 110819634 110822105
NPTRACE row 1177 110835935 110838818
NPTRACE row 1178 110850035 110851016
NPTRACE row 1179 110865084 110867464
NPTRACE row 1180 110874791 110875787
NPTRACE row 1181 110885738 110888410
NPTRACE row 1182 110906071 110909445
NPTRACE row 1183 110926589 110929917
NPTRACE row 1184 110936498 110938289
NPTRACE row 1185 110951616 110954964
NPTRACE row 1186 110972520 110975908
NPTRACE row 1187 110992016 110992878
NPTRACE row 1188 111014818 111017950
NPTRACE row 1189 111029515 111030070
NPTRACE row 1190 111046091 111046836
NPTRACE row 1191 111061531 111063428
NPTRACE row 1192 111076256 111080137
NPTRACE row 1193 111092084 111092915
NPTRACE row 1194 111103041 111104975
NPTRACE row 1195 111118104 111121634
NPTRACE row 1196 111138793 111142480
NPTRACE row 1197 111157374 111159544
NPTRACE row 1198 111174079 111175966
NPTRACE row 1199 111191428 111192947
NPTRACE row 1200 111208025 111209514
NPTRACE row 1201 111224215 111226112
NPTRACE row 1202 111240818 111242654
NPTRACE row 1203 111257499 111259427
NPTRACE row 1204 111278211 111280154
NPTRACE row 1205 111295073 111296848
NPTRACE row 1206 111319912 111321916
NPTRACE row 1207 111334734 111338741
NPTRACE row 1208 111347273 111350967
NPTRACE row 1209 111361925 111363412
NPTRACE row 1210 111375436 111376731
NPTRACE row 1211 111392005 111392903
NPTRACE row 1212 111406199 111409345
NPTRACE row 1213 111423778 111426106
NPTRACE row 1214 111440414 111442673
NPTRACE row 1215 111458480 111459717
NPTRACE row 1216 111472545 111476166
NPTRACE row 1217 111492043 111492892
NPTRACE row 1218 111507415 111509358
NPTRACE row 1219 111524207 111526062
NPTRACE row 1220 111538694 111542798
NPTRACE row 1221 111558037 111559386
NPTRACE row 1222 111572526 111576074
NPTRACE row 1223 111593058 111596698
NPTRACE row 1224 111606742 111609632
NPTRACE row 1225 111624962 111626157
NPTRACE row 1226 111639541 111647038
NPTRACE row 1227 111662522 111663461
NPTRACE row 1228 111680959 111684470
NPTRACE row 1229 111703569 111705609
NPTRACE row 1230 111718338 111721904
NPTRACE row 1231 111734699 111738823
NPTRACE row 1232 111747828 111751008
NPTRACE row 1233 111762229 111763477
NPTRACE row 1234 111776574 111780206
NPTRACE row 1235 111793157 111796811
NPTRACE row 1236 111805060 111809526
NPTRACE row 1237 111823974 111826024
NPTRACE row 1238 111840198 111842665
NPTRACE row 1239 111857308 111859543
NPTRACE row 1240 111873271 111876020
NPTRACE row 1241 111891370 111892850
NPTRACE row 1242 111902444 111904998
NPTRACE row 1243 111917637 111921587
NPTRACE row 1244 111936540 111938556
NPTRACE row 1245 111956211 111959489
NPTRACE row 1246 111971178 111972083
NPTRACE row 1247 111994247 111997086
NPTRACE row 1248 112008684 112009508
NPTRACE row 1249 112024493 112026085
NPTRACE row 1250 112038495 112043257
NPTRACE row 1251 112058054 112059436
NPTRACE row 1252 112072877 112076086
NPTRACE row 1253 112091116 112092903
NPTRACE row 1254 112105423 112109477
NPTRACE row 1255 112124310 112126236
NPTRACE row 1256 112137407 112138758
NPTRACE row 1257 112156152 112159399
NPTRACE row 1258 112171188 112172073
NPTRACE row 1259 112189967 112192974
NPTRACE row 1260 112205500 112209300
NPTRACE row 1261 112223074 112226139
NPTRACE row 1262 112237860 112238758
NPTRACE row 1263 112256412 112259641
NPTRACE row 1264 112272247 112275913
NPTRACE row 1265 112290497 112293267
NPTRACE row 1266 112309663 112313486
NPTRACE row 1267 112325187 112326267
NPTRACE row 1268 112337886 112338973
NPTRACE row 1269 112356300 112359648
NPTRACE row 1270 112371303 112372196
NPTRACE row 1271 112391148 112393270
NPTRACE row 1272 112410120 112413900
NPTRACE row 1273 112426440 112430268
NPTRACE row 1274 112437145 112438459
NPTRACE row 1275 112451351 112455155
NPTRACE row 1276 112474234 112476231
NPTRACE row 1277 112491835 112493087
NPTRACE row 1278 112509953 112513855
NPTRACE row 1279 112529307 112530577
NPTRACE row 1280 112544144 112547086
NPTRACE row 1281 112563712 112568577
NPTRACE row 1282 112580606 112584615
NPTRACE row 1283 112597186 112600930
NPTRACE row 1284 112606419 112609318
NPTRACE row 1285 112617961 112621699
NPTRACE row 1286 112636710 112638559
NPTRACE row 1287 112657051 112659736
NPTRACE row 1288 112674972 112676264
NPTRACE row 1289 112691701 112693090
NPTRACE row 1290 112709774 112713812
NPTRACE row 1291 112726458 112730468
NPTRACE row 1292 112740094 112742648
NPTRACE row 1293 112750470 112751147
NPTRACE row 1294 112772543 112776300
NPTRACE row 1295 112791343 112793518
NPTRACE row 1296 112803313 112805317
NPTRACE row 1297 112817831 112821713
NPTRACE row 1298 112837405 112838618
NPTRACE row 1299 112857676 112859728
NPTRACE row 1300 112880844 112884977
NPTRACE row 1301 112897470 112902162
NPTRACE row 1302 112915232 112918015
NPTRACE row 1303 112932703 112934612
NPTRACE row 1304 112949872 112951303
NPTRACE row 1305 112965630 112967697
NPTRACE row 1306 112975474 112976065
NPTRACE row 1307 112985285 112988648
NPTRACE row 1308 113001187 113005104
NPTRACE row 1309 113019608 113021930
NPTRACE row 1310 113042254 113043045
NPTRACE row 1311 113054786 113055918
NPTRACE row 1312 113073747 113076346
NPTRACE row 1313 113090009 113093163
NPTRACE row 1314 113107743 113109621
NPTRACE row 1315 113124686 113126315
NPTRACE row 1316 113141472 113143074
NPTRACE row 1317 113158438 113159655
NPTRACE row 1318 113175530 113176309
NPTRACE row 1319 113190003 113193221
NPTRACE row 1320 113208504 113210009
NPTRACE row 1321 113226499 113230535
NPTRACE row 1322 113244305 113247061
NPTRACE row 1323 113254515 113255229
NPTRACE row 1324 113267820 113271813
NPTRACE row 1325 113294008 113297267
NPTRACE row 1326 113311468 113313762
NPTRACE row 1327 113322770 113326236
NPTRACE row 1328 113334971 113338565
NPTRACE row 1329 113355745 113359551
NPTRACE row 1330 113374126 113376379
NPTRACE row 1331 113393722 113397084
NPTRACE row 1332 113410650 113413712
NPTRACE row 1333 113420706 113421885
NPTRACE row 1334 113433616 113434390
NPTRACE row 1335 113454789 113455572
NPTRACE row 1336 113473195 113476362
NPTRACE row 1337 113497612 113501279
NPTRACE row 1338 113513892 113518716
NPTRACE row 1339 113531537 113534710
NPTRACE row 1340 113547765 113552222
NPTRACE row 1341 113576542 113580224
NPTRACE row 1342 113591585 113593059
NPTRACE row 1343 113610988 113613758
NPTRACE row 1344 113627006 113630683
NPTRACE row 1345 113643773 113647079
NPTRACE row 1346 113659693 113663651
NPTRACE row 1347 113676635 113680335
NPTRACE row 1348 113691600 113693009
NPTRACE row 1349 113710253 113713689
NPTRACE row 1350 113726577 113730340
NPTRACE row 1351 113746401 113747324
NPTRACE row 1352 113765792 113767984
NPTRACE row 1353 113790435 113792800
NPTRACE row 1354 113807529 113809667
NPTRACE row 1355 113824800 113826473
NPTRACE row 1356 113841740 113843105
NPTRACE row 1357 113856213 113859640
NPTRACE row 1358 113872440 113876400
NPTRACE row 1359 113887294 113889334
NPTRACE row 1360 113903075 113905535
NPTRACE row 1361 113919711 113922747
NPTRACE row 1362 113933598 113934584
NPTRACE row 1363 113951998 113955239
NPTRACE row 1364 113966584 113967927
NPTRACE row 1365 113981546 113984577
NPTRACE row 1366 113997323 114001233
NPTRACE row 1367 114014205 114017715
NPTRACE row 1368 114024224 114026179
NPTRACE row 1369 114033491 114034421
NPTRACE row 1370 114043362 114046895
NPTRACE row 1371 114064688 114068450
NPTRACE row 1372 114080717 114084575
NPTRACE row 1373 114103172 114105699
NPTRACE row 1374 114119703 114130631
NPTRACE row 1375 114144306 114147182
NPTRACE row 1376 114154075 114155216
NPTRACE row 1377 114162908 114163733
NPTRACE row 1378 114172342 114176069
NPTRACE row 1379 114189013 114192908
NPTRACE row 1380 114204776 114205464
NPTRACE row 1381 114222089 114230417
NPTRACE row 1382 114242236 114242991
NPTRACE row 1383 114256075 114259422
NPTRACE row 1384 114271291 114272154
NPTRACE row 1385 114287280 114289223
NPTRACE row 1386 114304399 114305504
NPTRACE row 1387 114322440 114326293
NPTRACE row 1388 114339139 114342983
NPTRACE row 1389 114355604 114359613
NPTRACE row 1390 114372430 114376303
NPTRACE row 1391 114387476 114389367
NPTRACE row 1392 114405828 114409591
NPTRACE row 1393 114427481 114430565
NPTRACE row 1394 114444707 114447071
NPTRACE row 1395 114454238 114455293
NPTRACE row 1396 114465871 114467741
NPTRACE row 1397 114486752 114488997
NPTRACE row 1398 114504032 114505523
NPTRACE row 1399 114522686 114526900
NPTRACE row 1400 114537340 114538912
NPTRACE row 1401 114553439 114555728
NPTRACE row 1402 114571297 114572340
NPTRACE row 1403 114590744 114593167
NPTRACE row 1404 114606799 114609772
NPTRACE row 1405 114622650 114626322
NPTRACE row 1406 114637794 114638774
NPTRACE row 1407 114656440 114659598
NPTRACE row 1408 114671554 114672157
NPTRACE row 1409 114687538 114688960
NPTRACE row 1410 114703995 114705461
NPTRACE row 1411 114720168 114722075
NPTRACE row 1412 114737678 114738792
NPTRACE row 1413 114753993 114755373
NPTRACE row 1414 114773310 114776396
NPTRACE row 1415 114791142 114793200
NPTRACE row 1416 114806914 114809797
NPTRACE row 1417 114823482 114826275
NPTRACE row 1418 114838999 114842948
NPTRACE row 1419 114854684 114863925
NPTRACE row 1420 114879768 114880373
NPTRACE row 1421 114895717 114897309
NPTRACE row 1422 114912470 114913684
NPTRACE row 1423 114929727 114930580
NPTRACE row 1424 114945212 114947041
NPTRACE row 1425 114954329 114955364
NPTRACE row 1426 114970216 114972213
NPTRACE row 1427 114995256 114997025
NPTRACE row 1428 115007470 115009558
NPTRACE row 1429 115022265 115026356
NPTRACE row 1430 115036882 115038623
NPTRACE row 1431 115056582 115059911
NPTRACE row 1432 115073416 115076244
NPTRACE row 1433 115089235 115092979
NPTRACE row 1434 115103513 115109703
NPTRACE row 1435 115124762 115126350
NPTRACE row 1436 115135550 115138580
NPTRACE row 1437 115147490 115151091
NPTRACE row 1438 115168128 115171975
NPTRACE row 1439 115187577 115189312
NPTRACE row 1440 115205909 115209756
NPTRACE row 1441 115220240 115222201
NPTRACE row 1442 115236552 115238658
NPTRACE row 1443 115257712 115259714
NPTRACE row 1444 115274373 115276310
NPTRACE row 1445 115289816 115293088
NPTRACE row 1446 115306510 115309654
NPTRACE row 1447 115322754 115326287
NPTRACE row 1448 115336808 115339003
NPTRACE row 1449 115352888 115355660
NPTRACE row 1450 115377796 115380522
NPTRACE row 1451 115394550 115397183
NPTRACE row 1452 115404090 115405288
NPTRACE row 1453 115414155 115417794
NPTRACE row 1454 115431505 115434806
NPTRACE row 1455 115454059 115456010
NPTRACE row 1456 115473815 115476409
NPTRACE row 1457 115490077 115493227
NPTRACE row 1458 115510184 115513935
NPTRACE row 1459 115526457 115530413
NPTRACE row 1460 115536323 115538606
NPTRACE row 1461 115547242 115551118
NPTRACE row 1462 115564322 115568028
NPTRACE row 1463 115587282 115589351
NPTRACE row 1464 115604217 115605535
NPTRACE row 1465 115617211 115618089
NPTRACE row 1466 115633882 115634585
NPTRACE row 1467 115647300 115651137
NPTRACE row 1468 115667361 115668064
NPTRACE row 1469 115686789 115689181
NPTRACE row 1470 115703843 115705428
NPTRACE row 1471 115721643 115722853
NPTRACE row 1472 115738332 115739020
NPTRACE row 1473 115751951 115755488
NPTRACE row 1474 115771517 115772177
NPTRACE row 1475 115791167 115793221
NPTRACE row 1476 115807748 115809603
NPTRACE row 1477 115822473 115826411
NPTRACE row 1478 115841668 115843064
NPTRACE row 1479 115857993 115860011
NPTRACE row 1480 115871361 115872529
NPTRACE row 1481 115887046 115889058
NPTRACE row 1482 115908072 115909712
NPTRACE row 1483 115922434 115926401
NPTRACE row 1484 115936653 115939094
NPTRACE row 1485 115953112 115955676
NPTRACE row 1486 115972291 115976197
NPTRACE row 1487 115988926 115989663
NPTRACE row 1488 116006223 116009879
NPTRACE row 1489 116020597 116022284
NPTRACE row 1490 116036497 116039123
NPTRACE row 1491 116053279 116055607
NPTRACE row 1492 116070996 116072203
NPTRACE row 1493 116087085 116089155
NPTRACE row 1494 116105734 116109713
NPTRACE row 1495 116121231 116122489
NPTRACE row 1496 116136081 116139155
NPTRACE row 1497 116152806 116155570
NPTRACE row 1498 116169821 116172177
NPTRACE row 1499 116186133 116189077
NPTRACE row 1500 116204581 116205545
NPTRACE row 1501 116219199 116222234
NPTRACE row 1502 116236469 116239211
NPTRACE row 1503 116253329 116255837
NPTRACE row 1504 116269953 116272136
NPTRACE row 1505 116285902 116288736
NPTRACE row 1506 116303021 116305399
NPTRACE row 1507 116317306 116318070
NPTRACE row 1508 116335603 116347276
NPTRACE row 1509 116362019 116363752
NPTRACE row 1510 116371007 116372086
NPTRACE row 1511 116380985 116384534
NPTRACE row 1512 116397516 116401475
NPTRACE row 1513 116418795 116422316
NPTRACE row 1514 116436609 116439304
NPTRACE row 1515 116452573 116455693
NPTRACE row 1516 116468999 116472620
NPTRACE row 1517 116486384 116489146
NPTRACE row 1518 116502484 116509792
NPTRACE row 1519 116524763 116526952
NPTRACE row 1520 116548152 116551499
NPTRACE row 1521 116562123 116563779
NPTRACE row 1522 116577585 116580509
NPTRACE row 1523 116593761 116597153
NPTRACE row 1524 116606910 116609642
NPTRACE row 1525 116620743 116622228
NPTRACE row 1526 116636287 116639316
NPTRACE row 1527 116652829 116655834
NPTRACE row 1528 116669213 116672664
NPTRACE row 1529 116690170 116693358
NPTRACE row 1530 116704770 116706048
NPTRACE row 1531 116719601 116722278
NPTRACE row 1532 116735652 116739292
NPTRACE row 1533 116752614 116755465
NPTRACE row 1534 116769361 116772639
NPTRACE row 1535 116787726 116789749
NPTRACE row 1536 116804662 116805857
NPTRACE row 1537 116818445 116822239
NPTRACE row 1538 116840540 116843138
NPTRACE row 1539 116855445 116859886
NPTRACE row 1540 116880598 116884980
NPTRACE row 1541 116897818 116902059
NPTRACE row 1542 116913848 116918124
NPTRACE row 1543 116929891 116930649
NPTRACE row 1544 116945333 116947252
NPTRACE row 1545 116961198 116963862
NPTRACE row 1546 116974989 116976409
NPTRACE row 1547 116990538 116993345
NPTRACE row 1548 117006696 117009747
NPTRACE row 1549 117020752 117022288
NPTRACE row 1550 117035458 117039369
NPTRACE row 1551 117052427 117055566
NPTRACE row 1552 117068694 117072825
NPTRACE row 1553 117085119 117088993
NPTRACE row 1554 117101443 117105987
NPTRACE row 1555 117117256 117118083
NPTRACE row 1556 117136164 117139436
NPTRACE row 1557 117150908 117151435
NPTRACE row 1558 117168822 117172201
NPTRACE row 1559 117186716 117188991
NPTRACE row 1560 117204530 117206182
NPTRACE row 1561 117220347 117222348
NPTRACE row 1562 117236694 117239398
NPTRACE row 1563 117252346 117255619
NPTRACE row 1564 117269050 117272901
NPTRACE row 1565 117291776 117293522
NPTRACE row 1566 117308332 117309799
NPTRACE row 1567 117324684 117326871
NPTRACE row 1568 117340469 117343143
NPTRACE row 1569 117355983 117359816
NPTRACE row 1570 117382226 117384826
NPTRACE row 1571 117397774 117401603
NPTRACE row 1572 117413883 117418216
NPTRACE row 1573 117429194 117430568
NPTRACE row 1574 117445035 117447309
NPTRACE row 1575 117461586 117464041
NPTRACE row 1576 117475594 117476455
NPTRACE row 1577 117491659 117493401
NPTRACE row 1578 117506749 117509891
NPTRACE row 1579 117521781 117522425
NPTRACE row 1580 117537467 117538905
NPTRACE row 1581 117556181 117559827
NPTRACE row 1582 117572320 117576486
NPTRACE row 1583 117588193 117589628
NPTRACE row 1584 117606743 117610145
NPTRACE row 1585 117622582 117626397
NPTRACE row 1586 117638209 117639962
NPTRACE row 1587 117662243 117663985
NPTRACE row 1588 117678177 117680763
NPTRACE row 1589 117695255 117697438
NPTRACE row 1590 117705058 117705608
NPTRACE row 1591 117714674 117718136
NPTRACE row 1592 117729562 117730531
NPTRACE row 1593 117749879 117751505
NPTRACE row 1594 117768290 117772791
NPTRACE row 1595 117784302 117785118
NPTRACE row 1596 117804000 117805775
NPTRACE row 1597 117823508 117826763
NPTRACE row 1598 117844011 117847515
NPTRACE row 1599 117861312 117864273
NPTRACE row 1600 117874508 117876594
NPTRACE row 1601 117891188 117893602
NPTRACE row 1602 117906371 117914177
NPTRACE row 1603 117924495 117926709
NPTRACE row 1604 117937348 117938879
NPTRACE row 1605 117946552 117947300
NPTRACE row 1606 117962400 117963850
NPTRACE row 1607 117979378 117980780
NPTRACE row 1608 118002278 118005709
NPTRACE row 1609 118017491 118018188
NPTRACE row 1610 118033824 118035384
NPTRACE row 1611 118052562 118055788
NPTRACE row 1612 118069740 118072468
NPTRACE row 1613 118086304 118089123
NPTRACE row 1614 118100871 118101542
NPTRACE row 1615 118118990 118122534
NPTRACE row 1616 118133682 118135128
NPTRACE row 1617 118149027 118151802
NPTRACE row 1618 118166615 118168608
NPTRACE row 1619 118185906 118189197
NPTRACE row 1620 118200238 118201727
NPTRACE row 1621 118216990 118218216
NPTRACE row 1622 118234008 118234880
NPTRACE row 1623 118255878 118259829
NPTRACE row 1624 118271490 118272540
NPTRACE row 1625 118287651 118289328
NPTRACE row 1626 118303446 118305887
NPTRACE row 1627 118318553 118322471
NPTRACE row 1628 118333894 118335321
NPTRACE row 1629 118352116 118355786
NPTRACE row 1630 118369148 118372418
NPTRACE row 1631 118386561 118389586
NPTRACE row 1632 118403819 118406111
NPTRACE row 1633 118419652 118422565
NPTRACE row 1634 118435992 118439236
NPTRACE row 1635 118452922 118455885
NPTRACE row 1636 118469412 118472518
NPTRACE row 1637 118485314 118489757
NPTRACE row 1638 118500147 118501630
NPTRACE row 1639 118521569 118523113
NPTRACE row 1640 118538071 118539349
NPTRACE row 1641 118554333 118555881
NPTRACE row 1642 118570518 118572526
NPTRACE row 1643 118586575 118589746
NPTRACE row 1644 118600430 118601669
NPTRACE row 1645 118619095 118622412
NPTRACE row 1646 118633671 118634900
NPTRACE row 1647 118652464 118656012
NPTRACE row 1648 118666754 118668436
NPTRACE row 1649 118689396 118693315
NPTRACE row 1650 118704509 118705842
NPTRACE row 1651 118718817 118722332
NPTRACE row 1652 118731653 118734936
NPTRACE row 1653 118753530 118755882
NPTRACE row 1654 118772424 118776707
NPTRACE row 1655 118794105 118797499
NPTRACE row 1656 118811163 118814133
NPTRACE row 1657 118820581 118822251
NPTRACE row 1658 118830700 118835139
NPTRACE row 1659 118850857 118851795
NPTRACE row 1660 118868452 118872402
NPTRACE row 1661 118885741 118897779
NPTRACE row 1662 118910120 118914074
NPTRACE row 1663 118920877 118922522
NPTRACE row 1664 118931102 118934758
NPTRACE row 1665 118944805 118947282
NPTRACE row 1666 118966679 118968250
NPTRACE row 1667 118985386 118989929
NPTRACE row 1668 119000177 119001858
NPTRACE row 1669 119017344 119018286
NPTRACE row 1670 119037340 119039211
NPTRACE row 1671 119052953 119056466
NPTRACE row 1672 119067080 119068334
NPTRACE row 1673 119086969 119089392
NPTRACE row 1674 119103138 119105814
NPTRACE row 1675 119118488 119122537
NPTRACE row 1676 119135641 119139309
NPTRACE row 1677 119152319 119155885
NPTRACE row 1678 119167320 119168526
NPTRACE row 1679 119186084 119189607
NPTRACE row 1680 119202897 119206072
NPTRACE row 1681 119218860 119223055
NPTRACE row 1682 119232725 119235076
NPTRACE row 1683 119253301 119255952
NPTRACE row 1684 119270101 119272512
NPTRACE row 1685 119288041 119289441
NPTRACE row 1686 119304895 119306009
NPTRACE row 1687 119321306 119322562
NPTRACE row 1688 119338449 119339514
NPTRACE row 1689 119355707 119360034
NPTRACE row 1690 119370805 119372569
NPTRACE row 1691 119388235 119389408
NPTRACE row 1692 119404201 119405953
NPTRACE row 1693 119419499 119422604
NPTRACE row 1694 119436007 119439285
NPTRACE row 1695 119453394 119456107
NPTRACE row 1696 119470090 119472650
NPTRACE row 1697 119488032 119489483
NPTRACE row 1698 119504962 119505895
NPTRACE row 1699 119519901 119522622
NPTRACE row 1700 119536351 119539210
NPTRACE row 1701 119553566 119555979
NPTRACE row 1702 119569991 119572598
NPTRACE row 1703 119587112 119589621
NPTRACE row 1704 119604677 119606130
NPTRACE row 1705 119620190 119623170
NPTRACE row 1706 119636316 119639323
NPTRACE row 1707 119654052 119656026
NPTRACE row 1708 119671614 119672627
NPTRACE row 1709 119689773 119693635
NPTRACE row 1710 119705810 119710051
NPTRACE row 1711 119722987 119726691
NPTRACE row 1712 119739283 119743292
NPTRACE row 1713 119756631 119760054
NPTRACE row 1714 119772776 119776598
NPTRACE row 1715 119794751 119797856
NPTRACE row 1716 119811456 119814130
NPTRACE row 1717 119823327 119826671
NPTRACE row 1718 119838841 119839192
NPTRACE row 1719 119856441 119860188
NPTRACE row 1720 119872466 119876582
NPTRACE row 1721 119889905 119893575
NPTRACE row 1722 119904166 119905854
NPTRACE row 1723 119918811 119922661
NPTRACE row 1724 119935984 119939259
NPTRACE row 1725 119952926 119955917
NPTRACE row 1726 119967557 119968369
NPTRACE row 1727 119987313 119990162
NPTRACE row 1728 120003552 120006079
NPTRACE row 1729 120019255 120022600
NPTRACE row 1730 120033722 120035198
NPTRACE row 1731 120048246 120051660
NPTRACE row 1732 120065784 120068546
NPTRACE row 1733 120082937 120085671
NPTRACE row 1734 120099921 120101677
NPTRACE row 1735 120117658 120118566
NPTRACE row 1736 120132158 120135077
NPTRACE row 1737 120147860 120151738
NPTRACE row 1738 120165283 120168399
NPTRACE row 1739 120183669 120185140
NPTRACE row 1740 120198541 120201904
NPTRACE row 1741 120217690 120218527
NPTRACE row 1742 120232210 120235073
NPTRACE row 1743 120252533 120256150
NPTRACE row 1744 120266929 120268453
NPTRACE row 1745 120285781 120289216
NPTRACE row 1746 120299666 120301670
NPTRACE row 1747 120314766 120318608
NPTRACE row 1748 120332924 120335213
NPTRACE row 1749 120352185 120356106
NPTRACE row 1750 120366685 120368359
NPTRACE row 1751 120385719 120389309
NPTRACE row 1752 120402431 120406029
NPTRACE row 1753 120417581 120418613
NPTRACE row 1754 120432769 120435271
NPTRACE row 1755 120452244 120455869
NPTRACE row 1756 120468848 120472458
NPTRACE row 1757 120486360 120489518
NPTRACE row 1758 120502602 120506019
NPTRACE row 1759 120518983 120522963
NPTRACE row 1760 120533570 120535583
NPTRACE row 1761 120552109 120555745
NPTRACE row 1762 120566624 120568466
NPTRACE row 1763 120586184 120589346
NPTRACE row 1764 120600657 120602185
NPTRACE row 1765 120616829 120618718
NPTRACE row 1766 120632028 120635194
NPTRACE row 1767 120652191 120655884
NPTRACE row 1768 120666688 120668551
NPTRACE row 1769 120684128 120685310
NPTRACE row 1770 120698899 120702476
NPTRACE row 1771 120715821 120718726
NPTRACE row 1772 120733229 120735409
NPTRACE row 1773 120752192 120755823
NPTRACE row 1774 120766721 120768618
NPTRACE row 1775 120786764 120789811
NPTRACE row 1776 120803785 120806285
NPTRACE row 1777 120819962 120822802
NPTRACE row 1778 120836843 120839598
NPTRACE row 1779 120854434 120856157
NPTRACE row 1780 120878548 120880841
NPTRACE row 1781 120896148 120897919
NPTRACE row 1782 120914923 120918361
NPTRACE row 1783 120924935 120926701
NPTRACE row 1784 120935275 120939085
NPTRACE row 1785 120944436 120947527
NPTRACE row 1786 120965094 120968457
NPTRACE row 1787 120984347 120985354
NPTRACE row 1788 120999514 121002490
NPTRACE row 1789 121017057 121018567
NPTRACE row 1790 121031883 121036018
NPTRACE row 1791 121053408 121056597
NPTRACE row 1792 121070134 121072817
NPTRACE row 1793 121087990 121089634
NPTRACE row 1794 121104504 121106150
NPTRACE row 1795 121120070 121122627
NPTRACE row 1796 121139843 121143519
NPTRACE row 1797 121156553 121160160
NPTRACE row 1798 121172877 121176969
NPTRACE row 1799 121190335 121197830
NPTRACE row 1800 121214924 121218549
NPTRACE row 1801 121224837 121226695
NPTRACE row 1802 121235393 121239200
NPTRACE row 1803 121245180 121247575
NPTRACE row 1804 121266290 121268550
NPTRACE row 1805 121285705 121289928
NPTRACE row 1806 121300174 121301990
NPTRACE row 1807 121317936 121318760
NPTRACE row 1808 121334596 121335493
NPTRACE row 1809 121353229 121356234
NPTRACE row 1810 121369713 121372834
NPTRACE row 1811 121387103 121389751
NPTRACE row 1812 121403445 121406249
NPTRACE row 1813 121419328 121422838
NPTRACE row 1814 121435700 121439499
NPTRACE row 1815 121452887 121456182
NPTRACE row 1816 121469010 121472777
NPTRACE row 1817 121484352 121485391
NPTRACE row 1818 121499370 121501895
NPTRACE row 1819 121516676 121518589
NPTRACE row 1820 121531471 121535307
NPTRACE row 1821 121552192 121555852
NPTRACE row 1822 121567237 121568469
NPTRACE row 1823 121585897 121589336
NPTRACE row 1824 121602475 121605891
NPTRACE row 1825 121619071 121622743
NPTRACE row 1826 121635867 121639407
NPTRACE row 1827 121653911 121656216
NPTRACE row 1828 121671557 121673067
NPTRACE row 1829 121690377 121693967
NPTRACE row 1830 121707227 121710337
NPTRACE row 1831 121723733 121727071
NPTRACE row 1832 121739968 121743638
NPTRACE row 1833 121757970 121760407
NPTRACE row 1834 121774869 121777082
NPTRACE row 1835 121792339 121793870
NPTRACE row 1836 121809481 121810457
NPTRACE row 1837 121820361 121822595
NPTRACE row 1838 121831049 121834961
NPTRACE row 1839 121842966 121843559
NPTRACE row 1840 121866431 121868907
NPTRACE row 1841 121884542 121885585
NPTRACE row 1842 121899710 121902003
NPTRACE row 1843 121918695 121922781
NPTRACE row 1844 121935831 121939475
NPTRACE row 1845 121951956 121955780
NPTRACE row 1846 121961779 121964293
NPTRACE row 1847 121976193 121976892
NPTRACE row 1848 121993739 121997586
NPTRACE row 1849 122013673 122014523
NPTRACE row 1850 122031569 122035513
NPTRACE row 1851 122049860 122052124
NPTRACE row 1852 122069079 122072670
NPTRACE row 1853 122084087 122085550
NPTRACE row 1854 122102567 122106217
NPTRACE row 1855 122119515 122122795
NPTRACE row 1856 122132617 122135098
NPTRACE row 1857 122142114 122143407
NPTRACE row 1858 122158778 122160072
NPTRACE row 1859 122181995 122185371
NPTRACE row 1860 122197914 122202141
NPTRACE row 1861 122216290 122218759
NPTRACE row 1862 122233565 122235594
NPTRACE row 1863 122248747 122252251
NPTRACE row 1864 122264524 122268878
NPTRACE row 1865 122283721 122285705
NPTRACE row 1866 122302294 122306300
NPTRACE row 1867 122319289 122322872
NPTRACE row 1868 122337057 122339556
NPTRACE row 1869 122353097 122356259
NPTRACE row 1870 122369248 122372925
NPTRACE row 1871 122386083 122389316
NPTRACE row 1872 122404679 122406471
NPTRACE row 1873 122421213 122422912
NPTRACE row 1874 122438157 122439607
NPTRACE row 1875 122454228 122456337
NPTRACE row 1876 122470776 122472969
NPTRACE row 1877 122487454 122489865
NPTRACE row 1878 122505503 122506312
NPTRACE row 1879 122522070 122523178
NPTRACE row 1880 122539547 122543769
NPTRACE row 1881 122554389 122556331
NPTRACE row 1882 122567640 122568460
NPTRACE row 1883 122577277 122581107
NPTRACE row 1884 122591883 122593573
NPTRACE row 1885 122614788 122618396
NPTRACE row 1886 122631132 122635392
NPTRACE row 1887 122648247 122652278
NPTRACE row 1888 122664604 122668395
NPTRACE row 1889 122675440 122676923
NPTRACE row 1890 122691790 122693592
NPTRACE row 1891 122713894 122714515
NPTRACE row 1892 122731513 122735167
NPTRACE row 1893 122748147 122752011
NPTRACE row 1894 122763802 122764440
NPTRACE row 1895 122775122 122776935
NPTRACE row 1896 122792351 122793585
NPTRACE row 1897 122808067 122810132
NPTRACE row 1898 122831407 122835293
NPTRACE row 1899 122846844 122847761
NPTRACE row 1900 122866310 122868829
NPTRACE row 1901 122886955 122889818
NPTRACE row 1902 122908556 122910548
NPTRACE row 1903 122929106 122931455
NPTRACE row 1904 122946873 122947775
NPTRACE row 1905 122956568 122960174
NPTRACE row 1906 122966782 122968500
NPTRACE row 1907 122977406 122981284
NPTRACE row 1908 122991548 122993471
NPTRACE row 1909 123014916 123018608
NPTRACE row 1910 123030554 123031116
NPTRACE row 1911 123041185 123043477
NPTRACE row 1912 123058186 123060150
NPTRACE row 1913 123081820 123085434
NPTRACE row 1914 123097961 123101762
NPTRACE row 1915 123108065 123110144
NPTRACE row 1916 123124833 123126814
NPTRACE row 1917 123146008 123147933
NPTRACE row 1918 123163644 123164423
NPTRACE row 1919 123175138 123177127
NPTRACE row 1920 123191840 123193736
NPTRACE row 1921 123215048 123218631
NPTRACE row 1922 123231292 123235421
NPTRACE row 1923 123248197 123252106
NPTRACE row 1924 123264568 123268962
NPTRACE row 1925 123282474 123285869
NPTRACE row 1926 123302390 123306017
NPTRACE row 1927 123318828 123322722
NPTRACE row 1928 123335440 123339453
NPTRACE row 1929 123348137 123352138
NPTRACE row 1930 123364562 123368613
NPTRACE row 1931 123375242 123376993
NPTRACE row 1932 123391428 123393522
NPTRACE row 1933 123407845 123410193
NPTRACE row 1934 123432772 123435394
NPTRACE row 1935 123452595 123456251
NPTRACE row 1936 123469359 123472906
NPTRACE row 1937 123487762 123489869
NPTRACE row 1938 123504664 123506366
NPTRACE row 1939 123517694 123518538
NPTRACE row 1940 123528170 123531039
NPTRACE row 1941 123540813 123543527
NPTRACE row 1942 123565270 123568861
NPTRACE row 1943 123581541 123585152
NPTRACE row 1944 123591657 123593617
NPTRACE row 1945 123607178 123610193
NPTRACE row 1946 123631608 123635407
NPTRACE row 1947 123646826 123647828
NPTRACE row 1948 123665198 123668719
NPTRACE row 1949 123684531 123685432
NPTRACE row 1950 123699788 123702134
NPTRACE row 1951 123718145 123722659
NPTRACE row 1952 123733957 123735523
NPTRACE row 1953 123752871 123756481
NPTRACE row 1954 123769522 123773155
NPTRACE row 1955 123786640 123790001
NPTRACE row 1956 123803866 123806660
NPTRACE row 1957 123819588 123822999
NPTRACE row 1958 123834061 123835613
NPTRACE row 1959 123853820 123856510
NPTRACE row 1960 123871082 123873292
NPTRACE row 1961 123887164 123889775
NPTRACE row 1962 123903754 123906470
NPTRACE row 1963 123926407 123927447
NPTRACE row 1964 123946376 123948074
NPTRACE row 1965 123957520 123960388
NPTRACE row 1966 123968042 123968631
NPTRACE row 1967 123978177 123981598
NPTRACE row 1968 123992012 123993776
NPTRACE row 1969 124015794 124019002
NPTRACE row 1970 124032483 124035404
NPTRACE row 1971 124042893 124043672
NPTRACE row 1972 124058167 124060348
NPTRACE row 1973 124082486 124085708
NPTRACE row 1974 124103041 124106448
NPTRACE row 1975 124119740 124123355
NPTRACE row 1976 124137032 124139894
NPTRACE row 1977 124153884 124156549
NPTRACE row 1978 124170245 124173005
NPTRACE row 1979 124187437 124189739
NPTRACE row 1980 124202816 124214986
NPTRACE row 1981 124227992 124231195
NPTRACE row 1982 124238567 124239506
NPTRACE row 1983 124249508 124252197
NPTRACE row 1984 124260552 124264451
NPTRACE row 1985 124280618 124281703
NPTRACE row 1986 124301520 124302241
NPTRACE row 1987 124316989 124319117
NPTRACE row 1988 124336201 124339687
NPTRACE row 1989 124352602 124356243
NPTRACE row 1990 124369139 124373174
NPTRACE row 1991 124385797 124389644
NPTRACE row 1992 124404844 124406757
NPTRACE row 1993 124421451 124423166
NPTRACE row 1994 124437557 124439689
NPTRACE row 1995 124458472 124460775
NPTRACE row 1996 124471663 124472895
NPTRACE row 1997 124482574 124485508
NPTRACE row 1998 124493839 124497769
NPTRACE row 1999 124507506 124510461
NPTRACE row 2000 124545059 124547912
NPTRACE row 2001 124555107 124556213
NPTRACE row 2002 124565850 124568703
NPTRACE row 2003 124576322 124577417
NPTRACE row 2004 124598518 124602469
NPTRACE row 2005 124614812 124618503
NPTRACE row 2006 124625099 124627048
NPTRACE row 2007 124640348 124643704
NPTRACE row 2008 124665039 124668979
NPTRACE row 2009 124685557 124689714
NPTRACE row 2010 124700818 124702432
NPTRACE row 2011 124719542 124723436
NPTRACE row 2012 124736514 124739802
NPTRACE row 2013 124752680 124756422
NPTRACE row 2014 124768153 124769512
NPTRACE row 2015 124786737 124790183
NPTRACE row 2016 124804509 124806733
NPTRACE row 2017 124820662 124823048
NPTRACE row 2018 124837194 124839932
NPTRACE row 2019 124853118 124857074
NPTRACE row 2020 124870473 124873087
NPTRACE row 2021 124884838 124885551
NPTRACE row 2022 124895242 124897932
NPTRACE row 2023 124907609 124910404
NPTRACE row 2024 124932901 124935722
NPTRACE row 2025 124954314 124956827
NPTRACE row 2026 124970668 124973401
NPTRACE row 2027 124990964 124994106
NPTRACE row 2028 125007492 125010703
NPTRACE row 2029 125024552 125027380
NPTRACE row 2030 125041781 125044186
NPTRACE row 2031 125054653 125056338
NPTRACE row 2032 125065334 125068744
NPTRACE row 2033 125075698 125077214
NPTRACE row 2034 125090728 125093743
NPTRACE row 2035 125114017 125115089
NPTRACE row 2036 125134909 125135599
NPTRACE row 2037 125150306 125152398
NPTRACE row 2038 125169498 125173327
NPTRACE row 2039 125186999 125189819
NPTRACE row 2040 125202879 125206572
NPTRACE row 2041 125222268 125223355
NPTRACE row 2042 125237016 125239614
NPTRACE row 2043 125247244 125247949
NPTRACE row 2044 125257669 125260450
NPTRACE row 2045 125297190 125298271
NPTRACE row 2046 125323673 125327470
NPTRACE row 2047 125341651 125344419
NPTRACE row 2048 125358399 125360843
NPTRACE row 2049 125375628 125377429
NPTRACE row 2050 125394357 125397912
NPTRACE row 2051 125409260 125410960
NPTRACE row 2052 125428050 125431573
NPTRACE row 2053 125442572 125444168
NPTRACE row 2054 125461371 125464905
NPTRACE row 2055 125483736 125485919
NPTRACE row 2056 125503416 125506737
NPTRACE row 2057 125521369 125523469
NPTRACE row 2058 125538665 125540087
NPTRACE row 2059 125556717 125560467
NPTRACE row 2060 125569877 125573004
NPTRACE row 2061 125580249 125581339
NPTRACE row 2062 125591434 125593853
NPTRACE row 2063 125625143 125627496
NPTRACE row 2064 125641600 125644361
NPTRACE row 2065 125658223 125660883
NPTRACE row 2066 125672247 125673712
NPTRACE row 2067 125683221 125685447
NPTRACE row 2068 125694146 125698106
NPTRACE row 2069 125705413 125706546
NPTRACE row 2070 125722379 125723312
NPTRACE row 2071 125740903 125744083
NPTRACE row 2072 125757462 125760785
NPTRACE row 2073 125772351 125773212
NPTRACE row 2074 125790292 125793743
NPTRACE row 2075 125802695 125806264
NPTRACE row 2076 125812445 125814583
NPTRACE row 2077 125821993 125822959
NPTRACE row 2078 125836134 125839815
NPTRACE row 2079 125851154 125852835
NPTRACE row 2080 125870155 125873237
NPTRACE row 2081 125891125 125893999
NPTRACE row 2082 125902462 125906199
NPTRACE row 2083 125911735 125914602
NPTRACE row 2084 125922474 125923013
NPTRACE row 2085 125941998 125943979
NPTRACE row 2086 125962672 125966330
NPTRACE row 2087 125999330 126002443
NPTRACE row 2088 126016187 126019289
NPTRACE row 2089 126034498 126035887
NPTRACE row 2090 126050952 126052485
NPTRACE row 2091 126071536 126073515
NPTRACE row 2092 126089153 126090049
NPTRACE row 2093 126123828 126127154
NPTRACE row 2094 126154292 126156473
NPTRACE row 2095 126165851 126169305
NPTRACE row 2096 126183134 126185653
NPTRACE row 2097 126198404 126202202
NPTRACE row 2098 126208670 126210523
NPTRACE row 2099 126219316 126222899
NPTRACE row 2100 126229256 126231336
NPTRACE row 2101 126244203 126248033
NPTRACE row 2102 126263719 126265002
NPTRACE row 2103 126290493 126293871
NPTRACE row 2104 126323730 126327195
NPTRACE row 2105 126337282 126340117
NPTRACE row 2106 126353439 126356733
NPTRACE row 2107 126369586 126373189
NPTRACE row 2108 126384093 126385685
NPTRACE row 2109 126402619 126406238
NPTRACE row 2110 126419129 126422947
NPTRACE row 2111 126456371 126460363
NPTRACE row 2112 126466470 126468962
NPTRACE row 2113 126476686 126477190
NPTRACE row 2114 126486730 126489708
NPTRACE row 2115 126496671 126498009
NPTRACE row 2116 126507425 126510472
NPTRACE row 2117 126524710 126527596
NPTRACE row 2118 126541529 126544084
NPTRACE row 2119 126553129 126556303
NPTRACE row 2120 126563142 126564662
NPTRACE row 2121 126573429 126577292
NPTRACE row 2122 126586857 126590093
NPTRACE row 2123 126603536 126606866
NPTRACE row 2124 126620014 126623300
NPTRACE row 2125 126634610 126635818
NPTRACE row 2126 126649549 126652144
NPTRACE row 2127 126659198 126660521
NPTRACE row 2128 126669519 126672949
NPTRACE row 2129 126680036 126681555
NPTRACE row 2130 126712505 126714805
NPTRACE row 2131 126724817 126727356
NPTRACE row 2132 126741400 126744161
NPTRACE row 2133 126774538 126777315
NPTRACE row 2134 126807057 126810515
NPTRACE row 2135 126821409 126823793
NPTRACE row 2136 126838512 126840142
NPTRACE row 2137 126851165 126852180
NPTRACE row 2138 126861714 126864730
NPTRACE row 2139 126871645 126872996
NPTRACE row 2140 126883538 126885824
NPTRACE row 2141 126908341 126910623
NPTRACE row 2142 126919081 126922907
NPTRACE row 2143 126928684 126931419
NPTRACE row 2144 126938875 126939640
NPTRACE row 2145 126948138 126952181
NPTRACE row 2146 126958355 126960556
NPTRACE row 2147 126993338 126993992
NPTRACE row 2148 127006705 127010711
NPTRACE row 2149 127027221 127031590
NPTRACE row 2150 127038174 127048310
NPTRACE row 2151 127059814 127060474
NPTRACE row 2152 127069208 127072982
NPTRACE row 2153 127078723 127081461
NPTRACE row 2154 127088692 127089702
NPTRACE row 2155 127104185 127106306
NPTRACE row 2156 127142828 127143931
NPTRACE row 2157 127173898 127177236
NPTRACE row 2158 127186065 127189706
NPTRACE row 2159 127200915 127202605
NPTRACE row 2160 127232887 127235657
NPTRACE row 2161 127244714 127247985
NPTRACE row 2162 127258861 127260801
NPTRACE row 2163 127275146 127277466
NPTRACE row 2164 127287015 127289668
NPTRACE row 2165 127297114 127298152
NPTRACE row 2166 127307627 127310526
NPTRACE row 2167 127317918 127318841
NPTRACE row 2168 127328179 127331566
NPTRACE row 2169 127341118 127355808
NPTRACE row 2170 127369690 127373323
NPTRACE row 2171 127386676 127389994
NPTRACE row 2172 127399593 127402167
NPTRACE row 2173 127408853 127410489
NPTRACE row 2174 127420635 127422991
NPTRACE row 2175 127441034 127444213
NPTRACE row 2176 127461187 127464535
NPTRACE row 2177 127471304 127473194
NPTRACE row 2178 127487728 127489809
NPTRACE row 2179 127506962 127510614
NPTRACE row 2180 127528085 127531369
NPTRACE row 2181 127537730 127539725
NPTRACE row 2182 127554154 127556394
NPTRACE row 2183 127574145 127577770
NPTRACE row 2184 127595466 127598220
NPTRACE row 2185 127605443 127606420
NPTRACE row 2186 127621336 127623162
NPTRACE row 2187 127642083 127644172
NPTRACE row 2188 127661335 127664772
NPTRACE row 2189 127671733 127673195
NPTRACE row 2190 127687443 127689725
NPTRACE row 2191 127704166 127706464
NPTRACE row 2192 127722193 127723638
NPTRACE row 2193 127742622 127744260
NPTRACE row 2194 127757219 127760953
NPTRACE row 2195 127777896 127781351
NPTRACE row 2196 127787814 127789728
NPTRACE row 2197 127803335 127806396
NPTRACE row 2198 127820690 127823089
NPTRACE row 2199 127839209 127840094
NPTRACE row 2200 127861445 127864672
NPTRACE row 2201 127871547 127873220
NPTRACE row 2202 127887382 127889831
NPTRACE row 2203 127903753 127906427
NPTRACE row 2204 127937340 127939907
NPTRACE row 2205 127952714 127956354
NPTRACE row 2206 127969114 127973112
NPTRACE row 2207 127985125 127986206
NPTRACE row 2208 128003065 128006609
NPTRACE row 2209 128025264 128027708
NPTRACE row 2210 128042618 128044518
NPTRACE row 2211 128060992 128064732
NPTRACE row 2212 128078205 128082897
NPTRACE row 2213 128095000 128098384
NPTRACE row 2214 128112555 128114955
NPTRACE row 2215 128123334 128127074
NPTRACE row 2216 128132616 128135628
NPTRACE row 2217 128142525 128143971
NPTRACE row 2218 128157301 128160576
NPTRACE row 2219 128178328 128181762
NPTRACE row 2220 128210730 128214702
NPTRACE row 2221 128221786 128223471
NPTRACE row 2222 128238190 128240266
NPTRACE row 2223 128270850 128273666
NPTRACE row 2224 128287444 128290258
NPTRACE row 2225 128304920 128307030
NPTRACE row 2226 128334360 128336160
NPTRACE row 2227 128346005 128348373
NPTRACE row 2228 128370093 128373424
NPTRACE row 2229 128382195 128398448
NPTRACE row 2230 128410806 128414788
NPTRACE row 2231 128423821 128427516
NPTRACE row 2232 128441430 128444412
NPTRACE row 2233 128459611 128460963
NPTRACE row 2234 128478028 128481464
NPTRACE row 2235 128488150 128489841
NPTRACE row 2236 128498890 128502348
NPTRACE row 2237 128509519 128510814
NPTRACE row 2238 128540191 128543977
NPTRACE row 2239 128553674 128557209
NPTRACE row 2240 128570625 128573594
NPTRACE row 2241 128583932 128585696
NPTRACE row 2242 128594742 128598252
NPTRACE row 2243 128604929 128606632
NPTRACE row 2244 128618174 128619151
NPTRACE row 2245 128633335 128635927
NPTRACE row 2246 128651542 128652815
NPTRACE row 2247 128667011 128669306
NPTRACE row 2248 128690683 128694169
NPTRACE row 2249 128708050 128710956
NPTRACE row 2250 128719877 128723280
NPTRACE row 2251 128730063 128731548
NPTRACE row 2252 128741357 128744198
NPTRACE row 2253 128757497 128761071
NPTRACE row 2254 128774583 128777550
NPTRACE row 2255 128792345 128794597
NPTRACE row 2256 128811278 128814806
NPTRACE row 2257 128821611 128823245
NPTRACE row 2258 128833233 128835815
NPTRACE row 2259 128844343 128848232
NPTRACE row 2260 128858973 128861030
NPTRACE row 2261 128878718 128881851
NPTRACE row 2262 128890778 128894088
NPTRACE row 2263 128904175 128906573
NPTRACE row 2264 128925750 128927750
NPTRACE row 2265 128944838 128948288
NPTRACE row 2266 128956776 128960536
NPTRACE row 2267 128970625 128973374
NPTRACE row 2268 129006668 129010769
NPTRACE row 2269 129020896 129023891
NPTRACE row 2270 129041504 129045005
NPTRACE row 2271 129059414 129061147
NPTRACE row 2272 129078146 129081660
NPTRACE row 2273 129091480 129094380
NPTRACE row 2274 129108686 129111313
NPTRACE row 2275 129124910 129127752
NPTRACE row 2276 129141995 129144430
NPTRACE row 2277 129157479 129161012
NPTRACE row 2278 129174268 129177516
NPTRACE row 2279 129204220 129206720
NPTRACE row 2280 129218098 129219497
NPTRACE row 2281 129233733 129235956
NPTRACE row 2282 129271189 129273348
NPTRACE row 2283 129290510 129294039
NPTRACE row 2284 129307734 129310811
NPTRACE row 2285 129324233 129327550
NPTRACE row 2286 129340589 129344187
NPTRACE row 2287 129352574 129356329
NPTRACE row 2288 129361873 129364853
NPTRACE row 2289 129371686 129373172
NPTRACE row 2290 129403983 129406687
NPTRACE row 2291 129414123 129415162
NPTRACE row 2292 129446520 129448329
NPTRACE row 2293 129473610 129477355
NPTRACE row 2294 129486692 129490158
NPTRACE row 2295 129501809 129502554
NPTRACE row 2296 129515919 129519096
NPTRACE row 2297 129532454 129535745
NPTRACE row 2298 129549109 129552428
NPTRACE row 2299 129563814 129565119
NPTRACE row 2300 129580440 129581872
NPTRACE row 2301 129597025 129598376
NPTRACE row 2302 129613616 129614883
NPTRACE row 2303 129624329 129627555
NPTRACE row 2304 129634968 129635894
NPTRACE row 2305 129644807 129648315
NPTRACE row 2306 129659310 129661194
NPTRACE row 2307 129676685 129677939
NPTRACE row 2308 129691949 129694369
NPTRACE row 2309 129709077 129711351
NPTRACE row 2310 129720560 129723243
NPTRACE row 2311 129730292 129731578
NPTRACE row 2312 129740442 129744043
NPTRACE row 2313 129753566 129757149
NPTRACE row 2314 129767715 129769570
NPTRACE row 2315 129787176 129790227
NPTRACE row 2316 129803083 129806921
NPTRACE row 2317 129826575 129827534
NPTRACE row 2318 129841329 129844096
NPTRACE row 2319 129854243 129857031
NPTRACE row 2320 129870580 129873561
NPTRACE row 2321 129900401 129902956
NPTRACE row 2322 129912334 129915138
NPTRACE row 2323 129925444 129927686
NPTRACE row 2324 129941290 129944647
NPTRACE row 2325 129963174 129965230
NPTRACE row 2326 129979665 129981713
NPTRACE row 2327 129990521 129994141
NPTRACE row 2328 130001067 130002580
NPTRACE row 2329 130011608 130015033
NPTRACE row 2330 130026775 130027854
NPTRACE row 2331 130044765 130048309
NPTRACE row 2332 130058972 130060848
NPTRACE row 2333 130070794 130073423
NPTRACE row 2334 130105027 130106571
NPTRACE row 2335 130115334 130118974
NPTRACE row 2336 130124615 130127381
NPTRACE row 2337 130134799 130135781
NPTRACE row 2338 130155486 130156823
NPTRACE row 2339 130174286 130177712
NPTRACE row 2340 130198754 130202777
NPTRACE row 2341 130211221 130214809
NPTRACE row 2342 130220682 130223212
NPTRACE row 2343 130234209 130235680
NPTRACE row 2344 130251405 130252351
NPTRACE row 2345 130272420 130273694
NPTRACE row 2346 130290720 130294238
NPTRACE row 2347 130322796 130323525
NPTRACE row 2348 130349306 130352716
NPTRACE row 2349 130359938 130360916
NPTRACE row 2350 130369555 130373235
NPTRACE row 2351 130379552 130381768
NPTRACE row 2352 130390275 130394057
NPTRACE row 2353 130401612 130402442
NPTRACE row 2354 130429101 130431993
NPTRACE row 2355 130443000 130444089
NPTRACE row 2356 130453365 130456583
NPTRACE row 2357 130468552 130469240
NPTRACE row 2358 130485302 130485773
NPTRACE row 2359 130505107 130506993
NPTRACE row 2360 130525027 130527624
NPTRACE row 2361 130536020 130539782
NPTRACE row 2362 130551459 130552502
NPTRACE row 2363 130580605 130582093
NPTRACE row 2364 130594739 130598283
NPTRACE row 2365 130604372 130606593
NPTRACE row 2366 130618023 130619106
NPTRACE row 2367 130637637 130640539
NPTRACE row 2368 130657199 130660924
NPTRACE row 2369 130685075 130686280
NPTRACE row 2370 130696932 130698363
NPTRACE row 2371 130707022 130710694
NPTRACE row 2372 130718303 130719110
NPTRACE row 2373 130737206 130740293
NPTRACE row 2374 130757342 130761093
NPTRACE row 2375 130771905 130774234
NPTRACE row 2376 130787907 130790750
NPTRACE row 2377 130803782 130806920
NPTRACE row 2378 130824646 130827713
NPTRACE row 2379 130836023 130839847
NPTRACE row 2380 130851117 130852447
NPTRACE row 2381 130885362 130886333
NPTRACE row 2382 130896772 130898401
NPTRACE row 2383 130911570 130915404
NPTRACE row 2384 130928732 130931812
NPTRACE row 2385 130938432 130939931
NPTRACE row 2386 130950898 130952490
NPTRACE row 2387 130972375 130973778
NPTRACE row 2388 130990624 130994178
NPTRACE row 2389 131004854 131006863
NPTRACE row 2390 131023900 131027538
NPTRACE row 2391 131035035 131035867
NPTRACE row 2392 131050785 131052499
NPTRACE row 2393 131074525 131077747
NPTRACE row 2394 131092857 131094473
NPTRACE row 2395 131109042 131111067
NPTRACE row 2396 131124732 131127690
NPTRACE row 2397 131150418 131152772
NPTRACE row 2398 131165595 131186219
NPTRACE row 2399 131196733 131197444
NPTRACE end 6826dd5ff2869dea
NPTRACE begin b025783cc710debc 2400 2400 1 0
NPTRACE row 0 297989672 297991729
NPTRACE row 1 298004339 298007417
NPTRACE row 2 298019466 298020577
NPTRACE row 3 298037100 298047002
NPTRACE row 4 298054760 298057277
NPTRACE row 5 298066597 298069760
NPTRACE row 6 298082788 298086302
NPTRACE row 7 298103885 298107207
NPTRACE row 8 298121532 298124202
NPTRACE row 9 298137721 298140565
NPTRACE row 10 298154446 298157357
NPTRACE row 11 298170975 298174074
NPTRACE row 12 298187664 298190898
NPTRACE row 13 298208516 298211364
NPTRACE row 14 298221138 298224053
NPTRACE row 15 298237670 298240756
NPTRACE row 16 298254656 298257336
NPTRACE row 17 298271509 298274087
NPTRACE row 18 298288264 298290695
NPTRACE row 19 298302418 298303451
NPTRACE row 20 298321470 298324057
NPTRACE row 21 298335706 298336738
NPTRACE row 22 298355360 298357515
NPTRACE row 23 298370525 298374050
NPTRACE row 24 298388187 298390699
NPTRACE row 25 298402657 298403507
NPTRACE row 26 298421661 298424062
NPTRACE row 27 298440020 298440817
NPTRACE row 28 298454785 298457352
NPTRACE row 29 298475615 298478192
NPTRACE row 30 298488272 298490702
NPTRACE row 31 298504337 298507196
NPTRACE row 32 298521456 298523995
NPTRACE row 33 298536126 298536742
NPTRACE row 34 298555161 298557368
NPTRACE row 35 298575742 298578262
NPTRACE row 36 298594482 298594994
NPTRACE row 37 298605517 298607191
NPTRACE row 38 298621316 298624116
NPTRACE row 39 298637725 298640578
NPTRACE row 40 298654727 298657391
NPTRACE row 41 298671693 298674073
NPTRACE row 42 298688237 298690601
NPTRACE row 43 298715678 298719783
NPTRACE row 44 298722808 298724014
NPTRACE row 45 298735558 298736710
NPTRACE row 46 298754974 298757379
NPTRACE row 47 298771675 298774103
NPTRACE row 48 298788301 298790852
NPTRACE row 49 298804904 298807345
NPTRACE row 50 298821930 298824346
NPTRACE row 51 298838082 298840689
NPTRACE row 52 298854592 298857518
NPTRACE row 53 298871886 298874175
NPTRACE row 54 298887869 298890847
NPTRACE row 55 298918073 298919817
NPTRACE row 56 298926838 298928162
NPTRACE row 57 298937719 298940858
NPTRACE row 58 298954443 298957538
NPTRACE row 59 298972320 298974227
NPTRACE row 60 298987761 298990861
NPTRACE row 61 299004674 299007322
NPTRACE row 62 299021061 299024231
NPTRACE row 63 299037190 299040734
NPTRACE row 64 299054819 299057715
NPTRACE row 65 299071995 299074231
NPTRACE row 66 299087733 299090847
NPTRACE row 67 299104576 299107348
NPTRACE row 68 299121044 299124194
NPTRACE row 69 299136097 299136878
NPTRACE row 70 299154226 299157571
NPTRACE row 71 299172040 299174262
NPTRACE row 72 299187491 299190872
NPTRACE row 73 299204643 299207362
NPTRACE row 74 299221374 299224214
NPTRACE row 75 299236193 299236772
NPTRACE row 76 299254649 299257550
NPTRACE row 77 299271738 299274261
NPTRACE row 78 299288220 299290796
NPTRACE row 79 299299310 299303134
NPTRACE row 80 299316241 299319804
NPTRACE row 81 299332555 299336473
NPTRACE row 82 299352624 299353502
NPTRACE row 83 299371423 299374352
NPTRACE row 84 299385817 299386778
NPTRACE row 85 299404816 299407717
NPTRACE row 86 299419438 299420059
NPTRACE row 87 299437807 299440882
NPTRACE row 88 299454075 299457406
NPTRACE row 89 299471488 299474395
NPTRACE row 90 299487178 299490591
NPTRACE row 91 299504018 299507432
NPTRACE row 92 299522272 299524249
NPTRACE row 93 299537754 299540724
NPTRACE row 94 299549177 299553148
NPTRACE row 95 299566024 299569884
NPTRACE row 96 299587396 299590745
NPTRACE row 97 299609048 299611639
NPTRACE row 98 299620796 299624076
NPTRACE row 99 299637975 299641071
NPTRACE row 100 299654259 299657432
NPTRACE row 101 299671385 299674410
NPTRACE row 102 299685400 299686702
NPTRACE row 103 299704894 299707342
NPTRACE row 104 299715100 299715702
NPTRACE row 105 299732064 299732363
NPTRACE row 106 299754599 299757615
NPTRACE row 107 299771476 299774327
NPTRACE row 108 299787003 299790617
NPTRACE row 109 299804305 299807380
NPTRACE row 110 299815267 299815711
NPTRACE row 111 299832158 299832380
NPTRACE row 112 299854199 299857378
NPTRACE row 113 299871301 299874332
NPTRACE row 114 299889199 299890773
NPTRACE row 115 299904067 299907538
NPTRACE row 116 299920840 299924094
NPTRACE row 117 299937610 299940904
NPTRACE row 118 299954184 299957464
NPTRACE row 119 299971478 299974179
NPTRACE row 120 299982654 299986581
NPTRACE row 121 299999162 300003122
NPTRACE row 122 300025875 300028343
NPTRACE row 123 300039203 300040877
NPTRACE row 124 300054078 300057457
NPTRACE row 125 300071274 300074397
NPTRACE row 126 300087845 300090821
NPTRACE row 127 300104932 300107643
NPTRACE row 128 300115300 300115738
NPTRACE row 129 300132184 300132407
NPTRACE row 130 300154519 300157478
NPTRACE row 131 300171564 300174376
NPTRACE row 132 300191614 300194907
NPTRACE row 133 300204935 300207442
NPTRACE row 134 300215856 300219922
NPTRACE row 135 300232059 300232411
NPTRACE row 136 300254762 300257469
NPTRACE row 137 300271570 300274321
NPTRACE row 138 300286956 300290774
NPTRACE row 139 300303765 300307485
NPTRACE row 140 300322197 300324161
NPTRACE row 141 300338425 300341085
NPTRACE row 142 300353732 300357429
NPTRACE row 143 300371643 300374400
NPTRACE row 144 300387413 300390830
NPTRACE row 145 300404038 300407619
NPTRACE row 146 300420800 300424150
NPTRACE row 147 300437133 300440793
NPTRACE row 148 300454602 300457669
NPTRACE row 149 300471648 300474412
NPTRACE row 150 300487156 300490767
NPTRACE row 151 300503837 300507501
NPTRACE row 152 300521002 300524165
NPTRACE row 153 300537216 300540807
NPTRACE row 154 300553837 300557583
NPTRACE row 155 300571242 300574257
NPTRACE row 156 300581688 300582439
NPTRACE row 157 300598493 300599105
NPTRACE row 158 300623606 300624164
NPTRACE row 159 300637560 300641762
NPTRACE row 160 300655406 300657508
NPTRACE row 161 300670840 300674427
NPTRACE row 162 300688155 300690852
NPTRACE row 163 300703538 300707510
NPTRACE row 164 300722062 300724184
NPTRACE row 165 300736060 300736812
NPTRACE row 166 300748026 300749123
NPTRACE row 167 300764777 300766049
NPTRACE row 168 300788167 300791068
NPTRACE row 169 300804205 300807609
NPTRACE row 170 300824878 300828417
NPTRACE row 171 300838515 300840819
NPTRACE row 172 300847831 300849199
NPTRACE row 173 300864674 300865988
NPTRACE row 174 300887224 300890845
NPTRACE row 175 300903667 300907471
NPTRACE row 176 300914461 300915868
NPTRACE row 177 300931124 300932531
NPTRACE row 178 300953949 300957528
NPTRACE row 179 300969678 300970321
NPTRACE row 180 300980823 300982494
NPTRACE row 181 300997432 300999203
NPTRACE row 182 301019153 301019973
NPTRACE row 183 301036123 301036833
NPTRACE row 184 301047551 301049172
NPTRACE row 185 301064421 301066032
NPTRACE row 186 301080675 301082516
NPTRACE row 187 301101992 301103396
NPTRACE row 188 301118983 301120230
NPTRACE row 189 301130452 301132488
NPTRACE row 190 301147204 301149191
NPTRACE row 191 301181563 301182748
NPTRACE row 192 301189496 301191381
NPTRACE row 193 301214494 301216021
NPTRACE row 194 301228029 301228534
NPTRACE row 195 301239201 301240936
NPTRACE row 196 301252524 301253476
NPTRACE row 197 301265618 301266936
NPTRACE row 198 301286209 301286850
NPTRACE row 199 301297323 301299192
NPTRACE row 200 301313891 301315853
NPTRACE row 201 301333673 301336679
NPTRACE row 202 301352480 301353587
NPTRACE row 203 301365486 301366977
NPTRACE row 204 301385912 301386864
NPTRACE row 205 301397143 301399149
NPTRACE row 206 301414019 301415813
NPTRACE row 207 301433993 301436730
NPTRACE row 208 301450525 301453603
NPTRACE row 209 301464094 301465950
NPTRACE row 210 301480640 301482485
NPTRACE row 211 301498317 301500007
NPTRACE row 212 301519310 301520216
NPTRACE row 213 301535504 301536735
NPTRACE row 214 301552427 301553533
NPTRACE row 215 301568420 301582369
NPTRACE row 216 301591320 301595242
NPTRACE row 217 301603929 301607500
NPTRACE row 218 301618798 301620155
NPTRACE row 219 301630364 301632500
NPTRACE row 220 301651102 301653342
NPTRACE row 221 301667751 301670293
NPTRACE row 222 301686370 301686880
NPTRACE row 223 301701712 301703375
NPTRACE row 224 301718748 301720166
NPTRACE row 225 301730392 301732505
NPTRACE row 226 301747328 301749173
NPTRACE row 227 301769424 301770223
NPTRACE row 228 301785955 301786896
NPTRACE row 229 301798963 301815498
NPTRACE row 230 301823505 301824251
NPTRACE row 231 301835678 301836938
NPTRACE row 232 301851707 301853633
NPTRACE row 233 301863651 301865986
NPTRACE row 234 301880303 301882516
NPTRACE row 235 301897024 301899188
NPTRACE row 236 301919278 301920210
NPTRACE row 237 301934720 301936988
NPTRACE row 238 301947090 301949194
NPTRACE row 239 301963815 301965985
NPTRACE row 240 301980969 301982652
NPTRACE row 241 302000638 302003460
NPTRACE row 242 302019623 302020191
NPTRACE row 243 302030185 302032532
NPTRACE row 244 302047314 302049201
NPTRACE row 245 302068862 302070338
NPTRACE row 246 302085923 302086920
NPTRACE row 247 302115973 302119966
NPTRACE row 248 302123842 302124221
NPTRACE row 249 302137917 302140905
NPTRACE row 250 302151766 302153608
NPTRACE row 251 302163351 302166008
NPTRACE row 252 302180089 302182540
NPTRACE row 253 302197997 302199481
NPTRACE row 254 302218645 302220201
NPTRACE row 255 302230072 302232650
NPTRACE row 256 302246663 302249214
NPTRACE row 257 302263631 302266021
NPTRACE row 258 302282316 302290510
NPTRACE row 259 302302490 302303648
NPTRACE row 260 302317156 302320220
NPTRACE row 261 302334632 302336918
NPTRACE row 262 302350389 302353325
NPTRACE row 263 302368501 302370407
NPTRACE row 264 302380358 302382686
NPTRACE row 265 302396322 302399223
NPTRACE row 266 302425025 302428384
NPTRACE row 267 302435660 302436861
NPTRACE row 268 302451051 302453467
NPTRACE row 269 302468922 302470506
NPTRACE row 270 302481966 302482828
NPTRACE row 271 302501613 302503601
NPTRACE row 272 302513322 302515907
NPTRACE row 273 302529854 302532574
NPTRACE row 274 302548902 302549450
NPTRACE row 275 302573368 302574513
NPTRACE row 276 302584650 302586747
NPTRACE row 277 302601473 302603685
NPTRACE row 278 302613204 302615915
NPTRACE row 279 302629658 302632579
NPTRACE row 280 302655213 302657693
NPTRACE row 281 302674392 302678425
NPTRACE row 282 302681883 302682620
NPTRACE row 283 302695970 302699253
NPTRACE row 284 302714359 302716428
NPTRACE row 285 302734460 302736974
NPTRACE row 286 302746199 302749259
NPTRACE row 287 302762873 302766056
NPTRACE row 288 302780198 302782726
NPTRACE row 289 302798520 302800259
NPTRACE row 290 302818496 302820304
NPTRACE row 291 302829386 302832597
NPTRACE row 292 302846410 302849264
NPTRACE row 293 302863217 302866069
NPTRACE row 294 302885853 302886832
NPTRACE row 295 302900988 302903656
NPTRACE row 296 302912707 302915939
NPTRACE row 297 302929106 302932603
NPTRACE row 298 302950194 302953515
NPTRACE row 299 302968278 302970280
NPTRACE row 300 302981361 302982700
NPTRACE row 301 303004475 303007608
NPTRACE row 302 303012654 303015951
NPTRACE row 303 303029025 303032609
NPTRACE row 304 303046184 303049289
NPTRACE row 305 303064985 303066240
NPTRACE row 306 303083654 303086978
NPTRACE row 307 303095579 303099286
NPTRACE row 308 303112601 303115955
NPTRACE row 309 303130167 303132706
NPTRACE row 310 303150666 303153741
NPTRACE row 311 303162341 303166018
NPTRACE row 312 303179710 303182752
NPTRACE row 313 303197614 303199757
NPTRACE row 314 303218051 303220420
NPTRACE row 315 303229179 303232632
NPTRACE row 316 303246044 303249291
NPTRACE row 317 303262771 303266102
NPTRACE row 318 303283121 303286793
NPTRACE row 319 303301076 303303772
NPTRACE row 320 303312391 303315975
NPTRACE row 321 303328756 303332635
NPTRACE row 322 303348834 303349632
NPTRACE row 323 303367867 303370310
NPTRACE row 324 303382496 303382976
NPTRACE row 325 303400003 303403479
NPTRACE row 326 303412259 303415988
NPTRACE row 327 303428672 303432619
NPTRACE row 328 303447931 303449405
NPTRACE row 329 303468782 303470385
NPTRACE row 330 303478819 303482646
NPTRACE row 331 303495324 303499246
NPTRACE row 332 303514755 303516092
NPTRACE row 333 303533523 303537031
NPTRACE row 334 303548167 303549937
NPTRACE row 335 303567247 303570578
NPTRACE row 336 303579487 303582785
NPTRACE row 337 303595317 303599311
NPTRACE row 338 303615078 303623737
NPTRACE row 339 303635596 303636968
NPTRACE row 340 303648048 303649426
NPTRACE row 341 303667457 303670263
NPTRACE row 342 303681174 303682829
NPTRACE row 343 303695314 303699338
NPTRACE row 344 303714166 303716391
NPTRACE row 345 303733562 303737127
NPTRACE row 346 303745580 303749339
NPTRACE row 347 303762240 303766063
NPTRACE row 348 303779087 303782676
NPTRACE row 349 303798174 303799602
NPTRACE row 350 303816873 303820487
NPTRACE row 351 303828205 303828551
NPTRACE row 352 303845236 303849273
NPTRACE row 353 303864963 303866389
NPTRACE row 354 303883643 303886904
NPTRACE row 355 303898014 303899495
NPTRACE row 356 303922762 303924392
NPTRACE row 357 303933364 303936787
NPTRACE row 358 303950010 303953599
NPTRACE row 359 303964616 303966839
NPTRACE row 360 303984429 303987201
NPTRACE row 361 303997861 303999986
NPTRACE row 362 304017052 304020460
NPTRACE row 363 304030303 304032750
NPTRACE row 364 304052709 304053704
NPTRACE row 365 304064422 304066275
NPTRACE row 366 304083580 304086926
NPTRACE row 367 304098309 304099448
NPTRACE row 368 304116721 304120188
NPTRACE row 369 304131176 304132738
NPTRACE row 370 304156025 304157702
NPTRACE row 371 304167704 304170368
NPTRACE row 372 304183135 304186885
NPTRACE row 373 304197805 304199454
NPTRACE row 374 304216349 304220173
NPTRACE row 375 304227654 304228541
NPTRACE row 376 304244775 304245208
NPTRACE row 377 304264352 304266299
NPTRACE row 378 304283145 304286846
NPTRACE row 379 304295975 304299698
NPTRACE row 380 304315893 304316249
NPTRACE row 381 304327851 304328549
NPTRACE row 382 304344530 304345205
NPTRACE row 383 304364383 304366412
NPTRACE row 384 304383312 304387014
NPTRACE row 385 304394655 304395210
NPTRACE row 386 304411711 304411878
NPTRACE row 387 304429110 304432764
NPTRACE row 388 304452248 304453524
NPTRACE row 389 304463581 304466270
NPTRACE row 390 304482568 304483201
NPTRACE row 391 304494352 304495218
NPTRACE row 392 304511107 304511885
NPTRACE row 393 304529206 304532773
NPTRACE row 394 304549208 304549546
NPTRACE row 395 304561271 304562021
NPTRACE row 396 304577622 304578557
NPTRACE row 397 304596666 304599696
NPTRACE row 398 304615531 304616261
NPTRACE row 399 304631048 304632861
NPTRACE row 400 304648781 304649649
NPTRACE row 401 304663421 304666609
NPTRACE row 402 304681999 304682917
NPTRACE row 403 304699232 304700783
NPTRACE row 404 304717148 304720397
NPTRACE row 405 304731391 304733032
NPTRACE row 406 304748677 304749680
NPTRACE row 407 304762996 304766360
NPTRACE row 408 304783201 304787053
NPTRACE row 409 304794364 304795243
NPTRACE row 410 304811165 304811910
NPTRACE row 411 304829014 304832826
NPTRACE row 412 304849168 304849515
NPTRACE row 413 304861145 304862050
NPTRACE row 414 304877391 304878742
NPTRACE row 415 304894077 304895500
NPTRACE row 416 304914432 304916132
NPTRACE row 417 304930576 304932919
NPTRACE row 418 304946424 304949740
NPTRACE row 419 304965350 304966435
NPTRACE row 420 304977615 304978587
NPTRACE row 421 304993431 304995362
NPTRACE row 422 305015067 305016286
NPTRACE row 423 305038187 305041243
NPTRACE row 424 305048980 305049742
NPTRACE row 425 305065164 305066448
NPTRACE row 426 305079385 305082809
NPTRACE row 427 305098103 305099622
NPTRACE row 428 305113022 305116157
NPTRACE row 429 305130932 305132956
NPTRACE row 430 305146697 305149383
NPTRACE row 431 305167024 305170531
NPTRACE row 432 305180283 305182934
NPTRACE row 433 305197232 305199449
NPTRACE row 434 305212231 305216349
NPTRACE row 435 305231211 305232787
NPTRACE row 436 305248543 305249526
NPTRACE row 437 305265695 305266386
NPTRACE row 438 305280930 305282728
NPTRACE row 439 305300553 305303769
NPTRACE row 440 305313898 305316068
NPTRACE row 441 305330917 305332794
NPTRACE row 442 305347469 305349955
NPTRACE row 443 305368856 305370369
NPTRACE row 444 305380064 305382735
NPTRACE row 445 305397704 305399494
NPTRACE row 446 305413152 305416072
NPTRACE row 447 305433940 305437167
NPTRACE row 448 305446849 305449466
NPTRACE row 449 305465194 305466421
NPTRACE row 450 305484606 305486989
NPTRACE row 451 305497643 305499493
NPTRACE row 452 305513696 305516102
NPTRACE row 453 305538044 305541172
NPTRACE row 454 305550662 305553590
NPTRACE row 455 305567162 305570535
NPTRACE row 456 305581641 305583019
NPTRACE row 457 305602512 305603937
NPTRACE row 458 305618717 305620250
NPTRACE row 459 305631542 305632832
NPTRACE row 460 305645769 305649428
NPTRACE row 461 305671835 305674992
NPTRACE row 462 305682518 305683150
NPTRACE row 463 305701360 305704203
NPTRACE row 464 305719697 305720569
NPTRACE row 465 305733194 305737018
NPTRACE row 466 305746624 305749492
NPTRACE row 467 305764569 305766427
NPTRACE row 468 305780075 305782767
NPTRACE row 469 305797537 305799512
NPTRACE row 470 305813679 305816169
NPTRACE row 471 305832408 305833590
NPTRACE row 472 305850660 305853628
NPTRACE row 473 305864513 305866444
NPTRACE row 474 305884161 305887007
NPTRACE row 475 305897056 305899499
NPTRACE row 476 305911416 305912244
NPTRACE row 477 305930269 305932870
NPTRACE row 478 305946854 305949492
NPTRACE row 479 305965635 305967023
NPTRACE row 480 305977401 305978818
NPTRACE row 481 305992698 305995269
NPTRACE row 482 306013931 306016142
NPTRACE row 483 306034873 306037085
NPTRACE row 484 306043260 306045273
NPTRACE row 485 306059730 306062076
NPTRACE row 486 306076541 306078612
NPTRACE row 487 306097487 306100101
NPTRACE row 488 306114104 306116196
NPTRACE row 489 306128919 306132795
NPTRACE row 490 306147334 306149533
NPTRACE row 491 306167755 306170489
NPTRACE row 492 306180789 306182862
NPTRACE row 493 306196235 306199470
NPTRACE row 494 306214479 306216204
NPTRACE row 495 306235428 306237692
NPTRACE row 496 306249302 306249549
NPTRACE row 497 306264673 306266351
NPTRACE row 498 306281530 306282891
NPTRACE row 499 306294557 306299710
NPTRACE row 500 306314615 306316229
NPTRACE row 501 306329600 306332812
NPTRACE row 502 306347640 306349544
NPTRACE row 503 306363964 306366687
NPTRACE row 504 306381767 306383118
NPTRACE row 505 306393240 306395301
NPTRACE row 506 306409727 306411976
NPTRACE row 507 306429340 306432829
NPTRACE row 508 306448191 306449569
NPTRACE row 509 306468161 306470585
NPTRACE row 510 306481290 306482900
NPTRACE row 511 306496928 306500701
NPTRACE row 512 306513644 306516245
NPTRACE row 513 306530071 306532830
NPTRACE row 514 306547326 306549562
NPTRACE row 515 306561467 306562577
NPTRACE row 516 306580817 306582922
NPTRACE row 517 306594460 306595482
NPTRACE row 518 306614506 306616258
NPTRACE row 519 306631460 306633480
NPTRACE row 520 306647473 306649591
NPTRACE row 521 306663637 306666380
NPTRACE row 522 306680788 306682926
NPTRACE row 523 306694403 306695439
NPTRACE row 524 306713891 306716249
NPTRACE row 525 306736670 306737551
NPTRACE row 526 306751112 306753729
NPTRACE row 527 306761428 306762653
NPTRACE row 528 306776226 306778789
NPTRACE row 529 306793930 306795492
NPTRACE row 530 306814437 306816272
NPTRACE row 531 306828214 306828787
NPTRACE row 532 306847844 306849584
NPTRACE row 533 306861574 306862442
NPTRACE row 534 306880806 306882915
NPTRACE row 535 306896715 306899882
NPTRACE row 536 306913669 306916277
NPTRACE row 537 306928625 306928953
NPTRACE row 538 306947243 306949615
NPTRACE row 539 306960932 306962361
NPTRACE row 540 306988272 306991262
NPTRACE row 541 306998226 306999710
NPTRACE row 542 307013583 307016278
NPTRACE row 543 307030586 307033677
NPTRACE row 544 307046903 307049616
NPTRACE row 545 307062599 307066429
NPTRACE row 546 307080271 307082968
NPTRACE row 547 307092384 307095356
NPTRACE row 548 307108833 307112024
NPTRACE row 549 307127040 307128755
NPTRACE row 550 307146526 307149629
NPTRACE row 551 307163599 307166527
NPTRACE row 552 307181179 307183200
NPTRACE row 553 307194414 307195545
NPTRACE row 554 307214178 307216286
NPTRACE row 555 307229426 307232893
NPTRACE row 556 307247268 307249621
NPTRACE row 557 307263449 307266448
NPTRACE row 558 307280488 307282971
NPTRACE row 559 307295245 307295968
NPTRACE row 560 307313516 307316287
NPTRACE row 561 307325627 307328709
NPTRACE row 562 307342021 307345377
NPTRACE row 563 307360856 307362288
NPTRACE row 564 307380109 307382984
NPTRACE row 565 307393377 307395592
NPTRACE row 566 307413276 307416315
NPTRACE row 567 307426208 307429850
NPTRACE row 568 307444884 307445642
NPTRACE row 569 307464273 307466442
NPTRACE row 570 307479911 307483004
NPTRACE row 571 307493441 307495476
NPTRACE row 572 307513716 307516318
NPTRACE row 573 307528166 307533001
NPTRACE row 574 307546585 307549671
NPTRACE row 575 307564803 307567411
NPTRACE row 576 307580715 307583327
NPTRACE row 577 307593809 307595548
NPTRACE row 578 307613598 307616317
NPTRACE row 579 307628684 307628755
NPTRACE row 580 307647074 307649649
NPTRACE row 581 307662997 307666924
NPTRACE row 582 307680157 307683003
NPTRACE row 583 307696764 307699955
NPTRACE row 584 307713371 307716319
NPTRACE row 585 307728914 307732977
NPTRACE row 586 307751551 307753949
NPTRACE row 587 307766832 307770628
NPTRACE row 588 307779736 307783005
NPTRACE row 589 307794354 307795585
NPTRACE row 590 307813544 307816323
NPTRACE row 591 307826657 307829248
NPTRACE row 592 307841754 307845416
NPTRACE row 593 307861538 307862593
NPTRACE row 594 307880103 307883027
NPTRACE row 595 307893804 307895510
NPTRACE row 596 307913325 307916330
NPTRACE row 597 307928253 307928966
NPTRACE row 598 307946598 307949669
NPTRACE row 599 307963833 307966688
NPTRACE row 600 307980687 307983270
NPTRACE row 601 307995184 307995459
NPTRACE row 602 308013442 308016346
NPTRACE row 603 308025450 308028764
NPTRACE row 604 308041808 308045435
NPTRACE row 605 308060631 308062351
NPTRACE row 606 308080188 308083030
NPTRACE row 607 308093214 308095928
NPTRACE row 608 308108045 308112106
NPTRACE row 609 308127810 308128993
NPTRACE row 610 308146333 308149684
NPTRACE row 611 308161722 308166546
NPTRACE row 612 308179739 308183037
NPTRACE row 613 308194822 308199739
NPTRACE row 614 308212762 308216365
NPTRACE row 615 308227843 308229593
NPTRACE row 616 308246321 308249720
NPTRACE row 617 308262673 308266527
NPTRACE row 618 308279335 308283062
NPTRACE row 619 308293775 308295535
NPTRACE row 620 308313092 308316396
NPTRACE row 621 308327887 308328948
NPTRACE row 622 308346067 308349726
NPTRACE row 623 308364220 308366678
NPTRACE row 624 308380326 308383480
NPTRACE row 625 308395266 308395667
NPTRACE row 626 308413383 308416391
NPTRACE row 627 308428577 308428998
NPTRACE row 628 308446424 308449756
NPTRACE row 629 308459047 308462258
NPTRACE row 630 308474746 308478804
NPTRACE row 631 308494119 308496304
NPTRACE row 632 308512490 308516404
NPTRACE row 633 308527927 308528955
NPTRACE row 634 308546045 308549749
NPTRACE row 635 308561931 308562580
NPTRACE row 636 308579148 308583114
NPTRACE row 637 308591914 308595477
NPTRACE row 638 308607679 308608011
NPTRACE row 639 308628689 308629931
NPTRACE row 640 308645954 308649757
NPTRACE row 641 308662768 308666555
NPTRACE row 642 308679292 308683062
NPTRACE row 643 308694542 308695646
NPTRACE row 644 308712495 308716414
NPTRACE row 645 308728198 308728848
NPTRACE row 646 308745897 308749753
NPTRACE row 647 308763115 308766549
NPTRACE row 648 308784875 308787551
NPTRACE row 649 308799120 308799757
NPTRACE row 650 308812543 308816404
NPTRACE row 651 308828521 308829032
NPTRACE row 652 308846020 308849733
NPTRACE row 653 308862577 308866561
NPTRACE row 654 308879392 308883072
NPTRACE row 655 308895193 308896298
NPTRACE row 656 308912368 308916405
NPTRACE row 657 308924834 308928839
NPTRACE row 658 308940745 308941362
NPTRACE row 659 308959364 308962419
NPTRACE row 660 308979017 308983082
NPTRACE row 661 308991377 308995508
NPTRACE row 662 309007124 309008195
NPTRACE row 663 309027448 309029271
NPTRACE row 664 309044135 309045538
NPTRACE row 665 309066764 309070536
NPTRACE row 666 309079593 309083117
NPTRACE row 667 309094646 309096525
NPTRACE row 668 309112235 309116452
NPTRACE row 669 309126735 309129090
NPTRACE row 670 309145283 309145557
NPTRACE row 671 309163844 309166653
NPTRACE row 672 309179923 309183336
NPTRACE row 673 309193818 309195671
NPTRACE row 674 309212588 309216448
NPTRACE row 675 309227503 309229064
NPTRACE row 676 309246067 309249812
NPTRACE row 677 309262147 309262682
NPTRACE row 678 309279634 309283115
NPTRACE row 679 309300622 309304273
NPTRACE row 680 309314419 309316433
NPTRACE row 681 309327974 309329089
NPTRACE row 682 309345701 309349802
NPTRACE row 683 309362097 309362696
NPTRACE row 684 309378981 309383114
NPTRACE row 685 309394524 309395747
NPTRACE row 686 309412433 309416482
NPTRACE row 687 309430125 309433280
NPTRACE row 688 309445865 309449784
NPTRACE row 689 309461439 309462642
NPTRACE row 690 309478543 309478948
NPTRACE row 691 309494485 309496509
NPTRACE row 692 309512125 309512267
NPTRACE row 693 309526556 309533085
NPTRACE row 694 309546774 309549821
NPTRACE row 695 309563283 309566679
NPTRACE row 696 309579701 309583322
NPTRACE row 697 309594489 309596503
NPTRACE row 698 309612518 309616464
NPTRACE row 699 309627631 309633148
NPTRACE row 700 309647280 309649821
NPTRACE row 701 309658771 309662334
NPTRACE row 702 309673876 309674730
NPTRACE row 703 309695404 309696722
NPTRACE row 704 309717875 309720569
NPTRACE row 705 309725684 309728901
NPTRACE row 706 309740321 309741447
NPTRACE row 707 309760218 309762406
NPTRACE row 708 309778537 309778980
NPTRACE row 709 309795696 309799804
NPTRACE row 710 309815912 309816484
NPTRACE row 711 309833973 309837378
NPTRACE row 712 309848066 309849834
NPTRACE row 713 309860329 309862633
NPTRACE row 714 309878171 309878969
NPTRACE row 715 309893891 309895602
NPTRACE row 716 309911925 309912307
NPTRACE row 717 309926388 309929122
NPTRACE row 718 309945153 309945651
NPTRACE row 719 309963338 309966654
NPTRACE row 720 309979594 309983387
NPTRACE row 721 309994211 309995801
NPTRACE row 722 310012374 310016530
NPTRACE row 723 310027377 310028935
NPTRACE row 724 310045425 310045667
NPTRACE row 725 310060179 310062648
NPTRACE row 726 310078464 310079003
NPTRACE row 727 310095264 310096082
NPTRACE row 728 310111260 310112303
NPTRACE row 729 310126633 310129129
NPTRACE row 730 310145097 310145662
NPTRACE row 731 310160318 310162630
NPTRACE row 732 310177999 310178982
NPTRACE row 733 310192044 310195663
NPTRACE row 734 310211181 310212302
NPTRACE row 735 310227518 310229518
NPTRACE row 736 310244390 310245676
NPTRACE row 737 310260830 310262461
NPTRACE row 738 310277669 310279025
NPTRACE row 739 310294919 310295713
NPTRACE row 740 310311388 310312362
NPTRACE row 741 310326823 310329156
NPTRACE row 742 310344754 310345664
NPTRACE row 743 310363490 310366669
NPTRACE row 744 310378801 310379243
NPTRACE row 745 310394016 310395878
NPTRACE row 746 310411276 310412348
NPTRACE row 747 310426416 310429157
NPTRACE row 748 310444972 310445662
NPTRACE row 749 310460883 310462709
NPTRACE row 750 310477860 310479039
NPTRACE row 751 310496665 310500018
NPTRACE row 752 310511063 310512332
NPTRACE row 753 310527473 310528988
NPTRACE row 754 310544396 310545694
NPTRACE row 755 310560784 310564915
NPTRACE row 756 310578283 310579034
NPTRACE row 757 310593741 310595914
NPTRACE row 758 310610986 310612354
NPTRACE row 759 310627518 310633576
NPTRACE row 760 310647405 310649902
NPTRACE row 761 310660784 310662717
NPTRACE row 762 310684138 310687311
NPTRACE row 763 310694639 310695901
NPTRACE row 764 310710806 310712350
NPTRACE row 765 310725820 310729177
NPTRACE row 766 310744102 310745722
NPTRACE row 767 310762211 310767364
NPTRACE row 768 310782203 310783476
NPTRACE row 769 310794720 310795919
NPTRACE row 770 310811273 310812396
NPTRACE row 771 310829275 310833182
NPTRACE row 772 310848179 310849899
NPTRACE row 773 310864271 310866695
NPTRACE row 774 310877785 310879029
NPTRACE row 775 310893876 310896264
NPTRACE row 776 310909613 310912390
NPTRACE row 777 310926933 310929201
NPTRACE row 778 310942861 310945723
NPTRACE row 779 310960336 310966745
NPTRACE row 780 310980559 310983243
NPTRACE row 781 310990967 310991731
NPTRACE row 782 311005640 311008170
NPTRACE row 783 311026597 311029034
NPTRACE row 784 311041294 311041622
NPTRACE row 785 311061576 311062526
NPTRACE row 786 311075828 311079072
NPTRACE row 787 311093370 311095700
NPTRACE row 788 311116432 311116552
NPTRACE row 789 311125867 311129104
NPTRACE row 790 311153141 311154065
NPTRACE row 791 311165191 311180681
NPTRACE row 792 311188328 311191732
NPTRACE row 793 311205635 311208204
NPTRACE row 794 311220104 311220728
NPTRACE row 795 311231714 311233211
NPTRACE row 796 311245318 311245750
NPTRACE row 797 311261308 311262832
NPTRACE row 798 311275987 311279106
NPTRACE row 799 311294668 311296268
NPTRACE row 800 311309086 311312417
NPTRACE row 801 311325843 311329213
NPTRACE row 802 311342560 311345773
NPTRACE row 803 311360395 311362834
NPTRACE row 804 311375570 311379106
NPTRACE row 805 311392473 311395886
NPTRACE row 806 311409055 311412456
NPTRACE row 807 311426395 311429467
NPTRACE row 808 311442275 311445765
NPTRACE row 809 311460489 311462558
NPTRACE row 810 311475447 311479080
NPTRACE row 811 311493451 311495964
NPTRACE row 812 311509030 311512459
NPTRACE row 813 311525732 311529220
NPTRACE row 814 311542388 311545786
NPTRACE row 815 311560898 311567079
NPTRACE row 816 311582350 311583692
NPTRACE row 817 311595045 311596072
NPTRACE row 818 311609436 311612694
NPTRACE row 819 311627329 311632687
NPTRACE row 820 311647065 311650152
NPTRACE row 821 311660474 311662936
NPTRACE row 822 311675964 311679353
NPTRACE row 823 311693058 311696222
NPTRACE row 824 311709028 311712585
NPTRACE row 825 311726115 311729250
NPTRACE row 826 311742210 311745918
NPTRACE row 827 311760650 311764452
NPTRACE row 828 311778145 311779292
NPTRACE row 829 311794004 311796174
NPTRACE row 830 311808904 311812680
NPTRACE row 831 311826818 311829782
NPTRACE row 832 311842241 311846013
NPTRACE row 833 311861049 311863966
NPTRACE row 834 311876346 311879192
NPTRACE row 835 311895607 311896060
NPTRACE row 836 311908834 311912626
NPTRACE row 837 311926489 311929241
NPTRACE row 838 311942417 311946031
NPTRACE row 839 311960685 311962753
NPTRACE row 840 311976362 311979479
NPTRACE row 841 311994642 311996164
NPTRACE row 842 312009227 312012690
NPTRACE row 843 312027336 312029216
NPTRACE row 844 312042613 312046028
NPTRACE row 845 312060423 312062971
NPTRACE row 846 312075932 312079270
NPTRACE row 847 312095053 312096157
NPTRACE row 848 312108842 312112671
NPTRACE row 849 312125847 312129465
NPTRACE row 850 312142129 312146038
NPTRACE row 851 312158754 312162820
NPTRACE row 852 312175562 312179351
NPTRACE row 853 312194133 312196128
NPTRACE row 854 312208674 312212508
NPTRACE row 855 312226092 312231550
NPTRACE row 856 312246180 312250045
NPTRACE row 857 312260763 312262996
NPTRACE row 858 312275365 312279216
NPTRACE row 859 312293895 312296172
NPTRACE row 860 312308706 312312548
NPTRACE row 861 312326089 312329466
NPTRACE row 862 312341937 312345846
NPTRACE row 863 312359778 312363131
NPTRACE row 864 312377267 312379593
NPTRACE row 865 312391402 312391907
NPTRACE row 866 312409200 312412711
NPTRACE row 867 312425938 312429494
NPTRACE row 868 312442583 312446055
NPTRACE row 869 312460565 312462997
NPTRACE row 870 312476023 312479412
NPTRACE row 871 312494868 312496380
NPTRACE row 872 312508966 312512770
NPTRACE row 873 312527636 312529537
NPTRACE row 874 312542164 312546077
NPTRACE row 875 312559756 312562856
NPTRACE row 876 312575803 312579366
NPTRACE row 877 312593962 312596228
NPTRACE row 878 312617254 312620884
NPTRACE row 879 312628906 312629826
NPTRACE row 880 312642434 312646044
NPTRACE row 881 312660969 312663008
NPTRACE row 882 312675647 312679358
NPTRACE row 883 312693973 312696284
NPTRACE row 884 312708935 312712736
NPTRACE row 885 312726225 312729376
NPTRACE row 886 312742175 312746119
NPTRACE row 887 312760179 312763180
NPTRACE row 888 312777606 312779520
NPTRACE row 889 312794533 312796250
NPTRACE row 890 312809258 312812654
NPTRACE row 891 312827536 312829565
NPTRACE row 892 312842520 312846060
NPTRACE row 893 312860330 312862956
NPTRACE row 894 312876146 312880917
NPTRACE row 895 312898828 312909035
NPTRACE row 896 312920614 312920902
NPTRACE row 897 312933271 312933532
NPTRACE row 898 312947682 312950281
NPTRACE row 899 312961293 312963068
NPTRACE row 900 312975497 312979502
NPTRACE row 901 312994205 312996223
NPTRACE row 902 313011643 313012566
NPTRACE row 903 313026902 313029614
NPTRACE row 904 313042079 313046085
NPTRACE row 905 313058732 313062907
NPTRACE row 906 313075311 313079212
NPTRACE row 907 313094744 313096476
NPTRACE row 908 313108654 313112700
NPTRACE row 909 313127218 313133552
NPTRACE row 910 313147743 313150306
NPTRACE row 911 313159379 313162761
NPTRACE row 912 313171753 313175197
NPTRACE row 913 313188234 313192465
NPTRACE row 914 313209005 313212716
NPTRACE row 915 313226997 313229569
NPTRACE row 916 313242533 313246033
NPTRACE row 917 313260212 313263077
NPTRACE row 918 313275762 313279430
NPTRACE row 919 313294774 313296544
NPTRACE row 920 313308935 313312798
NPTRACE row 921 313326485 313329600
NPTRACE row 922 313342065 313345928
NPTRACE row 923 313358699 313362563
NPTRACE row 924 313375279 313379348
NPTRACE row 925 313393840 313396274
NPTRACE row 926 313408613 313412607
NPTRACE row 927 313427248 313433864
NPTRACE row 928 313447720 313450232
NPTRACE row 929 313460766 313463177
NPTRACE row 930 313474825 313475147
NPTRACE row 931 313493262 313496282
NPTRACE row 932 313508153 313508535
NPTRACE row 933 313523283 313525131
NPTRACE row 934 313541399 313541852
NPTRACE row 935 313559480 313563140
NPTRACE row 936 313575714 313579530
NPTRACE row 937 313593450 313596335
NPTRACE row 938 313608713 313612718
NPTRACE row 939 313626907 313629345
NPTRACE row 940 313644426 313646154
NPTRACE row 941 313658145 313658665
NPTRACE row 942 313674954 313675216
NPTRACE row 943 313694267 313696794
NPTRACE row 944 313708678 313712825
NPTRACE row 945 313726934 313729705
NPTRACE row 946 313741448 313741869
NPTRACE row 947 313757909 313758670
NPTRACE row 948 313774240 313775239
NPTRACE row 949 313793371 313796047
NPTRACE row 950 313807994 313808536
NPTRACE row 951 313827014 313829907
NPTRACE row 952 313841462 313841848
NPTRACE row 953 313859393 313862756
NPTRACE row 954 313874169 313875215
NPTRACE row 955 313893392 313895946
NPTRACE row 956 313919914 313920986
NPTRACE row 957 313933829 313937739
NPTRACE row 958 313948337 313950376
NPTRACE row 959 313960042 313963087
NPTRACE row 960 313971424 313975199
NPTRACE row 961 313987214 313987650
NPTRACE row 962 314007920 314008510
NPTRACE row 963 314025997 314029738
NPTRACE row 964 314041546 314041903
NPTRACE row 965 314060393 314062852
NPTRACE row 966 314074892 314075237
NPTRACE row 967 314093850 314096651
NPTRACE row 968 314108014 314108588
NPTRACE row 969 314123580 314125177
NPTRACE row 970 314140726 314141896
NPTRACE row 971 314160217 314166990
NPTRACE row 972 314180343 314183667
NPTRACE row 973 314195379 314196095
NPTRACE row 974 314208690 314212675
NPTRACE row 975 314226031 314229797
NPTRACE row 976 314240869 314241889
NPTRACE row 977 314257881 314258664
NPTRACE row 978 314273705 314275270
NPTRACE row 979 314294046 314296478
NPTRACE row 980 314307376 314308595
NPTRACE row 981 314323395 314325188
NPTRACE row 982 314340331 314341931
NPTRACE row 983 314359493 314362775
NPTRACE row 984 314374275 314375441
NPTRACE row 985 314393376 314396062
NPTRACE row 986 314407294 314408604
NPTRACE row 987 314426549 314429638
NPTRACE row 988 314440611 314441875
NPTRACE row 989 314459013 314463172
NPTRACE row 990 314474192 314475253
NPTRACE row 991 314493714 314500582
NPTRACE row 992 314512509 314512906
NPTRACE row 993 314527626 314529800
NPTRACE row 994 314540137 314543928
NPTRACE row 995 314556417 314558826
NPTRACE row 996 314573442 314575240
NPTRACE row 997 314589554 314592026
NPTRACE row 998 314606472 314608633
NPTRACE row 999 314626680 314629606
NPTRACE row 1000 314639866 314641961
NPTRACE row 1001 314658888 314662655
NPTRACE row 1002 314673045 314675244
NPTRACE row 1003 314693793 314696677
NPTRACE row 1004 314706610 314708631
NPTRACE row 1005 314722679 314725321
NPTRACE row 1006 314739644 314741906
NPTRACE row 1007 314756792 314759066
NPTRACE row 1008 314773723 314775503
NPTRACE row 1009 314789463 314791924
NPTRACE row 1010 314807148 314808583
NPTRACE row 1011 314822811 314825223
NPTRACE row 1012 314856197 314858637
NPTRACE row 1013 314869211 314871323
NPTRACE row 1014 314883409 314883685
NPTRACE row 1015 314894740 314896211
NPTRACE row 1016 314903670 314904430
NPTRACE row 1017 314919196 314921113
NPTRACE row 1018 314951175 314954843
NPTRACE row 1019 314971385 314975215
NPTRACE row 1020 314985545 314987805
NPTRACE row 1021 314999126 315000322
NPTRACE row 1022 315013315 315017045
NPTRACE row 1023 315028027 315034169
NPTRACE row 1024 315047031 315050587
NPTRACE row 1025 315060996 315067301
NPTRACE row 1026 315079248 315079693
NPTRACE row 1027 315095113 315096231
NPTRACE row 1028 315108951 315112918
NPTRACE row 1029 315123591 315125381
NPTRACE row 1030 315139835 315142120
NPTRACE row 1031 315160749 315163401
NPTRACE row 1032 315174756 315175581
NPTRACE row 1033 315193656 315196135
NPTRACE row 1034 315207657 315208771
NPTRACE row 1035 315223235 315225359
NPTRACE row 1036 315239989 315242090
NPTRACE row 1037 315260735 315263022
NPTRACE row 1038 315274018 315275470
NPTRACE row 1039 315294673 315296932
NPTRACE row 1040 315308870 315312794
NPTRACE row 1041 315325544 315333554
NPTRACE row 1042 315345828 315346651
NPTRACE row 1043 315360840 315363402
NPTRACE row 1044 315373643 315375435
NPTRACE row 1045 315389560 315393057
NPTRACE row 1046 315406498 315408810
NPTRACE row 1047 315423304 315425634
NPTRACE row 1048 315439134 315442161
NPTRACE row 1049 315459368 315467116
NPTRACE row 1050 315477671 315479794
NPTRACE row 1051 315493613 315496143
NPTRACE row 1052 315507197 315508763
NPTRACE row 1053 315522751 315525444
NPTRACE row 1054 315539268 315542118
NPTRACE row 1055 315560266 315567601
NPTRACE row 1056 315580307 315583851
NPTRACE row 1057 315594533 315596693
NPTRACE row 1058 315608494 315612803
NPTRACE row 1059 315625702 315629746
NPTRACE row 1060 315639998 315642143
NPTRACE row 1061 315660692 315663058
NPTRACE row 1062 315673700 315675465
NPTRACE row 1063 315693345 315696829
NPTRACE row 1064 315706767 315708835
NPTRACE row 1065 315726777 315729832
NPTRACE row 1066 315739957 315742155
NPTRACE row 1067 315760497 315763497
NPTRACE row 1068 315773834 315775490
NPTRACE row 1069 315793957 315796689
NPTRACE row 1070 315807124 315808812
NPTRACE row 1071 315827300 315830345
NPTRACE row 1072 315841217 315842130
NPTRACE row 1073 315859650 315862990
NPTRACE row 1074 315872431 315875500
NPTRACE row 1075 315892588 315896674
NPTRACE row 1076 315906032 315908783
NPTRACE row 1077 315926752 315929574
NPTRACE row 1078 315939879 315942175
NPTRACE row 1079 315964242 315967349
NPTRACE row 1080 315987662 315988114
NPTRACE row 1081 316010835 316013233
NPTRACE row 1082 316027448 316030124
NPTRACE row 1083 316041068 316042156
NPTRACE row 1084 316056521 316059657
NPTRACE row 1085 316073801 316075698
NPTRACE row 1086 316089084 316092357
NPTRACE row 1087 316105149 316108770
NPTRACE row 1088 316121898 316125354
NPTRACE row 1089 316130798 316133734
NPTRACE row 1090 316140302 316142053
NPTRACE row 1091 316152521 316154673
NPTRACE row 1092 316172092 316175498
NPTRACE row 1093 316189547 316193073
NPTRACE row 1094 316206812 316208820
NPTRACE row 1095 316226617 316229502
NPTRACE row 1096 316245699 316246359
NPTRACE row 1097 316261014 316263548
NPTRACE row 1098 316279257 316279587
NPTRACE row 1099 316292670 316296678
NPTRACE row 1100 316305285 316308836
NPTRACE row 1101 316323353 316326239
NPTRACE row 1102 316339939 316342169
NPTRACE row 1103 316359756 316363262
NPTRACE row 1104 316373023 316375694
NPTRACE row 1105 316390613 316392401
NPTRACE row 1106 316406821 316408841
NPTRACE row 1107 316425822 316429824
NPTRACE row 1108 316438767 316442201
NPTRACE row 1109 316460766 316465385
NPTRACE row 1110 316476184 316479809
NPTRACE row 1111 316492889 316496865
NPTRACE row 1112 316505859 316508848
NPTRACE row 1113 316525732 316529735
NPTRACE row 1114 316538320 316542181
NPTRACE row 1115 316559499 316562960
NPTRACE row 1116 316571647 316575443
NPTRACE row 1117 316593175 316596415
NPTRACE row 1118 316605987 316608881
NPTRACE row 1119 316627126 316629697
NPTRACE row 1120 316640903 316642222
NPTRACE row 1121 316659877 316662879
NPTRACE row 1122 316672988 316675527
NPTRACE row 1123 316689100 316692225
NPTRACE row 1124 316704311 316704757
NPTRACE row 1125 316722646 316726290
NPTRACE row 1126 316739727 316742203
NPTRACE row 1127 316756595 316759182
NPTRACE row 1128 316772259 316775725
NPTRACE row 1129 316789695 316792196
NPTRACE row 1130 316806251 316808891
NPTRACE row 1131 316827250 316829684
NPTRACE row 1132 316840869 316842223
NPTRACE row 1133 316856547 316859053
NPTRACE row 1134 316871708 316875543
NPTRACE row 1135 316891813 316892463
NPTRACE row 1136 316905843 316908883
NPTRACE row 1137 316922548 316926517
NPTRACE row 1138 316939845 316942297
NPTRACE row 1139 316956547 316959072
NPTRACE row 1140 316971106 316975347
NPTRACE row 1141 316989440 316992234
NPTRACE row 1142 317005527 317009322
NPTRACE row 1143 317029256 317030003
NPTRACE row 1144 317043488 317046526
NPTRACE row 1145 317061834 317063786
NPTRACE row 1146 317076212 317079849
NPTRACE row 1147 317091132 317092140
NPTRACE row 1148 317105089 317108897
NPTRACE row 1149 317123454 317125550
NPTRACE row 1150 317138283 317142190
NPTRACE row 1151 317160997 317163242
NPTRACE row 1152 317175268 317175737
NPTRACE row 1153 317189837 317192204
NPTRACE row 1154 317204856 317208762
NPTRACE row 1155 317223070 317225529
NPTRACE row 1156 317239211 317242245
NPTRACE row 1157 317259557 317263368
NPTRACE row 1158 317272282 317275530
NPTRACE row 1159 317293272 317296206
NPTRACE row 1160 317306789 317308872
NPTRACE row 1161 317322445 317325562
NPTRACE row 1162 317338308 317342041
NPTRACE row 1163 317359074 317363196
NPTRACE row 1164 317371610 317375426
NPTRACE row 1165 317389151 317392227
NPTRACE row 1166 317403786 317404732
NPTRACE row 1167 317422699 317425828
NPTRACE row 1168 317438243 317442147
NPTRACE row 1169 317456108 317459113
NPTRACE row 1170 317471072 317471406
NPTRACE row 1171 317489252 317492245
NPTRACE row 1172 317503644 317504789
NPTRACE row 1173 317522137 317526444
NPTRACE row 1174 317539498 317542239
NPTRACE row 1175 317556187 317559864
NPTRACE row 1176 317573974 317575704
NPTRACE row 1177 317588636 317592929
NPTRACE row 1178 317606510 317608899
NPTRACE row 1179 317621974 317626274
NPTRACE row 1180 317639932 317642235
NPTRACE row 1181 317655714 317659787
NPTRACE row 1182 317673175 317675592
NPTRACE row 1183 317688847 317692416
NPTRACE row 1184 317707617 317708926
NPTRACE row 1185 317721641 317725498
NPTRACE row 1186 317733392 317733880
NPTRACE row 1187 317750103 317750711
NPTRACE row 1188 317770912 317771450
NPTRACE row 1189 317788247 317792217
NPTRACE row 1190 317803803 317804767
NPTRACE row 1191 317822275 317826290
NPTRACE row 1192 317847162 317850573
NPTRACE row 1193 317856363 317858963
NPTRACE row 1194 317866814 317867309
NPTRACE row 1195 317883032 317883939
NPTRACE row 1196 317900002 317900564
NPTRACE row 1197 317920662 317921450
NPTRACE row 1198 317938194 317943016
NPTRACE row 1199 317956094 317959160
NPTRACE row 1200 317972237 317976299
NPTRACE row 1201 317988993 317992172
NPTRACE row 1202 318005025 318008907
NPTRACE row 1203 318019917 318021372
NPTRACE row 1204 318045447 318048432
NPTRACE row 1205 318060709 318063430
NPTRACE row 1206 318076746 318079871
NPTRACE row 1207 318091736 318092228
NPTRACE row 1208 318106101 318108821
NPTRACE row 1209 318116024 318117160
NPTRACE row 1210 318133023 318133864
NPTRACE row 1211 318153782 318154933
NPTRACE row 1212 318171076 318171376
NPTRACE row 1213 318187545 318188150
NPTRACE row 1214 318204844 318209612
NPTRACE row 1215 318223300 318225810
NPTRACE row 1216 318238340 318242240
NPTRACE row 1217 318257686 318259097
NPTRACE row 1218 318271777 318275523
NPTRACE row 1219 318282754 318283833
NPTRACE row 1220 318299730 318300578
NPTRACE row 1221 318320673 318321431
NPTRACE row 1222 318338211 318342999
NPTRACE row 1223 318356182 318359070
NPTRACE row 1224 318372259 318376473
NPTRACE row 1225 318389591 318392254
NPTRACE row 1226 318405138 318408950
NPTRACE row 1227 318420201 318421391
NPTRACE row 1228 318438640 318443046
NPTRACE row 1229 318456643 318459066
NPTRACE row 1230 318472127 318476345
NPTRACE row 1231 318489657 318492402
NPTRACE row 1232 318504516 318504746
NPTRACE row 1233 318519540 318521442
NPTRACE row 1234 318538288 318542906
NPTRACE row 1235 318554487 318554979
NPTRACE row 1236 318571567 318576356
NPTRACE row 1237 318588598 318592264
NPTRACE row 1238 318604427 318604757
NPTRACE row 1239 318630914 318634202
NPTRACE row 1240 318646195 318646382
NPTRACE row 1241 318660173 318663182
NPTRACE row 1242 318672563 318676349
NPTRACE row 1243 318688722 318692238
NPTRACE row 1244 318704252 318704769
NPTRACE row 1245 318719601 318721457
NPTRACE row 1246 318737602 318738113
NPTRACE row 1247 318760715 318763191
NPTRACE row 1248 318777178 318784241
NPTRACE row 1249 318794444 318796570
NPTRACE row 1250 318809166 318813156
NPTRACE row 1251 318822155 318825608
NPTRACE row 1252 318838439 318842236
NPTRACE row 1253 318849320 318850677
NPTRACE row 1254 318866027 318867222
NPTRACE row 1255 318887327 318888271
NPTRACE row 1256 318903907 318904772
NPTRACE row 1257 318919482 318921499
NPTRACE row 1258 318937307 318938126
NPTRACE row 1259 318953104 318964371
NPTRACE row 1260 318973783 318975615
NPTRACE row 1261 318986371 318988152
NPTRACE row 1262 319003913 319004796
NPTRACE row 1263 319021817 319025519
NPTRACE row 1264 319037775 319038207
NPTRACE row 1265 319054546 319055068
NPTRACE row 1266 319077428 319079986
NPTRACE row 1267 319090215 319092456
NPTRACE row 1268 319104988 319109512
NPTRACE row 1269 319136057 319138167
NPTRACE row 1270 319147812 319150729
NPTRACE row 1271 319162630 319163775
NPTRACE row 1272 319178562 319184386
NPTRACE row 1273 319197298 319200883
NPTRACE row 1274 319211402 319217443
NPTRACE row 1275 319230196 319233902
NPTRACE row 1276 319250989 319254712
NPTRACE row 1277 319266661 319267700
NPTRACE row 1278 319279587 319284155
NPTRACE row 1279 319301348 319304711
NPTRACE row 1280 319313802 319317343
NPTRACE row 1281 319326684 319330096
NPTRACE row 1282 319344000 319347051
NPTRACE row 1283 319357187 319359201
NPTRACE row 1284 319371787 319375745
NPTRACE row 1285 319387938 319388255
NPTRACE row 1286 319404353 319404895
NPTRACE row 1287 319421281 319421738
NPTRACE row 1288 319437584 319438229
NPTRACE row 1289 319455770 319459217
NPTRACE row 1290 319471174 319471571
NPTRACE row 1291 319490780 319492451
NPTRACE row 1292 319505425 319509142
NPTRACE row 1293 319521186 319521604
NPTRACE row 1294 319537622 319538240
NPTRACE row 1295 319555929 319559225
NPTRACE row 1296 319572196 319575792
NPTRACE row 1297 319586923 319588249
NPTRACE row 1298 319604569 319604912
NPTRACE row 1299 319615587 319617340
NPTRACE row 1300 319632631 319634012
NPTRACE row 1301 319655392 319659082
NPTRACE row 1302 319671211 319671587
NPTRACE row 1303 319688988 319692608
NPTRACE row 1304 319705164 319709040
NPTRACE row 1305 319721055 319721588
NPTRACE row 1306 319737702 319738257
NPTRACE row 1307 319755388 319759104
NPTRACE row 1308 319771163 319771593
NPTRACE row 1309 319787670 319788273
NPTRACE row 1310 319804248 319804927
NPTRACE row 1311 319821995 319825654
NPTRACE row 1312 319837658 319838262
NPTRACE row 1313 319853274 319855140
NPTRACE row 1314 319870914 319871594
NPTRACE row 1315 319887847 319888311
NPTRACE row 1316 319904157 319904927
NPTRACE row 1317 319920311 319921617
NPTRACE row 1318 319937672 319938268
NPTRACE row 1319 319956064 319959449
NPTRACE row 1320 319972313 319976642
NPTRACE row 1321 319988960 319992470
NPTRACE row 1322 320003934 320004938
NPTRACE row 1323 320015161 320017373
NPTRACE row 1324 320032266 320034139
NPTRACE row 1325 320053894 320055164
NPTRACE row 1326 320071208 320071610
NPTRACE row 1327 320093965 320097925
NPTRACE row 1328 320113297 320117310
NPTRACE row 1329 320122061 320125708
NPTRACE row 1330 320132083 320134052
NPTRACE row 1331 320154515 320155154
NPTRACE row 1332 320170605 320171618
NPTRACE row 1333 320185772 320188357
NPTRACE row 1334 320203467 320204960
NPTRACE row 1335 320220588 320221736
NPTRACE row 1336 320237417 320238286
NPTRACE row 1337 320266735 320267578
NPTRACE row 1338 320280866 320284275
NPTRACE row 1339 320295151 320296789
NPTRACE row 1340 320309875 320313614
NPTRACE row 1341 320322615 320325815
NPTRACE row 1342 320338378 320342851
NPTRACE row 1343 320356406 320359424
NPTRACE row 1344 320372310 320376558
NPTRACE row 1345 320388465 320392355
NPTRACE row 1346 320403074 320404972
NPTRACE row 1347 320414775 320417400
NPTRACE row 1348 320431989 320434071
NPTRACE row 1349 320454079 320455180
NPTRACE row 1350 320471009 320471633
NPTRACE row 1351 320481699 320484151
NPTRACE row 1352 320498162 320500913
NPTRACE row 1353 320517147 320517580
NPTRACE row 1354 320539881 320542519
NPTRACE row 1355 320556006 320559676
NPTRACE row 1356 320570891 320571625
NPTRACE row 1357 320581228 320584073
NPTRACE row 1358 320597833 320600980
NPTRACE row 1359 320625076 320626089
NPTRACE row 1360 320639487 320642475
NPTRACE row 1361 320652583 320655186
NPTRACE row 1362 320669862 320671639
NPTRACE row 1363 320680690 320684076
NPTRACE row 1364 320697776 320700732
NPTRACE row 1365 320717919 320721674
NPTRACE row 1366 320736710 320738309
NPTRACE row 1367 320747814 320750950
NPTRACE row 1368 320765067 320767535
NPTRACE row 1369 320780889 320784199
NPTRACE row 1370 320803147 320805008
NPTRACE row 1371 320818828 320821661
NPTRACE row 1372 320831096 320834085
NPTRACE row 1373 320847677 320850870
NPTRACE row 1374 320870770 320871672
NPTRACE row 1375 320886677 320888474
NPTRACE row 1376 320902468 320905049
NPTRACE row 1377 320917939 320921621
NPTRACE row 1378 320930809 320934093
NPTRACE row 1379 320947652 320950882
NPTRACE row 1380 320969408 320971693
NPTRACE row 1381 320984575 320988282
NPTRACE row 1382 320997200 321000759
NPTRACE row 1383 321013862 321017533
NPTRACE row 1384 321035654 321038367
NPTRACE row 1385 321052831 321055113
NPTRACE row 1386 321069651 321071659
NPTRACE row 1387 321085606 321088350
NPTRACE row 1388 321115038 321117392
NPTRACE row 1389 321130333 321134197
NPTRACE row 1390 321143209 321146803
NPTRACE row 1391 321161326 321163545
NPTRACE row 1392 321174444 321176040
NPTRACE row 1393 321189011 321192472
NPTRACE row 1394 321198254 321200780
NPTRACE row 1395 321213684 321217445
NPTRACE row 1396 321236409 321238361
NPTRACE row 1397 321252881 321255127
NPTRACE row 1398 321264034 321267445
NPTRACE row 1399 321280529 321284244
NPTRACE row 1400 321304128 321305043
NPTRACE row 1401 321318527 321321706
NPTRACE row 1402 321336709 321338389
NPTRACE row 1403 321352580 321355109
NPTRACE row 1404 321363590 321367457
NPTRACE row 1405 321380089 321384060
NPTRACE row 1406 321404500 321404990
NPTRACE row 1407 321419517 321421905
NPTRACE row 1408 321436662 321438343
NPTRACE row 1409 321452042 321455094
NPTRACE row 1410 321470023 321471621
NPTRACE row 1411 321485159 321488326
NPTRACE row 1412 321506806 321509150
NPTRACE row 1413 321520880 321521659
NPTRACE row 1414 321536085 321538332
NPTRACE row 1415 321552359 321555164
NPTRACE row 1416 321570586 321571817
NPTRACE row 1417 321585483 321588335
NPTRACE row 1418 321596913 321600766
NPTRACE row 1419 321613329 321617361
NPTRACE row 1420 321634444 321638353
NPTRACE row 1421 321651835 321655090
NPTRACE row 1422 321675481 321675845
NPTRACE row 1423 321689725 321693602
NPTRACE row 1424 321704356 321705028
NPTRACE row 1425 321716663 321717556
NPTRACE row 1426 321729705 321729969
NPTRACE row 1427 321746186 321746906
NPTRACE row 1428 321767744 321771681
NPTRACE row 1429 321786274 321788338
NPTRACE row 1430 321796173 321796787
NPTRACE row 1431 321812808 321813520
NPTRACE row 1432 321834928 321838353
NPTRACE row 1433 321852427 321855137
NPTRACE row 1434 321868779 321871699
NPTRACE row 1435 321885245 321888358
NPTRACE row 1436 321896238 321896748
NPTRACE row 1437 321912427 321913368
NPTRACE row 1438 321934658 321938371
NPTRACE row 1439 321953560 321955372
NPTRACE row 1440 321963829 321967523
NPTRACE row 1441 321979295 321980050
NPTRACE row 1442 321997084 322000803
NPTRACE row 1443 322016765 322017546
NPTRACE row 1444 322035810 322038365
NPTRACE row 1445 322046213 322046831
NPTRACE row 1446 322062978 322063364
NPTRACE row 1447 322082510 322084415
NPTRACE row 1448 322102357 322105050
NPTRACE row 1449 322116308 322117550
NPTRACE row 1450 322141336 322142524
NPTRACE row 1451 322150272 322150996
NPTRACE row 1452 322162762 322163349
NPTRACE row 1453 322183829 322184214
NPTRACE row 1454 322202301 322205049
NPTRACE row 1455 322212924 322213585
NPTRACE row 1456 322229461 322230024
NPTRACE row 1457 322251235 322255118
NPTRACE row 1458 322268968 322271719
NPTRACE row 1459 322287408 322288413
NPTRACE row 1460 322302699 322305059
NPTRACE row 1461 322315334 322317570
NPTRACE row 1462 322335340 322338395
NPTRACE row 1463 322351753 322355123
NPTRACE row 1464 322369247 322371826
NPTRACE row 1465 322384014 322384256
NPTRACE row 1466 322401991 322405074
NPTRACE row 1467 322415378 322417576
NPTRACE row 1468 322435382 322438396
NPTRACE row 1469 322451235 322455207
NPTRACE row 1470 322468789 322471739
NPTRACE row 1471 322489277 322492637
NPTRACE row 1472 322503594 322505073
NPTRACE row 1473 322515617 322517522
NPTRACE row 1474 322535589 322538410
NPTRACE row 1475 322548544 322551077
NPTRACE row 1476 322567911 322571744
NPTRACE row 1477 322583895 322584267
NPTRACE row 1478 322601764 322605086
NPTRACE row 1479 322615120 322617814
NPTRACE row 1480 322634809 322638416
NPTRACE row 1481 322648434 322651152
NPTRACE row 1482 322668481 322671751
NPTRACE row 1483 322682161 322684247
NPTRACE row 1484 322701399 322705095
NPTRACE row 1485 322714622 322717614
NPTRACE row 1486 322734694 322738424
NPTRACE row 1487 322749272 322751552
NPTRACE row 1488 322768855 322771861
NPTRACE row 1489 322778867 322780027
NPTRACE row 1490 322795759 322796686
NPTRACE row 1491 322815066 322817625
NPTRACE row 1492 322835320 322838432
NPTRACE row 1493 322848438 322851149
NPTRACE row 1494 322868328 322871771
NPTRACE row 1495 322881327 322884398
NPTRACE row 1496 322911737 322913720
NPTRACE row 1497 322923815 322926123
NPTRACE row 1498 322937362 322938428
NPTRACE row 1499 322948665 322951183
NPTRACE row 1500 322967874 322971669
NPTRACE row 1501 322982191 322984300
NPTRACE row 1502 323001344 323005113
NPTRACE row 1503 323012144 323013650
NPTRACE row 1504 323028410 323030039
NPTRACE row 1505 323048624 323051174
NPTRACE row 1506 323069033 323071718
NPTRACE row 1507 323078000 323080043
NPTRACE row 1508 323095041 323096705
NPTRACE row 1509 323112851 323117911
NPTRACE row 1510 323133764 323134451
NPTRACE row 1511 323149267 323151203
NPTRACE row 1512 323162337 323163500
NPTRACE row 1513 323178439 323180051
NPTRACE row 1514 323197818 323200978
NPTRACE row 1515 323217306 323217780
NPTRACE row 1516 323231842 323234292
NPTRACE row 1517 323251301 323255030
NPTRACE row 1518 323264555 323267625
NPTRACE row 1519 323285535 323288692
NPTRACE row 1520 323299449 323300951
NPTRACE row 1521 323316516 323317804
NPTRACE row 1522 323328458 323330060
NPTRACE row 1523 323344811 323346850
NPTRACE row 1524 323365441 323367648
NPTRACE row 1525 323383171 323384456
NPTRACE row 1526 323394868 323396729
NPTRACE row 1527 323411574 323413548
NPTRACE row 1528 323428433 323430064
NPTRACE row 1529 323446535 323447137
NPTRACE row 1530 323469855 323471738
NPTRACE row 1531 323478066 323480071
NPTRACE row 1532 323494803 323496736
NPTRACE row 1533 323513057 323518007
NPTRACE row 1534 323534495 323538382
NPTRACE row 1535 323548805 323551376
NPTRACE row 1536 323570873 323571905
NPTRACE row 1537 323579338 323580165
NPTRACE row 1538 323595008 323596744
NPTRACE row 1539 323613258 323613619
NPTRACE row 1540 323637975 323638605
NPTRACE row 1541 323647620 323651120
NPTRACE row 1542 323661530 323663417
NPTRACE row 1543 323678474 323680238
NPTRACE row 1544 323699026 323701035
NPTRACE row 1545 323716391 323717830
NPTRACE row 1546 323727886 323730088
NPTRACE row 1547 323744614 323746881
NPTRACE row 1548 323762706 323767816
NPTRACE row 1549 323783340 323784501
NPTRACE row 1550 323797819 323801057
NPTRACE row 1551 323817043 323818245
NPTRACE row 1552 323828081 323830102
NPTRACE row 1553 323844524 323846891
NPTRACE row 1554 323864807 323867647
NPTRACE row 1555 323882965 323884512
NPTRACE row 1556 323898959 323901042
NPTRACE row 1557 323916351 323917846
NPTRACE row 1558 323932353 323934388
NPTRACE row 1559 323951654 323955084
NPTRACE row 1560 323966164 323967838
NPTRACE row 1561 323983165 323984505
NPTRACE row 1562 324001571 324005111
NPTRACE row 1563 324016603 324017853
NPTRACE row 1564 324032191 324034377
NPTRACE row 1565 324051827 324055219
NPTRACE row 1566 324065545 324067722
NPTRACE row 1567 324085041 324088421
NPTRACE row 1568 324094758 324096786
NPTRACE row 1569 324110829 324113457
NPTRACE row 1570 324130830 324134379
NPTRACE row 1571 324150218 324151327
NPTRACE row 1572 324163610 324167686
NPTRACE row 1573 324177412 324180127
NPTRACE row 1574 324194653 324196797
NPTRACE row 1575 324212504 324213991
NPTRACE row 1576 324233559 324234530
NPTRACE row 1577 324246318 324247332
NPTRACE row 1578 324266603 324267875
NPTRACE row 1579 324277754 324280138
NPTRACE row 1580 324294221 324296805
NPTRACE row 1581 324313980 324317735
NPTRACE row 1582 324332801 324334540
NPTRACE row 1583 324349773 324351493
NPTRACE row 1584 324367509 324368160
NPTRACE row 1585 324379460 324380583
NPTRACE row 1586 324400383 324401310
NPTRACE row 1587 324412763 324413904
NPTRACE row 1588 324433660 324434644
NPTRACE row 1589 324448639 324451369
NPTRACE row 1590 324466773 324467981
NPTRACE row 1591 324478091 324480334
NPTRACE row 1592 324494154 324496871
NPTRACE row 1593 324512747 324513660
NPTRACE row 1594 324533352 324534628
NPTRACE row 1595 324545056 324547005
NPTRACE row 1596 324561328 324563539
NPTRACE row 1597 324579013 324580543
NPTRACE row 1598 324599833 324601394
NPTRACE row 1599 324611746 324613850
NPTRACE row 1600 324627564 324630206
NPTRACE row 1601 324647994 324651157
NPTRACE row 1602 324666318 324667874
NPTRACE row 1603 324679592 324684613
NPTRACE row 1604 324699740 324701258
NPTRACE row 1605 324714131 324717813
NPTRACE row 1606 324732741 324734655
NPTRACE row 1607 324746500 324747595
NPTRACE row 1608 324766898 324768277
NPTRACE row 1609 324784813 324788620
NPTRACE row 1610 324799993 324801441
NPTRACE row 1611 324810837 324813554
NPTRACE row 1612 324827545 324830219
NPTRACE row 1613 324845565 324847401
NPTRACE row 1614 324866284 324868027
NPTRACE row 1615 324879683 324880791
NPTRACE row 1616 324899222 324901551
NPTRACE row 1617 324912355 324913607
NPTRACE row 1618 324932422 324934742
NPTRACE row 1619 324954608 324955511
NPTRACE row 1620 324969379 324971984
NPTRACE row 1621 324981279 324984426
NPTRACE row 1622 324999041 325001562
NPTRACE row 1623 325014877 325017881
NPTRACE row 1624 325032744 325034911
NPTRACE row 1625 325046246 325047455
NPTRACE row 1626 325065675 325068248
NPTRACE row 1627 325079334 325080639
NPTRACE row 1628 325099242 325101451
NPTRACE row 1629 325114873 325117856
NPTRACE row 1630 325132921 325134691
NPTRACE row 1631 325144496 325147211
NPTRACE row 1632 325161163 325163702
NPTRACE row 1633 325179292 325180493
NPTRACE row 1634 325200167 325201368
NPTRACE row 1635 325214239 325217890
NPTRACE row 1636 325232871 325234644
NPTRACE row 1637 325248669 325251400
NPTRACE row 1638 325268446 325271986
NPTRACE row 1639 325277940 325280344
NPTRACE row 1640 325293514 325296923
NPTRACE row 1641 325313013 325313986
NPTRACE row 1642 325332311 325334772
NPTRACE row 1643 325348017 325351350
NPTRACE row 1644 325365847 325368163
NPTRACE row 1645 325379187 325380586
NPTRACE row 1646 325398929 325401295
NPTRACE row 1647 325414453 325417819
NPTRACE row 1648 325431911 325434740
NPTRACE row 1649 325446053 325447435
NPTRACE row 1650 325465352 325468103
NPTRACE row 1651 325479026 325480276
NPTRACE row 1652 325498679 325501271
NPTRACE row 1653 325512125 325513607
NPTRACE row 1654 325532004 325534677
NPTRACE row 1655 325549359 325551472
NPTRACE row 1656 325566703 325568086
NPTRACE row 1657 325578935 325580288
NPTRACE row 1658 325599159 325601370
NPTRACE row 1659 325613464 325617712
NPTRACE row 1660 325632717 325634637
NPTRACE row 1661 325644354 325647043
NPTRACE row 1662 325660278 325663576
NPTRACE row 1663 325679053 325680874
NPTRACE row 1664 325703059 325705286
NPTRACE row 1665 325713327 325714788
NPTRACE row 1666 325732413 325734592
NPTRACE row 1667 325746050 325747453
NPTRACE row 1668 325766204 325768211
NPTRACE row 1669 325780744 325784373
NPTRACE row 1670 325798609 325801244
NPTRACE row 1671 325812384 325813742
NPTRACE row 1672 325831708 325834673
NPTRACE row 1673 325847400 325851259
NPTRACE row 1674 325865300 325867899
NPTRACE row 1675 325878736 325880622
NPTRACE row 1676 325898540 325901229
NPTRACE row 1677 325912343 325913669
NPTRACE row 1678 325931809 325934688
NPTRACE row 1679 325946599 325947685
NPTRACE row 1680 325965684 325968145
NPTRACE row 1681 325980054 325980324
NPTRACE row 1682 325998613 326001356
NPTRACE row 1683 326014023 326017862
NPTRACE row 1684 326032326 326034567
NPTRACE row 1685 326047598 326051270
NPTRACE row 1686 326065932 326068020
NPTRACE row 1687 326083428 326084657
NPTRACE row 1688 326099630 326101459
NPTRACE row 1689 326115216 326117901
NPTRACE row 1690 326130880 326134680
NPTRACE row 1691 326143550 326147080
NPTRACE row 1692 326159312 326159540
NPTRACE row 1693 326178690 326180373
NPTRACE row 1694 326207371 326209468
NPTRACE row 1695 326216714 326217980
NPTRACE row 1696 326226524 326230288
NPTRACE row 1697 326246139 326247287
NPTRACE row 1698 326265083 326268082
NPTRACE row 1699 326276791 326280292
NPTRACE row 1700 326292937 326296892
NPTRACE row 1701 326314450 326317897
NPTRACE row 1702 326331533 326334688
NPTRACE row 1703 326343997 326347165
NPTRACE row 1704 326359951 326363745
NPTRACE row 1705 326378666 326380369
NPTRACE row 1706 326398064 326401268
NPTRACE row 1707 326415642 326417901
NPTRACE row 1708 326431707 326434602
NPTRACE row 1709 326447730 326451496
NPTRACE row 1710 326464602 326468166
NPTRACE row 1711 326477472 326480468
NPTRACE row 1712 326492393 326492858
NPTRACE row 1713 326513519 326513748
NPTRACE row 1714 326531562 326534656
NPTRACE row 1715 326543461 326547050
NPTRACE row 1716 326559116 326559482
NPTRACE row 1717 326577468 326580410
NPTRACE row 1718 326597715 326601354
NPTRACE row 1719 326614348 326618018
NPTRACE row 1720 326630089 326630549
NPTRACE row 1721 326646344 326647219
NPTRACE row 1722 326664096 326667831
NPTRACE row 1723 326679037 326680411
NPTRACE row 1724 326696662 326697233
NPTRACE row 1725 326714395 326717938
NPTRACE row 1726 326730170 326730586
NPTRACE row 1727 326747779 326751339
NPTRACE row 1728 326765392 326768196
NPTRACE row 1729 326779660 326780416
NPTRACE row 1730 326797598 326801325
NPTRACE row 1731 326811356 326813993
NPTRACE row 1732 326830887 326834684
NPTRACE row 1733 326847278 326851342
NPTRACE row 1734 326863103 326863893
NPTRACE row 1735 326879338 326881904
NPTRACE row 1736 326896581 326897148
NPTRACE row 1737 326911156 326913774
NPTRACE row 1738 326929612 326930641
NPTRACE row 1739 326945997 326947256
NPTRACE row 1740 326962918 326963819
NPTRACE row 1741 326979721 326980643
NPTRACE row 1742 326995851 326997200
NPTRACE row 1743 327014715 327018190
NPTRACE row 1744 327030135 327030657
NPTRACE row 1745 327046441 327047386
NPTRACE row 1746 327062552 327064050
NPTRACE row 1747 327079623 327080526
NPTRACE row 1748 327098873 327101525
NPTRACE row 1749 327114391 327118043
NPTRACE row 1750 327130916 327134725
NPTRACE row 1751 327145696 327147781
NPTRACE row 1752 327165107 327168200
NPTRACE row 1753 327180158 327180527
NPTRACE row 1754 327199567 327201497
NPTRACE row 1755 327214097 327217969
NPTRACE row 1756 327231481 327236166
NPTRACE row 1757 327256214 327259687
NPTRACE row 1758 327271257 327272199
NPTRACE row 1759 327287032 327289162
NPTRACE row 1760 327303124 327305528
NPTRACE row 1761 327312246 327313775
NPTRACE row 1762 327325096 327326275
NPTRACE row 1763 327346431 327347443
NPTRACE row 1764 327363375 327364088
NPTRACE row 1765 327379156 327380594
NPTRACE row 1766 327396653 327397366
NPTRACE row 1767 327415985 327418117
NPTRACE row 1768 327430915 327434746
NPTRACE row 1769 327446496 327447405
NPTRACE row 1770 327462981 327463989
NPTRACE row 1771 327479552 327480570
NPTRACE row 1772 327496612 327497345
NPTRACE row 1773 327510838 327513829
NPTRACE row 1774 327529858 327530654
NPTRACE row 1775 327548508 327551545
NPTRACE row 1776 327565690 327568389
NPTRACE row 1777 327580133 327580620
NPTRACE row 1778 327597530 327601280
NPTRACE row 1779 327614587 327618106
NPTRACE row 1780 327631222 327634806
NPTRACE row 1781 327645702 327647787
NPTRACE row 1782 327665132 327668343
NPTRACE row 1783 327680784 327684581
NPTRACE row 1784 327696841 327697381
NPTRACE row 1785 327713532 327713986
NPTRACE row 1786 327729802 327730742
NPTRACE row 1787 327747891 327751400
NPTRACE row 1788 327763284 327764076
NPTRACE row 1789 327779056 327784325
NPTRACE row 1790 327799868 327801638
NPTRACE row 1791 327810726 327814026
NPTRACE row 1792 327824801 327826318
NPTRACE row 1793 327845671 327847449
NPTRACE row 1794 327863127 327864160
NPTRACE row 1795 327879857 327880611
NPTRACE row 1796 327896743 327897412
NPTRACE row 1797 327914036 327917874
NPTRACE row 1798 327929985 327930750
NPTRACE row 1799 327945595 327947392
NPTRACE row 1800 327976883 327980404
NPTRACE row 1801 327990005 327993120
NPTRACE row 1802 328005179 328005560
NPTRACE row 1803 328018382 328022291
NPTRACE row 1804 328034492 328034907
NPTRACE row 1805 328051949 328055395
NPTRACE row 1806 328069294 328072240
NPTRACE row 1807 328082370 328085734
NPTRACE row 1808 328098261 328101670
NPTRACE row 1809 328112814 328113901
NPTRACE row 1810 328129466 328130754
NPTRACE row 1811 328147558 328151239
NPTRACE row 1812 328162878 328164141
NPTRACE row 1813 328177847 328181073
NPTRACE row 1814 328196105 328197565
NPTRACE row 1815 328214289 328218060
NPTRACE row 1816 328229340 328230730
NPTRACE row 1817 328248060 328251515
NPTRACE row 1818 328265578 328268249
NPTRACE row 1819 328282144 328284832
NPTRACE row 1820 328296780 328297398
NPTRACE row 1821 328314151 328317987
NPTRACE row 1822 328329439 328330780
NPTRACE row 1823 328345925 328347701
NPTRACE row 1824 328363370 328364330
NPTRACE row 1825 328380316 328380649
NPTRACE row 1826 328396595 328397426
NPTRACE row 1827 328413630 328414117
NPTRACE row 1828 328429987 328430800
NPTRACE row 1829 328446848 328447501
NPTRACE row 1830 328463449 328464119
NPTRACE row 1831 328478915 328481020
NPTRACE row 1832 328495937 328497438
NPTRACE row 1833 328515402 328518218
NPTRACE row 1834 328531034 328534897
NPTRACE row 1835 328546382 328547557
NPTRACE row 1836 328562801 328564216
NPTRACE row 1837 328578379 328581018
NPTRACE row 1838 328595896 328597402
NPTRACE row 1839 328620819 328622450
NPTRACE row 1840 328637178 328639045
NPTRACE row 1841 328646606 328647338
NPTRACE row 1842 328657493 328659716
NPTRACE row 1843 328677922 328680670
NPTRACE row 1844 328696292 328697459
NPTRACE row 1845 328711086 328719080
NPTRACE row 1846 328735161 328738787
NPTRACE row 1847 328746992 328751702
NPTRACE row 1848 328768624 328772259
NPTRACE row 1849 328786114 328789017
NPTRACE row 1850 328802298 328805641
NPTRACE row 1851 328817714 328818155
NPTRACE row 1852 328833636 328835025
NPTRACE row 1853 328849954 328851672
NPTRACE row 1854 328865391 328868314
NPTRACE row 1855 328881684 328885127
NPTRACE row 1856 328895997 328897492
NPTRACE row 1857 328912485 328914081
NPTRACE row 1858 328928826 328930977
NPTRACE row 1859 328945755 328947531
NPTRACE row 1860 328962152 328964203
NPTRACE row 1861 328978061 328980695
NPTRACE row 1862 328995656 328997497
NPTRACE row 1863 329010879 329014044
NPTRACE row 1864 329028812 329030822
NPTRACE row 1865 329050899 329051728
NPTRACE row 1866 329066498 329068277
NPTRACE row 1867 329077045 329080645
NPTRACE row 1868 329090167 329093092
NPTRACE row 1869 329106733 329110715
NPTRACE row 1870 329134442 329134810
NPTRACE row 1871 329145787 329147984
NPTRACE row 1872 329162907 329164414
NPTRACE row 1873 329182200 329184876
NPTRACE row 1874 329197853 329201648
NPTRACE row 1875 329212893 329214078
NPTRACE row 1876 329229073 329230838
NPTRACE row 1877 329243990 329247342
NPTRACE row 1878 329262196 329264375
NPTRACE row 1879 329278694 329280928
NPTRACE row 1880 329294704 329298034
NPTRACE row 1881 329313039 329314169
NPTRACE row 1882 329327379 329330788
NPTRACE row 1883 329348574 329351750
NPTRACE row 1884 329364674 329368380
NPTRACE row 1885 329380021 329380781
NPTRACE row 1886 329394980 329397588
NPTRACE row 1887 329414475 329418245
NPTRACE row 1888 329429206 329430815
NPTRACE row 1889 329446314 329447629
NPTRACE row 1890 329461983 329464235
NPTRACE row 1891 329477743 329480817
NPTRACE row 1892 329495496 329497607
NPTRACE row 1893 329512189 329514120
NPTRACE row 1894 329528742 329530924
NPTRACE row 1895 329546307 329547704
NPTRACE row 1896 329563191 329564456
NPTRACE row 1897 329578489 329580786
NPTRACE row 1898 329595685 329597566
NPTRACE row 1899 329612529 329614099
NPTRACE row 1900 329629274 329630989
NPTRACE row 1901 329646266 329648271
NPTRACE row 1902 329662916 329664300
NPTRACE row 1903 329678718 329680857
NPTRACE row 1904 329695473 329697631
NPTRACE row 1905 329712457 329714094
NPTRACE row 1906 329728836 329730980
NPTRACE row 1907 329745740 329747845
NPTRACE row 1908 329766207 329768306
NPTRACE row 1909 329776179 329776650
NPTRACE row 1910 329789624 329793135
NPTRACE row 1911 329806864 329813422
NPTRACE row 1912 329828007 329831035
NPTRACE row 1913 329845614 329847599
NPTRACE row 1914 329861897 329864341
NPTRACE row 1915 329877492 329880744
NPTRACE row 1916 329895169 329897586
NPTRACE row 1917 329912151 329914116
NPTRACE row 1918 329928510 329930886
NPTRACE row 1919 329944561 329947558
NPTRACE row 1920 329962099 329964459
NPTRACE row 1921 329978511 329980760
NPTRACE row 1922 329995537 329997591
NPTRACE row 1923 330011833 330014100
NPTRACE row 1924 330028778 330030886
NPTRACE row 1925 330045738 330047615
NPTRACE row 1926 330062159 330064289
NPTRACE row 1927 330077647 330080772
NPTRACE row 1928 330094736 330097650
NPTRACE row 1929 330110966 330114146
NPTRACE row 1930 330128348 330130866
NPTRACE row 1931 330146062 330147604
NPTRACE row 1932 330161801 330164252
NPTRACE row 1933 330177146 330180772
NPTRACE row 1934 330194906 330197578
NPTRACE row 1935 330215205 330218428
NPTRACE row 1936 330231086 330235048
NPTRACE row 1937 330246924 330247632
NPTRACE row 1938 330262215 330264317
NPTRACE row 1939 330277442 330280775
NPTRACE row 1940 330298418 330301736
NPTRACE row 1941 330313826 330318310
NPTRACE row 1942 330333619 330335205
NPTRACE row 1943 330349810 330351787
NPTRACE row 1944 330365371 330368627
NPTRACE row 1945 330379642 330380795
NPTRACE row 1946 330394890 330397506
NPTRACE row 1947 330410239 330414107
NPTRACE row 1948 330428117 330430969
NPTRACE row 1949 330442909 330443522
NPTRACE row 1950 330460871 330464330
NPTRACE row 1951 330480338 330480868
NPTRACE row 1952 330495572 330497927
NPTRACE row 1953 330510814 330514299
NPTRACE row 1954 330528786 330531172
NPTRACE row 1955 330545935 330547851
NPTRACE row 1956 330563833 330564461
NPTRACE row 1957 330578620 330581028
NPTRACE row 1958 330595161 330597953
NPTRACE row 1959 330610850 330614313
NPTRACE row 1960 330628517 330631326
NPTRACE row 1961 330646098 330647850
NPTRACE row 1962 330662134 330664521
NPTRACE row 1963 330678210 330681015
NPTRACE row 1964 330695442 330697852
NPTRACE row 1965 330711266 330714376
NPTRACE row 1966 330728334 330731126
NPTRACE row 1967 330745837 330747878
NPTRACE row 1968 330762695 330764551
NPTRACE row 1969 330778447 330780970
NPTRACE row 1970 330795305 330797753
NPTRACE row 1971 330811107 330814262
NPTRACE row 1972 330828548 330831238
NPTRACE row 1973 330849891 330852035
NPTRACE row 1974 330871302 330872559
NPTRACE row 1975 330886135 330889318
NPTRACE row 1976 330902677 330906050
NPTRACE row 1977 330916862 330918419
NPTRACE row 1978 330933199 330935383
NPTRACE row 1979 330948879 330952011
NPTRACE row 1980 330964660 330968396
NPTRACE row 1981 330978935 330980982
NPTRACE row 1982 330994380 330997779
NPTRACE row 1983 331012987 331014583
NPTRACE row 1984 331028600 331031254
NPTRACE row 1985 331045706 331047813
NPTRACE row 1986 331061364 331064395
NPTRACE row 1987 331078450 331080960
NPTRACE row 1988 331094614 331097729
NPTRACE row 1989 331111713 331114350
NPTRACE row 1990 331127371 331131149
NPTRACE row 1991 331144509 331147774
NPTRACE row 1992 331162006 331164572
NPTRACE row 1993 331177081 331180729
NPTRACE row 1994 331194375 331197753
NPTRACE row 1995 331218596 331222455
NPTRACE row 1996 331236061 331239283
NPTRACE row 1997 331249485 331252017
NPTRACE row 1998 331265738 331268723
NPTRACE row 1999 331282169 331285341
NPTRACE row 2000 331298179 331301795
NPTRACE row 2001 331312901 331314334
NPTRACE row 2002 331329859 331331857
NPTRACE row 2003 331348182 331351539
NPTRACE row 2004 331365588 331368605
NPTRACE row 2005 331381439 331385159
NPTRACE row 2006 331396861 331397936
NPTRACE row 2007 331411982 331414366
NPTRACE row 2008 331427587 331431213
NPTRACE row 2009 331445508 331447882
NPTRACE row 2010 331460932 331464576
NPTRACE row 2011 331477071 331480818
NPTRACE row 2012 331493915 331497802
NPTRACE row 2013 331514116 331518177
NPTRACE row 2014 331529394 331531222
NPTRACE row 2015 331544188 331547544
NPTRACE row 2016 331561159 331564415
NPTRACE row 2017 331577218 331580832
NPTRACE row 2018 331594213 331597823
NPTRACE row 2019 331611356 331614395
NPTRACE row 2020 331627628 331631325
NPTRACE row 2021 331644515 331647832
NPTRACE row 2022 331661070 331664496
NPTRACE row 2023 331685852 331689312
NPTRACE row 2024 331702327 331706086
NPTRACE row 2025 331715445 331718535
NPTRACE row 2026 331731640 331735310
NPTRACE row 2027 331748881 331752032
NPTRACE row 2028 331765002 331768643
NPTRACE row 2029 331778831 331781075
NPTRACE row 2030 331794419 331797901
NPTRACE row 2031 331810579 331814183
NPTRACE row 2032 331827074 331830885
NPTRACE row 2033 331845322 331847910
NPTRACE row 2034 331860737 331864439
NPTRACE row 2035 331877900 331881006
NPTRACE row 2036 331893718 331897582
NPTRACE row 2037 331909589 331910351
NPTRACE row 2038 331925425 331926791
NPTRACE row 2039 331944187 331947577
NPTRACE row 2040 331960990 331964410
NPTRACE row 2041 331977188 331980861
NPTRACE row 2042 331994002 331997819
NPTRACE row 2043 332011336 332014360
NPTRACE row 2044 332027346 332031110
NPTRACE row 2045 332042622 332043886
NPTRACE row 2046 332060219 332064113
NPTRACE row 2047 332078105 332081156
NPTRACE row 2048 332094179 332097669
NPTRACE row 2049 332111268 332114454
NPTRACE row 2050 332127214 332130953
NPTRACE row 2051 332142861 332146211
NPTRACE row 2052 332161890 332164481
NPTRACE row 2053 332177452 332181003
NPTRACE row 2054 332193810 332197433
NPTRACE row 2055 332210877 332214453
NPTRACE row 2056 332227272 332230965
NPTRACE row 2057 332244936 332247913
NPTRACE row 2058 332260689 332264502
NPTRACE row 2059 332276407 332277024
NPTRACE row 2060 332293048 332293589
NPTRACE row 2061 332310812 332314417
NPTRACE row 2062 332327131 332330798
NPTRACE row 2063 332344241 332347617
NPTRACE row 2064 332361522 332364547
NPTRACE row 2065 332380080 332381326
NPTRACE row 2066 332399497 332402021
NPTRACE row 2067 332413967 332431417
NPTRACE row 2068 332444719 332447791
NPTRACE row 2069 332460461 332464392
NPTRACE row 2070 332476107 332477072
NPTRACE row 2071 332489813 332493452
NPTRACE row 2072 332505109 332506281
NPTRACE row 2073 332519652 332522867
NPTRACE row 2074 332536376 332539621
NPTRACE row 2075 332549703 332552131
NPTRACE row 2076 332564798 332568595
NPTRACE row 2077 332578986 332581029
NPTRACE row 2078 332593769 332597659
NPTRACE row 2079 332610604 332614089
NPTRACE row 2080 332624224 332626894
NPTRACE row 2081 332648420 332651806
NPTRACE row 2082 332663777 332664801
NPTRACE row 2083 332677414 332681066
NPTRACE row 2084 332691008 332693490
NPTRACE row 2085 332707392 332710383
NPTRACE row 2086 332724435 332726825
NPTRACE row 2087 332741932 332746172
NPTRACE row 2088 332762290 332764723
NPTRACE row 2089 332777299 332781082
NPTRACE row 2090 332791796 332794328
NPTRACE row 2091 332810616 332814260
NPTRACE row 2092 332824712 332827042
NPTRACE row 2093 332842017 332846263
NPTRACE row 2094 332861794 332864644
NPTRACE row 2095 332877987 332881274
NPTRACE row 2096 332891970 332893463
NPTRACE row 2097 332907327 332910354
NPTRACE row 2098 332924570 332926950
NPTRACE row 2099 332949684 332951808
NPTRACE row 2100 332965177 332968899
NPTRACE row 2101 332984312 332985180
NPTRACE row 2102 332998369 333002089
NPTRACE row 2103 333012753 333014392
NPTRACE row 2104 333027643 333031125
NPTRACE row 2105 333044427 333047741
NPTRACE row 2106 333058138 333060433
NPTRACE row 2107 333073629 333076873
NPTRACE row 2108 333095415 333097860
NPTRACE row 2109 333109709 333110202
NPTRACE row 2110 333129426 333131318
NPTRACE row 2111 333148462 333151821
NPTRACE row 2112 333165079 333168497
NPTRACE row 2113 333178868 333181131
NPTRACE row 2114 333194575 333198001
NPTRACE row 2115 333210783 333214232
NPTRACE row 2116 333224587 333227082
NPTRACE row 2117 333241086 333247172
NPTRACE row 2118 333265444 333268765
NPTRACE row 2119 333279476 333281136
NPTRACE row 2120 333294426 333298032
NPTRACE row 2121 333309442 333314314
NPTRACE row 2122 333329609 333331392
NPTRACE row 2123 333349479 333360488
NPTRACE row 2124 333369323 333372991
NPTRACE row 2125 333380035 333381573
NPTRACE row 2126 333390579 333393431
NPTRACE row 2127 333402784 333406076
NPTRACE row 2128 333422199 333422764
NPTRACE row 2129 333444485 333447841
NPTRACE row 2130 333458096 333460512
NPTRACE row 2131 333475200 333476999
NPTRACE row 2132 333490347 333493500
NPTRACE row 2133 333506728 333510118
NPTRACE row 2134 333523719 333526872
NPTRACE row 2135 333540687 333543903
NPTRACE row 2136 333557964 333560328
NPTRACE row 2137 333575202 333577006
NPTRACE row 2138 333590901 333593830
NPTRACE row 2139 333606991 333610345
NPTRACE row 2140 333623996 333626853
NPTRACE row 2141 333643044 333643902
NPTRACE row 2142 333657333 333660275
NPTRACE row 2143 333673719 333677188
NPTRACE row 2144 333690679 333693513
NPTRACE row 2145 333706847 333710372
NPTRACE row 2146 333724062 333726953
NPTRACE row 2147 333740625 333746842
NPTRACE row 2148 333761981 333764726
NPTRACE row 2149 333776039 333777091
NPTRACE row 2150 333790210 333793530
NPTRACE row 2151 333806684 333810144
NPTRACE row 2152 333823514 333827625
NPTRACE row 2153 333840466 333843838
NPTRACE row 2154 333857146 333860377
NPTRACE row 2155 333873404 333876926
NPTRACE row 2156 333889851 333893915
NPTRACE row 2157 333906741 333910298
NPTRACE row 2158 333923300 333926884
NPTRACE row 2159 333947302 333947521
NPTRACE row 2160 333962887 333964810
NPTRACE row 2161 333976110 333977089
NPTRACE row 2162 333990449 333993756
NPTRACE row 2163 334009332 334010435
NPTRACE row 2164 334023818 334027021
NPTRACE row 2165 334043047 334043929
NPTRACE row 2166 334057470 334060303
NPTRACE row 2167 334073634 334077027
NPTRACE row 2168 334090144 334093549
NPTRACE row 2169 334106895 334110367
NPTRACE row 2170 334123795 334126969
NPTRACE row 2171 334143992 334147548
NPTRACE row 2172 334157053 334160417
NPTRACE row 2173 334172482 334176864
NPTRACE row 2174 334189660 334193486
NPTRACE row 2175 334207287 334210438
NPTRACE row 2176 334237668 334239621
NPTRACE row 2177 334250484 334252202
NPTRACE row 2178 334266236 334268990
NPTRACE row 2179 334280818 334281204
NPTRACE row 2180 334296082 334298095
NPTRACE row 2181 334311354 334314391
NPTRACE row 2182 334333706 334335306
NPTRACE row 2183 334345364 334348094
NPTRACE row 2184 334361320 334364645
NPTRACE row 2185 334374174 334377018
NPTRACE row 2186 334390525 334393921
NPTRACE row 2187 334409099 334410516
NPTRACE row 2188 334423936 334427090
NPTRACE row 2189 334441909 334443776
NPTRACE row 2190 334452606 334456022
NPTRACE row 2191 334469103 334472873
NPTRACE row 2192 334485613 334489326
NPTRACE row 2193 334505370 334506206
NPTRACE row 2194 334523583 334527221
NPTRACE row 2195 334539748 334543533
NPTRACE row 2196 334556710 334560280
NPTRACE row 2197 334579385 334581502
NPTRACE row 2198 334592828 334593800
NPTRACE row 2199 334606475 334610173
NPTRACE row 2200 334623654 334627030
NPTRACE row 2201 334639170 334639785
NPTRACE row 2202 334657357 334664158
NPTRACE row 2203 334680134 334681301
NPTRACE row 2204 334695905 334697972
NPTRACE row 2205 334710639 334714490
NPTRACE row 2206 334724019 334727233
NPTRACE row 2207 334746106 334747845
NPTRACE row 2208 334757482 334760406
NPTRACE row 2209 334769124 334772639
NPTRACE row 2210 334786040 334789510
NPTRACE row 2211 334805398 334806222
NPTRACE row 2212 334823517 334827121
NPTRACE row 2213 334840179 334843583
NPTRACE row 2214 334857479 334864780
NPTRACE row 2215 334878401 334881309
NPTRACE row 2216 334892377 334893835
NPTRACE row 2217 334906491 334910133
NPTRACE row 2218 334923687 334927162
NPTRACE row 2219 334940027 334943905
NPTRACE row 2220 334956930 334960405
NPTRACE row 2221 334972419 334972931
NPTRACE row 2222 334990786 334993747
NPTRACE row 2223 335005408 335006391
NPTRACE row 2224 335023654 335027086
NPTRACE row 2225 335040066 335043732
NPTRACE row 2226 335057169 335063723
NPTRACE row 2227 335077319 335081329
NPTRACE row 2228 335092074 335094119
NPTRACE row 2229 335105452 335106310
NPTRACE row 2230 335123723 335127096
NPTRACE row 2231 335140063 335143724
NPTRACE row 2232 335157712 335164104
NPTRACE row 2233 335177983 335181358
NPTRACE row 2234 335192799 335193829
NPTRACE row 2235 335206582 335210431
NPTRACE row 2236 335223707 335227308
NPTRACE row 2237 335240473 335243771
NPTRACE row 2238 335259283 335260560
NPTRACE row 2239 335274452 335277281
NPTRACE row 2240 335292991 335293937
NPTRACE row 2241 335306849 335310691
NPTRACE row 2242 335325499 335327308
NPTRACE row 2243 335340323 335343708
NPTRACE row 2244 335356853 335360613
NPTRACE row 2245 335372559 335373005
NPTRACE row 2246 335390331 335393762
NPTRACE row 2247 335404631 335406328
NPTRACE row 2248 335431690 335435392
NPTRACE row 2249 335447318 335448507
NPTRACE row 2250 335462567 335464764
NPTRACE row 2251 335477620 335481523
NPTRACE row 2252 335494584 335497916
NPTRACE row 2253 335507872 335510635
NPTRACE row 2254 335526397 335527320
NPTRACE row 2255 335541058 335544250
NPTRACE row 2256 335559628 335560570
NPTRACE row 2257 335573751 335577302
NPTRACE row 2258 335594280 335597815
NPTRACE row 2259 335608646 335610668
NPTRACE row 2260 335625989 335627326
NPTRACE row 2261 335641099 335643979
NPTRACE row 2262 335659528 335660452
NPTRACE row 2263 335674060 335677127
NPTRACE row 2264 335693109 335694045
NPTRACE row 2265 335707277 335710622
NPTRACE row 2266 335726576 335727479
NPTRACE row 2267 335741566 335744160
NPTRACE row 2268 335757304 335760584
NPTRACE row 2269 335773310 335776932
NPTRACE row 2270 335790479 335793983
NPTRACE row 2271 335805210 335806434
NPTRACE row 2272 335825058 335827218
NPTRACE row 2273 335838693 335839852
NPTRACE row 2274 335856761 335860434
NPTRACE row 2275 335872584 335873032
NPTRACE row 2276 335891798 335893782
NPTRACE row 2277 335905033 335906309
NPTRACE row 2278 335923200 335926934
NPTRACE row 2279 335939867 335943673
NPTRACE row 2280 335957187 335960586
NPTRACE row 2281 335982694 335985407
NPTRACE row 2282 335997247 335998086
NPTRACE row 2283 336012692 336014928
NPTRACE row 2284 336027406 336031034
NPTRACE row 2285 336041181 336044116
NPTRACE row 2286 336056863 336060451
NPTRACE row 2287 336073284 336076956
NPTRACE row 2288 336088907 336089815
NPTRACE row 2289 336104909 336106270
NPTRACE row 2290 336122380 336123204
NPTRACE row 2291 336139866 336143550
NPTRACE row 2292 336155606 336156409
NPTRACE row 2293 336171300 336172959
NPTRACE row 2294 336188559 336189648
NPTRACE row 2295 336204453 336206340
NPTRACE row 2296 336221918 336222892
NPTRACE row 2297 336237377 336239799
NPTRACE row 2298 336255747 336256475
NPTRACE row 2299 336272005 336272958
NPTRACE row 2300 336289101 336289733
NPTRACE row 2301 336304553 336306371
NPTRACE row 2302 336322069 336323148
NPTRACE row 2303 336337673 336340059
NPTRACE row 2304 336359481 336360400
NPTRACE row 2305 336380463 336381775
NPTRACE row 2306 336394968 336398240
NPTRACE row 2307 336408931 336410628
NPTRACE row 2308 336426320 336427300
NPTRACE row 2309 336440572 336444281
NPTRACE row 2310 336462202 336465087
NPTRACE row 2311 336475559 336477237
NPTRACE row 2312 336494248 336497738
NPTRACE row 2313 336507198 336510836
NPTRACE row 2314 336523611 336526959
NPTRACE row 2315 336537492 336539903
NPTRACE row 2316 336555321 336556362
NPTRACE row 2317 336578609 336581575
NPTRACE row 2318 336592364 336593995
NPTRACE row 2319 336606856 336610406
NPTRACE row 2320 336622089 336623202
NPTRACE row 2321 336649914 336652310
NPTRACE row 2322 336659437 336660520
NPTRACE row 2323 336668398 336668969
NPTRACE row 2324 336684249 336685460
NPTRACE row 2325 336703222 336706456
NPTRACE row 2326 336721843 336723275
NPTRACE row 2327 336737722 336739998
NPTRACE row 2328 336757040 336763560
NPTRACE row 2329 336775243 336777530
NPTRACE row 2330 336793095 336794214
NPTRACE row 2331 336807335 336810878
NPTRACE row 2332 336822568 336823045
NPTRACE row 2333 336834728 336835592
NPTRACE row 2334 336850018 336852056
NPTRACE row 2335 336871752 336873069
NPTRACE row 2336 336887853 336889697
NPTRACE row 2337 336904437 336906360
NPTRACE row 2338 336921602 336923283
NPTRACE row 2339 336942362 336943977
NPTRACE row 2340 336957308 336960646
NPTRACE row 2341 336971742 336972996
NPTRACE row 2342 336988247 336989764
NPTRACE row 2343 337003005 337006393
NPTRACE row 2344 337021480 337023299
NPTRACE row 2345 337044564 337048100
NPTRACE row 2346 337057438 337060742
NPTRACE row 2347 337071632 337073025
NPTRACE row 2348 337087882 337089728
NPTRACE row 2349 337104565 337106346
NPTRACE row 2350 337121484 337123287
NPTRACE row 2351 337138266 337139926
NPTRACE row 2352 337155366 337156411
NPTRACE row 2353 337179174 337181488
NPTRACE row 2354 337194476 337198186
NPTRACE row 2355 337207767 337210654
NPTRACE row 2356 337222721 337222975
NPTRACE row 2357 337233147 337235543
NPTRACE row 2358 337249852 337252091
NPTRACE row 2359 337271043 337273037
NPTRACE row 2360 337288342 337289768
NPTRACE row 2361 337303105 337306359
NPTRACE row 2362 337321904 337323239
NPTRACE row 2363 337338250 337339873
NPTRACE row 2364 337354756 337356341
NPTRACE row 2365 337373968 337377161
NPTRACE row 2366 337388893 337389773
NPTRACE row 2367 337405862 337406660
NPTRACE row 2368 337421452 337423193
NPTRACE row 2369 337444339 337448241
NPTRACE row 2370 337461370 337464860
NPTRACE row 2371 337474759 337478073
NPTRACE row 2372 337494798 337498008
NPTRACE row 2373 337518511 337518834
NPTRACE row 2374 337531477 337535317
NPTRACE row 2375 337551184 337552772
NPTRACE row 2376 337571468 337573023
NPTRACE row 2377 337586469 337589653
NPTRACE row 2378 337595921 337598015
NPTRACE row 2379 337604921 337606261
NPTRACE row 2380 337615862 337618776
NPTRACE row 2381 337637558 337639931
NPTRACE row 2382 337654888 337656463
NPTRACE row 2383 337669790 337673214
NPTRACE row 2384 337688269 337689778
NPTRACE row 2385 337698473 337702128
NPTRACE row 2386 337715697 337718848
NPTRACE row 2387 337737474 337739907
NPTRACE row 2388 337754672 337756392
NPTRACE row 2389 337776820 337777274
NPTRACE row 2390 337789789 337793765
NPTRACE row 2391 337805435 337806404
NPTRACE row 2392 337821199 337823330
NPTRACE row 2393 337837926 337839935
NPTRACE row 2394 337854725 337856412
NPTRACE row 2395 337865028 337868798
NPTRACE row 2396 337882312 337885496
NPTRACE row 2397 337903531 337906417
NPTRACE row 2398 337921062 337923205
NPTRACE row 2399 337937730 337938333
NPTRACE end b025783cc710debc
NPTRACE begin d3497d380eba28cb 2400 2400 1 0
NPTRACE row 0 504114648 504116041
NPTRACE row 1 504129424 504132229
NPTRACE row 2 504146410 504148998
NPTRACE row 3 504162402 504172932
NPTRACE row 4 504177471 504180063
NPTRACE row 5 504195784 504198989
NPTRACE row 6 504212651 504215622
NPTRACE row 7 504228858 504232039
NPTRACE row 8 504246748 504249138
NPTRACE row 9 504262648 504265434
NPTRACE row 10 504280063 504282315
NPTRACE row 11 504306435 504307171
NPTRACE row 12 504313467 504315763
NPTRACE row 13 504328878 504332093
NPTRACE row 14 504346708 504349075
NPTRACE row 15 504375081 504377995
NPTRACE row 16 504382742 504386387
NPTRACE row 17 504396726 504398939
NPTRACE row 18 504413504 504415662
NPTRACE row 19 504429820 504432099
NPTRACE row 20 504446881 504449424
NPTRACE row 21 504462719 504465479
NPTRACE row 22 504480845 504482425
NPTRACE row 23 504492733 504494676
NPTRACE row 24 504510992 504511369
NPTRACE row 25 504529774 504532152
NPTRACE row 26 504547016 504549065
NPTRACE row 27 504563595 504565474
NPTRACE row 28 504580380 504582393
NPTRACE row 29 504597463 504598979
NPTRACE row 30 504614017 504615676
NPTRACE row 31 504643287 504644754
NPTRACE row 32 504651073 504653012
NPTRACE row 33 504660641 504662197
NPTRACE row 34 504681362 504683959
NPTRACE row 35 504696284 504698987
NPTRACE row 36 504715842 504719583
NPTRACE row 37 504725652 504727907
NPTRACE row 38 504742397 504744576
NPTRACE row 39 504759016 504761238
NPTRACE row 40 504779574 504782183
NPTRACE row 41 504797322 504799253
NPTRACE row 42 504827121 504828334
NPTRACE row 43 504838766 504840682
NPTRACE row 44 504850278 504853060
NPTRACE row 45 504863596 504865693
NPTRACE row 46 504879042 504882185
NPTRACE row 47 504897603 504899228
NPTRACE row 48 504922933 504923863
NPTRACE row 49 504930800 504932466
NPTRACE row 50 504947378 504949138
NPTRACE row 51 504963831 504965825
NPTRACE row 52 504979149 504982310
NPTRACE row 53 504997711 504999311
NPTRACE row 54 505012303 505015607
NPTRACE row 55 505030656 505032470
NPTRACE row 56 505046013 505048977
NPTRACE row 57 505064415 505065970
NPTRACE row 58 505079184 505082318
NPTRACE row 59 505097637 505099362
NPTRACE row 60 505113279 505115662
NPTRACE row 61 505130506 505132410
NPTRACE row 62 505146634 505148988
NPTRACE row 63 505164261 505165918
NPTRACE row 64 505179435 505182483
NPTRACE row 65 505197393 505199341
NPTRACE row 66 505223090 505223887
NPTRACE row 67 505230851 505232368
NPTRACE row 68 505242132 505244683
NPTRACE row 69 505258763 505261346
NPTRACE row 70 505275386 505278021
NPTRACE row 71 505310019 505311643
NPTRACE row 72 505319262 505320164
NPTRACE row 73 505331317 505332454
NPTRACE row 74 505347426 505349219
NPTRACE row 75 505364063 505365709
NPTRACE row 76 505380461 505382546
NPTRACE row 77 505396825 505399197
NPTRACE row 78 505414245 505416082
NPTRACE row 79 505431052 505432403
NPTRACE row 80 505447243 505449215
NPTRACE row 81 505477662 505478618
NPTRACE row 82 505485832 505486427
NPTRACE row 83 505494125 505494868
NPTRACE row 84 505508505 505511383
NPTRACE row 85 505530581 505532547
NPTRACE row 86 505553981 505557495
NPTRACE row 87 505566627 505569784
NPTRACE row 88 505580451 505582540
NPTRACE row 89 505596488 505599201
NPTRACE row 90 505613284 505615608
NPTRACE row 91 505624919 505628068
NPTRACE row 92 505642140 505645017
NPTRACE row 93 505662931 505665720
NPTRACE row 94 505680435 505682442
NPTRACE row 95 505697346 505699217
NPTRACE row 96 505712953 505715632
NPTRACE row 97 505724914 505728075
NPTRACE row 98 505741600 505744875
NPTRACE row 99 505763205 505765975
NPTRACE row 100 505780293 505782480
NPTRACE row 101 505797984 505799233
NPTRACE row 102 505813285 505815630
NPTRACE row 103 505824760 505828079
NPTRACE row 104 505841433 505844886
NPTRACE row 105 505876757 505878284
NPTRACE row 106 505887202 505890852
NPTRACE row 107 505900042 505903320
NPTRACE row 108 505913930 505915873
NPTRACE row 109 505930476 505932379
NPTRACE row 110 505946891 505948990
NPTRACE row 111 505958202 505961429
NPTRACE row 112 505975078 505978107
NPTRACE row 113 506010158 506011710
NPTRACE row 114 506021614 506024187
NPTRACE row 115 506034307 506036713
NPTRACE row 116 506048228 506049270
NPTRACE row 117 506063961 506065809
NPTRACE row 118 506080515 506082362
NPTRACE row 119 506091897 506094920
NPTRACE row 120 506108698 506111597
NPTRACE row 121 506129791 506132473
NPTRACE row 122 506147066 506149356
NPTRACE row 123 506164441 506165843
NPTRACE row 124 506180473 506182567
NPTRACE row 125 506196336 506199298
NPTRACE row 126 506213607 506215732
NPTRACE row 127 506225583 506228375
NPTRACE row 128 506241593 506244935
NPTRACE row 129 506263470 506265808
NPTRACE row 130 506280132 506282333
NPTRACE row 131 506291824 506294939
NPTRACE row 132 506308216 506311482
NPTRACE row 133 506330906 506332513
NPTRACE row 134 506347431 506349173
NPTRACE row 135 506358116 506361489
NPTRACE row 136 506374868 506378165
NPTRACE row 137 506397293 506399411
NPTRACE row 138 506413382 506415854
NPTRACE row 139 506430402 506432459
NPTRACE row 140 506446976 506449079
NPTRACE row 141 506458331 506461626
NPTRACE row 142 506474923 506478171
NPTRACE row 143 506497767 506499334
NPTRACE row 144 506513255 506515966
NPTRACE row 145 506530536 506532508
NPTRACE row 146 506546081 506549548
NPTRACE row 147 506563929 506565821
NPTRACE row 148 506583818 506586659
NPTRACE row 149 506593122 506594974
NPTRACE row 150 506607739 506611516
NPTRACE row 151 506639894 506640755
NPTRACE row 152 506648306 506649292
NPTRACE row 153 506671486 506674081
NPTRACE row 154 506681119 506682598
NPTRACE row 155 506695832 506699260
NPTRACE row 156 506713013 506715788
NPTRACE row 157 506724369 506728194
NPTRACE row 158 506741053 506744972
NPTRACE row 159 506763578 506765892
NPTRACE row 160 506779233 506782676
NPTRACE row 161 506811116 506811840
NPTRACE row 162 506820595 506836906
NPTRACE row 163 506843858 506844983
NPTRACE row 164 506852283 506853379
NPTRACE row 165 506860416 506861741
NPTRACE row 166 506874155 506878111
NPTRACE row 167 506891101 506894961
NPTRACE row 168 506913022 506916086
NPTRACE row 169 506929970 506932579
NPTRACE row 170 506945455 506949086
NPTRACE row 171 506962994 506965760
NPTRACE row 172 506973709 506974062
NPTRACE row 173 506991053 506994913
NPTRACE row 174 507013792 507015891
NPTRACE row 175 507029322 507032447
NPTRACE row 176 507040377 507040729
NPTRACE row 177 507057096 507057382
NPTRACE row 178 507080140 507082547
NPTRACE row 179 507096209 507099087
NPTRACE row 180 507106733 507107382
NPTRACE row 181 507123414 507124057
NPTRACE row 182 507159436 507161562
NPTRACE row 183 507170984 507174269
NPTRACE row 184 507182098 507182963
NPTRACE row 185 507196738 507199205
NPTRACE row 186 507206478 507207383
NPTRACE row 187 507223155 507224056
NPTRACE row 188 507243244 507245042
NPTRACE row 189 507260994 507261931
NPTRACE row 190 507277729 507278680
NPTRACE row 191 507295780 507299174
NPTRACE row 192 507307529 507311599
NPTRACE row 193 507323246 507324075
NPTRACE row 194 507358382 507361556
NPTRACE row 195 507366323 507370178
NPTRACE row 196 507377717 507378629
NPTRACE row 197 507395908 507399408
NPTRACE row 198 507411081 507412008
NPTRACE row 199 507427562 507428687
NPTRACE row 200 507439724 507440721
NPTRACE row 201 507456285 507457384
NPTRACE row 202 507477939 507478729
NPTRACE row 203 507495544 507499302
NPTRACE row 204 507510702 507511912
NPTRACE row 205 507527363 507528635
NPTRACE row 206 507539859 507540753
NPTRACE row 207 507556454 507557425
NPTRACE row 208 507579489 507582533
NPTRACE row 209 507600359 507610662
NPTRACE row 210 507623496 507624113
NPTRACE row 211 507631110 507632883
NPTRACE row 212 507646953 507649246
NPTRACE row 213 507662254 507665729
NPTRACE row 214 507673176 507674108
NPTRACE row 215 507690124 507690886
NPTRACE row 216 507721025 507724181
NPTRACE row 217 507730182 507732424
NPTRACE row 218 507740062 507741046
NPTRACE row 219 507756133 507757652
NPTRACE row 220 507773211 507774329
NPTRACE row 221 507796890 507799418
NPTRACE row 222 507812862 507815819
NPTRACE row 223 507822989 507824378
NPTRACE row 224 507839732 507840950
NPTRACE row 225 507862840 507865910
NPTRACE row 226 507879539 507882611
NPTRACE row 227 507910202 507911874
NPTRACE row 228 507921746 507924238
NPTRACE row 229 507933375 507936660
NPTRACE row 230 507947098 507949181
NPTRACE row 231 507955967 507957595
NPTRACE row 232 507972842 507974270
NPTRACE row 233 507994282 507995449
NPTRACE row 234 508011931 508015829
NPTRACE row 235 508022606 508024226
NPTRACE row 236 508039510 508040845
NPTRACE row 237 508060955 508062022
NPTRACE row 238 508079384 508082451
NPTRACE row 239 508089685 508091048
NPTRACE row 240 508106795 508107721
NPTRACE row 241 508130338 508132647
NPTRACE row 242 508146716 508149255
NPTRACE row 243 508156357 508157647
NPTRACE row 244 508173306 508174281
NPTRACE row 245 508194465 508195289
NPTRACE row 246 508213201 508215907
NPTRACE row 247 508223098 508224315
NPTRACE row 248 508239553 508240911
NPTRACE row 249 508255968 508257580
NPTRACE row 250 508276910 508278431
NPTRACE row 251 508293695 508295357
NPTRACE row 252 508306059 508307537
NPTRACE row 253 508322363 508324208
NPTRACE row 254 508343566 508345056
NPTRACE row 255 508364251 508365989
NPTRACE row 256 508372841 508374303
NPTRACE row 257 508389264 508391004
NPTRACE row 258 508407205 508407918
NPTRACE row 259 508431537 508432592
NPTRACE row 260 508442974 508445117
NPTRACE row 261 508461274 508461917
NPTRACE row 262 508472708 508474228
NPTRACE row 263 508489245 508490967
NPTRACE row 264 508529014 508532650
NPTRACE row 265 508539022 508541005
NPTRACE row 266 508551283 508553509
NPTRACE row 267 508564873 508565911
NPTRACE row 268 508573287 508574331
NPTRACE row 269 508589572 508591013
NPTRACE row 270 508609570 508611801
NPTRACE row 271 508635668 508636787
NPTRACE row 272 508661243 508661850
NPTRACE row 273 508671193 508674368
NPTRACE row 274 508683685 508686736
NPTRACE row 275 508697656 508699344
NPTRACE row 276 508706199 508707617
NPTRACE row 277 508722456 508724216
NPTRACE row 278 508758769 508761684
NPTRACE row 279 508768180 508770305
NPTRACE row 280 508779974 508782597
NPTRACE row 281 508794547 508795365
NPTRACE row 282 508805510 508807482
NPTRACE row 283 508821887 508824151
NPTRACE row 284 508856794 508857579
NPTRACE row 285 508864544 508865848
NPTRACE row 286 508878049 508878534
NPTRACE row 287 508894689 508895426
NPTRACE row 288 508905905 508907622
NPTRACE row 289 508922047 508924176
NPTRACE row 290 508944543 508945194
NPTRACE row 291 508960682 508961952
NPTRACE row 292 508972461 508974172
NPTRACE row 293 508989074 508990975
NPTRACE row 294 509026099 509028518
NPTRACE row 295 509045896 509049319
NPTRACE row 296 509058355 509061670
NPTRACE row 297 509066326 509083335
NPTRACE row 298 509092637 509095013
NPTRACE row 299 509102881 509103747
NPTRACE row 300 509114877 509116135
NPTRACE row 301 509128757 509132867
NPTRACE row 302 509148969 509149643
NPTRACE row 303 509163141 509165856
NPTRACE row 304 509175356 509178458
NPTRACE row 305 509194388 509195442
NPTRACE row 306 509210386 509211833
NPTRACE row 307 509226849 509228531
NPTRACE row 308 509238649 509240833
NPTRACE row 309 509254663 509257492
NPTRACE row 310 509271704 509274162
NPTRACE row 311 509291925 509295218
NPTRACE row 312 509311282 509312088
NPTRACE row 313 509321527 509324204
NPTRACE row 314 509338771 509340869
NPTRACE row 315 509358738 509361847
NPTRACE row 316 509377474 509378576
NPTRACE row 317 509388538 509391004
NPTRACE row 318 509405369 509407540
NPTRACE row 319 509426288 509428641
NPTRACE row 320 509443895 509445229
NPTRACE row 321 509454662 509457533
NPTRACE row 322 509471823 509474202
NPTRACE row 323 509489734 509491509
NPTRACE row 324 509510407 509511961
NPTRACE row 325 509521515 509524206
NPTRACE row 326 509538265 509540874
NPTRACE row 327 509554857 509557541
NPTRACE row 328 509576006 509578558
NPTRACE row 329 509593574 509595305
NPTRACE row 330 509604821 509607544
NPTRACE row 331 509621222 509624218
NPTRACE row 332 509641826 509645165
NPTRACE row 333 509666206 509670004
NPTRACE row 334 509674005 509674255
NPTRACE row 335 509688166 509691021
NPTRACE row 336 509727088 509728776
NPTRACE row 337 509740008 509741039
NPTRACE row 338 509754166 509757764
NPTRACE row 339 509765206 509766297
NPTRACE row 340 509779772 509782691
NPTRACE row 341 509793964 509795407
NPTRACE row 342 509806801 509808411
NPTRACE row 343 509827034 509828658
NPTRACE row 344 509841711 509845165
NPTRACE row 345 509859108 509861985
NPTRACE row 346 509873749 509875396
NPTRACE row 347 509894007 509895457
NPTRACE row 348 509905014 509907576
NPTRACE row 349 509920996 509924234
NPTRACE row 350 509942438 509945247
NPTRACE row 351 509959543 509961867
NPTRACE row 352 509973468 509987615
NPTRACE row 353 509997475 509999492
NPTRACE row 354 510008593 510011891
NPTRACE row 355 510024048 510025016
NPTRACE row 356 510040696 510041256
NPTRACE row 357 510058920 510061989
NPTRACE row 358 510071116 510074251
NPTRACE row 359 510087770 510091048
NPTRACE row 360 510124771 510128584
NPTRACE row 361 510132658 510136800
NPTRACE row 362 510141010 510145120
NPTRACE row 363 510154338 510157595
NPTRACE row 364 510171475 510174271
NPTRACE row 365 510190640 510191382
NPTRACE row 366 510210183 510212071
NPTRACE row 367 510221163 510224257
NPTRACE row 368 510237613 510240924
NPTRACE row 369 510258481 510261870
NPTRACE row 370 510276599 510278536
NPTRACE row 371 510300418 510303737
NPTRACE row 372 510310704 510312135
NPTRACE row 373 510323235 510324593
NPTRACE row 374 510343088 510345212
NPTRACE row 375 510353844 510357588
NPTRACE row 376 510370853 510374255
NPTRACE row 377 510408769 510411836
NPTRACE row 378 510418368 510420376
NPTRACE row 379 510429808 510432708
NPTRACE row 380 510443048 510445419
NPTRACE row 381 510455949 510457687
NPTRACE row 382 510479410 510482589
NPTRACE row 383 510490348 510491370
NPTRACE row 384 510509908 510511947
NPTRACE row 385 510520470 510524244
NPTRACE row 386 510537682 510540916
NPTRACE row 387 510558252 510561824
NPTRACE row 388 510575889 510578506
NPTRACE row 389 510587245 510591004
NPTRACE row 390 510604015 510607583
NPTRACE row 391 510622367 510624341
NPTRACE row 392 510640139 510641487
NPTRACE row 393 510653682 510657534
NPTRACE row 394 510673289 510674259
NPTRACE row 395 510688863 510691610
NPTRACE row 396 510708765 510712019
NPTRACE row 397 510722376 510724442
NPTRACE row 398 510742042 510745294
NPTRACE row 399 510753749 510757560
NPTRACE row 400 510770296 510774243
NPTRACE row 401 510788614 510791303
NPTRACE row 402 510805842 510807859
NPTRACE row 403 510823577 510824865
NPTRACE row 404 510840255 510841384
NPTRACE row 405 510855043 510857887
NPTRACE row 406 510875439 510878599
NPTRACE row 407 510890784 510895143
NPTRACE row 408 510909277 510912142
NPTRACE row 409 510919852 510920198
NPTRACE row 410 510936988 510940961
NPTRACE row 411 510956106 510957775
NPTRACE row 412 510975413 510978543
NPTRACE row 413 510986954 510991027
NPTRACE row 414 511003560 511007571
NPTRACE row 415 511035386 511037030
NPTRACE row 416 511044625 511045682
NPTRACE row 417 511055429 511057737
NPTRACE row 418 511074314 511074894
NPTRACE row 419 511086515 511086957
NPTRACE row 420 511102920 511103486
NPTRACE row 421 511121289 511124667
NPTRACE row 422 511141601 511145343
NPTRACE row 423 511154288 511157774
NPTRACE row 424 511169642 511170160
NPTRACE row 425 511200957 511207209
NPTRACE row 426 511213259 511216483
NPTRACE row 427 511225233 511228564
NPTRACE row 428 511242010 511245166
NPTRACE row 429 511252552 511253505
NPTRACE row 430 511269378 511270126
NPTRACE row 431 511290538 511291802
NPTRACE row 432 511308648 511311991
NPTRACE row 433 511319401 511320136
NPTRACE row 434 511336332 511336808
NPTRACE row 435 511355714 511357718
NPTRACE row 436 511374135 511374877
NPTRACE row 437 511386321 511386946
NPTRACE row 438 511402833 511403484
NPTRACE row 439 511423901 511425075
NPTRACE row 440 511440589 511441305
NPTRACE row 441 511452292 511453474
NPTRACE row 442 511469461 511470137
NPTRACE row 443 511486129 511486947
NPTRACE row 444 511505258 511507673
NPTRACE row 445 511529068 511532684
NPTRACE row 446 511539517 511541202
NPTRACE row 447 511560027 511562220
NPTRACE row 448 511573446 511574659
NPTRACE row 449 511590173 511591500
NPTRACE row 450 511602514 511603489
NPTRACE row 451 511618871 511620146
NPTRACE row 452 511639038 511641036
NPTRACE row 453 511656289 511658069
NPTRACE row 454 511669150 511670154
NPTRACE row 455 511688635 511691510
NPTRACE row 456 511705170 511707957
NPTRACE row 457 511723116 511724727
NPTRACE row 458 511735997 511736839
NPTRACE row 459 511752294 511753507
NPTRACE row 460 511772235 511774424
NPTRACE row 461 511796153 511799591
NPTRACE row 462 511807351 511808152
NPTRACE row 463 511825818 511828705
NPTRACE row 464 511835763 511836834
NPTRACE row 465 511852058 511853499
NPTRACE row 466 511871548 511874401
NPTRACE row 467 511891673 511895336
NPTRACE row 468 511906030 511907763
NPTRACE row 469 511922524 511924561
NPTRACE row 470 511938256 511941109
NPTRACE row 471 511958821 511961909
NPTRACE row 472 511972439 511974380
NPTRACE row 473 511989791 511991442
NPTRACE row 474 512002139 512003518
NPTRACE row 475 512018336 512020348
NPTRACE row 476 512039948 512041083
NPTRACE row 477 512055239 512057796
NPTRACE row 478 512071631 512074403
NPTRACE row 479 512092679 512095346
NPTRACE row 480 512102853 512103653
NPTRACE row 481 512118433 512120316
NPTRACE row 482 512139180 512141106
NPTRACE row 483 512156979 512157978
NPTRACE row 484 512171915 512174384
NPTRACE row 485 512191513 512195268
NPTRACE row 486 512204773 512207772
NPTRACE row 487 512225791 512229029
NPTRACE row 488 512239594 512241173
NPTRACE row 489 512256708 512257913
NPTRACE row 490 512276891 512289599
NPTRACE row 491 512296656 512299633
NPTRACE row 492 512308517 512311936
NPTRACE row 493 512323558 512324520
NPTRACE row 494 512340180 512341146
NPTRACE row 495 512359755 512362386
NPTRACE row 496 512382398 512382994
NPTRACE row 497 512392914 512395331
NPTRACE row 498 512406229 512407857
NPTRACE row 499 512423995 512424579
NPTRACE row 500 512439620 512441164
NPTRACE row 501 512457314 512457874
NPTRACE row 502 512474048 512474801
NPTRACE row 503 512493257 512495647
NPTRACE row 504 512524039 512524603
NPTRACE row 505 512531700 512532877
NPTRACE row 506 512546563 512549520
NPTRACE row 507 512559654 512562015
NPTRACE row 508 512573806 512574497
NPTRACE row 509 512591548 512595466
NPTRACE row 510 512607686 512612050
NPTRACE row 511 512627307 512629298
NPTRACE row 512 512635882 512637183
NPTRACE row 513 512651689 512653629
NPTRACE row 514 512671692 512674430
NPTRACE row 515 512691095 512695382
NPTRACE row 516 512710068 512712010
NPTRACE row 517 512721917 512724526
NPTRACE row 518 512739964 512741168
NPTRACE row 519 512757566 512758554
NPTRACE row 520 512773129 512774510
NPTRACE row 521 512790680 512791411
NPTRACE row 522 512806889 512807841
NPTRACE row 523 512823539 512824575
NPTRACE row 524 512839346 512841260
NPTRACE row 525 512856703 512857880
NPTRACE row 526 512871601 512874515
NPTRACE row 527 512893433 512895752
NPTRACE row 528 512907340 512908049
NPTRACE row 529 512923551 512924588
NPTRACE row 530 512940351 512941249
NPTRACE row 531 512957038 512957955
NPTRACE row 532 512971806 512974518
NPTRACE row 533 512990355 512991430
NPTRACE row 534 513005625 513007910
NPTRACE row 535 513028133 513029049
NPTRACE row 536 513039331 513041194
NPTRACE row 537 513063033 513066210
NPTRACE row 538 513075517 513078701
NPTRACE row 539 513090549 513091440
NPTRACE row 540 513106424 513107855
NPTRACE row 541 513123004 513124612
NPTRACE row 542 513139810 513141250
NPTRACE row 543 513159030 513162256
NPTRACE row 544 513171808 513174527
NPTRACE row 545 513190298 513191421
NPTRACE row 546 513206257 513207882
NPTRACE row 547 513222936 513224585
NPTRACE row 548 513239935 513241229
NPTRACE row 549 513256451 513257914
NPTRACE row 550 513271296 513274545
NPTRACE row 551 513292424 513295613
NPTRACE row 552 513307081 513308044
NPTRACE row 553 513323077 513324610
NPTRACE row 554 513339526 513341244
NPTRACE row 555 513356680 513357949
NPTRACE row 556 513371437 513374568
NPTRACE row 557 513389964 513391513
NPTRACE row 558 513406740 513407908
NPTRACE row 559 513425814 513429069
NPTRACE row 560 513440288 513441224
NPTRACE row 561 513456071 513457948
NPTRACE row 562 513471548 513474552
NPTRACE row 563 513489986 513491524
NPTRACE row 564 513504708 513507909
NPTRACE row 565 513522563 513524614
NPTRACE row 566 513537796 513541222
NPTRACE row 567 513558755 513562076
NPTRACE row 568 513571225 513574510
NPTRACE row 569 513589925 513591431
NPTRACE row 570 513604741 513607916
NPTRACE row 571 513622432 513624620
NPTRACE row 572 513638081 513641228
NPTRACE row 573 513656093 513657974
NPTRACE row 574 513680124 513682926
NPTRACE row 575 513693468 513696036
NPTRACE row 576 513705581 513708179
NPTRACE row 577 513725587 513729303
NPTRACE row 578 513741101 513745461
NPTRACE row 579 513755999 513757997
NPTRACE row 580 513771564 513774677
NPTRACE row 581 513790856 513791592
NPTRACE row 582 513805406 513807974
NPTRACE row 583 513825888 513828956
NPTRACE row 584 513839913 513841303
NPTRACE row 585 513856434 513858033
NPTRACE row 586 513871256 513874627
NPTRACE row 587 513890466 513891599
NPTRACE row 588 513904838 513907962
NPTRACE row 589 513925381 513928797
NPTRACE row 590 513939041 513941296
NPTRACE row 591 513959164 513962140
NPTRACE row 592 513980669 513983051
NPTRACE row 593 513992896 513995485
NPTRACE row 594 514002966 514011232
NPTRACE row 595 514024174 514024647
NPTRACE row 596 514036822 514037178
NPTRACE row 597 514056273 514058049
NPTRACE row 598 514070076 514070791
NPTRACE row 599 514090794 514092318
NPTRACE row 600 514106837 514108222
NPTRACE row 601 514122653 514124720
NPTRACE row 602 514139929 514141350
NPTRACE row 603 514156047 514158083
NPTRACE row 604 514190104 514191225
NPTRACE row 605 514201614 514204245
NPTRACE row 606 514213884 514216356
NPTRACE row 607 514229849 514234250
NPTRACE row 608 514245183 514245666
NPTRACE row 609 514258514 514262149
NPTRACE row 610 514268285 514270390
NPTRACE row 611 514284256 514287191
NPTRACE row 612 514304073 514308093
NPTRACE row 613 514322272 514324727
NPTRACE row 614 514335141 514337075
NPTRACE row 615 514351476 514354155
NPTRACE row 616 514371370 514374665
NPTRACE row 617 514389886 514391608
NPTRACE row 618 514403312 514404084
NPTRACE row 619 514422441 514424735
NPTRACE row 620 514438355 514441338
NPTRACE row 621 514455492 514458061
NPTRACE row 622 514471992 514474673
NPTRACE row 623 514492487 514495630
NPTRACE row 624 514504767 514508275
NPTRACE row 625 514522871 514524747
NPTRACE row 626 514539551 514541376
NPTRACE row 627 514555850 514558098
NPTRACE row 628 514572395 514574773
NPTRACE row 629 514589776 514591651
NPTRACE row 630 514604436 514608041
NPTRACE row 631 514624242 514625525
NPTRACE row 632 514637569 514641361
NPTRACE row 633 514655360 514658096
NPTRACE row 634 514675739 514678848
NPTRACE row 635 514689769 514691651
NPTRACE row 636 514703179 514704079
NPTRACE row 637 514722046 514724757
NPTRACE row 638 514738640 514741359
NPTRACE row 639 514765788 514766567
NPTRACE row 640 514779419 514783081
NPTRACE row 641 514793373 514795634
NPTRACE row 642 514805059 514811608
NPTRACE row 643 514827413 514828978
NPTRACE row 644 514847353 514849775
NPTRACE row 645 514859087 514862099
NPTRACE row 646 514870055 514870847
NPTRACE row 647 514890746 514892312
NPTRACE row 648 514904700 514908280
NPTRACE row 649 514922270 514924786
NPTRACE row 650 514936767 514937454
NPTRACE row 651 514955755 514958146
NPTRACE row 652 514989142 514991287
NPTRACE row 653 514998002 514999884
NPTRACE row 654 515026620 515028797
NPTRACE row 655 515040119 515042089
NPTRACE row 656 515054748 515058142
NPTRACE row 657 515068076 515070815
NPTRACE row 658 515080085 515083067
NPTRACE row 659 515094824 515095648
NPTRACE row 660 515102971 515104077
NPTRACE row 661 515116344 515120463
NPTRACE row 662 515135790 515137304
NPTRACE row 663 515156736 515158740
NPTRACE row 664 515171421 515174774
NPTRACE row 665 515188858 515191820
NPTRACE row 666 515203072 515204020
NPTRACE row 667 515221648 515224798
NPTRACE row 668 515234204 515237137
NPTRACE row 669 515249336 515249658
NPTRACE row 670 515268554 515270844
NPTRACE row 671 515290795 515292497
NPTRACE row 672 515304928 515308310
NPTRACE row 673 515321775 515324822
NPTRACE row 674 515337957 515341498
NPTRACE row 675 515355714 515358209
NPTRACE row 676 515372122 515374830
NPTRACE row 677 515390173 515391813
NPTRACE row 678 515404592 515408179
NPTRACE row 679 515424334 515425657
NPTRACE row 680 515435228 515437181
NPTRACE row 681 515449590 515453853
NPTRACE row 682 515475490 515479030
NPTRACE row 683 515490749 515491719
NPTRACE row 684 515505031 515508164
NPTRACE row 685 515522122 515524900
NPTRACE row 686 515537667 515541603
NPTRACE row 687 515557375 515559210
NPTRACE row 688 515572780 515574826
NPTRACE row 689 515589051 515591786
NPTRACE row 690 515603255 515604227
NPTRACE row 691 515621692 515624901
NPTRACE row 692 515636770 515637491
NPTRACE row 693 515654982 515658268
NPTRACE row 694 515667936 515670537
NPTRACE row 695 515684501 515687670
NPTRACE row 696 515703426 515704543
NPTRACE row 697 515721953 515724901
NPTRACE row 698 515737961 515741544
NPTRACE row 699 515755539 515758222
NPTRACE row 700 515771597 515774881
NPTRACE row 701 515792027 515796676
NPTRACE row 702 515804929 515808049
NPTRACE row 703 515817856 515821151
NPTRACE row 704 515836189 515837613
NPTRACE row 705 515854933 515858202
NPTRACE row 706 515887709 515891468
NPTRACE row 707 515896766 515899902
NPTRACE row 708 515909737 515912349
NPTRACE row 709 515924016 515924906
NPTRACE row 710 515938570 515941504
NPTRACE row 711 515956526 515959061
NPTRACE row 712 515974037 515974898
NPTRACE row 713 515988989 515991695
NPTRACE row 714 516003082 516003998
NPTRACE row 715 516021515 516024971
NPTRACE row 716 516037578 516041564
NPTRACE row 717 516055206 516058271
NPTRACE row 718 516070688 516074817
NPTRACE row 719 516092140 516092744
NPTRACE row 720 516107314 516108374
NPTRACE row 721 516121768 516124957
NPTRACE row 722 516137792 516141625
NPTRACE row 723 516155351 516158283
NPTRACE row 724 516168073 516170582
NPTRACE row 725 516182691 516183433
NPTRACE row 726 516202860 516212473
NPTRACE row 727 516230151 516233394
NPTRACE row 728 516243395 516245692
NPTRACE row 729 516257657 516258262
NPTRACE row 730 516280410 516283287
NPTRACE row 731 516292993 516295692
NPTRACE row 732 516305079 516308201
NPTRACE row 733 516321426 516324937
NPTRACE row 734 516335857 516337340
NPTRACE row 735 516356106 516359129
NPTRACE row 736 516372105 516374883
NPTRACE row 737 516388711 516391829
NPTRACE row 738 516404266 516408238
NPTRACE row 739 516421525 516424935
NPTRACE row 740 516435997 516437638
NPTRACE row 741 516454394 516458289
NPTRACE row 742 516470393 516474973
NPTRACE row 743 516490249 516492593
NPTRACE row 744 516505431 516508398
NPTRACE row 745 516521370 516524936
NPTRACE row 746 516536272 516537398
NPTRACE row 747 516554576 516558299
NPTRACE row 748 516587986 516591534
NPTRACE row 749 516597295 516599910
NPTRACE row 750 516611404 516612387
NPTRACE row 751 516627543 516629377
NPTRACE row 752 516636715 516637508
NPTRACE row 753 516648639 516649908
NPTRACE row 754 516672087 516674964
NPTRACE row 755 516688592 516691800
NPTRACE row 756 516702116 516704347
NPTRACE row 757 516720814 516724980
NPTRACE row 758 516735658 516737625
NPTRACE row 759 516755736 516759128
NPTRACE row 760 516771916 516774915
NPTRACE row 761 516788677 516791851
NPTRACE row 762 516823705 516824879
NPTRACE row 763 516839216 516841586
NPTRACE row 764 516853676 516854101
NPTRACE row 765 516864699 516866561
NPTRACE row 766 516878028 516879119
NPTRACE row 767 516897281 516900398
NPTRACE row 768 516913277 516916822
NPTRACE row 769 516927068 516929102
NPTRACE row 770 516936802 516937447
NPTRACE row 771 516948660 516949853
NPTRACE row 772 516969631 516970750
NPTRACE row 773 516988708 516991949
NPTRACE row 774 517003079 517004273
NPTRACE row 775 517023425 517026082
NPTRACE row 776 517037016 517037486
NPTRACE row 777 517053304 517054095
NPTRACE row 778 517068927 517070703
NPTRACE row 779 517087893 517091844
NPTRACE row 780 517102618 517104095
NPTRACE row 781 517120158 517120765
NPTRACE row 782 517135369 517137371
NPTRACE row 783 517160157 517162777
NPTRACE row 784 517186138 517187531
NPTRACE row 785 517196119 517200212
NPTRACE row 786 517209306 517212486
NPTRACE row 787 517223528 517225008
NPTRACE row 788 517236656 517237723
NPTRACE row 789 517253099 517254087
NPTRACE row 790 517269520 517270964
NPTRACE row 791 517290273 517292912
NPTRACE row 792 517305710 517308450
NPTRACE row 793 517320750 517324987
NPTRACE row 794 517336324 517337728
NPTRACE row 795 517353531 517354095
NPTRACE row 796 517369594 517371009
NPTRACE row 797 517387997 517391891
NPTRACE row 798 517405360 517408309
NPTRACE row 799 517421618 517425395
NPTRACE row 800 517436469 517437636
NPTRACE row 801 517453140 517454115
NPTRACE row 802 517472107 517475040
NPTRACE row 803 517487776 517491883
NPTRACE row 804 517502261 517504097
NPTRACE row 805 517519795 517520794
NPTRACE row 806 517536061 517537430
NPTRACE row 807 517553643 517554326
NPTRACE row 808 517571051 517575069
NPTRACE row 809 517587095 517587655
NPTRACE row 810 517604858 517608319
NPTRACE row 811 517620184 517620777
NPTRACE row 812 517636090 517637422
NPTRACE row 813 517653302 517654111
NPTRACE row 814 517669873 517670764
NPTRACE row 815 517688213 517691915
NPTRACE row 816 517704671 517708512
NPTRACE row 817 517720979 517725134
NPTRACE row 818 517736915 517737781
NPTRACE row 819 517753467 517754283
NPTRACE row 820 517769993 517770853
NPTRACE row 821 517795360 517796131
NPTRACE row 822 517809625 517812608
NPTRACE row 823 517825852 517829324
NPTRACE row 824 517839536 517854487
NPTRACE row 825 517863280 517867558
NPTRACE row 826 517877765 517879324
NPTRACE row 827 517894230 517896096
NPTRACE row 828 517909041 517912636
NPTRACE row 829 517923589 517925138
NPTRACE row 830 517939059 517941738
NPTRACE row 831 517955532 517958610
NPTRACE row 832 517969891 517971143
NPTRACE row 833 517986702 517987817
NPTRACE row 834 518002871 518004536
NPTRACE row 835 518019445 518020914
NPTRACE row 836 518035455 518037810
NPTRACE row 837 518053238 518054274
NPTRACE row 838 518069472 518071222
NPTRACE row 839 518088340 518091949
NPTRACE row 840 518113587 518117902
NPTRACE row 841 518126506 518129179
NPTRACE row 842 518139513 518141836
NPTRACE row 843 518154540 518158689
NPTRACE row 844 518170265 518171283
NPTRACE row 845 518187985 518191980
NPTRACE row 846 518205067 518208567
NPTRACE row 847 518221902 518225563
NPTRACE row 848 518237005 518237704
NPTRACE row 849 518253272 518254411
NPTRACE row 850 518269080 518271252
NPTRACE row 851 518286791 518287874
NPTRACE row 852 518302960 518304528
NPTRACE row 853 518319493 518321077
NPTRACE row 854 518336117 518337951
NPTRACE row 855 518353219 518354543
NPTRACE row 856 518369369 518379410
NPTRACE row 857 518395198 518396052
NPTRACE row 858 518416352 518417685
NPTRACE row 859 518428674 518429502
NPTRACE row 860 518443708 518446091
NPTRACE row 861 518459126 518462635
NPTRACE row 862 518474131 518475205
NPTRACE row 863 518489934 518492421
NPTRACE row 864 518505219 518508789
NPTRACE row 865 518520118 518520988
NPTRACE row 866 518550305 518554266
NPTRACE row 867 518561357 518562575
NPTRACE row 868 518590597 518591724
NPTRACE row 869 518602098 518604664
NPTRACE row 870 518617141 518621150
NPTRACE row 871 518634657 518648066
NPTRACE row 872 518658048 518658404
NPTRACE row 873 518669858 518671416
NPTRACE row 874 518685393 518687737
NPTRACE row 875 518701963 518704464
NPTRACE row 876 518715375 518716989
NPTRACE row 877 518730219 518733492
NPTRACE row 878 518745058 518746157
NPTRACE row 879 518760726 518762967
NPTRACE row 880 518771521 518775061
NPTRACE row 881 518781416 518783517
NPTRACE row 882 518797823 518800159
NPTRACE row 883 518818658 518821098
NPTRACE row 884 518837897 518842026
NPTRACE row 885 518853304 518854467
NPTRACE row 886 518869499 518870980
NPTRACE row 887 518896360 518901188
NPTRACE row 888 518911710 518912971
NPTRACE row 889 518928897 518929376
NPTRACE row 890 518943951 518946143
NPTRACE row 891 518960458 518962842
NPTRACE row 892 518991697 518995933
NPTRACE row 893 519002604 519004538
NPTRACE row 894 519016996 519021149
NPTRACE row 895 519035517 519054761
NPTRACE row 896 519062183 519062764
NPTRACE row 897 519078337 519079456
NPTRACE row 898 519094522 519096034
NPTRACE row 899 519104798 519108472
NPTRACE row 900 519114102 519116768
NPTRACE row 901 519123293 519125104
NPTRACE row 902 519136830 519137804
NPTRACE row 903 519152832 519154814
NPTRACE row 904 519168847 519171374
NPTRACE row 905 519193226 519196048
NPTRACE row 906 519203630 519204382
NPTRACE row 907 519217442 519221252
NPTRACE row 908 519236633 519237677
NPTRACE row 909 519249272 519250337
NPTRACE row 910 519270209 519271178
NPTRACE row 911 519286878 519288345
NPTRACE row 912 519303233 519304798
NPTRACE row 913 519319975 519321186
NPTRACE row 914 519336611 519338073
NPTRACE row 915 519353034 519354557
NPTRACE row 916 519369956 519371508
NPTRACE row 917 519387218 519388077
NPTRACE row 918 519403040 519404798
NPTRACE row 919 519420625 519421296
NPTRACE row 920 519436567 519438126
NPTRACE row 921 519452859 519454578
NPTRACE row 922 519469387 519471494
NPTRACE row 923 519486812 519488038
NPTRACE row 924 519502135 519504582
NPTRACE row 925 519519231 519521253
NPTRACE row 926 519535824 519538172
NPTRACE row 927 519553351 519554911
NPTRACE row 928 519569441 519571430
NPTRACE row 929 519592995 519596200
NPTRACE row 930 519606496 519608705
NPTRACE row 931 519621721 519625448
NPTRACE row 932 519636767 519637732
NPTRACE row 933 519663532 519667030
NPTRACE row 934 519681588 519683656
NPTRACE row 935 519697423 519700644
NPTRACE row 936 519714147 519717295
NPTRACE row 937 519729635 519733580
NPTRACE row 938 519739585 519741853
NPTRACE row 939 519749299 519750181
NPTRACE row 940 519763990 519767586
NPTRACE row 941 519786870 519788099
NPTRACE row 942 519803010 519804879
NPTRACE row 943 519821806 519825399
NPTRACE row 944 519852324 519854571
NPTRACE row 945 519863178 519866920
NPTRACE row 946 519879331 519883785
NPTRACE row 947 519895234 519896393
NPTRACE row 948 519910766 519912868
NPTRACE row 949 519934516 519938125
NPTRACE row 950 519948442 519950353
NPTRACE row 951 519964142 519967050
NPTRACE row 952 519974080 519975182
NPTRACE row 953 519983974 519987716
NPTRACE row 954 519996655 520000435
NPTRACE row 955 520017854 520021194
NPTRACE row 956 520036354 520054540
NPTRACE row 957 520063570 520067081
NPTRACE row 958 520078642 520079643
NPTRACE row 959 520095182 520096563
NPTRACE row 960 520106018 520108637
NPTRACE row 961 520115501 520116844
NPTRACE row 962 520130149 520134260
NPTRACE row 963 520153345 520154882
NPTRACE row 964 520169468 520171130
NPTRACE row 965 520187086 520188154
NPTRACE row 966 520203330 520212267
NPTRACE row 967 520227163 520229516
NPTRACE row 968 520242239 520246335
NPTRACE row 969 520258059 520258839
NPTRACE row 970 520269408 520271054
NPTRACE row 971 520279932 520283661
NPTRACE row 972 520297025 520300417
NPTRACE row 973 520330693 520333789
NPTRACE row 974 520348689 520350398
NPTRACE row 975 520364240 520367194
NPTRACE row 976 520374433 520375221
NPTRACE row 977 520384517 520387819
NPTRACE row 978 520397111 520400189
NPTRACE row 979 520417157 520421026
NPTRACE row 980 520436426 520438180
NPTRACE row 981 520451136 520454635
NPTRACE row 982 520471204 520475419
NPTRACE row 983 520487056 520488297
NPTRACE row 984 520517343 520521439
NPTRACE row 985 520528865 520529609
NPTRACE row 986 520545392 520546375
NPTRACE row 987 520560443 520562837
NPTRACE row 988 520581365 520584087
NPTRACE row 989 520597456 520600547
NPTRACE row 990 520625526 520629507
NPTRACE row 991 520639023 520642507
NPTRACE row 992 520655184 520658832
NPTRACE row 993 520671637 520675333
NPTRACE row 994 520687022 520687911
NPTRACE row 995 520702734 520705114
NPTRACE row 996 520717133 520721301
NPTRACE row 997 520734218 520737998
NPTRACE row 998 520748644 520750432
NPTRACE row 999 520763698 520767367
NPTRACE row 1000 520780418 520783798
NPTRACE row 1001 520796656 520800390
NPTRACE row 1002 520811581 520812924
NPTRACE row 1003 520830198 520833708
NPTRACE row 1004 520847395 520850360
NPTRACE row 1005 520862100 520862801
NPTRACE row 1006 520874589 520875401
NPTRACE row 1007 520890969 520892709
NPTRACE row 1008 520906822 520908951
NPTRACE row 1009 520922250 520925513
NPTRACE row 1010 520939712 520942097
NPTRACE row 1011 520959222 520962919
NPTRACE row 1012 520974544 520975426
NPTRACE row 1013 520990373 520992452
NPTRACE row 1014 521005505 521008740
NPTRACE row 1015 521020898 521021600
NPTRACE row 1016 521036504 521038221
NPTRACE row 1017 521050351 521054698
NPTRACE row 1018 521067405 521071595
NPTRACE row 1019 521084335 521088167
NPTRACE row 1020 521103049 521104558
NPTRACE row 1021 521115100 521117107
NPTRACE row 1022 521136537 521138205
NPTRACE row 1023 521151727 521155154
NPTRACE row 1024 521170550 521171719
NPTRACE row 1025 521186729 521188291
NPTRACE row 1026 521203701 521205088
NPTRACE row 1027 521219642 521221526
NPTRACE row 1028 521235849 521238516
NPTRACE row 1029 521250892 521254844
NPTRACE row 1030 521269381 521271809
NPTRACE row 1031 521286313 521288590
NPTRACE row 1032 521303156 521305093
NPTRACE row 1033 521319498 521321541
NPTRACE row 1034 521336073 521338593
NPTRACE row 1035 521352367 521354915
NPTRACE row 1036 521370241 521371915
NPTRACE row 1037 521387309 521388516
NPTRACE row 1038 521403832 521405075
NPTRACE row 1039 521422119 521425408
NPTRACE row 1040 521438446 521442356
NPTRACE row 1041 521455051 521458745
NPTRACE row 1042 521473775 521475819
NPTRACE row 1043 521491079 521492501
NPTRACE row 1044 521509029 521512889
NPTRACE row 1045 521524760 521525743
NPTRACE row 1046 521535788 521537860
NPTRACE row 1047 521545674 521546417
NPTRACE row 1048 521562201 521562853
NPTRACE row 1049 521583092 521584115
NPTRACE row 1050 521602120 521605205
NPTRACE row 1051 521616543 521617213
NPTRACE row 1052 521635634 521638538
NPTRACE row 1053 521649873 521650613
NPTRACE row 1054 521667955 521671818
NPTRACE row 1055 521686167 521688340
NPTRACE row 1056 521704071 521716351
NPTRACE row 1057 521735423 521738063
NPTRACE row 1058 521752575 521754886
NPTRACE row 1059 521768608 521771418
NPTRACE row 1060 521795769 521796446
NPTRACE row 1061 521814213 521822641
NPTRACE row 1062 521836168 521846700
NPTRACE row 1063 521859429 521863092
NPTRACE row 1064 521880506 521883978
NPTRACE row 1065 521894481 521896291
NPTRACE row 1066 521909333 521913154
NPTRACE row 1067 521926903 521929845
NPTRACE row 1068 521940986 521942383
NPTRACE row 1069 521959655 521963344
NPTRACE row 1070 521982725 521984095
NPTRACE row 1071 521999434 522000910
NPTRACE row 1072 522015617 522017404
NPTRACE row 1073 522034404 522048121
NPTRACE row 1074 522060463 522063090
NPTRACE row 1075 522075622 522079928
NPTRACE row 1076 522092851 522096341
NPTRACE row 1077 522104137 522104688
NPTRACE row 1078 522114268 522117147
NPTRACE row 1079 522125781 522129628
NPTRACE row 1080 522139868 522142720
NPTRACE row 1081 522157150 522159186
NPTRACE row 1082 522170350 522171320
NPTRACE row 1083 522180766 522183785
NPTRACE row 1084 522191270 522192157
NPTRACE row 1085 522205519 522209324
NPTRACE row 1086 522222267 522225755
NPTRACE row 1087 522241606 522242950
NPTRACE row 1088 522260858 522263210
NPTRACE row 1089 522271910 522275451
NPTRACE row 1090 522282145 522283784
NPTRACE row 1091 522292810 522296442
NPTRACE row 1092 522307041 522309124
NPTRACE row 1093 522323830 522325812
NPTRACE row 1094 522337107 522338013
NPTRACE row 1095 522347542 522350561
NPTRACE row 1096 522361939 522362957
NPTRACE row 1097 522378254 522379734
NPTRACE row 1098 522411643 522412964
NPTRACE row 1099 522424236 522425709
NPTRACE row 1100 522440733 522442442
NPTRACE row 1101 522459085 522469652
NPTRACE row 1102 522479788 522484535
NPTRACE row 1103 522497565 522500659
NPTRACE row 1104 522514085 522517658
NPTRACE row 1105 522531629 522534067
NPTRACE row 1106 522547717 522551613
NPTRACE row 1107 522565430 522567353
NPTRACE row 1108 522581323 522585021
NPTRACE row 1109 522601342 522604920
NPTRACE row 1110 522619036 522621961
NPTRACE row 1111 522635736 522638537
NPTRACE row 1112 522653400 522655333
NPTRACE row 1113 522669523 522671630
NPTRACE row 1114 522685878 522704463
NPTRACE row 1115 522713185 522717395
NPTRACE row 1116 522729214 522729894
NPTRACE row 1117 522745287 522746436
NPTRACE row 1118 522762108 522763186
NPTRACE row 1119 522778739 522779923
NPTRACE row 1120 522795466 522796523
NPTRACE row 1121 522811125 522813198
NPTRACE row 1122 522821587 522825361
NPTRACE row 1123 522830553 522833797
NPTRACE row 1124 522840428 522842122
NPTRACE row 1125 522854786 522859067
NPTRACE row 1126 522870648 522871597
NPTRACE row 1127 522887176 522905123
NPTRACE row 1128 522917645 522921857
NPTRACE row 1129 522930546 522933995
NPTRACE row 1130 522946422 522951369
NPTRACE row 1131 522963787 522967389
NPTRACE row 1132 522980076 522984796
NPTRACE row 1133 522997752 523001043
NPTRACE row 1134 523017807 523021744
NPTRACE row 1135 523034253 523038260
NPTRACE row 1136 523053255 523054791
NPTRACE row 1137 523067583 523071350
NPTRACE row 1138 523082926 523083888
NPTRACE row 1139 523092680 523096436
NPTRACE row 1140 523102202 523104655
NPTRACE row 1141 523111659 523113095
NPTRACE row 1142 523131513 523133989
NPTRACE row 1143 523151122 523155451
NPTRACE row 1144 523165122 523167450
NPTRACE row 1145 523185187 523188824
NPTRACE row 1146 523199346 523200753
NPTRACE row 1147 523217674 523221564
NPTRACE row 1148 523233021 523234028
NPTRACE row 1149 523250694 523254741
NPTRACE row 1150 523275986 523279692
NPTRACE row 1151 523288657 523305831
NPTRACE row 1152 523313226 523317336
NPTRACE row 1153 523327771 523329939
NPTRACE row 1154 523345750 523346546
NPTRACE row 1155 523363216 523367387
NPTRACE row 1156 523379904 523384204
NPTRACE row 1157 523402113 523404875
NPTRACE row 1158 523418523 523421978
NPTRACE row 1159 523432856 523434083
NPTRACE row 1160 523451774 523470131
NPTRACE row 1161 523477320 523479668
NPTRACE row 1162 523506466 523508957
NPTRACE row 1163 523519504 523522173
NPTRACE row 1164 523534109 523538297
NPTRACE row 1165 523555288 523559161
NPTRACE row 1166 523571728 523575836
NPTRACE row 1167 523586661 523588729
NPTRACE row 1168 523602685 523604918
NPTRACE row 1169 523619750 523622172
NPTRACE row 1170 523634241 523638283
NPTRACE row 1171 523651367 523671528
NPTRACE row 1172 523678169 523679636
NPTRACE row 1173 523698011 523700702
NPTRACE row 1174 523711067 523712977
NPTRACE row 1175 523723263 523725805
NPTRACE row 1176 523739999 523742681
NPTRACE row 1177 523751855 523754660
NPTRACE row 1178 523761460 523762995
NPTRACE row 1179 523770614 523771421
NPTRACE row 1180 523780568 523783998
NPTRACE row 1181 523806364 523808834
NPTRACE row 1182 523816025 523817166
NPTRACE row 1183 523826087 523829708
NPTRACE row 1184 523835316 523838013
NPTRACE row 1185 523844477 523846315
NPTRACE row 1186 523859546 523862992
NPTRACE row 1187 523880509 523884037
NPTRACE row 1188 523901785 523904855
NPTRACE row 1189 523915501 523917350
NPTRACE row 1190 523935399 523938150
NPTRACE row 1191 523949673 523950735
NPTRACE row 1192 523966574 523967359
NPTRACE row 1193 523991599 523992285
NPTRACE row 1194 524001884 524004763
NPTRACE row 1195 524015095 524017413
NPTRACE row 1196 524037326 524038265
NPTRACE row 1197 524069064 524078727
NPTRACE row 1198 524090625 524092146
NPTRACE row 1199 524105208 524109046
NPTRACE row 1200 524121834 524125788
NPTRACE row 1201 524137584 524138171
NPTRACE row 1202 524153320 524154916
NPTRACE row 1203 524168937 524171930
NPTRACE row 1204 524182998 524184011
NPTRACE row 1205 524201813 524204875
NPTRACE row 1206 524216466 524217368
NPTRACE row 1207 524231376 524233965
NPTRACE row 1208 524245939 524246524
NPTRACE row 1209 524259817 524263120
NPTRACE row 1210 524273406 524275636
NPTRACE row 1211 524288879 524292586
NPTRACE row 1212 524305495 524309122
NPTRACE row 1213 524320532 524321529
NPTRACE row 1214 524335704 524338069
NPTRACE row 1215 524361440 524363192
NPTRACE row 1216 524373806 524375690
NPTRACE row 1217 524389578 524392604
NPTRACE row 1218 524401822 524404699
NPTRACE row 1219 524410992 524413015
NPTRACE row 1220 524425872 524429677
NPTRACE row 1221 524452625 524455685
NPTRACE row 1222 524467314 524473052
NPTRACE row 1223 524480971 524484321
NPTRACE row 1224 524501643 524504988
NPTRACE row 1225 524515532 524517398
NPTRACE row 1226 524535280 524538692
NPTRACE row 1227 524548952 524550732
NPTRACE row 1228 524567541 524571638
NPTRACE row 1229 524582216 524584270
NPTRACE row 1230 524601732 524604805
NPTRACE row 1231 524627316 524629753
NPTRACE row 1232 524640408 524642365
NPTRACE row 1233 524655102 524659167
NPTRACE row 1234 524669168 524671440
NPTRACE row 1235 524682418 524684288
NPTRACE row 1236 524701664 524705332
NPTRACE row 1237 524714419 524717411
NPTRACE row 1238 524730784 524734747
NPTRACE row 1239 524748690 524750782
NPTRACE row 1240 524764712 524767447
NPTRACE row 1241 524781291 524784242
NPTRACE row 1242 524801324 524805304
NPTRACE row 1243 524813846 524817383
NPTRACE row 1244 524831246 524834811
NPTRACE row 1245 524848261 524850735
NPTRACE row 1246 524864169 524867433
NPTRACE row 1247 524880741 524884151
NPTRACE row 1248 524902563 524905019
NPTRACE row 1249 524916795 524917415
NPTRACE row 1250 524935103 524938686
NPTRACE row 1251 524948506 524950771
NPTRACE row 1252 524966547 524967471
NPTRACE row 1253 524980186 524983992
NPTRACE row 1254 524997619 525001347
NPTRACE row 1255 525015516 525017470
NPTRACE row 1256 525030659 525034089
NPTRACE row 1257 525046410 525050724
NPTRACE row 1258 525069970 525071630
NPTRACE row 1259 525084603 525088340
NPTRACE row 1260 525102904 525105239
NPTRACE row 1261 525116527 525117481
NPTRACE row 1262 525135211 525138695
NPTRACE row 1263 525148615 525150960
NPTRACE row 1264 525164258 525167570
NPTRACE row 1265 525180437 525184175
NPTRACE row 1266 525197438 525201453
NPTRACE row 1267 525215429 525217585
NPTRACE row 1268 525230677 525234899
NPTRACE row 1269 525248767 525250825
NPTRACE row 1270 525263807 525267564
NPTRACE row 1271 525280876 525284174
NPTRACE row 1272 525298155 525300842
NPTRACE row 1273 525309352 525313087
NPTRACE row 1274 525325972 525329754
NPTRACE row 1275 525346094 525346841
NPTRACE row 1276 525364475 525367671
NPTRACE row 1277 525381209 525384487
NPTRACE row 1278 525402183 525405009
NPTRACE row 1279 525419677 525422149
NPTRACE row 1280 525436663 525438891
NPTRACE row 1281 525452278 525455193
NPTRACE row 1282 525470131 525471633
NPTRACE row 1283 525484900 525488647
NPTRACE row 1284 525503168 525505497
NPTRACE row 1285 525517641 525521751
NPTRACE row 1286 525534410 525538458
NPTRACE row 1287 525549262 525551017
NPTRACE row 1288 525564428 525568404
NPTRACE row 1289 525583013 525584444
NPTRACE row 1290 525601651 525605487
NPTRACE row 1291 525615115 525617619
NPTRACE row 1292 525630721 525634107
NPTRACE row 1293 525641589 525642435
NPTRACE row 1294 525658374 525659014
NPTRACE row 1295 525676156 525679850
NPTRACE row 1296 525697789 525701201
NPTRACE row 1297 525713974 525717708
NPTRACE row 1298 525731390 525734296
NPTRACE row 1299 525748157 525751691
NPTRACE row 1300 525769162 525771887
NPTRACE row 1301 525786758 525789089
NPTRACE row 1302 525803184 525805340
NPTRACE row 1303 525819694 525822467
NPTRACE row 1304 525836216 525838559
NPTRACE row 1305 525853042 525855604
NPTRACE row 1306 525869161 525871783
NPTRACE row 1307 525886629 525889097
NPTRACE row 1308 525902821 525905210
NPTRACE row 1309 525918616 525922204
NPTRACE row 1310 525932977 525934272
NPTRACE row 1311 525952114 525955805
NPTRACE row 1312 525966745 525967639
NPTRACE row 1313 525985712 525989092
NPTRACE row 1314 526000228 526000959
NPTRACE row 1315 526016842 526017585
NPTRACE row 1316 526032294 526034336
NPTRACE row 1317 526048047 526051572
NPTRACE row 1318 526073401 526075884
NPTRACE row 1319 526088912 526092418
NPTRACE row 1320 526099133 526100884
NPTRACE row 1321 526109526 526113237
NPTRACE row 1322 526137578 526139099
NPTRACE row 1323 526149325 526151805
NPTRACE row 1324 526170973 526171956
NPTRACE row 1325 526189847 526192723
NPTRACE row 1326 526207283 526209463
NPTRACE row 1327 526224086 526226264
NPTRACE row 1328 526241423 526242808
NPTRACE row 1329 526252586 526254955
NPTRACE row 1330 526262835 526263278
NPTRACE row 1331 526275061 526275875
NPTRACE row 1332 526296878 526301030
NPTRACE row 1333 526313776 526317728
NPTRACE row 1334 526332299 526334298
NPTRACE row 1335 526347930 526351751
NPTRACE row 1336 526366102 526367660
NPTRACE row 1337 526386192 526388622
NPTRACE row 1338 526402426 526405283
NPTRACE row 1339 526415861 526417439
NPTRACE row 1340 526426303 526429937
NPTRACE row 1341 526441182 526442450
NPTRACE row 1342 526465709 526467682
NPTRACE row 1343 526485969 526489008
NPTRACE row 1344 526502692 526505284
NPTRACE row 1345 526518564 526529049
NPTRACE row 1346 526543158 526546623
NPTRACE row 1347 526554316 526555465
NPTRACE row 1348 526572103 526576081
NPTRACE row 1349 526591062 526592926
NPTRACE row 1350 526608627 526609498
NPTRACE row 1351 526624479 526626181
NPTRACE row 1352 526641639 526642786
NPTRACE row 1353 526654349 526655436
NPTRACE row 1354 526670782 526671887
NPTRACE row 1355 526687420 526688471
NPTRACE row 1356 526703431 526705228
NPTRACE row 1357 526721185 526722229
NPTRACE row 1358 526737542 526738471
NPTRACE row 1359 526755507 526759163
NPTRACE row 1360 526771059 526771849
NPTRACE row 1361 526789123 526792626
NPTRACE row 1362 526805450 526809238
NPTRACE row 1363 526819180 526830318
NPTRACE row 1364 526841731 526842443
NPTRACE row 1365 526854080 526871514
NPTRACE row 1366 526880643 526884695
NPTRACE row 1367 526897988 526901343
NPTRACE row 1368 526914153 526917593
NPTRACE row 1369 526923580 526925738
NPTRACE row 1370 526933268 526934080
NPTRACE row 1371 526942894 526946525
NPTRACE row 1372 526964762 526967566
NPTRACE row 1373 526980386 526984884
NPTRACE row 1374 526998206 527001026
NPTRACE row 1375 527013734 527017364
NPTRACE row 1376 527023657 527025737
NPTRACE row 1377 527039861 527042401
NPTRACE row 1378 527064455 527067637
NPTRACE row 1379 527080277 527084801
NPTRACE row 1380 527098635 527100990
NPTRACE row 1381 527115387 527117580
NPTRACE row 1382 527126065 527129801
NPTRACE row 1383 527139930 527142479
NPTRACE row 1384 527164296 527167750
NPTRACE row 1385 527179331 527180121
NPTRACE row 1386 527198740 527200948
NPTRACE row 1387 527213543 527217496
NPTRACE row 1388 527224017 527225753
NPTRACE row 1389 527239697 527242416
NPTRACE row 1390 527264178 527267729
NPTRACE row 1391 527280325 527284819
NPTRACE row 1392 527307082 527309284
NPTRACE row 1393 527320578 527321787
NPTRACE row 1394 527336523 527338599
NPTRACE row 1395 527351239 527362166
NPTRACE row 1396 527374550 527375794
NPTRACE row 1397 527389166 527392869
NPTRACE row 1398 527404446 527405329
NPTRACE row 1399 527418977 527421747
NPTRACE row 1400 527444388 527446612
NPTRACE row 1401 527456667 527459327
NPTRACE row 1402 527472494 527476017
NPTRACE row 1403 527487300 527488951
NPTRACE row 1404 527502924 527505272
NPTRACE row 1405 527516295 527517563
NPTRACE row 1406 527536581 527538510
NPTRACE row 1407 527547836 527551209
NPTRACE row 1408 527563647 527567672
NPTRACE row 1409 527578898 527580117
NPTRACE row 1410 527589275 527592411
NPTRACE row 1411 527605693 527609080
NPTRACE row 1412 527627092 527630115
NPTRACE row 1413 527645170 527646679
NPTRACE row 1414 527663674 527667527
NPTRACE row 1415 527678363 527680207
NPTRACE row 1416 527689606 527692549
NPTRACE row 1417 527705743 527709104
NPTRACE row 1418 527728682 527730128
NPTRACE row 1419 527744870 527746705
NPTRACE row 1420 527755988 527759112
NPTRACE row 1421 527772699 527775895
NPTRACE row 1422 527789372 527792437
NPTRACE row 1423 527814063 527817709
NPTRACE row 1424 527829180 527830038
NPTRACE row 1425 527838573 527842428
NPTRACE row 1426 527855619 527859101
NPTRACE row 1427 527879533 527880246
NPTRACE row 1428 527894746 527896688
NPTRACE row 1429 527912316 527913423
NPTRACE row 1430 527928283 527930047
NPTRACE row 1431 527938799 527942594
NPTRACE row 1432 527955595 527959116
NPTRACE row 1433 527979556 527980266
NPTRACE row 1434 527994838 527996701
NPTRACE row 1435 528005180 528009119
NPTRACE row 1436 528022218 528025781
NPTRACE row 1437 528043765 528046836
NPTRACE row 1438 528061656 528063394
NPTRACE row 1439 528078669 528080670
NPTRACE row 1440 528096282 528096841
NPTRACE row 1441 528105305 528109132
NPTRACE row 1442 528126509 528129969
NPTRACE row 1443 528145410 528146839
NPTRACE row 1444 528161910 528163388
NPTRACE row 1445 528172416 528175924
NPTRACE row 1446 528189077 528192657
NPTRACE row 1447 528214480 528218252
NPTRACE row 1448 528229455 528230049
NPTRACE row 1449 528245642 528246816
NPTRACE row 1450 528261635 528263425
NPTRACE row 1451 528272429 528275950
NPTRACE row 1452 528288911 528292683
NPTRACE row 1453 528312345 528313511
NPTRACE row 1454 528328628 528330105
NPTRACE row 1455 528347452 528351117
NPTRACE row 1456 528362919 528363447
NPTRACE row 1457 528372493 528375963
NPTRACE row 1458 528388874 528392694
NPTRACE row 1459 528412529 528413519
NPTRACE row 1460 528428102 528430084
NPTRACE row 1461 528445646 528446815
NPTRACE row 1462 528461287 528463406
NPTRACE row 1463 528472691 528476093
NPTRACE row 1464 528489155 528492895
NPTRACE row 1465 528512042 528513510
NPTRACE row 1466 528529088 528530096
NPTRACE row 1467 528545883 528546860
NPTRACE row 1468 528561831 528563419
NPTRACE row 1469 528572206 528575958
NPTRACE row 1470 528588784 528592752
NPTRACE row 1471 528623068 528626347
NPTRACE row 1472 528634460 528650830
NPTRACE row 1473 528658085 528659225
NPTRACE row 1474 528669372 528672192
NPTRACE row 1475 528682802 528684530
NPTRACE row 1476 528696863 528701457
NPTRACE row 1477 528713714 528717554
NPTRACE row 1478 528729153 528730132
NPTRACE row 1479 528746068 528747160
NPTRACE row 1480 528760146 528763449
NPTRACE row 1481 528772221 528775883
NPTRACE row 1482 528788005 528788560
NPTRACE row 1483 528810644 528813510
NPTRACE row 1484 528827896 528830112
NPTRACE row 1485 528842588 528846852
NPTRACE row 1486 528860142 528863455
NPTRACE row 1487 528878710 528880791
NPTRACE row 1488 528896960 528901300
NPTRACE row 1489 528913062 528917643
NPTRACE row 1490 528928908 528930147
NPTRACE row 1491 528941371 528942713
NPTRACE row 1492 528959433 528963455
NPTRACE row 1493 528976714 528980438
NPTRACE row 1494 528996340 528996816
NPTRACE row 1495 529014220 529017880
NPTRACE row 1496 529029233 529030128
NPTRACE row 1497 529038050 529038381
NPTRACE row 1498 529054561 529055172
NPTRACE row 1499 529089996 529092976
NPTRACE row 1500 529107314 529109397
NPTRACE row 1501 529121923 529126068
NPTRACE row 1502 529138813 529142601
NPTRACE row 1503 529156111 529159272
NPTRACE row 1504 529168870 529171681
NPTRACE row 1505 529177684 529180136
NPTRACE row 1506 529187872 529188562
NPTRACE row 1507 529204246 529205260
NPTRACE row 1508 529226231 529230251
NPTRACE row 1509 529244566 529246779
NPTRACE row 1510 529254395 529255211
NPTRACE row 1511 529271296 529272093
NPTRACE row 1512 529293456 529297105
NPTRACE row 1513 529311573 529313453
NPTRACE row 1514 529323534 529334503
NPTRACE row 1515 529345561 529346843
NPTRACE row 1516 529360010 529363590
NPTRACE row 1517 529378410 529380250
NPTRACE row 1518 529399510 529401063
NPTRACE row 1519 529412418 529413651
NPTRACE row 1520 529424682 529426053
NPTRACE row 1521 529443394 529446810
NPTRACE row 1522 529467965 529472104
NPTRACE row 1523 529478674 529480167
NPTRACE row 1524 529491000 529492673
NPTRACE row 1525 529510048 529513474
NPTRACE row 1526 529526599 529530283
NPTRACE row 1527 529545012 529546968
NPTRACE row 1528 529554556 529555254
NPTRACE row 1529 529571015 529571938
NPTRACE row 1530 529591566 529592757
NPTRACE row 1531 529610504 529613508
NPTRACE row 1532 529621151 529621883
NPTRACE row 1533 529637236 529638456
NPTRACE row 1534 529659248 529663598
NPTRACE row 1535 529679105 529680615
NPTRACE row 1536 529689454 529692701
NPTRACE row 1537 529704091 529705147
NPTRACE row 1538 529726382 529730372
NPTRACE row 1539 529745265 529746856
NPTRACE row 1540 529760514 529763659
NPTRACE row 1541 529779424 529780402
NPTRACE row 1542 529792662 529796990
NPTRACE row 1543 529811860 529813668
NPTRACE row 1544 529826049 529830353
NPTRACE row 1545 529843834 529846854
NPTRACE row 1546 529854478 529855195
NPTRACE row 1547 529870770 529871880
NPTRACE row 1548 529887744 529888572
NPTRACE row 1549 529907103 529909429
NPTRACE row 1550 529927308 529930216
NPTRACE row 1551 529937757 529938716
NPTRACE row 1552 529954025 529955111
NPTRACE row 1553 529976384 529980192
NPTRACE row 1554 529994039 529996864
NPTRACE row 1555 530003907 530005166
NPTRACE row 1556 530020801 530021794
NPTRACE row 1557 530043562 530046985
NPTRACE row 1558 530061030 530063580
NPTRACE row 1559 530071448 530072134
NPTRACE row 1560 530087978 530088612
NPTRACE row 1561 530107273 530109517
NPTRACE row 1562 530128020 530130269
NPTRACE row 1563 530141210 530142871
NPTRACE row 1564 530165590 530168152
NPTRACE row 1565 530191141 530192950
NPTRACE row 1566 530209653 530213787
NPTRACE row 1567 530227027 530230281
NPTRACE row 1568 530236840 530238486
NPTRACE row 1569 530245868 530246898
NPTRACE row 1570 530255658 530259302
NPTRACE row 1571 530273825 530276357
NPTRACE row 1572 530293683 530296927
NPTRACE row 1573 530307495 530309498
NPTRACE row 1574 530326880 530330266
NPTRACE row 1575 530340248 530350525
NPTRACE row 1576 530362846 530363639
NPTRACE row 1577 530379173 530380537
NPTRACE row 1578 530396000 530396910
NPTRACE row 1579 530405137 530409319
NPTRACE row 1580 530420468 530421830
NPTRACE row 1581 530440206 530442816
NPTRACE row 1582 530459723 530463586
NPTRACE row 1583 530478884 530480725
NPTRACE row 1584 530497143 530501020
NPTRACE row 1585 530506024 530509393
NPTRACE row 1586 530520633 530521890
NPTRACE row 1587 530540158 530542956
NPTRACE row 1588 530560444 530563664
NPTRACE row 1589 530571229 530572065
NPTRACE row 1590 530587187 530588555
NPTRACE row 1591 530604188 530605362
NPTRACE row 1592 530625056 530626260
NPTRACE row 1593 530643476 530646889
NPTRACE row 1594 530653807 530655222
NPTRACE row 1595 530670575 530672041
NPTRACE row 1596 530693115 530697073
NPTRACE row 1597 530710254 530713679
NPTRACE row 1598 530720914 530721902
NPTRACE row 1599 530737493 530738883
NPTRACE row 1600 530756263 530759521
NPTRACE row 1601 530777186 530780459
NPTRACE row 1602 530791907 530792917
NPTRACE row 1603 530809967 530813641
NPTRACE row 1604 530824554 530826251
NPTRACE row 1605 530843394 530846949
NPTRACE row 1606 530857195 530859626
NPTRACE row 1607 530880991 530884387
NPTRACE row 1608 530890828 530892846
NPTRACE row 1609 530903209 530905240
NPTRACE row 1610 530924908 530926314
NPTRACE row 1611 530943427 530946966
NPTRACE row 1612 530957347 530959595
NPTRACE row 1613 530977191 530980330
NPTRACE row 1614 530990507 530992915
NPTRACE row 1615 531010598 531013787
NPTRACE row 1616 531024247 531026264
NPTRACE row 1617 531041975 531043090
NPTRACE row 1618 531067207 531067915
NPTRACE row 1619 531079174 531080413
NPTRACE row 1620 531094647 531097079
NPTRACE row 1621 531111030 531113696
NPTRACE row 1622 531120826 531121929
NPTRACE row 1623 531136505 531138680
NPTRACE row 1624 531155836 531159474
NPTRACE row 1625 531177015 531182218
NPTRACE row 1626 531191417 531192765
NPTRACE row 1627 531202858 531205270
NPTRACE row 1628 531224250 531226289
NPTRACE row 1629 531242372 531243081
NPTRACE row 1630 531257739 531259663
NPTRACE row 1631 531277590 531280380
NPTRACE row 1632 531292234 531293186
NPTRACE row 1633 531310228 531313699
NPTRACE row 1634 531324552 531326381
NPTRACE row 1635 531343388 531347045
NPTRACE row 1636 531358297 531359685
NPTRACE row 1637 531377249 531380393
NPTRACE row 1638 531387995 531388648
NPTRACE row 1639 531403220 531405379
NPTRACE row 1640 531424487 531426330
NPTRACE row 1641 531441889 531443139
NPTRACE row 1642 531453855 531455308
NPTRACE row 1643 531469911 531472094
NPTRACE row 1644 531486685 531488635
NPTRACE row 1645 531508951 531509632
NPTRACE row 1646 531526485 531530270
NPTRACE row 1647 531536685 531538757
NPTRACE row 1648 531552766 531555257
NPTRACE row 1649 531571239 531572262
NPTRACE row 1650 531592374 531593043
NPTRACE row 1651 531607365 531609615
NPTRACE row 1652 531625644 531626377
NPTRACE row 1653 531640807 531642980
NPTRACE row 1654 531659074 531659717
NPTRACE row 1655 531669912 531672150
NPTRACE row 1656 531686427 531688732
NPTRACE row 1657 531702778 531705287
NPTRACE row 1658 531721517 531722051
NPTRACE row 1659 531751888 531755424
NPTRACE row 1660 531766870 531768297
NPTRACE row 1661 531787264 531797443
NPTRACE row 1662 531809844 531813631
NPTRACE row 1663 531821533 531822876
NPTRACE row 1664 531838213 531838884
NPTRACE row 1665 531855628 531859587
NPTRACE row 1666 531871614 531872186
NPTRACE row 1667 531898669 531901693
NPTRACE row 1668 531912041 531913766
NPTRACE row 1669 531921370 531922103
NPTRACE row 1670 531930916 531934474
NPTRACE row 1671 531940686 531942881
NPTRACE row 1672 531952465 531955321
NPTRACE row 1673 531972750 531976240
NPTRACE row 1674 531992286 531993228
NPTRACE row 1675 532006387 532009718
NPTRACE row 1676 532026544 532030317
NPTRACE row 1677 532036672 532038660
NPTRACE row 1678 532052265 532055330
NPTRACE row 1679 532073416 532076452
NPTRACE row 1680 532093892 532097135
NPTRACE row 1681 532104111 532105343
NPTRACE row 1682 532119093 532122016
NPTRACE row 1683 532137964 532138993
NPTRACE row 1684 532168492 532172188
NPTRACE row 1685 532202275 532205823
NPTRACE row 1686 532218082 532222352
NPTRACE row 1687 532236133 532239131
NPTRACE row 1688 532253154 532256246
NPTRACE row 1689 532270763 532272187
NPTRACE row 1690 532285510 532288810
NPTRACE row 1691 532304573 532305639
NPTRACE row 1692 532329750 532330482
NPTRACE row 1693 532344688 532347233
NPTRACE row 1694 532361497 532363797
NPTRACE row 1695 532377640 532380836
NPTRACE row 1696 532395202 532397195
NPTRACE row 1697 532405956 532409588
NPTRACE row 1698 532415704 532417885
NPTRACE row 1699 532425433 532426255
NPTRACE row 1700 532442074 532443174
NPTRACE row 1701 532458589 532459775
NPTRACE row 1702 532469621 532472091
NPTRACE row 1703 532479891 532480575
NPTRACE row 1704 532490392 532493199
NPTRACE row 1705 532503994 532505714
NPTRACE row 1706 532527004 532530525
NPTRACE row 1707 532537512 532538736
NPTRACE row 1708 532552585 532555390
NPTRACE row 1709 532571048 532572770
NPTRACE row 1710 532593332 532597070
NPTRACE row 1711 532608507 532609980
NPTRACE row 1712 532625739 532626420
NPTRACE row 1713 532639773 532643157
NPTRACE row 1714 532659161 532659773
NPTRACE row 1715 532670349 532672183
NPTRACE row 1716 532685270 532688695
NPTRACE row 1717 532701511 532705374
NPTRACE row 1718 532719426 532722618
NPTRACE row 1719 532741076 532743289
NPTRACE row 1720 532757285 532759694
NPTRACE row 1721 532774902 532776605
NPTRACE row 1722 532791540 532793022
NPTRACE row 1723 532808075 532809706
NPTRACE row 1724 532821342 532822587
NPTRACE row 1725 532840293 532843140
NPTRACE row 1726 532856922 532859786
NPTRACE row 1727 532875769 532877097
NPTRACE row 1728 532890888 532901887
NPTRACE row 1729 532918794 532922259
NPTRACE row 1730 532933217 532934702
NPTRACE row 1731 532947394 532951482
NPTRACE row 1732 532963286 532963880
NPTRACE row 1733 532979050 532980542
NPTRACE row 1734 532992293 532993053
NPTRACE row 1735 533007969 533009892
NPTRACE row 1736 533025783 533026403
NPTRACE row 1737 533041095 533043126
NPTRACE row 1738 533052193 533055360
NPTRACE row 1739 533067551 533068165
NPTRACE row 1740 533089101 533093117
NPTRACE row 1741 533108127 533109870
NPTRACE row 1742 533121248 533122483
NPTRACE row 1743 533140412 533143468
NPTRACE row 1744 533154803 533155937
NPTRACE row 1745 533174473 533176784
NPTRACE row 1746 533193115 533197278
NPTRACE row 1747 533207823 533209796
NPTRACE row 1748 533224036 533226292
NPTRACE row 1749 533234964 533238645
NPTRACE row 1750 533257619 533259828
NPTRACE row 1751 533275684 533276786
NPTRACE row 1752 533290495 533293450
NPTRACE row 1753 533308373 533309864
NPTRACE row 1754 533324218 533326543
NPTRACE row 1755 533341551 533343379
NPTRACE row 1756 533361399 533364040
NPTRACE row 1757 533378371 533380683
NPTRACE row 1758 533388929 533392831
NPTRACE row 1759 533402238 533405658
NPTRACE row 1760 533423756 533426506
NPTRACE row 1761 533440176 533443290
NPTRACE row 1762 533457513 533459882
NPTRACE row 1763 533475043 533476767
NPTRACE row 1764 533492218 533493225
NPTRACE row 1765 533507971 533509988
NPTRACE row 1766 533519168 533522153
NPTRACE row 1767 533534225 533534777
NPTRACE row 1768 533560527 533564073
NPTRACE row 1769 533577261 533580448
NPTRACE row 1770 533586821 533588825
NPTRACE row 1771 533600687 533601419
NPTRACE row 1772 533623449 533626598
NPTRACE row 1773 533640546 533643357
NPTRACE row 1774 533657188 533659851
NPTRACE row 1775 533675738 533677189
NPTRACE row 1776 533703489 533705893
NPTRACE row 1777 533722699 533726691
NPTRACE row 1778 533739827 533743344
NPTRACE row 1779 533756227 533760008
NPTRACE row 1780 533772849 533776616
NPTRACE row 1781 533791382 533793493
NPTRACE row 1782 533810221 533813729
NPTRACE row 1783 533823138 533826497
NPTRACE row 1784 533839680 533843361
NPTRACE row 1785 533856009 533860014
NPTRACE row 1786 533872673 533876716
NPTRACE row 1787 533884927 533888724
NPTRACE row 1788 533894295 533897216
NPTRACE row 1789 533904084 533905533
NPTRACE row 1790 533920366 533922476
NPTRACE row 1791 533941854 533943855
NPTRACE row 1792 533958415 533959888
NPTRACE row 1793 533975249 533976876
NPTRACE row 1794 533992524 533993250
NPTRACE row 1795 534008765 534010099
NPTRACE row 1796 534019360 534022218
NPTRACE row 1797 534033973 534034712
NPTRACE row 1798 534056140 534060001
NPTRACE row 1799 534074999 534076878
NPTRACE row 1800 534093853 534097419
NPTRACE row 1801 534110391 534114007
NPTRACE row 1802 534120926 534122252
NPTRACE row 1803 534134111 534134727
NPTRACE row 1804 534153961 534155888
NPTRACE row 1805 534173983 534176892
NPTRACE row 1806 534192478 534193372
NPTRACE row 1807 534210635 534213974
NPTRACE row 1808 534223234 534226557
NPTRACE row 1809 534235291 534238901
NPTRACE row 1810 534253727 534255907
NPTRACE row 1811 534273903 534276679
NPTRACE row 1812 534291108 534293335
NPTRACE row 1813 534306640 534309999
NPTRACE row 1814 534325102 534326691
NPTRACE row 1815 534341822 534343357
NPTRACE row 1816 534358090 534360012
NPTRACE row 1817 534375128 534376841
NPTRACE row 1818 534392317 534393273
NPTRACE row 1819 534408774 534410124
NPTRACE row 1820 534419145 534422255
NPTRACE row 1821 534433561 534434733
NPTRACE row 1822 534456119 534459755
NPTRACE row 1823 534474043 534476783
NPTRACE row 1824 534491516 534493455
NPTRACE row 1825 534507729 534510155
NPTRACE row 1826 534526930 534530906
NPTRACE row 1827 534543766 534547394
NPTRACE row 1828 534554490 534555640
NPTRACE row 1829 534567572 534568255
NPTRACE row 1830 534589421 534593261
NPTRACE row 1831 534607207 534610145
NPTRACE row 1832 534625321 534626721
NPTRACE row 1833 534642497 534643354
NPTRACE row 1834 534658418 534660135
NPTRACE row 1835 534677110 534680549
NPTRACE row 1836 534692581 534693403
NPTRACE row 1837 534710366 534714072
NPTRACE row 1838 534725360 534726721
NPTRACE row 1839 534743916 534747268
NPTRACE row 1840 534774633 534776577
NPTRACE row 1841 534793889 534797538
NPTRACE row 1842 534810542 534814064
NPTRACE row 1843 534820667 534822309
NPTRACE row 1844 534831193 534834779
NPTRACE row 1845 534841073 534843123
NPTRACE row 1846 534855802 534860130
NPTRACE row 1847 534873730 534876881
NPTRACE row 1848 534893654 534897348
NPTRACE row 1849 534910539 534914072
NPTRACE row 1850 534921046 534922303
NPTRACE row 1851 534933341 534934793
NPTRACE row 1852 534958561 534960107
NPTRACE row 1853 534977186 534980585
NPTRACE row 1854 534991575 534993390
NPTRACE row 1855 535008961 535010512
NPTRACE row 1856 535023215 535026544
NPTRACE row 1857 535039523 535043281
NPTRACE row 1858 535057518 535060009
NPTRACE row 1859 535073386 535076855
NPTRACE row 1860 535094766 535097542
NPTRACE row 1861 535110996 535114063
NPTRACE row 1862 535121170 535122310
NPTRACE row 1863 535132901 535134792
NPTRACE row 1864 535152100 535155783
NPTRACE row 1865 535173497 535176676
NPTRACE row 1866 535189614 535193447
NPTRACE row 1867 535207060 535210114
NPTRACE row 1868 535223964 535226728
NPTRACE row 1869 535239707 535243227
NPTRACE row 1870 535257720 535260121
NPTRACE row 1871 535274746 535277084
NPTRACE row 1872 535309979 535313979
NPTRACE row 1873 535320369 535330110
NPTRACE row 1874 535347597 535351466
NPTRACE row 1875 535365260 535368571
NPTRACE row 1876 535383264 535389466
NPTRACE row 1877 535404738 535406126
NPTRACE row 1878 535427042 535430842
NPTRACE row 1879 535443819 535447425
NPTRACE row 1880 535454307 535455672
NPTRACE row 1881 535464363 535468243
NPTRACE row 1882 535474009 535476626
NPTRACE row 1883 535488052 535489473
NPTRACE row 1884 535504305 535505983
NPTRACE row 1885 535518575 535522693
NPTRACE row 1886 535540775 535543221
NPTRACE row 1887 535553832 535556089
NPTRACE row 1888 535570771 535572804
NPTRACE row 1889 535587710 535589513
NPTRACE row 1890 535604409 535606034
NPTRACE row 1891 535625335 535626820
NPTRACE row 1892 535643685 535647410
NPTRACE row 1893 535673104 535676508
NPTRACE row 1894 535685355 535689595
NPTRACE row 1895 535699488 535701925
NPTRACE row 1896 535723746 535727046
NPTRACE row 1897 535739501 535743442
NPTRACE row 1898 535754845 535755936
NPTRACE row 1899 535770516 535772718
NPTRACE row 1900 535786803 535789341
NPTRACE row 1901 535805196 535806351
NPTRACE row 1902 535823728 535826810
NPTRACE row 1903 535840711 535843608
NPTRACE row 1904 535858219 535860111
NPTRACE row 1905 535874197 535876826
NPTRACE row 1906 535891359 535893433
NPTRACE row 1907 535908815 535910411
NPTRACE row 1908 535926804 535930905
NPTRACE row 1909 535942504 535943474
NPTRACE row 1910 535952869 535955698
NPTRACE row 1911 535962603 535964027
NPTRACE row 1912 535972931 535976700
NPTRACE row 1913 535990097 535993448
NPTRACE row 1914 536006349 536010118
NPTRACE row 1915 536022922 536026659
NPTRACE row 1916 536039614 536043295
NPTRACE row 1917 536056080 536060084
NPTRACE row 1918 536071717 536072620
NPTRACE row 1919 536090399 536093887
NPTRACE row 1920 536107626 536110369
NPTRACE row 1921 536125168 536126726
NPTRACE row 1922 536143824 536147292
NPTRACE row 1923 536156323 536159950
NPTRACE row 1924 536173332 536176909
NPTRACE row 1925 536192353 536193608
NPTRACE row 1926 536210504 536213928
NPTRACE row 1927 536220703 536222380
NPTRACE row 1928 536231058 536234813
NPTRACE row 1929 536240302 536243226
NPTRACE row 1930 536253727 536256034
NPTRACE row 1931 536271344 536272825
NPTRACE row 1932 536289324 536293456
NPTRACE row 1933 536304023 536305841
NPTRACE row 1934 536321847 536322492
NPTRACE row 1935 536337435 536339259
NPTRACE row 1936 536355258 536356201
NPTRACE row 1937 536373124 536376822
NPTRACE row 1938 536390406 536393553
NPTRACE row 1939 536406738 536410249
NPTRACE row 1940 536425547 536426844
NPTRACE row 1941 536443253 536443521
NPTRACE row 1942 536464777 536468481
NPTRACE row 1943 536478612 536480834
NPTRACE row 1944 536492611 536493586
NPTRACE row 1945 536509221 536510243
NPTRACE row 1946 536524076 536526747
NPTRACE row 1947 536540114 536543536
NPTRACE row 1948 536556441 536560113
NPTRACE row 1949 536573555 536576865
NPTRACE row 1950 536591351 536593465
NPTRACE row 1951 536607758 536610388
NPTRACE row 1952 536623617 536626998
NPTRACE row 1953 536640084 536643752
NPTRACE row 1954 536660610 536664491
NPTRACE row 1955 536677779 536681044
NPTRACE row 1956 536688481 536689211
NPTRACE row 1957 536699054 536701698
NPTRACE row 1958 536732296 536735310
NPTRACE row 1959 536744835 536747584
NPTRACE row 1960 536759077 536760291
NPTRACE row 1961 536778068 536780792
NPTRACE row 1962 536788644 536789244
NPTRACE row 1963 536799188 536801737
NPTRACE row 1964 536819504 536822753
NPTRACE row 1965 536839836 536843330
NPTRACE row 1966 536858965 536860361
NPTRACE row 1967 536878125 536880742
NPTRACE row 1968 536889399 536893164
NPTRACE row 1969 536899091 536901714
NPTRACE row 1970 536923669 536927130
NPTRACE row 1971 536940890 536943741
NPTRACE row 1972 536958111 536960387
NPTRACE row 1973 536976819 536977275
NPTRACE row 1974 536994015 536997649
NPTRACE row 1975 537011597 537014739
NPTRACE row 1976 537026183 537027080
NPTRACE row 1977 537044043 537048007
NPTRACE row 1978 537059430 537060355
NPTRACE row 1979 537078081 537081578
NPTRACE row 1980 537106132 537109837
NPTRACE row 1981 537123023 537127129
NPTRACE row 1982 537139797 537143603
NPTRACE row 1983 537157221 537160385
NPTRACE row 1984 537173936 537177156
NPTRACE row 1985 537192886 537197424
NPTRACE row 1986 537211385 537214365
NPTRACE row 1987 537221855 537222575
NPTRACE row 1988 537232082 537235080
NPTRACE row 1989 537242494 537243378
NPTRACE row 1990 537273479 537276711
NPTRACE row 1991 537295658 537298020
NPTRACE row 1992 537315127 537318522
NPTRACE row 1993 537325124 537326720
NPTRACE row 1994 537336028 537339248
NPTRACE row 1995 537346315 537347574
NPTRACE row 1996 537362374 537364609
NPTRACE row 1997 537384501 537385790
NPTRACE row 1998 537402622 537406465
NPTRACE row 1999 537420319 537423089
NPTRACE row 2000 537437899 537439642
NPTRACE row 2001 537454113 537456309
NPTRACE row 2002 537471797 537473011
NPTRACE row 2003 537489933 537493599
NPTRACE row 2004 537506683 537510315
NPTRACE row 2005 537524792 537527025
NPTRACE row 2006 537542122 537543867
NPTRACE row 2007 537558564 537560423
NPTRACE row 2008 537577439 537580962
NPTRACE row 2009 537591807 537593926
NPTRACE row 2010 537609578 537610504
NPTRACE row 2011 537624400 537627047
NPTRACE row 2012 537642238 537643918
NPTRACE row 2013 537659565 537660391
NPTRACE row 2014 537677319 537681056
NPTRACE row 2015 537688193 537689483
NPTRACE row 2016 537699653 537701886
NPTRACE row 2017 537710597 537714467
NPTRACE row 2018 537725216 537727129
NPTRACE row 2019 537742219 537743808
NPTRACE row 2020 537759410 537760425
NPTRACE row 2021 537778214 537781575
NPTRACE row 2022 537793867 537797997
NPTRACE row 2023 537811457 537814749
NPTRACE row 2024 537841989 537843457
NPTRACE row 2025 537856535 537860434
NPTRACE row 2026 537873781 537877165
NPTRACE row 2027 537892066 537893913
NPTRACE row 2028 537910835 537914478
NPTRACE row 2029 537928778 537931267
NPTRACE row 2030 537947042 537947705
NPTRACE row 2031 537957137 537960201
NPTRACE row 2032 537967858 537968447
NPTRACE row 2033 537978501 537981445
NPTRACE row 2034 537993920 537997726
NPTRACE row 2035 538012303 538014918
NPTRACE row 2036 538028585 538031281
NPTRACE row 2037 538046456 538047735
NPTRACE row 2038 538057550 538060134
NPTRACE row 2039 538068655 538072429
NPTRACE row 2040 538083606 538085454
NPTRACE row 2041 538104481 538106406
NPTRACE row 2042 538124861 538127276
NPTRACE row 2043 538143934 538147639
NPTRACE row 2044 538158738 538160482
NPTRACE row 2045 538177901 538181266
NPTRACE row 2046 538193996 538197728
NPTRACE row 2047 538212718 538215032
NPTRACE row 2048 538228345 538231354
NPTRACE row 2049 538246686 538248634
NPTRACE row 2050 538265984 538268866
NPTRACE row 2051 538286421 538289492
NPTRACE row 2052 538306738 538310314
NPTRACE row 2053 538323913 538339904
NPTRACE row 2054 538352221 538356097
NPTRACE row 2055 538368885 538372754
NPTRACE row 2056 538386304 538389778
NPTRACE row 2057 538403854 538406605
NPTRACE row 2058 538424463 538427308
NPTRACE row 2059 538441896 538443923
NPTRACE row 2060 538460575 538464419
NPTRACE row 2061 538478197 538481162
NPTRACE row 2062 538489701 538493438
NPTRACE row 2063 538500253 538502046
NPTRACE row 2064 538512181 538514634
NPTRACE row 2065 538531959 538535502
NPTRACE row 2066 538554624 538557476
NPTRACE row 2067 538573221 538577217
NPTRACE row 2068 538585740 538589323
NPTRACE row 2069 538596140 538597774
NPTRACE row 2070 538607009 538610129
NPTRACE row 2071 538624446 538627191
NPTRACE row 2072 538642402 538643768
NPTRACE row 2073 538654275 538656718
NPTRACE row 2074 538671350 538673163
NPTRACE row 2075 538689897 538693550
NPTRACE row 2076 538705969 538706343
NPTRACE row 2077 538721523 538722957
NPTRACE row 2078 538738167 538739658
NPTRACE row 2079 538756993 538760361
NPTRACE row 2080 538773341 538777189
NPTRACE row 2081 538790120 538793583
NPTRACE row 2082 538806910 538810375
NPTRACE row 2083 538823641 538827043
NPTRACE row 2084 538840001 538843797
NPTRACE row 2085 538856441 538860149
NPTRACE row 2086 538873381 538876882
NPTRACE row 2087 538890454 538893730
NPTRACE row 2088 538908339 538910658
NPTRACE row 2089 538929198 538931335
NPTRACE row 2090 538945919 538948465
NPTRACE row 2091 538965081 538969762
NPTRACE row 2092 538984419 538989815
NPTRACE row 2093 539007226 539010352
NPTRACE row 2094 539025289 539027166
NPTRACE row 2095 539044553 539048380
NPTRACE row 2096 539059288 539060498
NPTRACE row 2097 539075862 539077195
NPTRACE row 2098 539087438 539089414
NPTRACE row 2099 539098133 539101759
NPTRACE row 2100 539107933 539110181
NPTRACE row 2101 539126245 539127202
NPTRACE row 2102 539144335 539147643
NPTRACE row 2103 539154303 539155995
NPTRACE row 2104 539164553 539168348
NPTRACE row 2105 539174105 539177162
NPTRACE row 2106 539188388 539189752
NPTRACE row 2107 539204647 539206333
NPTRACE row 2108 539220466 539230328
NPTRACE row 2109 539242205 539243495
NPTRACE row 2110 539259175 539260420
NPTRACE row 2111 539277659 539280795
NPTRACE row 2112 539288077 539289464
NPTRACE row 2113 539298546 539301814
NPTRACE row 2114 539313419 539314613
NPTRACE row 2115 539333438 539335672
NPTRACE row 2116 539355305 539356689
NPTRACE row 2117 539373205 539377091
NPTRACE row 2118 539386794 539389362
NPTRACE row 2119 539396600 539397659
NPTRACE row 2120 539412997 539414341
NPTRACE row 2121 539433220 539435683
NPTRACE row 2122 539453724 539456486
NPTRACE row 2123 539471593 539473238
NPTRACE row 2124 539487578 539489675
NPTRACE row 2125 539504162 539506411
NPTRACE row 2126 539524892 539527154
NPTRACE row 2127 539542382 539543820
NPTRACE row 2128 539554543 539556633
NPTRACE row 2129 539571280 539573149
NPTRACE row 2130 539588545 539589765
NPTRACE row 2131 539604619 539606372
NPTRACE row 2132 539619668 539622956
NPTRACE row 2133 539635578 539639748
NPTRACE row 2134 539656657 539660292
NPTRACE row 2135 539674089 539677227
NPTRACE row 2136 539691187 539694030
NPTRACE row 2137 539707441 539710586
NPTRACE row 2138 539724366 539727326
NPTRACE row 2139 539741237 539743920
NPTRACE row 2140 539759065 539760527
NPTRACE row 2141 539777817 539781458
NPTRACE row 2142 539803533 539806246
NPTRACE row 2143 539820316 539823151
NPTRACE row 2144 539837081 539839622
NPTRACE row 2145 539852132 539864047
NPTRACE row 2146 539874041 539877011
NPTRACE row 2147 539887514 539889894
NPTRACE row 2148 539904201 539906367
NPTRACE row 2149 539918842 539922956
NPTRACE row 2150 539933228 539935274
NPTRACE row 2151 539951292 539952303
NPTRACE row 2152 539966518 539968635
NPTRACE row 2153 539982470 539985712
NPTRACE row 2154 539999333 540002880
NPTRACE row 2155 540016713 540018883
NPTRACE row 2156 540031679 540035380
NPTRACE row 2157 540046879 540048178
NPTRACE row 2158 540063789 540064567
NPTRACE row 2159 540080423 540081705
NPTRACE row 2160 540098759 540102110
NPTRACE row 2161 540113656 540114787
NPTRACE row 2162 540132069 540135562
NPTRACE row 2163 540148478 540152061
NPTRACE row 2164 540165676 540168791
NPTRACE row 2165 540183982 540186175
NPTRACE row 2166 540199639 540202092
NPTRACE row 2167 540218102 540219030
NPTRACE row 2168 540232771 540235404
NPTRACE row 2169 540248356 540256428
NPTRACE row 2170 540271210 540273166
NPTRACE row 2171 540287911 540289808
NPTRACE row 2172 540304175 540306287
NPTRACE row 2173 540320255 540323043
NPTRACE row 2174 540336382 540339667
NPTRACE row 2175 540356691 540360370
NPTRACE row 2176 540373679 540377337
NPTRACE row 2177 540390432 540394125
NPTRACE row 2178 540407061 540410765
NPTRACE row 2179 540423696 540427078
NPTRACE row 2180 540440102 540443865
NPTRACE row 2181 540452907 540456119
NPTRACE row 2182 540462763 540464423
NPTRACE row 2183 540473417 540476850
NPTRACE row 2184 540483850 540485424
NPTRACE row 2185 540494969 540498005
NPTRACE row 2186 540518997 540522884
NPTRACE row 2187 540535882 540539479
NPTRACE row 2188 540552095 540556078
NPTRACE row 2189 540567022 540572854
NPTRACE row 2190 540588859 540589913
NPTRACE row 2191 540603396 540606531
NPTRACE row 2192 540619471 540623131
NPTRACE row 2193 540634705 540635660
NPTRACE row 2194 540649937 540652165
NPTRACE row 2195 540669343 540672672
NPTRACE row 2196 540683518 540685606
NPTRACE row 2197 540698672 540702319
NPTRACE row 2198 540716645 540719287
NPTRACE row 2199 540734547 540735733
NPTRACE row 2200 540749972 540752224
NPTRACE row 2201 540768147 540769153
NPTRACE row 2202 540783850 540785507
NPTRACE row 2203 540799717 540802365
NPTRACE row 2204 540816882 540818751
NPTRACE row 2205 540833517 540839809
NPTRACE row 2206 540856840 540860447
NPTRACE row 2207 540869018 540872748
NPTRACE row 2208 540879344 540881316
NPTRACE row 2209 540894925 540897916
NPTRACE row 2210 540913985 540914960
NPTRACE row 2211 540935994 540939625
NPTRACE row 2212 540949706 540952401
NPTRACE row 2213 540970527 540973531
NPTRACE row 2214 540985730 540989823
NPTRACE row 2215 541004143 541006994
NPTRACE row 2216 541019106 541023175
NPTRACE row 2217 541037048 541040243
NPTRACE row 2218 541053749 541056628
NPTRACE row 2219 541070926 541073326
NPTRACE row 2220 541088079 541090002
NPTRACE row 2221 541103224 541106498
NPTRACE row 2222 541120306 541123323
NPTRACE row 2223 541136590 541139971
NPTRACE row 2224 541153446 541156576
NPTRACE row 2225 541174825 541177585
NPTRACE row 2226 541194340 541197922
NPTRACE row 2227 541214982 541219563
NPTRACE row 2228 541230308 541231565
NPTRACE row 2229 541248320 541252018
NPTRACE row 2230 541267724 541269045
NPTRACE row 2231 541283332 541285681
NPTRACE row 2232 541307233 541310544
NPTRACE row 2233 541324232 541327422
NPTRACE row 2234 541344591 541348036
NPTRACE row 2235 541364937 541368816
NPTRACE row 2236 541380582 541381511
NPTRACE row 2237 541399382 541406494
NPTRACE row 2238 541422217 541423341
NPTRACE row 2239 541438902 541440160
NPTRACE row 2240 541457083 541460565
NPTRACE row 2241 541474313 541477466
NPTRACE row 2242 541492231 541494333
NPTRACE row 2243 541507412 541510897
NPTRACE row 2244 541523692 541527421
NPTRACE row 2245 541535534 541539343
NPTRACE row 2246 541545267 541547895
NPTRACE row 2247 541555305 541556231
NPTRACE row 2248 541569697 541573115
NPTRACE row 2249 541586801 541590010
NPTRACE row 2250 541603960 541606748
NPTRACE row 2251 541620884 541623252
NPTRACE row 2252 541644691 541648076
NPTRACE row 2253 541660930 541665130
NPTRACE row 2254 541675539 541677369
NPTRACE row 2255 541695146 541698090
NPTRACE row 2256 541711035 541714601
NPTRACE row 2257 541728727 541731414
NPTRACE row 2258 541740459 541743851
NPTRACE row 2259 541751173 541752123
NPTRACE row 2260 541762665 541764694
NPTRACE row 2261 541779245 541781889
NPTRACE row 2262 541798324 541802065
NPTRACE row 2263 541809030 541810447
NPTRACE row 2264 541820009 541822953
NPTRACE row 2265 541830553 541831283
NPTRACE row 2266 541849814 541852844
NPTRACE row 2267 541867132 541868893
NPTRACE row 2268 541878599 541881273
NPTRACE row 2269 541894302 541897986
NPTRACE row 2270 541916158 541919091
NPTRACE row 2271 541934541 541939832
NPTRACE row 2272 541956827 541960562
NPTRACE row 2273 541973704 541977252
NPTRACE row 2274 541990741 541994077
NPTRACE row 2275 542009567 542010706
NPTRACE row 2276 542026587 542027385
NPTRACE row 2277 542040874 542044029
NPTRACE row 2278 542057606 542060822
NPTRACE row 2279 542073907 542077640
NPTRACE row 2280 542091243 542094095
NPTRACE row 2281 542105219 542106535
NPTRACE row 2282 542123870 542127359
NPTRACE row 2283 542139894 542144024
NPTRACE row 2284 542157058 542160531
NPTRACE row 2285 542173540 542177225
NPTRACE row 2286 542190349 542193865
NPTRACE row 2287 542203999 542207308
NPTRACE row 2288 542219793 542223253
NPTRACE row 2289 542233438 542235372
NPTRACE row 2290 542244166 542247839
NPTRACE row 2291 542260780 542264667
NPTRACE row 2292 542281760 542285716
NPTRACE row 2293 542300004 542302226
NPTRACE row 2294 542315095 542318694
NPTRACE row 2295 542331847 542335548
NPTRACE row 2296 542348702 542352148
NPTRACE row 2297 542366694 542368913
NPTRACE row 2298 542382150 542386092
NPTRACE row 2299 542401171 542402181
NPTRACE row 2300 542411319 542414536
NPTRACE row 2301 542426590 542427064
NPTRACE row 2302 542445162 542448999
NPTRACE row 2303 542470329 542473234
NPTRACE row 2304 542487935 542490131
NPTRACE row 2305 542504853 542506701
NPTRACE row 2306 542528090 542531911
NPTRACE row 2307 542542669 542544127
NPTRACE row 2308 542561115 542564542
NPTRACE row 2309 542571754 542573088
NPTRACE row 2310 542582307 542585429
NPTRACE row 2311 542594063 542597770
NPTRACE row 2312 542610616 542614433
NPTRACE row 2313 542631744 542635331
NPTRACE row 2314 542652939 542656259
NPTRACE row 2315 542669532 542673137
NPTRACE row 2316 542685865 542689565
NPTRACE row 2317 542699976 542702297
NPTRACE row 2318 542718179 542723329
NPTRACE row 2319 542739752 542740371
NPTRACE row 2320 542755081 542756611
NPTRACE row 2321 542771511 542773636
NPTRACE row 2322 542787841 542790103
NPTRACE row 2323 542803794 542806840
NPTRACE row 2324 542817001 542818792
NPTRACE row 2325 542826602 542827223
NPTRACE row 2326 542844038 542847889
NPTRACE row 2327 542865558 542868781
NPTRACE row 2328 542884450 542886168
NPTRACE row 2329 542900095 542902374
NPTRACE row 2330 542920114 542923396
NPTRACE row 2331 542936600 542940158
NPTRACE row 2332 542953187 542956737
NPTRACE row 2333 542970643 542973492
NPTRACE row 2334 542986974 542989871
NPTRACE row 2335 543003265 543006672
NPTRACE row 2336 543019510 543023251
NPTRACE row 2337 543034891 543035626
NPTRACE row 2338 543051655 543052503
NPTRACE row 2339 543066986 543069043
NPTRACE row 2340 543084223 543085873
NPTRACE row 2341 543098836 543102226
NPTRACE row 2342 543117920 543119234
NPTRACE row 2343 543132278 543135616
NPTRACE row 2344 543150824 543152517
NPTRACE row 2345 543165476 543169124
NPTRACE row 2346 543183451 543185902
NPTRACE row 2347 543198242 543202137
NPTRACE row 2348 543215170 543218959
NPTRACE row 2349 543231773 543235409
NPTRACE row 2350 543249880 543252328
NPTRACE row 2351 543265694 543268960
NPTRACE row 2352 543284002 543290193
NPTRACE row 2353 543304175 543306589
NPTRACE row 2354 543317538 543318851
NPTRACE row 2355 543327496 543331195
NPTRACE row 2356 543342675 543343778
NPTRACE row 2357 543365781 543369253
NPTRACE row 2358 543384341 543385859
NPTRACE row 2359 543400252 543402281
NPTRACE row 2360 543419733 543423389
NPTRACE row 2361 543436694 543440031
NPTRACE row 2362 543452489 543456471
NPTRACE row 2363 543462757 543464743
NPTRACE row 2364 543475914 543477131
NPTRACE row 2365 543492077 543493794
NPTRACE row 2366 543514818 543518968
NPTRACE row 2367 543534394 543536184
NPTRACE row 2368 543550207 543552243
NPTRACE row 2369 543569926 543573151
NPTRACE row 2370 543591671 543593975
NPTRACE row 2371 543605479 543607468
NPTRACE row 2372 543623420 543627228
NPTRACE row 2373 543644345 543648034
NPTRACE row 2374 543660816 543664839
NPTRACE row 2375 543679166 543681564
NPTRACE row 2376 543703806 543707762
NPTRACE row 2377 543719568 543723426
NPTRACE row 2378 543736896 543740055
NPTRACE row 2379 543752577 543756660
NPTRACE row 2380 543766382 543768817
NPTRACE row 2381 543776306 543777276
NPTRACE row 2382 543786583 543789664
NPTRACE row 2383 543796611 543798057
NPTRACE row 2384 543809080 543810540
NPTRACE row 2385 543828835 543831515
NPTRACE row 2386 543848740 543852371
NPTRACE row 2387 543865554 543869350
NPTRACE row 2388 543880886 543881443
NPTRACE row 2389 543891330 543893796
NPTRACE row 2390 543908358 543910464
NPTRACE row 2391 543936956 543940011
NPTRACE row 2392 543950489 543952240
NPTRACE row 2393 543960709 543964494
NPTRACE row 2394 543975209 543977203
NPTRACE row 2395 543996097 543998243
NPTRACE row 2396 544013795 544014844
NPTRACE row 2397 544029937 544031612
NPTRACE row 2398 544048570 544052164
NPTRACE row 2399 544065916 544066761
NPTRACE end d3497d380eba28cb
NPTRACE begin 4630f76a642fd0c3 2400 2400 1 0
NPTRACE row 0 710004970 710007393
NPTRACE row 1 710036790 710040328
NPTRACE row 2 710045786 710048821
NPTRACE row 3 710054885 710057025
NPTRACE row 4 710072143 710073682
NPTRACE row 5 710088295 710090420
NPTRACE row 6 710104329 710106803
NPTRACE row 7 710123261 710124171
NPTRACE row 8 710139173 710140612
NPTRACE row 9 710155032 710157004
NPTRACE row 10 710172386 710174163
NPTRACE row 11 710188555 710190388
NPTRACE row 12 710204980 710207344
NPTRACE row 13 710223623 710227699
NPTRACE row 14 710238529 710240206
NPTRACE row 15 710259556 710261233
NPTRACE row 16 710271655 710273652
NPTRACE row 17 710288777 710290338
NPTRACE row 18 710304769 710306940
NPTRACE row 19 710321756 710323515
NPTRACE row 20 710338216 710340171
NPTRACE row 21 710359469 710361155
NPTRACE row 22 710372170 710373803
NPTRACE row 23 710388846 710390355
NPTRACE row 24 710405031 710406904
NPTRACE row 25 710421842 710423542
NPTRACE row 26 710438409 710440242
NPTRACE row 27 710455099 710456882
NPTRACE row 28 710471781 710473573
NPTRACE row 29 710488856 710490352
NPTRACE row 30 710505507 710507061
NPTRACE row 31 710521700 710523483
NPTRACE row 32 710538356 710540366
NPTRACE row 33 710555174 710556870
NPTRACE row 34 710578184 710581811
NPTRACE row 35 710588088 710590356
NPTRACE row 36 710606660 710607029
NPTRACE row 37 710617694 710619437
NPTRACE row 38 710634466 710636291
NPTRACE row 39 710670274 710673523
NPTRACE row 40 710699620 710702643
NPTRACE row 41 710707308 710711111
NPTRACE row 42 710714528 710715167
NPTRACE row 43 710722299 710723794
NPTRACE row 44 710734437 710736075
NPTRACE row 45 710751188 710752783
NPTRACE row 46 710771407 710773508
NPTRACE row 47 710788707 710790911
NPTRACE row 48 710804907 710807001
NPTRACE row 49 710821895 710823869
NPTRACE row 50 710845124 710848836
NPTRACE row 51 710855939 710857584
NPTRACE row 52 710875279 710877825
NPTRACE row 53 710889104 710890604
NPTRACE row 54 710904603 710906991
NPTRACE row 55 710922267 710923845
NPTRACE row 56 710954132 710957085
NPTRACE row 57 710963485 710965899
NPTRACE row 58 710974959 710977827
NPTRACE row 59 710989747 710990680
NPTRACE row 60 711006085 711007124
NPTRACE row 61 711021713 711023829
NPTRACE row 62 711037801 711040355
NPTRACE row 63 711055896 711057367
NPTRACE row 64 711083821 711086204
NPTRACE row 65 711091841 711094533
NPTRACE row 66 711101306 711102877
NPTRACE row 67 711117784 711119503
NPTRACE row 68 711134482 711136170
NPTRACE row 69 711154630 711157037
NPTRACE row 70 711171589 711173808
NPTRACE row 71 711188266 711190485
NPTRACE row 72 711205486 711207202
NPTRACE row 73 711221348 711223622
NPTRACE row 74 711238877 711240872
NPTRACE row 75 711254564 711256980
NPTRACE row 76 711272665 711273734
NPTRACE row 77 711284701 711286212
NPTRACE row 78 711308133 711311465
NPTRACE row 79 711318269 711319571
NPTRACE row 80 711338081 711340329
NPTRACE row 81 711355337 711357270
NPTRACE row 82 711371165 711373692
NPTRACE row 83 711389121 711390722
NPTRACE row 84 711420851 711423838
NPTRACE row 85 711449908 711452888
NPTRACE row 86 711458128 711478517
NPTRACE row 87 711488082 711490531
NPTRACE row 88 711497156 711507333
NPTRACE row 89 711517244 711519573
NPTRACE row 90 711525185 711530572
NPTRACE row 91 711552515 711553346
NPTRACE row 92 711561242 711565331
NPTRACE row 93 711568889 711569481
NPTRACE row 94 711578990 711581965
NPTRACE row 95 711587817 711590428
NPTRACE row 96 711600731 711602784
NPTRACE row 97 711620572 711623714
NPTRACE row 98 711638488 711640547
NPTRACE row 99 711656496 711657294
NPTRACE row 100 711671635 711673878
NPTRACE row 101 711688224 711690521
NPTRACE row 102 711705162 711707249
NPTRACE row 103 711731698 711732084
NPTRACE row 104 711739225 711740335
NPTRACE row 105 711754583 711757057
NPTRACE row 106 711772390 711774132
NPTRACE row 107 711805037 711807128
NPTRACE row 108 711813030 711815300
NPTRACE row 109 711820882 711823647
NPTRACE row 110 711834015 711836298
NPTRACE row 111 711866889 711869481
NPTRACE row 112 711875150 711878105
NPTRACE row 113 711890149 711890682
NPTRACE row 114 711904428 711907228
NPTRACE row 115 711921404 711923729
NPTRACE row 116 711938886 711940518
NPTRACE row 117 711956410 711957150
NPTRACE row 118 711971570 711973854
NPTRACE row 119 712004895 712007285
NPTRACE row 120 712031149 712032322
NPTRACE row 121 712039567 712040555
NPTRACE row 122 712047720 712048797
NPTRACE row 123 712055855 712057097
NPTRACE row 124 712067362 712069487
NPTRACE row 125 712084288 712086281
NPTRACE row 126 712115076 712115392
NPTRACE row 127 712123936 712127859
NPTRACE row 128 712134043 712136159
NPTRACE row 129 712150664 712152826
NPTRACE row 130 712167276 712169495
NPTRACE row 131 712188589 712190566
NPTRACE row 132 712205394 712207278
NPTRACE row 133 712233620 712236193
NPTRACE row 134 712241929 712244628
NPTRACE row 135 712250798 712252835
NPTRACE row 136 712267212 712269502
NPTRACE row 137 712289213 712290603
NPTRACE row 138 712304909 712307312
NPTRACE row 139 712337370 712340443
NPTRACE row 140 712359920 712361273
NPTRACE row 141 712371523 712373905
NPTRACE row 142 712383200 712386253
NPTRACE row 143 712396694 712399097
NPTRACE row 144 712408044 712411188
NPTRACE row 145 712417015 712419515
NPTRACE row 146 712433659 712436385
NPTRACE row 147 712470826 712473794
NPTRACE row 148 712499795 712502990
NPTRACE row 149 712512011 712515511
NPTRACE row 150 712524366 712528007
NPTRACE row 151 712537807 712540419
NPTRACE row 152 712546042 712548693
NPTRACE row 153 712554123 712557040
NPTRACE row 154 712566896 712569528
NPTRACE row 155 712589858 712590805
NPTRACE row 156 712605552 712607651
NPTRACE row 157 712616863 712619532
NPTRACE row 158 712633480 712636467
NPTRACE row 159 712655131 712657125
NPTRACE row 160 712670912 712673869
NPTRACE row 161 712690784 712694667
NPTRACE row 162 712704526 712707242
NPTRACE row 163 712728527 712732204
NPTRACE row 164 712739832 712740732
NPTRACE row 165 712755821 712757180
NPTRACE row 166 712771170 712773840
NPTRACE row 167 712805403 712807334
NPTRACE row 168 712818840 712819768
NPTRACE row 169 712831651 712832271
NPTRACE row 170 712841798 712844559
NPTRACE row 171 712850126 712852883
NPTRACE row 172 712866438 712869552
NPTRACE row 173 712883328 712886341
NPTRACE row 174 712919329 712920075
NPTRACE row 175 712928536 712939320
NPTRACE row 176 712946505 712948834
NPTRACE row 177 712955753 712957297
NPTRACE row 178 712966433 712969559
NPTRACE row 179 712982910 712986350
NPTRACE row 180 712999792 713002894
NPTRACE row 181 713021661 713023824
NPTRACE row 182 713037166 713040417
NPTRACE row 183 713049083 713052900
NPTRACE row 184 713066105 713069569
NPTRACE row 185 713086014 713086739
NPTRACE row 186 713104219 713107196
NPTRACE row 187 713121252 713123838
NPTRACE row 188 713137124 713140461
NPTRACE row 189 713153854 713157182
NPTRACE row 190 713170928 713173990
NPTRACE row 191 713188743 713190817
NPTRACE row 192 713204290 713207344
NPTRACE row 193 713236051 713236890
NPTRACE row 194 713244298 713244607
NPTRACE row 195 713251860 713252948
NPTRACE row 196 713265882 713269583
NPTRACE row 197 713286687 713290367
NPTRACE row 198 713304071 713307180
NPTRACE row 199 713315643 713319569
NPTRACE row 200 713332343 713336437
NPTRACE row 201 713353903 713357197
NPTRACE row 202 713370058 713373775
NPTRACE row 203 713382327 713386317
NPTRACE row 204 713399072 713402927
NPTRACE row 205 713420375 713423865
NPTRACE row 206 713437214 713440628
NPTRACE row 207 713454589 713457197
NPTRACE row 208 713470471 713473907
NPTRACE row 209 713495163 713498708
NPTRACE row 210 713504473 713507120
NPTRACE row 211 713515538 713519534
NPTRACE row 212 713532382 713536271
NPTRACE row 213 713548659 713548838
NPTRACE row 214 713585733 713586708
NPTRACE row 215 713596968 713599060
NPTRACE row 216 713609075 713611461
NPTRACE row 217 713623514 713624367
NPTRACE row 218 713633559 713636286
NPTRACE row 219 713648920 713652878
NPTRACE row 220 713671249 713673876
NPTRACE row 221 713687468 713690497
NPTRACE row 222 713698976 713702962
NPTRACE row 223 713715561 713719552
NPTRACE row 224 713740081 713740800
NPTRACE row 225 713753940 713757322
NPTRACE row 226 713787279 713790530
NPTRACE row 227 713796438 713798959
NPTRACE row 228 713807240 713811278
NPTRACE row 229 713818299 713819850
NPTRACE row 230 713851598 713853067
NPTRACE row 231 713859134 713861297
NPTRACE row 232 713866923 713869629
NPTRACE row 233 713882334 713886231
NPTRACE row 234 713899498 713903002
NPTRACE row 235 713919307 713919885
NPTRACE row 236 713935358 713936596
NPTRACE row 237 713953344 713957169
NPTRACE row 238 713969008 713969935
NPTRACE row 239 713997716 713999100
NPTRACE row 240 714009972 714011552
NPTRACE row 241 714022599 714023866
NPTRACE row 242 714032287 714036292
NPTRACE row 243 714048595 714048836
NPTRACE row 244 714087442 714090508
NPTRACE row 245 714095697 714098953
NPTRACE row 246 714104161 714107177
NPTRACE row 247 714115264 714115504
NPTRACE row 248 714137817 714140583
NPTRACE row 249 714152533 714153220
NPTRACE row 250 714184162 714186536
NPTRACE row 251 714196629 714199075
NPTRACE row 252 714208052 714211617
NPTRACE row 253 714219497 714220246
NPTRACE row 254 714231610 714232183
NPTRACE row 255 714248668 714248958
NPTRACE row 256 714284438 714286359
NPTRACE row 257 714295610 714299069
NPTRACE row 258 714306599 714307406
NPTRACE row 259 714318831 714319997
NPTRACE row 260 714337141 714340609
NPTRACE row 261 714352802 714353346
NPTRACE row 262 714386139 714386709
NPTRACE row 263 714395923 714399145
NPTRACE row 264 714408201 714411466
NPTRACE row 265 714420787 714423932
NPTRACE row 266 714431764 714432198
NPTRACE row 267 714448138 714448868
NPTRACE row 268 714483558 714486354
NPTRACE row 269 714495993 714499148
NPTRACE row 270 714509263 714511389
NPTRACE row 271 714521593 714523930
NPTRACE row 272 714537961 714540614
NPTRACE row 273 714553404 714557194
NPTRACE row 274 714582872 714586363
NPTRACE row 275 714591229 714595132
NPTRACE row 276 714605350 714607288
NPTRACE row 277 714619273 714620029
NPTRACE row 278 714639648 714640604
NPTRACE row 279 714652706 714653193
NPTRACE row 280 714670277 714673827
NPTRACE row 281 714686253 714686771
NPTRACE row 282 714704521 714707289
NPTRACE row 283 714718504 714719927
NPTRACE row 284 714731251 714732225
NPTRACE row 285 714747905 714748887
NPTRACE row 286 714786128 714786405
NPTRACE row 287 714811042 714812499
NPTRACE row 288 714821814 714824037
NPTRACE row 289 714829672 714832213
NPTRACE row 290 714837742 714840556
NPTRACE row 291 714847577 714849069
NPTRACE row 292 714864620 714865773
NPTRACE row 293 714887405 714890712
NPTRACE row 294 714903807 714907298
NPTRACE row 295 714934344 714936458
NPTRACE row 296 714963350 714965593
NPTRACE row 297 714971014 714974050
NPTRACE row 298 714980954 714983034
NPTRACE row 299 714992692 714995572
NPTRACE row 300 715005496 715007412
NPTRACE row 301 715020360 715023886
NPTRACE row 302 715036648 715040677
NPTRACE row 303 715053721 715057248
NPTRACE row 304 715070163 715073837
NPTRACE row 305 715080773 715082418
NPTRACE row 306 715097445 715098996
NPTRACE row 307 715119183 715119959
NPTRACE row 308 715136747 715140607
NPTRACE row 309 715162918 715165597
NPTRACE row 310 715171791 715174016
NPTRACE row 311 715186254 715186951
NPTRACE row 312 715203788 715207285
NPTRACE row 313 715214017 715215618
NPTRACE row 314 715231085 715232331
NPTRACE row 315 715247644 715249052
NPTRACE row 316 715281506 715282457
NPTRACE row 317 715291361 715305002
NPTRACE row 318 715316391 715319751
NPTRACE row 319 715324407 715328189
NPTRACE row 320 715332318 715336347
NPTRACE row 321 715347108 715349014
NPTRACE row 322 715364068 715365641
NPTRACE row 323 715398782 715399113
NPTRACE row 324 715406492 715407325
NPTRACE row 325 715431535 715432375
NPTRACE row 326 715439274 715440789
NPTRACE row 327 715450251 715453174
NPTRACE row 328 715472262 715473938
NPTRACE row 329 715480611 715482429
NPTRACE row 330 715497372 715498981
NPTRACE row 331 715514973 715516567
NPTRACE row 332 715535866 715536652
NPTRACE row 333 715547019 715548963
NPTRACE row 334 715563881 715565645
NPTRACE row 335 715580522 715582439
NPTRACE row 336 715620739 715624209
NPTRACE row 337 715642792 715644879
NPTRACE row 338 715652826 715653614
NPTRACE row 339 715662854 715665722
NPTRACE row 340 715674612 715678296
NPTRACE row 341 715687989 715691050
NPTRACE row 342 715704715 715707378
NPTRACE row 343 715718151 715720011
NPTRACE row 344 715735883 715736548
NPTRACE row 345 715752097 715753334
NPTRACE row 346 715785312 715786458
NPTRACE row 347 715815341 715815905
NPTRACE row 348 715825002 715833129
NPTRACE row 349 715842351 715844864
NPTRACE row 350 715855213 715857427
NPTRACE row 351 715865171 715865958
NPTRACE row 352 715876782 715878345
NPTRACE row 353 715889571 715890897
NPTRACE row 354 715920496 715924040
NPTRACE row 355 715931040 715932782
NPTRACE row 356 715942405 715944897
NPTRACE row 357 715954687 715957378
NPTRACE row 358 715984651 715986528
NPTRACE row 359 715996468 715999275
NPTRACE row 360 716008694 716011646
NPTRACE row 361 716021101 716024092
NPTRACE row 362 716035456 716036501
NPTRACE row 363 716051913 716053367
NPTRACE row 364 716076553 716078239
NPTRACE row 365 716087098 716090731
NPTRACE row 366 716118397 716119812
NPTRACE row 367 716146710 716149014
NPTRACE row 368 716154667 716157360
NPTRACE row 369 716165054 716174632
NPTRACE row 370 716184869 716186525
NPTRACE row 371 716194180 716195193
NPTRACE row 372 716205543 716207393
NPTRACE row 373 716217802 716220011
NPTRACE row 374 716229863 716232308
NPTRACE row 375 716246328 716248981
NPTRACE row 376 716267105 716269862
NPTRACE row 377 716285210 716286653
NPTRACE row 378 716296404 716298982
NPTRACE row 379 716312987 716315641
NPTRACE row 380 716330403 716332352
NPTRACE row 381 716367311 716369811
NPTRACE row 382 716375995 716378225
NPTRACE row 383 716387476 716390982
NPTRACE row 384 716402302 716403448
NPTRACE row 385 716431076 716432316
NPTRACE row 386 716439240 716440714
NPTRACE row 387 716462609 716465658
NPTRACE row 388 716471764 716474084
NPTRACE row 389 716501632 716503322
NPTRACE row 390 716529333 716532549
NPTRACE row 391 716539122 716540893
NPTRACE row 392 716552676 716553406
NPTRACE row 393 716564568 716565853
NPTRACE row 394 716573903 716578113
NPTRACE row 395 716581705 716582474
NPTRACE row 396 716596080 716599002
NPTRACE row 397 716614671 716616496
NPTRACE row 398 716634482 716636718
NPTRACE row 399 716650339 716653238
NPTRACE row 400 716667545 716669881
NPTRACE row 401 716681653 716682719
NPTRACE row 402 716702997 716703403
NPTRACE row 403 716715192 716715689
NPTRACE row 404 716729315 716732340
NPTRACE row 405 716748433 716749456
NPTRACE row 406 716767964 716769891
NPTRACE row 407 716794571 716795231
NPTRACE row 408 716804438 716807514
NPTRACE row 409 716823911 716824575
NPTRACE row 410 716834853 716836648
NPTRACE row 411 716848287 716849318
NPTRACE row 412 716868534 716869891
NPTRACE row 413 716894158 716895273
NPTRACE row 414 716902616 716903641
NPTRACE row 415 716930530 716932356
NPTRACE row 416 716938145 716940712
NPTRACE row 417 716958505 716961595
NPTRACE row 418 716967781 716969950
NPTRACE row 419 717000390 717003294
NPTRACE row 420 717011032 717011772
NPTRACE row 421 717021697 717024078
NPTRACE row 422 717034172 717036577
NPTRACE row 423 717049895 717053232
NPTRACE row 424 717071966 717074049
NPTRACE row 425 717079510 717082490
NPTRACE row 426 717095586 717099033
NPTRACE row 427 717113889 717115779
NPTRACE row 428 717136310 717137065
NPTRACE row 429 717147426 717149129
NPTRACE row 430 717168916 717169948
NPTRACE row 431 717179642 717182789
NPTRACE row 432 717195851 717199127
NPTRACE row 433 717213437 717215743
NPTRACE row 434 717233830 717236577
NPTRACE row 435 717245295 717249005
NPTRACE row 436 717262241 717265668
NPTRACE row 437 717279157 717282461
NPTRACE row 438 717317856 717319882
NPTRACE row 439 717331331 717333098
NPTRACE row 440 717342830 717344976
NPTRACE row 441 717353814 717357378
NPTRACE row 442 717375042 717378250
NPTRACE row 443 717384772 717386911
NPTRACE row 444 717410526 717411789
NPTRACE row 445 717418268 717420085
NPTRACE row 446 717444575 717444995
NPTRACE row 447 717454673 717458058
NPTRACE row 448 717468960 717470210
NPTRACE row 449 717483125 717486565
NPTRACE row 450 717495136 717499021
NPTRACE row 451 717511293 717511643
NPTRACE row 452 717531065 717532536
NPTRACE row 453 717548817 717549749
NPTRACE row 454 717582277 717582984
NPTRACE row 455 717594103 717595747
NPTRACE row 456 717606376 717607588
NPTRACE row 457 717617582 717619963
NPTRACE row 458 717631852 717633034
NPTRACE row 459 717649578 717653249
NPTRACE row 460 717682817 717686536
NPTRACE row 461 717693324 717695073
NPTRACE row 462 717704196 717707394
NPTRACE row 463 717721203 717724287
NPTRACE row 464 717730825 717732511
NPTRACE row 465 717744503 717744951
NPTRACE row 466 717764755 717765973
NPTRACE row 467 717782275 717783096
NPTRACE row 468 717798450 717799393
NPTRACE row 469 717815235 717816379
NPTRACE row 470 717828086 717828285
NPTRACE row 471 717845671 717849250
NPTRACE row 472 717864260 717865858
NPTRACE row 473 717882081 717883058
NPTRACE row 474 717897337 717899123
NPTRACE row 475 717914999 717916282
NPTRACE row 476 717928017 717928293
NPTRACE row 477 717944324 717944910
NPTRACE row 478 717964143 717965750
NPTRACE row 479 717984903 717986949
NPTRACE row 480 718011511 718012273
NPTRACE row 481 718019821 718020063
NPTRACE row 482 718030466 718032408
NPTRACE row 483 718052022 718053669
NPTRACE row 484 718063314 718065744
NPTRACE row 485 718085966 718086832
NPTRACE row 486 718094606 718094932
NPTRACE row 487 718112291 718115930
NPTRACE row 488 718128042 718128262
NPTRACE row 489 718146308 718149102
NPTRACE row 490 718171203 718174141
NPTRACE row 491 718181223 718182676
NPTRACE row 492 718196922 718199161
NPTRACE row 493 718210788 718211598
NPTRACE row 494 718227807 718228266
NPTRACE row 495 718248832 718249892
NPTRACE row 496 718265550 718266139
NPTRACE row 497 718278032 718278398
NPTRACE row 498 718294508 718294949
NPTRACE row 499 718313305 718324129
NPTRACE row 500 718336814 718337075
NPTRACE row 501 718348515 718349411
NPTRACE row 502 718365551 718366207
NPTRACE row 503 718379305 718382614
NPTRACE row 504 718395224 718399216
NPTRACE row 505 718420270 718424131
NPTRACE row 506 718432976 718436595
NPTRACE row 507 718458865 718461655
NPTRACE row 508 718468994 718470179
NPTRACE row 509 718494230 718495154
NPTRACE row 510 718503001 718503783
NPTRACE row 511 718516759 718520034
NPTRACE row 512 718533136 718536690
NPTRACE row 513 718544130 718544965
NPTRACE row 514 718561022 718561633
NPTRACE row 515 718577938 718578421
NPTRACE row 516 718613076 718615787
NPTRACE row 517 718621547 718624130
NPTRACE row 518 718645708 718649123
NPTRACE row 519 718655314 718657925
NPTRACE row 520 718669307 718670626
NPTRACE row 521 718683178 718686787
NPTRACE row 522 718694348 718694983
NPTRACE row 523 718710612 718711639
NPTRACE row 524 718733429 718736641
NPTRACE row 525 718750973 718753406
NPTRACE row 526 718764209 718765836
NPTRACE row 527 718779386 718782660
NPTRACE row 528 718796267 718799367
NPTRACE row 529 718815397 718815880
NPTRACE row 530 718828095 718828316
NPTRACE row 531 718844357 718844988
NPTRACE row 532 718861207 718861653
NPTRACE row 533 718880434 718882691
NPTRACE row 534 718899016 718899528
NPTRACE row 535 718912226 718915808
NPTRACE row 536 718927427 718928322
NPTRACE row 537 718946540 718949156
NPTRACE row 538 718964377 718965880
NPTRACE row 539 718979626 718982705
NPTRACE row 540 718998899 718999399
NPTRACE row 541 719012736 719015866
NPTRACE row 542 719032024 719032711
NPTRACE row 543 719044851 719045498
NPTRACE row 544 719060393 719061829
NPTRACE row 545 719077152 719078622
NPTRACE row 546 719115217 719116056
NPTRACE row 547 719122543 719124391
NPTRACE row 548 719133935 719136676
NPTRACE row 549 719148235 719149319
NPTRACE row 550 719179965 719182556
NPTRACE row 551 719191517 719207804
NPTRACE row 552 719218301 719220115
NPTRACE row 553 719244304 719245211
NPTRACE row 554 719253191 719253350
NPTRACE row 555 719263559 719265843
NPTRACE row 556 719275095 719278372
NPTRACE row 557 719288541 719291221
NPTRACE row 558 719300405 719303343
NPTRACE row 559 719317372 719320448
NPTRACE row 560 719340077 719340871
NPTRACE row 561 719350743 719353336
NPTRACE row 562 719366663 719370023
NPTRACE row 563 719382231 719382836
NPTRACE row 564 719409639 719411700
NPTRACE row 565 719418235 719420162
NPTRACE row 566 719429357 719432515
NPTRACE row 567 719450353 719453542
NPTRACE row 568 719466176 719470035
NPTRACE row 569 719481452 719482830
NPTRACE row 570 719496169 719499195
NPTRACE row 571 719514758 719515951
NPTRACE row 572 719529425 719532538
NPTRACE row 573 719548123 719549276
NPTRACE row 574 719582162 719582829
NPTRACE row 575 719596886 719599661
NPTRACE row 576 719609326 719611950
NPTRACE row 577 719620888 719624257
NPTRACE row 578 719631869 719632548
NPTRACE row 579 719648003 719649294
NPTRACE row 580 719678105 719678513
NPTRACE row 581 719687697 719691771
NPTRACE row 582 719716971 719720031
NPTRACE row 583 719729787 719732959
NPTRACE row 584 719741838 719745079
NPTRACE row 585 719754205 719757544
NPTRACE row 586 719784986 719786704
NPTRACE row 587 719799618 719803386
NPTRACE row 588 719812285 719815971
NPTRACE row 589 719821420 719824272
NPTRACE row 590 719850474 719853375
NPTRACE row 591 719864267 719866639
NPTRACE row 592 719876738 719878421
NPTRACE row 593 719888509 719891566
NPTRACE row 594 719900347 719903472
NPTRACE row 595 719914804 719915958
NPTRACE row 596 719941502 719945067
NPTRACE row 597 719951334 719953430
NPTRACE row 598 719962873 719965958
NPTRACE row 599 719984296 719986952
NPTRACE row 600 719994288 719995227
NPTRACE row 601 720010003 720011724
NPTRACE row 602 720040755 720040978
NPTRACE row 603 720050567 720053392
NPTRACE row 604 720077239 720078521
NPTRACE row 605 720086877 720091227
NPTRACE row 606 720098071 720099239
NPTRACE row 607 720117506 720120432
NPTRACE row 608 720127264 720128488
NPTRACE row 609 720142990 720145065
NPTRACE row 610 720164102 720165923
NPTRACE row 611 720181845 720182907
NPTRACE row 612 720209248 720211826
NPTRACE row 613 720218560 720220207
NPTRACE row 614 720228114 720228923
NPTRACE row 615 720250608 720253551
NPTRACE row 616 720260186 720261742
NPTRACE row 617 720276503 720278541
NPTRACE row 618 720306458 720307649
NPTRACE row 619 720316732 720320081
NPTRACE row 620 720345978 720349249
NPTRACE row 621 720353638 720357637
NPTRACE row 622 720364299 720365966
NPTRACE row 623 720381927 720383566
NPTRACE row 624 720394429 720395350
NPTRACE row 625 720409537 720411753
NPTRACE row 626 720439416 720440971
NPTRACE row 627 720450503 720453425
NPTRACE row 628 720461705 720462052
NPTRACE row 629 720487440 720491738
NPTRACE row 630 720499721 720503498
NPTRACE row 631 720516966 720520240
NPTRACE row 632 720527136 720528520
NPTRACE row 633 720542605 720545096
NPTRACE row 634 720582126 720582792
NPTRACE row 635 720591455 720609851
NPTRACE row 636 720619806 720620149
NPTRACE row 637 720630333 720632626
NPTRACE row 638 720642039 720645164
NPTRACE row 639 720658618 720677475
NPTRACE row 640 720688443 720691059
NPTRACE row 641 720718031 720720274
NPTRACE row 642 720729125 720732670
NPTRACE row 643 720739940 720741117
NPTRACE row 644 720753359 720753517
NPTRACE row 645 720777487 720778629
NPTRACE row 646 720786528 720787203
NPTRACE row 647 720800122 720803688
NPTRACE row 648 720818541 720820463
NPTRACE row 649 720832856 720836805
NPTRACE row 650 720845928 720849359
NPTRACE row 651 720860387 720862017
NPTRACE row 652 720872551 720874343
NPTRACE row 653 720886019 720886947
NPTRACE row 654 720917303 720920134
NPTRACE row 655 720942929 720945364
NPTRACE row 656 720952299 720953602
NPTRACE row 657 720960123 720961836
NPTRACE row 658 720968011 720970132
NPTRACE row 659 720975997 720978592
NPTRACE row 660 720995613 720999322
NPTRACE row 661 721013524 721016051
NPTRACE row 662 721026444 721028472
NPTRACE row 663 721043124 721045552
NPTRACE row 664 721071284 721074388
NPTRACE row 665 721082315 721082905
NPTRACE row 666 721105291 721107686
NPTRACE row 667 721115235 721116444
NPTRACE row 668 721127358 721128670
NPTRACE row 669 721146963 721149388
NPTRACE row 670 721174123 721174473
NPTRACE row 671 721185306 721187439
NPTRACE row 672 721208244 721212041
NPTRACE row 673 721217931 721220152
NPTRACE row 674 721230428 721232678
NPTRACE row 675 721247747 721249398
NPTRACE row 676 721259718 721261821
NPTRACE row 677 721276101 721278617
NPTRACE row 678 721296309 721299334
NPTRACE row 679 721315793 721316770
NPTRACE row 680 721327024 721328492
NPTRACE row 681 721342186 721345161
NPTRACE row 682 721379994 721382677
NPTRACE row 683 721388382 721391270
NPTRACE row 684 721414193 721416004
NPTRACE row 685 721422098 721424374
NPTRACE row 686 721448256 721449382
NPTRACE row 687 721458928 721474899
NPTRACE row 688 721482583 721482822
NPTRACE row 689 721494675 721495390
NPTRACE row 690 721506618 721507712
NPTRACE row 691 721519418 721520217
NPTRACE row 692 721530762 721532691
NPTRACE row 693 721546971 721549444
NPTRACE row 694 721578813 721582754
NPTRACE row 695 721592440 721609856
NPTRACE row 696 721621429 721624590
NPTRACE row 697 721633437 721636906
NPTRACE row 698 721647540 721649423
NPTRACE row 699 721671435 721674453
NPTRACE row 700 721683432 721686855
NPTRACE row 701 721691781 721695313
NPTRACE row 702 721700117 721703523
NPTRACE row 703 721710227 721712458
NPTRACE row 704 721747519 721749362
NPTRACE row 705 721755747 721758471
NPTRACE row 706 721773410 721774393
NPTRACE row 707 721787238 721791149
NPTRACE row 708 721795152 721799363
NPTRACE row 709 721808403 721811865
NPTRACE row 710 721834415 721836882
NPTRACE row 711 721851326 721853980
NPTRACE row 712 721865363 721866097
NPTRACE row 713 721880334 721882983
NPTRACE row 714 721910369 721911949
NPTRACE row 715 721921589 721924425
NPTRACE row 716 721934037 721936915
NPTRACE row 717 721946973 721949477
NPTRACE row 718 721961555 721961903
NPTRACE row 719 721982317 721983726
NPTRACE row 720 721997320 721999651
NPTRACE row 721 722013259 722016141
NPTRACE row 722 722026007 722028548
NPTRACE row 723 722041684 722045216
NPTRACE row 724 722081270 722082763
NPTRACE row 725 722091571 722110007
NPTRACE row 726 722120972 722124454
NPTRACE row 727 722151204 722154046
NPTRACE row 728 722180803 722182823
NPTRACE row 729 722189926 722191217
NPTRACE row 730 722219673 722220268
NPTRACE row 731 722231263 722233014
NPTRACE row 732 722243556 722245266
NPTRACE row 733 722255680 722257870
NPTRACE row 734 722268593 722270301
NPTRACE row 735 722284343 722287160
NPTRACE row 736 722293714 722295237
NPTRACE row 737 722301989 722303700
NPTRACE row 738 722310343 722311905
NPTRACE row 739 722318387 722320348
NPTRACE row 740 722349585 722353578
NPTRACE row 741 722368919 722370321
NPTRACE row 742 722381734 722382749
NPTRACE row 743 722392752 722404275
NPTRACE row 744 722416626 722420372
NPTRACE row 745 722426284 722428609
NPTRACE row 746 722437996 722441141
NPTRACE row 747 722451712 722453625
NPTRACE row 748 722460770 722461917
NPTRACE row 749 722475170 722478712
NPTRACE row 750 722493682 722495509
NPTRACE row 751 722514778 722517317
NPTRACE row 752 722545857 722549511
NPTRACE row 753 722556198 722558742
NPTRACE row 754 722575271 722578668
NPTRACE row 755 722588581 722591231
NPTRACE row 756 722601321 722603661
NPTRACE row 757 722614799 722616190
NPTRACE row 758 722630521 722632863
NPTRACE row 759 722647210 722650437
NPTRACE row 760 722675627 722678755
NPTRACE row 761 722685659 722687069
NPTRACE row 762 722705542 722707832
NPTRACE row 763 722716998 722720272
NPTRACE row 764 722742058 722745309
NPTRACE row 765 722751975 722753607
NPTRACE row 766 722760246 722761950
NPTRACE row 767 722776236 722779141
NPTRACE row 768 722794821 722795491
NPTRACE row 769 722809860 722811977
NPTRACE row 770 722831865 722832793
NPTRACE row 771 722848429 722849513
NPTRACE row 772 722862651 722866124
NPTRACE row 773 722880757 722883117
NPTRACE row 774 722907449 722907862
NPTRACE row 775 722937417 722941153
NPTRACE row 776 722948860 722949599
NPTRACE row 777 722958348 722974525
NPTRACE row 778 722984043 722986966
NPTRACE row 779 723013163 723016447
NPTRACE row 780 723022843 723024497
NPTRACE row 781 723044428 723045316
NPTRACE row 782 723054500 723057831
NPTRACE row 783 723079849 723082953
NPTRACE row 784 723088422 723091151
NPTRACE row 785 723100349 723103834
NPTRACE row 786 723113720 723116204
NPTRACE row 787 723142922 723145318
NPTRACE row 788 723152740 723153737
NPTRACE row 789 723181534 723182907
NPTRACE row 790 723194142 723195590
NPTRACE row 791 723209037 723212199
NPTRACE row 792 723222113 723224725
NPTRACE row 793 723247828 723249483
NPTRACE row 794 723256400 723257845
NPTRACE row 795 723280323 723282817
NPTRACE row 796 723288803 723291169
NPTRACE row 797 723301197 723303844
NPTRACE row 798 723315264 723316216
NPTRACE row 799 723347436 723350004
NPTRACE row 800 723360797 723362258
NPTRACE row 801 723372575 723374518
NPTRACE row 802 723386259 723387027
NPTRACE row 803 723394465 723395574
NPTRACE row 804 723402808 723403752
NPTRACE row 805 723410763 723412086
NPTRACE row 806 723444651 723445400
NPTRACE row 807 723454339 723458000
NPTRACE row 808 723466454 723470355
NPTRACE row 809 723479777 723483130
NPTRACE row 810 723496148 723499522
NPTRACE row 811 723511569 723512055
NPTRACE row 812 723539106 723541206
NPTRACE row 813 723550411 723553671
NPTRACE row 814 723576354 723578758
NPTRACE row 815 723588911 723591604
NPTRACE row 816 723602809 723603981
NPTRACE row 817 723617705 723620493
NPTRACE row 818 723647839 723649595
NPTRACE row 819 723656538 723658046
NPTRACE row 820 723685642 723687089
NPTRACE row 821 723694495 723695545
NPTRACE row 822 723703304 723703865
NPTRACE row 823 723712375 723716195
NPTRACE row 824 723725790 723729099
NPTRACE row 825 723743794 723745662
NPTRACE row 826 723779563 723783074
NPTRACE row 827 723789477 723791467
NPTRACE row 828 723805409 723808070
NPTRACE row 829 723819197 723820495
NPTRACE row 830 723827812 723828808
NPTRACE row 831 723841034 723841674
NPTRACE row 832 723858311 723862153
NPTRACE row 833 723879415 723883117
NPTRACE row 834 723894224 723895709
NPTRACE row 835 723912530 723916314
NPTRACE row 836 723944595 723945482
NPTRACE row 837 723952899 723953880
NPTRACE row 838 723974906 723978720
NPTRACE row 839 723985747 723987373
NPTRACE row 840 724000999 724004100
NPTRACE row 841 724015040 724016498
NPTRACE row 842 724045138 724045490
NPTRACE row 843 724053625 724053799
NPTRACE row 844 724066610 724070509
NPTRACE row 845 724081464 724083228
NPTRACE row 846 724097197 724099699
NPTRACE row 847 724113245 724116739
NPTRACE row 848 724128629 724128886
NPTRACE row 849 724144815 724145596
NPTRACE row 850 724177987 724179004
NPTRACE row 851 724188862 724191938
NPTRACE row 852 724201778 724203898
NPTRACE row 853 724215548 724216416
NPTRACE row 854 724226222 724228801
NPTRACE row 855 724240177 724241445
NPTRACE row 856 724259937 724262275
NPTRACE row 857 724278543 724279240
NPTRACE row 858 724294817 724302065
NPTRACE row 859 724315532 724316318
NPTRACE row 860 724324991 724343510
NPTRACE row 861 724355069 724358110
NPTRACE row 862 724368143 724370588
NPTRACE row 863 724384001 724387248
NPTRACE row 864 724417066 724420515
NPTRACE row 865 724447013 724449830
NPTRACE row 866 724458866 724476770
NPTRACE row 867 724487660 724491409
NPTRACE row 868 724500793 724503909
NPTRACE row 869 724514395 724516712
NPTRACE row 870 724545801 724549611
NPTRACE row 871 724554906 724558215
NPTRACE row 872 724574316 724574751
NPTRACE row 873 724588441 724591410
NPTRACE row 874 724601379 724614121
NPTRACE row 875 724624928 724637257
NPTRACE row 876 724647655 724649667
NPTRACE row 877 724656272 724658043
NPTRACE row 878 724686855 724687211
NPTRACE row 879 724717256 724720534
NPTRACE row 880 724731642 724733123
NPTRACE row 881 724745963 724749929
NPTRACE row 882 724759197 724762284
NPTRACE row 883 724771388 724774756
NPTRACE row 884 724786268 724787252
NPTRACE row 885 724795004 724795683
NPTRACE row 886 724804170 724807954
NPTRACE row 887 724813213 724816600
NPTRACE row 888 724823364 724824901
NPTRACE row 889 724839385 724841455
NPTRACE row 890 724854462 724858063
NPTRACE row 891 724863376 724866353
NPTRACE row 892 724872522 724874698
NPTRACE row 893 724881597 724883160
NPTRACE row 894 724891034 724891381
NPTRACE row 895 724913452 724916554
NPTRACE row 896 724944675 724945602
NPTRACE row 897 724964825 724969558
NPTRACE row 898 724981992 724983191
NPTRACE row 899 725013815 725016720
NPTRACE row 900 725028319 725029203
NPTRACE row 901 725041003 725041419
NPTRACE row 902 725055232 725058088
NPTRACE row 903 725068853 725070813
NPTRACE row 904 725084202 725087277
NPTRACE row 905 725115085 725116790
NPTRACE row 906 725128060 725128953
NPTRACE row 907 725141681 725145761
NPTRACE row 908 725155761 725158095
NPTRACE row 909 725168971 725170641
NPTRACE row 910 725183958 725187289
NPTRACE row 911 725213400 725216428
NPTRACE row 912 725222900 725224901
NPTRACE row 913 725245820 725249643
NPTRACE row 914 725256432 725258065
NPTRACE row 915 725287301 725291435
NPTRACE row 916 725300793 725303987
NPTRACE row 917 725316264 725316737
NPTRACE row 918 725343855 725345606
NPTRACE row 919 725354539 725358213
NPTRACE row 920 725370324 725370596
NPTRACE row 921 725383970 725387288
NPTRACE row 922 725405989 725408162
NPTRACE row 923 725418299 725420683
NPTRACE row 924 725427481 725428890
NPTRACE row 925 725436005 725437222
NPTRACE row 926 725444877 725445556
NPTRACE row 927 725454284 725458007
NPTRACE row 928 725463187 725466394
NPTRACE row 929 725472832 725474998
NPTRACE row 930 725505177 725508213
NPTRACE row 931 725518132 725520668
NPTRACE row 932 725532910 725533210
NPTRACE row 933 725563318 725566604
NPTRACE row 934 725594029 725595785
NPTRACE row 935 725605911 725608460
NPTRACE row 936 725622704 725624968
NPTRACE row 937 725637614 725641538
NPTRACE row 938 725651624 725654010
NPTRACE row 939 725666904 725670677
NPTRACE row 940 725700675 725703977
NPTRACE row 941 725725976 725729241
NPTRACE row 942 725736846 725737252
NPTRACE row 943 725750638 725754306
NPTRACE row 944 725766001 725766713
NPTRACE row 945 725776340 725778923
NPTRACE row 946 725785373 725787254
NPTRACE row 947 725794531 725795709
NPTRACE row 948 725803403 725804067
NPTRACE row 949 725817127 725820693
NPTRACE row 950 725831575 725833312
NPTRACE row 951 725846215 725849769
NPTRACE row 952 725859180 725862484
NPTRACE row 953 725896265 725899864
NPTRACE row 954 725906284 725908214
NPTRACE row 955 725938288 725941539
NPTRACE row 956 725951203 725954042
NPTRACE row 957 725968291 725970786
NPTRACE row 958 725980571 725983107
NPTRACE row 959 725990103 725991890
NPTRACE row 960 726000076 726004117
NPTRACE row 961 726013135 726016573
NPTRACE row 962 726026642 726029014
NPTRACE row 963 726060780 726062438
NPTRACE row 964 726070184 726070609
NPTRACE row 965 726081848 726083358
NPTRACE row 966 726097063 726099987
NPTRACE row 967 726124659 726125110
NPTRACE row 968 726136210 726137286
NPTRACE row 969 726164927 726166458
NPTRACE row 970 726174871 726179094
NPTRACE row 971 726189919 726191698
NPTRACE row 972 726204637 726208163
NPTRACE row 973 726213494 726216455
NPTRACE row 974 726222525 726224800
NPTRACE row 975 726239221 726241862
NPTRACE row 976 726272099 726274868
NPTRACE row 977 726292976 726295872
NPTRACE row 978 726305568 726308212
NPTRACE row 979 726319063 726320733
NPTRACE row 980 726334124 726337373
NPTRACE row 981 726349073 726349923
NPTRACE row 982 726363251 726366590
NPTRACE row 983 726377149 726379697
NPTRACE row 984 726394115 726396094
NPTRACE row 985 726428012 726429155
NPTRACE row 986 726461920 726462349
NPTRACE row 987 726470960 726474909
NPTRACE row 988 726484993 726487423
NPTRACE row 989 726500807 726504081
NPTRACE row 990 726515931 726516591
NPTRACE row 991 726531413 726533714
NPTRACE row 992 726556143 726558280
NPTRACE row 993 726567446 726570653
NPTRACE row 994 726597777 726599826
NPTRACE row 995 726608985 726624873
NPTRACE row 996 726637832 726641552
NPTRACE row 997 726653260 726654046
NPTRACE row 998 726668106 726670739
NPTRACE row 999 726677850 726679140
NPTRACE row 1000 726686751 726687381
NPTRACE row 1001 726695475 726695986
NPTRACE row 1002 726705053 726708297
NPTRACE row 1003 726735198 726737439
NPTRACE row 1004 726767355 726770701
NPTRACE row 1005 726797329 726799913
NPTRACE row 1006 726808955 726827288
NPTRACE row 1007 726838353 726842035
NPTRACE row 1008 726852973 726854294
NPTRACE row 1009 726867644 726870753
NPTRACE row 1010 726897494 726899851
NPTRACE row 1011 726906034 726908204
NPTRACE row 1012 726933057 726933188
NPTRACE row 1013 726961781 726962517
NPTRACE row 1014 726971003 726974837
NPTRACE row 1015 726984299 726987658
NPTRACE row 1016 727005804 727008329
NPTRACE row 1017 727019345 727020746
NPTRACE row 1018 727034654 727037430
NPTRACE row 1019 727067276 727070726
NPTRACE row 1020 727080548 727083303
NPTRACE row 1021 727093027 727095784
NPTRACE row 1022 727110279 727112552
NPTRACE row 1023 727123817 727125549
NPTRACE row 1024 727138516 727141644
NPTRACE row 1025 727147617 727150058
NPTRACE row 1026 727156768 727158271
NPTRACE row 1027 727165708 727166594
NPTRACE row 1028 727175366 727179105
NPTRACE row 1029 727184110 727187438
NPTRACE row 1030 727213754 727216861
NPTRACE row 1031 727227484 727229901
NPTRACE row 1032 727242064 727245938
NPTRACE row 1033 727258607 727275564
NPTRACE row 1034 727288088 727291737
NPTRACE row 1035 727302881 727304163
NPTRACE row 1036 727319393 727320862
NPTRACE row 1037 727351162 727354217
NPTRACE row 1038 727366267 727366720
NPTRACE row 1039 727382159 727383847
NPTRACE row 1040 727393114 727395783
NPTRACE row 1041 727401886 727404123
NPTRACE row 1042 727411681 727412580
NPTRACE row 1043 727421416 727425216
NPTRACE row 1044 727440232 727441721
NPTRACE row 1045 727454509 727458459
NPTRACE row 1046 727468280 727470900
NPTRACE row 1047 727484224 727487617
NPTRACE row 1048 727518070 727520812
NPTRACE row 1049 727546929 727550092
NPTRACE row 1050 727575395 727579285
NPTRACE row 1051 727588111 727591709
NPTRACE row 1052 727605894 727608444
NPTRACE row 1053 727620452 727620886
NPTRACE row 1054 727633492 727637364
NPTRACE row 1055 727647670 727650662
NPTRACE row 1056 727681937 727683662
NPTRACE row 1057 727714631 727716685
NPTRACE row 1058 727724457 727724993
NPTRACE row 1059 727733713 727737476
NPTRACE row 1060 727743467 727745817
NPTRACE row 1061 727753822 727754270
NPTRACE row 1062 727768528 727770927
NPTRACE row 1063 727784888 727787699
NPTRACE row 1064 727801045 727804331
NPTRACE row 1065 727816380 727817005
NPTRACE row 1066 727829953 727833482
NPTRACE row 1067 727843696 727846246
NPTRACE row 1068 727878390 727879393
NPTRACE row 1069 727892143 727896189
NPTRACE row 1070 727904898 727908487
NPTRACE row 1071 727921178 727924867
NPTRACE row 1072 727930433 727933321
NPTRACE row 1073 727939992 727941790
NPTRACE row 1074 727949427 727949997
NPTRACE row 1075 727979888 727983421
NPTRACE row 1076 728011928 728012391
NPTRACE row 1077 728027834 728029255
NPTRACE row 1078 728041271 728041792
NPTRACE row 1079 728061527 728063376
NPTRACE row 1080 728076845 728079513
NPTRACE row 1081 728093723 728096299
NPTRACE row 1082 728107921 728108439
NPTRACE row 1083 728122943 728125151
NPTRACE row 1084 728154694 728158445
NPTRACE row 1085 728172695 728175307
NPTRACE row 1086 728188592 728191815
NPTRACE row 1087 728216115 728217434
NPTRACE row 1088 728228631 728241657
NPTRACE row 1089 728252824 728254189
NPTRACE row 1090 728284618 728287555
NPTRACE row 1091 728314670 728317117
NPTRACE row 1092 728332936 728333458
NPTRACE row 1093 728348004 728350171
NPTRACE row 1094 728359092 728362521
NPTRACE row 1095 728368332 728370983
NPTRACE row 1096 728378036 728379188
NPTRACE row 1097 728387802 728391831
NPTRACE row 1098 728402545 728404336
NPTRACE row 1099 728418317 728420947
NPTRACE row 1100 728451485 728454251
NPTRACE row 1101 728481270 728483573
NPTRACE row 1102 728514368 728516762
NPTRACE row 1103 728527167 728546036
NPTRACE row 1104 728554590 728558493
NPTRACE row 1105 728570040 728577481
NPTRACE row 1106 728588574 728591724
NPTRACE row 1107 728597478 728600050
NPTRACE row 1108 728607056 728608384
NPTRACE row 1109 728616951 728620881
NPTRACE row 1110 728627677 728629337
NPTRACE row 1111 728642076 728645871
NPTRACE row 1112 728675757 728679226
NPTRACE row 1113 728686469 728687557
NPTRACE row 1114 728717552 728720931
NPTRACE row 1115 728747533 728750514
NPTRACE row 1116 728760930 728762619
NPTRACE row 1117 728773634 728775171
NPTRACE row 1118 728788621 728791861
NPTRACE row 1119 728813511 728816985
NPTRACE row 1120 728844191 728846178
NPTRACE row 1121 728859305 728876279
NPTRACE row 1122 728887277 728887662
NPTRACE row 1123 728896105 728900006
NPTRACE row 1124 728905061 728908419
NPTRACE row 1125 728913967 728916735
NPTRACE row 1126 728927663 728929387
NPTRACE row 1127 728941287 728942136
NPTRACE row 1128 728959162 728975259
NPTRACE row 1129 728985746 728987592
NPTRACE row 1130 729012653 729016608
NPTRACE row 1131 729022171 729046170
NPTRACE row 1132 729059003 729073639
NPTRACE row 1133 729085805 729087714
NPTRACE row 1134 729115745 729116766
NPTRACE row 1135 729142710 729146213
NPTRACE row 1136 729155450 729158537
NPTRACE row 1137 729173503 729175456
NPTRACE row 1138 729188271 729191911
NPTRACE row 1139 729207442 729209083
NPTRACE row 1140 729222249 729225226
NPTRACE row 1141 729236045 729237692
NPTRACE row 1142 729251703 729254329
NPTRACE row 1143 729284259 729287625
NPTRACE row 1144 729313835 729316835
NPTRACE row 1145 729326542 729339680
NPTRACE row 1146 729349396 729350106
NPTRACE row 1147 729360933 729363052
NPTRACE row 1148 729374103 729375186
NPTRACE row 1149 729388388 729391906
NPTRACE row 1150 729407288 729408541
NPTRACE row 1151 729422457 729425618
NPTRACE row 1152 729438611 729442059
NPTRACE row 1153 729453990 729454333
NPTRACE row 1154 729472265 729475201
NPTRACE row 1155 729487162 729487669
NPTRACE row 1156 729509284 729512567
NPTRACE row 1157 729522926 729525397
NPTRACE row 1158 729537421 729537697
NPTRACE row 1159 729553496 729554336
NPTRACE row 1160 729569653 729571047
NPTRACE row 1161 729585062 729587677
NPTRACE row 1162 729615062 729617010
NPTRACE row 1163 729646891 729650164
NPTRACE row 1164 729677776 729679305
NPTRACE row 1165 729687177 729687747
NPTRACE row 1166 729696232 729700100
NPTRACE row 1167 729705327 729708573
NPTRACE row 1168 729714575 729716776
NPTRACE row 1169 729724495 729725334
NPTRACE row 1170 729737399 729737717
NPTRACE row 1171 729751679 729754358
NPTRACE row 1172 729777351 729779396
NPTRACE row 1173 729786924 729787797
NPTRACE row 1174 729818419 729821013
NPTRACE row 1175 729828932 729829881
NPTRACE row 1176 729844291 729846333
NPTRACE row 1177 729859434 729862664
NPTRACE row 1178 729871531 729875285
NPTRACE row 1179 729885025 729887707
NPTRACE row 1180 729917289 729920971
NPTRACE row 1181 729930146 729934608
NPTRACE row 1182 729943096 729946176
NPTRACE row 1183 729959390 729975530
NPTRACE row 1184 729986416 729987633
NPTRACE row 1185 730017178 730020863
NPTRACE row 1186 730051670 730054528
NPTRACE row 1187 730082322 730083597
NPTRACE row 1188 730113356 730116844
NPTRACE row 1189 730122158 730125162
NPTRACE row 1190 730131189 730133478
NPTRACE row 1191 730139982 730141818
NPTRACE row 1192 730148770 730150144
NPTRACE row 1193 730161982 730162949
NPTRACE row 1194 730176382 730179590
NPTRACE row 1195 730188436 730191922
NPTRACE row 1196 730204757 730208581
NPTRACE row 1197 730219065 730221064
NPTRACE row 1198 730231759 730233479
NPTRACE row 1199 730244502 730246331
NPTRACE row 1200 730272656 730277984
NPTRACE row 1201 730284766 730287611
NPTRACE row 1202 730312348 730312695
NPTRACE row 1203 730321124 730325119
NPTRACE row 1204 730335620 730337640
NPTRACE row 1205 730351247 730354468
NPTRACE row 1206 730362196 730363016
NPTRACE row 1207 730374884 730375217
NPTRACE row 1208 730388858 730391898
NPTRACE row 1209 730403027 730404384
NPTRACE row 1210 730417755 730421045
NPTRACE row 1211 730448697 730450513
NPTRACE row 1212 730460938 730463120
NPTRACE row 1213 730473128 730475156
NPTRACE row 1214 730486978 730487710
NPTRACE row 1215 730501532 730504613
NPTRACE row 1216 730516334 730516933
NPTRACE row 1217 730528635 730529600
NPTRACE row 1218 730541940 730545969
NPTRACE row 1219 730555879 730558579
NPTRACE row 1220 730571529 730575231
NPTRACE row 1221 730586056 730587716
NPTRACE row 1222 730607821 730608593
NPTRACE row 1223 730619085 730621103
NPTRACE row 1224 730628479 730629428
NPTRACE row 1225 730637213 730637777
NPTRACE row 1226 730646325 730650140
NPTRACE row 1227 730655063 730658501
NPTRACE row 1228 730664537 730666810
NPTRACE row 1229 730692327 730696256
NPTRACE row 1230 730705256 730708585
NPTRACE row 1231 730720710 730721166
NPTRACE row 1232 730735594 730737726
NPTRACE row 1233 730760794 730762815
NPTRACE row 1234 730770556 730771180
NPTRACE row 1235 730784415 730787791
NPTRACE row 1236 730798676 730800372
NPTRACE row 1237 730809019 730812586
NPTRACE row 1238 730817314 730820996
NPTRACE row 1239 730825884 730829407
NPTRACE row 1240 730834743 730837663
NPTRACE row 1241 730865961 730867034
NPTRACE row 1242 730878689 730879424
NPTRACE row 1243 730891148 730891932
NPTRACE row 1244 730904914 730908537
NPTRACE row 1245 730913242 730916838
NPTRACE row 1246 730921816 730925174
NPTRACE row 1247 730934811 730937950
NPTRACE row 1248 730954730 730958666
NPTRACE row 1249 730972365 730975275
NPTRACE row 1250 730988681 730991990
NPTRACE row 1251 731005567 731008600
NPTRACE row 1252 731022197 731025228
NPTRACE row 1253 731038858 731042090
NPTRACE row 1254 731053941 731054412
NPTRACE row 1255 731080333 731083616
NPTRACE row 1256 731094072 731096170
NPTRACE row 1257 731106614 731108582
NPTRACE row 1258 731137373 731137689
NPTRACE row 1259 731151088 731154496
NPTRACE row 1260 731167394 731171069
NPTRACE row 1261 731179057 731179634
NPTRACE row 1262 731192253 731196042
NPTRACE row 1263 731205582 731208691
NPTRACE row 1264 731217315 731221102
NPTRACE row 1265 731234208 731237813
NPTRACE row 1266 731254782 731258823
NPTRACE row 1267 731271433 731275283
NPTRACE row 1268 731286612 731287884
NPTRACE row 1269 731305418 731308733
NPTRACE row 1270 731321829 731325360
NPTRACE row 1271 731342428 731346460
NPTRACE row 1272 731355495 731358906
NPTRACE row 1273 731372853 731375387
NPTRACE row 1274 731399603 731400292
NPTRACE row 1275 731410419 731413278
NPTRACE row 1276 731424044 731425421
NPTRACE row 1277 731441628 731442231
NPTRACE row 1278 731454885 731458572
NPTRACE row 1279 731474642 731475727
NPTRACE row 1280 731488065 731491969
NPTRACE row 1281 731505811 731508746
NPTRACE row 1282 731521919 731525386
NPTRACE row 1283 731539235 731542233
NPTRACE row 1284 731555574 731558724
NPTRACE row 1285 731572090 731575408
NPTRACE row 1286 731586855 731587898
NPTRACE row 1287 731605707 731608852
NPTRACE row 1288 731621431 731625184
NPTRACE row 1289 731639104 731642283
NPTRACE row 1290 731654725 731658592
NPTRACE row 1291 731672142 731675346
NPTRACE row 1292 731692522 731696329
NPTRACE row 1293 731706398 731709247
NPTRACE row 1294 731722846 731725428
NPTRACE row 1295 731743144 731746242
NPTRACE row 1296 731758130 731758904
NPTRACE row 1297 731772114 731775403
NPTRACE row 1298 731784292 731787795
NPTRACE row 1299 731800610 731804536
NPTRACE row 1300 731823894 731825466
NPTRACE row 1301 731841648 731842289
NPTRACE row 1302 731854941 731858719
NPTRACE row 1303 731872798 731875509
NPTRACE row 1304 731905472 731908788
NPTRACE row 1305 731921449 731925324
NPTRACE row 1306 731935464 731937896
NPTRACE row 1307 731945294 731946268
NPTRACE row 1308 731954772 731958590
NPTRACE row 1309 731966751 731967115
NPTRACE row 1310 731988470 731992153
NPTRACE row 1311 732005655 732008970
NPTRACE row 1312 732022774 732025420
NPTRACE row 1313 732038750 732042296
NPTRACE row 1314 732055914 732060691
NPTRACE row 1315 732072580 732075447
NPTRACE row 1316 732087027 732087930
NPTRACE row 1317 732113163 732117016
NPTRACE row 1318 732127292 732129689
NPTRACE row 1319 732143154 732146876
NPTRACE row 1320 732156689 732158950
NPTRACE row 1321 732171841 732175462
NPTRACE row 1322 732188703 732192109
NPTRACE row 1323 732205093 732208789
NPTRACE row 1324 732221563 732225495
NPTRACE row 1325 732239257 732242156
NPTRACE row 1326 732250813 732254503
NPTRACE row 1327 732267555 732271251
NPTRACE row 1328 732288693 732292157
NPTRACE row 1329 732304832 732308794
NPTRACE row 1330 732322548 732325493
NPTRACE row 1331 732338877 732342320
NPTRACE row 1332 732354800 732358695
NPTRACE row 1333 732372242 732375482
NPTRACE row 1334 732388402 732392172
NPTRACE row 1335 732405137 732408903
NPTRACE row 1336 732421462 732425251
NPTRACE row 1337 732438622 732442219
NPTRACE row 1338 732466150 732467058
NPTRACE row 1339 732477700 732480021
NPTRACE row 1340 732491360 732492129
NPTRACE row 1341 732508967 732512731
NPTRACE row 1342 732523343 732525452
NPTRACE row 1343 732539243 732542556
NPTRACE row 1344 732556445 732559001
NPTRACE row 1345 732571604 732575487
NPTRACE row 1346 732597403 732600229
NPTRACE row 1347 732608910 732625390
NPTRACE row 1348 732636416 732637873
NPTRACE row 1349 732668613 732671346
NPTRACE row 1350 732681378 732683791
NPTRACE row 1351 732696710 732700530
NPTRACE row 1352 732708389 732708843
NPTRACE row 1353 732717288 732721193
NPTRACE row 1354 732726490 732729532
NPTRACE row 1355 732735847 732737994
NPTRACE row 1356 732754243 732754661
NPTRACE row 1357 732771699 732775477
NPTRACE row 1358 732802424 732804539
NPTRACE row 1359 732830537 732833872
NPTRACE row 1360 732842564 732846712
NPTRACE row 1361 732855078 732858808
NPTRACE row 1362 732869638 732871293
NPTRACE row 1363 732881293 732883871
NPTRACE row 1364 732894377 732896499
NPTRACE row 1365 732906828 732908722
NPTRACE row 1366 732916024 732917038
NPTRACE row 1367 732932808 732933904
NPTRACE row 1368 732955042 732958807
NPTRACE row 1369 732970276 732971283
NPTRACE row 1370 732986649 732987976
NPTRACE row 1371 733004334 733004629
NPTRACE row 1372 733020644 733021319
NPTRACE row 1373 733037596 733038071
NPTRACE row 1374 733067344 733071211
NPTRACE row 1375 733078015 733079766
NPTRACE row 1376 733101933 733104604
NPTRACE row 1377 733136595 733137971
NPTRACE row 1378 733147750 733158034
NPTRACE row 1379 733168040 733171347
NPTRACE row 1380 733176891 733179557
NPTRACE row 1381 733185496 733187892
NPTRACE row 1382 733194317 733196224
NPTRACE row 1383 733203080 733204635
NPTRACE row 1384 733215912 733217061
NPTRACE row 1385 733237455 733238138
NPTRACE row 1386 733253685 733254641
NPTRACE row 1387 733271459 733275444
NPTRACE row 1388 733287733 733287988
NPTRACE row 1389 733302692 733304677
NPTRACE row 1390 733320694 733321304
NPTRACE row 1391 733349571 733350681
NPTRACE row 1392 733362204 733363586
NPTRACE row 1393 733375077 733375497
NPTRACE row 1394 733389509 733392193
NPTRACE row 1395 733407822 733408836
NPTRACE row 1396 733420543 733421248
NPTRACE row 1397 733432217 733433866
NPTRACE row 1398 733448921 733450409
NPTRACE row 1399 733477955 733479934
NPTRACE row 1400 733488327 733492108
NPTRACE row 1401 733511061 733513036
NPTRACE row 1402 733520786 733521378
NPTRACE row 1403 733531880 733533873
NPTRACE row 1404 733548475 733550415
NPTRACE row 1405 733564880 733567090
NPTRACE row 1406 733588210 733592260
NPTRACE row 1407 733604014 733604874
NPTRACE row 1408 733618704 733621304
NPTRACE row 1409 733637210 733638071
NPTRACE row 1410 733654049 733654575
NPTRACE row 1411 733669814 733671294
NPTRACE row 1412 733686373 733687991
NPTRACE row 1413 733703384 733704630
NPTRACE row 1414 733720049 733721318
NPTRACE row 1415 733736465 733738154
NPTRACE row 1416 733748629 733750510
NPTRACE row 1417 733764765 733767056
NPTRACE row 1418 733788424 733792229
NPTRACE row 1419 733803215 733804641
NPTRACE row 1420 733820279 733821343
NPTRACE row 1421 733836714 733838085
NPTRACE row 1422 733854008 733854665
NPTRACE row 1423 733870750 733871463
NPTRACE row 1424 733886515 733888006
NPTRACE row 1425 733902007 733904655
NPTRACE row 1426 733927551 733929699
NPTRACE row 1427 733938448 733942239
NPTRACE row 1428 733953425 733954679
NPTRACE row 1429 733968693 733971318
NPTRACE row 1430 733981149 733983742
NPTRACE row 1431 733998127 734000694
NPTRACE row 1432 734019949 734021287
NPTRACE row 1433 734037077 734038108
NPTRACE row 1434 734054130 734054605
NPTRACE row 1435 734068598 734071329
NPTRACE row 1436 734085199 734088023
NPTRACE row 1437 734103031 734104667
NPTRACE row 1438 734114383 734117085
NPTRACE row 1439 734131696 734134154
NPTRACE row 1440 734171757 734175562
NPTRACE row 1441 734184980 734188015
NPTRACE row 1442 734199656 734200616
NPTRACE row 1443 734229293 734229634
NPTRACE row 1444 734238245 734242105
NPTRACE row 1445 734247297 734250561
NPTRACE row 1446 734256251 734258775
NPTRACE row 1447 734265251 734267258
NPTRACE row 1448 734286593 734288042
NPTRACE row 1449 734302478 734304667
NPTRACE row 1450 734320612 734321313
NPTRACE row 1451 734336775 734338125
NPTRACE row 1452 734354054 734354690
NPTRACE row 1453 734369913 734371344
NPTRACE row 1454 734387633 734388027
NPTRACE row 1455 734403670 734404905
NPTRACE row 1456 734421428 734425387
NPTRACE row 1457 734436698 734438119
NPTRACE row 1458 734453454 734454693
NPTRACE row 1459 734470005 734471360
NPTRACE row 1460 734486288 734488035
NPTRACE row 1461 734502161 734504695
NPTRACE row 1462 734520501 734521353
NPTRACE row 1463 734537187 734538293
NPTRACE row 1464 734553704 734554901
NPTRACE row 1465 734569034 734571363
NPTRACE row 1466 734587348 734588059
NPTRACE row 1467 734602635 734604703
NPTRACE row 1468 734621094 734621402
NPTRACE row 1469 734636520 734638147
NPTRACE row 1470 734653984 734654726
NPTRACE row 1471 734670646 734671781
NPTRACE row 1472 734686998 734688072
NPTRACE row 1473 734702359 734704714
NPTRACE row 1474 734720368 734721371
NPTRACE row 1475 734736038 734738157
NPTRACE row 1476 734752940 734754688
NPTRACE row 1477 734767819 734771386
NPTRACE row 1478 734787536 734788064
NPTRACE row 1479 734803150 734804873
NPTRACE row 1480 734813644 734817141
NPTRACE row 1481 734830561 734833936
NPTRACE row 1482 734853262 734854727
NPTRACE row 1483 734868503 734871395
NPTRACE row 1484 734885498 734888083
NPTRACE row 1485 734902117 734904731
NPTRACE row 1486 734917958 734921358
NPTRACE row 1487 734936791 734938466
NPTRACE row 1488 734953530 734954942
NPTRACE row 1489 734968726 734971404
NPTRACE row 1490 734980435 734983827
NPTRACE row 1491 734996805 735000569
NPTRACE row 1492 735020397 735021376
NPTRACE row 1493 735036059 735038177
NPTRACE row 1494 735062341 735063078
NPTRACE row 1495 735072205 735075670
NPTRACE row 1496 735081192 735083834
NPTRACE row 1497 735096660 735100497
NPTRACE row 1498 735117401 735121403
NPTRACE row 1499 735134940 735138175
NPTRACE row 1500 735157871 735158864
NPTRACE row 1501 735175750 735179633
NPTRACE row 1502 735188333 735192289
NPTRACE row 1503 735202752 735205526
NPTRACE row 1504 735219844 735221472
NPTRACE row 1505 735234720 735238128
NPTRACE row 1506 735262352 735263178
NPTRACE row 1507 735271502 735275460
NPTRACE row 1508 735280004 735283844
NPTRACE row 1509 735296227 735296370
NPTRACE row 1510 735317618 735321329
NPTRACE row 1511 735336146 735338361
NPTRACE row 1512 735353933 735354962
NPTRACE row 1513 735368246 735371430
NPTRACE row 1514 735386606 735388092
NPTRACE row 1515 735400967 735404741
NPTRACE row 1516 735420202 735421385
NPTRACE row 1517 735434931 735438135
NPTRACE row 1518 735452556 735454773
NPTRACE row 1519 735469592 735471714
NPTRACE row 1520 735485052 735488111
NPTRACE row 1521 735501653 735504776
NPTRACE row 1522 735522333 735525704
NPTRACE row 1523 735536377 735538208
NPTRACE row 1524 735555611 735558981
NPTRACE row 1525 735569059 735571442
NPTRACE row 1526 735585302 735588141
NPTRACE row 1527 735602372 735604931
NPTRACE row 1528 735619855 735621453
NPTRACE row 1529 735635287 735638222
NPTRACE row 1530 735653083 735654802
NPTRACE row 1531 735667907 735671456
NPTRACE row 1532 735684545 735688148
NPTRACE row 1533 735701407 735704787
NPTRACE row 1534 735723122 735725676
NPTRACE row 1535 735738609 735742206
NPTRACE row 1536 735755077 735758858
NPTRACE row 1537 735768901 735771451
NPTRACE row 1538 735779937 735783883
NPTRACE row 1539 735796274 735800527
NPTRACE row 1540 735819521 735821491
NPTRACE row 1541 735836195 735838332
NPTRACE row 1542 735849352 735850654
NPTRACE row 1543 735867879 735871482
NPTRACE row 1544 735884476 735888149
NPTRACE row 1545 735899662 735900778
NPTRACE row 1546 735927042 735929769
NPTRACE row 1547 735937192 735938373
NPTRACE row 1548 735959840 735963260
NPTRACE row 1549 735972037 735975672
NPTRACE row 1550 735987338 735988147
NPTRACE row 1551 736001789 736005054
NPTRACE row 1552 736017021 736017337
NPTRACE row 1553 736034735 736038176
NPTRACE row 1554 736046080 736046595
NPTRACE row 1555 736062263 736063170
NPTRACE row 1556 736099076 736100588
NPTRACE row 1557 736111353 736113134
NPTRACE row 1558 736124484 736125773
NPTRACE row 1559 736138914 736142546
NPTRACE row 1560 736154528 736155033
NPTRACE row 1561 736168992 736171546
NPTRACE row 1562 736182143 736183923
NPTRACE row 1563 736195921 736196513
NPTRACE row 1564 736216610 736217327
NPTRACE row 1565 736236853 736238370
NPTRACE row 1566 736249658 736250697
NPTRACE row 1567 736269542 736271704
NPTRACE row 1568 736290623 736292387
NPTRACE row 1569 736302452 736304765
NPTRACE row 1570 736315448 736317346
NPTRACE row 1571 736335776 736338265
NPTRACE row 1572 736346020 736346525
NPTRACE row 1573 736362321 736363147
NPTRACE row 1574 736395264 736396638
NPTRACE row 1575 736410131 736413725
NPTRACE row 1576 736432361 736433949
NPTRACE row 1577 736445270 736446703
NPTRACE row 1578 736458220 736459441
NPTRACE row 1579 736472003 736475693
NPTRACE row 1580 736486256 736488222
NPTRACE row 1581 736501614 736504851
NPTRACE row 1582 736518170 736521537
NPTRACE row 1583 736536210 736538487
NPTRACE row 1584 736546837 736550666
NPTRACE row 1585 736562416 736563177
NPTRACE row 1586 736582218 736584113
NPTRACE row 1587 736601856 736604921
NPTRACE row 1588 736615575 736617430
NPTRACE row 1589 736635394 736638338
NPTRACE row 1590 736650463 736650772
NPTRACE row 1591 736668791 736671713
NPTRACE row 1592 736679175 736679884
NPTRACE row 1593 736695383 736696507
NPTRACE row 1594 736731676 736734025
NPTRACE row 1595 736744180 736747240
NPTRACE row 1596 736757441 736759177
NPTRACE row 1597 736771597 736775607
NPTRACE row 1598 736785881 736788301
NPTRACE row 1599 736802740 736805246
NPTRACE row 1600 736831078 736834048
NPTRACE row 1601 736843779 736846819
NPTRACE row 1602 736856984 736859129
NPTRACE row 1603 736870683 736871575
NPTRACE row 1604 736899159 736900692
NPTRACE row 1605 736907912 736909039
NPTRACE row 1606 736916718 736917396
NPTRACE row 1607 736929176 736930115
NPTRACE row 1608 736963803 736967488
NPTRACE row 1609 736972393 736975709
NPTRACE row 1610 736981721 736984031
NPTRACE row 1611 736995407 736996523
NPTRACE row 1612 737015868 737017465
NPTRACE row 1613 737035225 737038335
NPTRACE row 1614 737045797 737046528
NPTRACE row 1615 737062358 737063364
NPTRACE row 1616 737081661 737084130
NPTRACE row 1617 737099435 737101127
NPTRACE row 1618 737111984 737113203
NPTRACE row 1619 737128693 737130001
NPTRACE row 1620 737148768 737151112
NPTRACE row 1621 737170911 737171779
NPTRACE row 1622 737180327 737184001
NPTRACE row 1623 737196229 737196630
NPTRACE row 1624 737212491 737213248
NPTRACE row 1625 737233527 737234303
NPTRACE row 1626 737251332 737254883
NPTRACE row 1627 737261735 737263211
NPTRACE row 1628 737278647 737279879
NPTRACE row 1629 737297259 737300617
NPTRACE row 1630 737318034 737321607
NPTRACE row 1631 737329077 737330186
NPTRACE row 1632 737346127 737346678
NPTRACE row 1633 737364671 737367464
NPTRACE row 1634 737389417 737392516
NPTRACE row 1635 737403099 737405001
NPTRACE row 1636 737418802 737421643
NPTRACE row 1637 737450874 737454783
NPTRACE row 1638 737461219 737463684
NPTRACE row 1639 737474484 737475978
NPTRACE row 1640 737488723 737492515
NPTRACE row 1641 737504644 737505008
NPTRACE row 1642 737519440 737521648
NPTRACE row 1643 737534592 737538398
NPTRACE row 1644 737551253 737554947
NPTRACE row 1645 737576503 737579932
NPTRACE row 1646 737586664 737588196
NPTRACE row 1647 737597987 737600974
NPTRACE row 1648 737619771 737621604
NPTRACE row 1649 737650009 737650965
NPTRACE row 1650 737665000 737667471
NPTRACE row 1651 737678496 737680074
NPTRACE row 1652 737690056 737692395
NPTRACE row 1653 737698471 737700705
NPTRACE row 1654 737711443 737713203
NPTRACE row 1655 737748174 737750928
NPTRACE row 1656 737761647 737776101
NPTRACE row 1657 737786387 737788212
NPTRACE row 1658 737809231 737813394
NPTRACE row 1659 737821891 737825797
NPTRACE row 1660 737837001 737838316
NPTRACE row 1661 737852671 737855075
NPTRACE row 1662 737883503 737884132
NPTRACE row 1663 737898019 737901235
NPTRACE row 1664 737912466 737913426
NPTRACE row 1665 737923156 737925745
NPTRACE row 1666 737932244 737934059
NPTRACE row 1667 737941355 737942529
NPTRACE row 1668 737951193 737955011
NPTRACE row 1669 737962782 737963770
NPTRACE row 1670 737983939 737984238
NPTRACE row 1671 737994756 737996647
NPTRACE row 1672 738011328 738013228
NPTRACE row 1673 738030827 738034238
NPTRACE row 1674 738054278 738055040
NPTRACE row 1675 738066325 738067480
NPTRACE row 1676 738083724 738084299
NPTRACE row 1677 738113969 738117421
NPTRACE row 1678 738126048 738129939
NPTRACE row 1679 738139706 738142863
NPTRACE row 1680 738155136 738159345
NPTRACE row 1681 738171010 738171664
NPTRACE row 1682 738186456 738188319
NPTRACE row 1683 738198400 738200823
NPTRACE row 1684 738218657 738222309
NPTRACE row 1685 738236241 738238480
NPTRACE row 1686 738251640 738255048
NPTRACE row 1687 738267247 738267604
NPTRACE row 1688 738279284 738280115
NPTRACE row 1689 738301154 738305146
NPTRACE row 1690 738314550 738317597
NPTRACE row 1691 738333378 738334631
NPTRACE row 1692 738347974 738350953
NPTRACE row 1693 738365565 738367452
NPTRACE row 1694 738382881 738384267
NPTRACE row 1695 738411988 738413645
NPTRACE row 1696 738428102 738430326
NPTRACE row 1697 738441484 738442643
NPTRACE row 1698 738455875 738459297
NPTRACE row 1699 738472470 738476190
NPTRACE row 1700 738487370 738488341
NPTRACE row 1701 738501285 738505050
NPTRACE row 1702 738516850 738517605
NPTRACE row 1703 738532369 738534499
NPTRACE row 1704 738551419 738555050
NPTRACE row 1705 738561248 738563276
NPTRACE row 1706 738577898 738579946
NPTRACE row 1707 738613935 738617470
NPTRACE row 1708 738627159 738630075
NPTRACE row 1709 738640816 738642655
NPTRACE row 1710 738655217 738659254
NPTRACE row 1711 738672090 738675753
NPTRACE row 1712 738686284 738688360
NPTRACE row 1713 738706915 738709196
NPTRACE row 1714 738719003 738721626
NPTRACE row 1715 738729788 738730676
NPTRACE row 1716 738750270 738751001
NPTRACE row 1717 738762312 738763604
NPTRACE row 1718 738782866 738784356
NPTRACE row 1719 738805815 738809347
NPTRACE row 1720 738817814 738821561
NPTRACE row 1721 738827057 738830090
NPTRACE row 1722 738843675 738846627
NPTRACE row 1723 738860330 738863297
NPTRACE row 1724 738896499 738896674
NPTRACE row 1725 738905148 738909277
NPTRACE row 1726 738919022 738921739
NPTRACE row 1727 738935286 738938458
NPTRACE row 1728 738960044 738963418
NPTRACE row 1729 738970461 738971641
NPTRACE row 1730 738982225 738984186
NPTRACE row 1731 738998935 739001120
NPTRACE row 1732 739010676 739013312
NPTRACE row 1733 739026990 739030111
NPTRACE row 1734 739062901 739063359
NPTRACE row 1735 739071935 739076053
NPTRACE row 1736 739087609 739088410
NPTRACE row 1737 739101282 739105045
NPTRACE row 1738 739115324 739117522
NPTRACE row 1739 739132076 739134562
NPTRACE row 1740 739143836 739146653
NPTRACE row 1741 739160263 739163449
NPTRACE row 1742 739176997 739179995
NPTRACE row 1743 739213053 739213850
NPTRACE row 1744 739227131 739230265
NPTRACE row 1745 739240498 739243551
NPTRACE row 1746 739258377 739259322
NPTRACE row 1747 739267090 739267746
NPTRACE row 1748 739276830 739280068
NPTRACE row 1749 739312913 739313450
NPTRACE row 1750 739322048 739326127
NPTRACE row 1751 739337520 739338750
NPTRACE row 1752 739353803 739355262
NPTRACE row 1753 739368891 739371846
NPTRACE row 1754 739384856 739388383
NPTRACE row 1755 739408740 739409390
NPTRACE row 1756 739420480 739421744
NPTRACE row 1757 739441935 739442913
NPTRACE row 1758 739453563 739455106
NPTRACE row 1759 739482884 739484463
NPTRACE row 1760 739492086 739492665
NPTRACE row 1761 739501075 739504954
NPTRACE row 1762 739510027 739513414
NPTRACE row 1763 739545551 739547078
NPTRACE row 1764 739561528 739563585
NPTRACE row 1765 739574471 739576131
NPTRACE row 1766 739588742 739592687
NPTRACE row 1767 739603711 739605236
NPTRACE row 1768 739619098 739621845
NPTRACE row 1769 739648123 739651074
NPTRACE row 1770 739659785 739663453
NPTRACE row 1771 739672438 739676063
NPTRACE row 1772 739687235 739688515
NPTRACE row 1773 739716441 739717612
NPTRACE row 1774 739730315 739734172
NPTRACE row 1775 739745644 739747550
NPTRACE row 1776 739763189 739763745
NPTRACE row 1777 739777756 739780374
NPTRACE row 1778 739794617 739796914
NPTRACE row 1779 739808184 739809391
NPTRACE row 1780 739822579 739826073
NPTRACE row 1781 739838196 739838722
NPTRACE row 1782 739854678 739855311
NPTRACE row 1783 739871563 739871930
NPTRACE row 1784 739886742 739888530
NPTRACE row 1785 739918263 739921836
NPTRACE row 1786 739929634 739930183
NPTRACE row 1787 739943418 739946972
NPTRACE row 1788 739961504 739963614
NPTRACE row 1789 739974722 739976129
NPTRACE row 1790 739988752 739992574
NPTRACE row 1791 739998584 740001233
NPTRACE row 1792 740009961 740013459
NPTRACE row 1793 740029735 740030435
NPTRACE row 1794 740048251 740051152
NPTRACE row 1795 740063144 740063998
NPTRACE row 1796 740081898 740084567
NPTRACE row 1797 740095805 740097208
NPTRACE row 1798 740115013 740117955
NPTRACE row 1799 740150260 740151383
NPTRACE row 1800 740166319 740167932
NPTRACE row 1801 740180696 740184457
NPTRACE row 1802 740195785 740197316
NPTRACE row 1803 740210379 740213434
NPTRACE row 1804 740225555 740226218
NPTRACE row 1805 740239620 740243042
NPTRACE row 1806 740256368 740259548
NPTRACE row 1807 740271412 740272119
NPTRACE row 1808 740293637 740296928
NPTRACE row 1809 740305502 740309299
NPTRACE row 1810 740320406 740321905
NPTRACE row 1811 740353149 740355310
NPTRACE row 1812 740384712 740388437
NPTRACE row 1813 740408785 740409514
NPTRACE row 1814 740420321 740421825
NPTRACE row 1815 740444263 740446864
NPTRACE row 1816 740454707 740455156
NPTRACE row 1817 740464096 740467718
NPTRACE row 1818 740473294 740476011
NPTRACE row 1819 740482362 740484327
NPTRACE row 1820 740491803 740492681
NPTRACE row 1821 740500689 740501137
NPTRACE row 1822 740526344 740530046
NPTRACE row 1823 740537495 740538742
NPTRACE row 1824 740566747 740567804
NPTRACE row 1825 740580997 740584463
NPTRACE row 1826 740596595 740597092
NPTRACE row 1827 740612107 740613679
NPTRACE row 1828 740627761 740630412
NPTRACE row 1829 740645008 740647169
NPTRACE row 1830 740660503 740663684
NPTRACE row 1831 740675583 740676227
NPTRACE row 1832 740689402 740692791
NPTRACE row 1833 740704266 740705262
NPTRACE row 1834 740730787 740734375
NPTRACE row 1835 740744180 740747259
NPTRACE row 1836 740758044 740759401
NPTRACE row 1837 740772239 740776276
NPTRACE row 1838 740787126 740788708
NPTRACE row 1839 740803277 740805338
NPTRACE row 1840 740836202 740838703
NPTRACE row 1841 740866135 740868209
NPTRACE row 1842 740881328 740884475
NPTRACE row 1843 740895741 740897119
NPTRACE row 1844 740910665 740914048
NPTRACE row 1845 740923329 740926133
NPTRACE row 1846 740938778 740942827
NPTRACE row 1847 740956221 740959615
NPTRACE row 1848 740972588 740976179
NPTRACE row 1849 740989024 740992778
NPTRACE row 1850 741004456 741005275
NPTRACE row 1851 741020372 741021982
NPTRACE row 1852 741036348 741038599
NPTRACE row 1853 741067200 741067929
NPTRACE row 1854 741078548 741094585
NPTRACE row 1855 741103751 741105399
NPTRACE row 1856 741129981 741130243
NPTRACE row 1857 741138802 741142877
NPTRACE row 1858 741153581 741155317
NPTRACE row 1859 741169025 741172051
NPTRACE row 1860 741180854 741184414
NPTRACE row 1861 741193665 741197119
NPTRACE row 1862 741210113 741213729
NPTRACE row 1863 741223251 741226148
NPTRACE row 1864 741237997 741238596
NPTRACE row 1865 741252028 741255449
NPTRACE row 1866 741267059 741267969
NPTRACE row 1867 741301549 741305255
NPTRACE row 1868 741329907 741330476
NPTRACE row 1869 741344602 741359615
NPTRACE row 1870 741368283 741371902
NPTRACE row 1871 741398333 741401315
NPTRACE row 1872 741410919 741413895
NPTRACE row 1873 741424472 741426146
NPTRACE row 1874 741439229 741442771
NPTRACE row 1875 741448321 741451077
NPTRACE row 1876 741457812 741459413
NPTRACE row 1877 741467252 741467869
NPTRACE row 1878 741479374 741480704
NPTRACE row 1879 741494242 741497285
NPTRACE row 1880 741510198 741513720
NPTRACE row 1881 741534900 741538639
NPTRACE row 1882 741553619 741555696
NPTRACE row 1883 741569810 741572111
NPTRACE row 1884 741582452 741584556
NPTRACE row 1885 741596518 741597125
NPTRACE row 1886 741613230 741613641
NPTRACE row 1887 741627609 741630605
NPTRACE row 1888 741643136 741646876
NPTRACE row 1889 741656738 741659799
NPTRACE row 1890 741671545 741671999
NPTRACE row 1891 741686273 741688689
NPTRACE row 1892 741701620 741705303
NPTRACE row 1893 741710853 741713591
NPTRACE row 1894 741720055 741721924
NPTRACE row 1895 741729285 741730384
NPTRACE row 1896 741746499 741747339
NPTRACE row 1897 741762595 741763899
NPTRACE row 1898 741775781 741776125
NPTRACE row 1899 741791034 741792774
NPTRACE row 1900 741811552 741813805
NPTRACE row 1901 741831642 741834696
NPTRACE row 1902 741845734 741847064
NPTRACE row 1903 741862496 741863952
NPTRACE row 1904 741880673 741884474
NPTRACE row 1905 741896121 741897190
NPTRACE row 1906 741913236 741913707
NPTRACE row 1907 741930836 741934409
NPTRACE row 1908 741956176 741959573
NPTRACE row 1909 741966851 741967821
NPTRACE row 1910 741976321 741980148
NPTRACE row 1911 741990965 741992784
NPTRACE row 1912 742026471 742030247
NPTRACE row 1913 742042411 742042987
NPTRACE row 1914 742070685 742071951
NPTRACE row 1915 742098130 742101119
NPTRACE row 1916 742109720 742113564
NPTRACE row 1917 742122704 742126242
NPTRACE row 1918 742137858 742138679
NPTRACE row 1919 742155918 742159502
NPTRACE row 1920 742171533 742172154
NPTRACE row 1921 742188086 742188703
NPTRACE row 1922 742203933 742205345
NPTRACE row 1923 742235715 742238652
NPTRACE row 1924 742266609 742268001
NPTRACE row 1925 742282216 742284713
NPTRACE row 1926 742297585 742301218
NPTRACE row 1927 742310213 742322642
NPTRACE row 1928 742334282 742334468
NPTRACE row 1929 742346428 742347473
NPTRACE row 1930 742361508 742363871
NPTRACE row 1931 742378482 742380560
NPTRACE row 1932 742393403 742397109
NPTRACE row 1933 742406866 742409646
NPTRACE row 1934 742422367 742426182
NPTRACE row 1935 742437589 742438786
NPTRACE row 1936 742464722 742467815
NPTRACE row 1937 742478254 742480622
NPTRACE row 1938 742493441 742497451
NPTRACE row 1939 742507710 742509618
NPTRACE row 1940 742521349 742522529
NPTRACE row 1941 742537400 742538698
NPTRACE row 1942 742569345 742572037
NPTRACE row 1943 742598587 742601270
NPTRACE row 1944 742610879 742613975
NPTRACE row 1945 742631394 742634505
NPTRACE row 1946 742640799 742642824
NPTRACE row 1947 742649696 742651150
NPTRACE row 1948 742659025 742659497
NPTRACE row 1949 742668578 742672059
NPTRACE row 1950 742681477 742684627
NPTRACE row 1951 742695739 742697430
NPTRACE row 1952 742711159 742713992
NPTRACE row 1953 742724775 742726377
NPTRACE row 1954 742742421 742743211
NPTRACE row 1955 742756907 742759863
NPTRACE row 1956 742775676 742786218
NPTRACE row 1957 742799330 742801307
NPTRACE row 1958 742809023 742809635
NPTRACE row 1959 742818310 742822092
NPTRACE row 1960 742828039 742830469
NPTRACE row 1961 742838067 742838925
NPTRACE row 1962 742852189 742855659
NPTRACE row 1963 742868694 742872035
NPTRACE row 1964 742900717 742901560
NPTRACE row 1965 742930657 742934463
NPTRACE row 1966 742958107 742959629
NPTRACE row 1967 742969375 742972314
NPTRACE row 1968 742979592 742980555
NPTRACE row 1969 742989263 742992949
NPTRACE row 1970 742999200 743001271
NPTRACE row 1971 743019675 743022191
NPTRACE row 1972 743034054 743034620
NPTRACE row 1973 743058109 743059999
NPTRACE row 1974 743070394 743072119
NPTRACE row 1975 743083451 743084711
NPTRACE row 1976 743098128 743101639
NPTRACE row 1977 743115775 743118062
NPTRACE row 1978 743131589 743134971
NPTRACE row 1979 743148126 743151497
NPTRACE row 1980 743163431 743164026
NPTRACE row 1981 743179962 743180668
NPTRACE row 1982 743195601 743197416
NPTRACE row 1983 743211577 743214237
NPTRACE row 1984 743227211 743230732
NPTRACE row 1985 743262070 743263864
NPTRACE row 1986 743271756 743272149
NPTRACE row 1987 743288245 743288977
NPTRACE row 1988 743304287 743305567
NPTRACE row 1989 743318108 743321928
NPTRACE row 1990 743333610 743335034
NPTRACE row 1991 743349568 743351573
NPTRACE row 1992 743365404 743368391
NPTRACE row 1993 743398117 743401380
NPTRACE row 1994 743411792 743414001
NPTRACE row 1995 743427115 743430568
NPTRACE row 1996 743444034 743447334
NPTRACE row 1997 743460223 743463978
NPTRACE row 1998 743477032 743480700
NPTRACE row 1999 743491454 743493244
NPTRACE row 2000 743508761 743509925
NPTRACE row 2001 743522596 743526558
NPTRACE row 2002 743538207 743539017
NPTRACE row 2003 743555986 743559746
NPTRACE row 2004 743571338 743572287
NPTRACE row 2005 743588193 743588949
NPTRACE row 2006 743604443 743605615
NPTRACE row 2007 743616613 743618022
NPTRACE row 2008 743632182 743634992
NPTRACE row 2009 743666089 743668494
NPTRACE row 2010 743681886 743684840
NPTRACE row 2011 743697773 743701349
NPTRACE row 2012 743712583 743714033
NPTRACE row 2013 743727847 743730826
NPTRACE row 2014 743744344 743747385
NPTRACE row 2015 743760535 743764033
NPTRACE row 2016 743778033 743780872
NPTRACE row 2017 743793572 743797264
NPTRACE row 2018 743809141 743809950
NPTRACE row 2019 743823383 743826509
NPTRACE row 2020 743840130 743843272
NPTRACE row 2021 743855149 743855807
NPTRACE row 2022 743871257 743872336
NPTRACE row 2023 743902968 743905581
NPTRACE row 2024 743933656 743934954
NPTRACE row 2025 743949546 743951522
NPTRACE row 2026 743965525 743968349
NPTRACE row 2027 743981903 743988735
NPTRACE row 2028 744002421 744005625
NPTRACE row 2029 744013305 744014274
NPTRACE row 2030 744028727 744030814
NPTRACE row 2031 744045921 744047510
NPTRACE row 2032 744061754 744064193
NPTRACE row 2033 744079067 744080926
NPTRACE row 2034 744100542 744101370
NPTRACE row 2035 744114761 744118039
NPTRACE row 2036 744129750 744130748
NPTRACE row 2037 744146304 744147332
NPTRACE row 2038 744161914 744164099
NPTRACE row 2039 744175809 744176812
NPTRACE row 2040 744191043 744193442
NPTRACE row 2041 744208038 744218744
NPTRACE row 2042 744232072 744234723
NPTRACE row 2043 744244411 744247385
NPTRACE row 2044 744260234 744264119
NPTRACE row 2045 744277741 744280948
NPTRACE row 2046 744293526 744297185
NPTRACE row 2047 744310391 744313870
NPTRACE row 2048 744324353 744326442
NPTRACE row 2049 744342514 744343398
NPTRACE row 2050 744357497 744359817
NPTRACE row 2051 744374864 744376683
NPTRACE row 2052 744408884 744410034
NPTRACE row 2053 744422997 744426598
NPTRACE row 2054 744442347 744443106
NPTRACE row 2055 744456294 744459917
NPTRACE row 2056 744475825 744476585
NPTRACE row 2057 744490434 744493347
NPTRACE row 2058 744506936 744510008
NPTRACE row 2059 744523298 744526468
NPTRACE row 2060 744542107 744543013
NPTRACE row 2061 744556180 744559987
NPTRACE row 2062 744571935 744572429
NPTRACE row 2063 744589369 744593051
NPTRACE row 2064 744607068 744609819
NPTRACE row 2065 744633850 744634771
NPTRACE row 2066 744649573 744651423
NPTRACE row 2067 744663508 744664059
NPTRACE row 2068 744678483 744680579
NPTRACE row 2069 744688206 744689020
NPTRACE row 2070 744698043 744701386
NPTRACE row 2071 744707170 744709750
NPTRACE row 2072 744717245 744718059
NPTRACE row 2073 744728977 744730663
NPTRACE row 2074 744744474 744747789
NPTRACE row 2075 744760220 744763964
NPTRACE row 2076 744773361 744776443
NPTRACE row 2077 744787846 744789181
NPTRACE row 2078 744801692 744805549
NPTRACE row 2079 744817117 744818748
NPTRACE row 2080 744833807 744834835
NPTRACE row 2081 744849670 744852045
NPTRACE row 2082 744864426 744868054
NPTRACE row 2083 744878554 744880868
NPTRACE row 2084 744892311 744893306
NPTRACE row 2085 744905992 744909666
NPTRACE row 2086 744921183 744922472
NPTRACE row 2087 744953407 744955924
NPTRACE row 2088 744977067 744980567
NPTRACE row 2089 744988024 744988906
NPTRACE row 2090 745021339 745022541
NPTRACE row 2091 745043835 745047300
NPTRACE row 2092 745058624 745059765
NPTRACE row 2093 745081408 745084874
NPTRACE row 2094 745111660 745113963
NPTRACE row 2095 745121858 745122546
NPTRACE row 2096 745146630 745147281
NPTRACE row 2097 745158899 745176580
NPTRACE row 2098 745186562 745189120
NPTRACE row 2099 745200300 745201761
NPTRACE row 2100 745214852 745218321
NPTRACE row 2101 745228755 745230694
NPTRACE row 2102 745243792 745247594
NPTRACE row 2103 745258232 745260046
NPTRACE row 2104 745271618 745272375
NPTRACE row 2105 745287382 745289355
NPTRACE row 2106 745299704 745301648
NPTRACE row 2107 745314640 745318151
NPTRACE row 2108 745329786 745330737
NPTRACE row 2109 745344181 745347370
NPTRACE row 2110 745359253 745372458
NPTRACE row 2111 745384488 745385150
NPTRACE row 2112 745396918 745397565
NPTRACE row 2113 745411966 745414337
NPTRACE row 2114 745426887 745430509
NPTRACE row 2115 745439868 745443210
NPTRACE row 2116 745454990 745455885
NPTRACE row 2117 745480194 745480757
NPTRACE row 2118 745492639 745493185
NPTRACE row 2119 745506288 745510027
NPTRACE row 2120 745521433 745522606
NPTRACE row 2121 745534439 745534876
NPTRACE row 2122 745550482 745551799
NPTRACE row 2123 745574475 745576778
NPTRACE row 2124 745586488 745588968
NPTRACE row 2125 745598367 745601514
NPTRACE row 2126 745613323 745614140
NPTRACE row 2127 745631044 745634796
NPTRACE row 2128 745645834 745647534
NPTRACE row 2129 745660535 745664057
NPTRACE row 2130 745674014 745676733
NPTRACE row 2131 745688567 745689266
NPTRACE row 2132 745703936 745705689
NPTRACE row 2133 745718981 745722312
NPTRACE row 2134 745728563 745730584
NPTRACE row 2135 745737850 745739047
NPTRACE row 2136 745747863 745751538
NPTRACE row 2137 745761194 745764110
NPTRACE row 2138 745777281 745780931
NPTRACE row 2139 745810388 745813787
NPTRACE row 2140 745821152 745822371
NPTRACE row 2141 745834549 745835140
NPTRACE row 2142 745849495 745851679
NPTRACE row 2143 745877022 745880572
NPTRACE row 2144 745888056 745889045
NPTRACE row 2145 745912692 745913973
NPTRACE row 2146 745922737 745926409
NPTRACE row 2147 745937352 745939230
NPTRACE row 2148 745952881 745955929
NPTRACE row 2149 745976914 745980533
NPTRACE row 2150 745990446 745993216
NPTRACE row 2151 746004920 746005814
NPTRACE row 2152 746023923 746026596
NPTRACE row 2153 746040563 746043413
NPTRACE row 2154 746056551 746060036
NPTRACE row 2155 746071116 746072377
NPTRACE row 2156 746086380 746089311
NPTRACE row 2157 746111756 746113984
NPTRACE row 2158 746121821 746122487
NPTRACE row 2159 746136136 746139351
NPTRACE row 2160 746152827 746155785
NPTRACE row 2161 746161618 746163956
NPTRACE row 2162 746171128 746172354
NPTRACE row 2163 746187295 746189058
NPTRACE row 2164 746209988 746213881
NPTRACE row 2165 746225883 746226860
NPTRACE row 2166 746241486 746243187
NPTRACE row 2167 746259514 746260031
NPTRACE row 2168 746274467 746276542
NPTRACE row 2169 746290586 746293238
NPTRACE row 2170 746308255 746309962
NPTRACE row 2171 746325034 746326818
NPTRACE row 2172 746340981 746343198
NPTRACE row 2173 746356819 746360032
NPTRACE row 2174 746374373 746376536
NPTRACE row 2175 746392552 746393603
NPTRACE row 2176 746407808 746409999
NPTRACE row 2177 746424718 746427032
NPTRACE row 2178 746441317 746443384
NPTRACE row 2179 746457367 746459967
NPTRACE row 2180 746474522 746476618
NPTRACE row 2181 746490262 746493493
NPTRACE row 2182 746507764 746510070
NPTRACE row 2183 746524842 746526989
NPTRACE row 2184 746541722 746543619
NPTRACE row 2185 746557254 746560184
NPTRACE row 2186 746575126 746576757
NPTRACE row 2187 746592609 746593505
NPTRACE row 2188 746607544 746609983
NPTRACE row 2189 746626232 746627078
NPTRACE row 2190 746640910 746643441
NPTRACE row 2191 746657062 746660260
NPTRACE row 2192 746680417 746681098
NPTRACE row 2193 746690552 746693508
NPTRACE row 2194 746707583 746710158
NPTRACE row 2195 746723806 746727009
NPTRACE row 2196 746740624 746743368
NPTRACE row 2197 746756840 746760196
NPTRACE row 2198 746774165 746776710
NPTRACE row 2199 746790156 746793490
NPTRACE row 2200 746807444 746810045
NPTRACE row 2201 746826124 746827101
NPTRACE row 2202 746840820 746843582
NPTRACE row 2203 746856715 746860012
NPTRACE row 2204 746874109 746876730
NPTRACE row 2205 746889860 746893343
NPTRACE row 2206 746907633 746910082
NPTRACE row 2207 746924853 746927163
NPTRACE row 2208 746941580 746943588
NPTRACE row 2209 746959123 746960212
NPTRACE row 2210 746974413 746976801
NPTRACE row 2211 746992408 746993346
NPTRACE row 2212 747007441 747010036
NPTRACE row 2213 747027313 747030804
NPTRACE row 2214 747041239 747046852
NPTRACE row 2215 747064550 747068266
NPTRACE row 2216 747079050 747081005
NPTRACE row 2217 747093950 747097621
NPTRACE row 2218 747107930 747110214
NPTRACE row 2219 747124604 747126819
NPTRACE row 2220 747139933 747143494
NPTRACE row 2221 747157069 747160238
NPTRACE row 2222 747174298 747176706
NPTRACE row 2223 747190206 747193629
NPTRACE row 2224 747207332 747210735
NPTRACE row 2225 747224734 747244253
NPTRACE row 2226 747254733 747256264
NPTRACE row 2227 747267724 747268443
NPTRACE row 2228 747284664 747285402
NPTRACE row 2229 747294625 747297440
NPTRACE row 2230 747304207 747305772
NPTRACE row 2231 747320543 747322565
NPTRACE row 2232 747355451 747356130
NPTRACE row 2233 747371679 747372582
NPTRACE row 2234 747388080 747389505
NPTRACE row 2235 747402002 747405743
NPTRACE row 2236 747417939 747418606
NPTRACE row 2237 747431476 747434929
NPTRACE row 2238 747447086 747447799
NPTRACE row 2239 747465213 747468477
NPTRACE row 2240 747480191 747481175
NPTRACE row 2241 747495357 747497612
NPTRACE row 2242 747511136 747514558
NPTRACE row 2243 747536184 747540189
NPTRACE row 2244 747549442 747551639
NPTRACE row 2245 747560837 747564270
NPTRACE row 2246 747574873 747576932
NPTRACE row 2247 747591518 747593387
NPTRACE row 2248 747607247 747610269
NPTRACE row 2249 747623935 747627112
NPTRACE row 2250 747641137 747643570
NPTRACE row 2251 747656825 747660098
NPTRACE row 2252 747674818 747676879
NPTRACE row 2253 747690216 747710699
NPTRACE row 2254 747721415 747722835
NPTRACE row 2255 747736222 747739377
NPTRACE row 2256 747753622 747756251
NPTRACE row 2257 747767299 747768441
NPTRACE row 2258 747784326 747785400
NPTRACE row 2259 747803969 747806015
NPTRACE row 2260 747819771 747822523
NPTRACE row 2261 747829836 747830938
NPTRACE row 2262 747840193 747843326
NPTRACE row 2263 747853663 747855820
NPTRACE row 2264 747887311 747889440
NPTRACE row 2265 747902182 747905876
NPTRACE row 2266 747919179 747922476
NPTRACE row 2267 747929252 747930958
NPTRACE row 2268 747939380 747943266
NPTRACE row 2269 747953004 747956170
NPTRACE row 2270 747974021 747977063
NPTRACE row 2271 747990431 747993503
NPTRACE row 2272 748021255 748022612
NPTRACE row 2273 748034473 748035338
NPTRACE row 2274 748050513 748052201
NPTRACE row 2275 748064673 748068208
NPTRACE row 2276 748073966 748076675
NPTRACE row 2277 748085994 748089284
NPTRACE row 2278 748106813 748110329
NPTRACE row 2279 748125721 748143997
NPTRACE row 2280 748154683 748156068
NPTRACE row 2281 748167732 748168481
NPTRACE row 2282 748184460 748185434
NPTRACE row 2283 748194885 748197473
NPTRACE row 2284 748204447 748205804
NPTRACE row 2285 748219530 748222604
NPTRACE row 2286 748239904 748243418
NPTRACE row 2287 748257230 748260161
NPTRACE row 2288 748273353 748276704
NPTRACE row 2289 748290003 748293369
NPTRACE row 2290 748306610 748310152
NPTRACE row 2291 748324595 748327062
NPTRACE row 2292 748339953 748343374
NPTRACE row 2293 748356014 748359946
NPTRACE row 2294 748372841 748376627
NPTRACE row 2295 748389885 748393549
NPTRACE row 2296 748406281 748409988
NPTRACE row 2297 748423352 748427023
NPTRACE row 2298 748440103 748443810
NPTRACE row 2299 748456480 748460285
NPTRACE row 2300 748473185 748476988
NPTRACE row 2301 748490029 748493430
NPTRACE row 2302 748514859 748518289
NPTRACE row 2303 748528551 748531332
NPTRACE row 2304 748544744 748547884
NPTRACE row 2305 748559339 748560383
NPTRACE row 2306 748573975 748577033
NPTRACE row 2307 748590140 748593680
NPTRACE row 2308 748616185 748618428
NPTRACE row 2309 748627840 748630965
NPTRACE row 2310 748641522 748643549
NPTRACE row 2311 748656654 748660322
NPTRACE row 2312 748673093 748676645
NPTRACE row 2313 748690432 748693293
NPTRACE row 2314 748706549 748710075
NPTRACE row 2315 748723728 748727106
NPTRACE row 2316 748739658 748743292
NPTRACE row 2317 748756660 748760113
NPTRACE row 2318 748773085 748776757
NPTRACE row 2319 748790222 748793570
NPTRACE row 2320 748805588 748806075
NPTRACE row 2321 748827365 748830710
NPTRACE row 2322 748840760 748843937
NPTRACE row 2323 748856496 748860180
NPTRACE row 2324 748872233 748872753
NPTRACE row 2325 748888903 748889452
NPTRACE row 2326 748906233 748910135
NPTRACE row 2327 748926239 748927299
NPTRACE row 2328 748941043 748944095
NPTRACE row 2329 748956521 748960303
NPTRACE row 2330 748973458 748977081
NPTRACE row 2331 748990275 748993653
NPTRACE row 2332 749006473 749010140
NPTRACE row 2333 749024679 749027296
NPTRACE row 2334 749039554 749043510
NPTRACE row 2335 749058345 749060432
NPTRACE row 2336 749072708 749076569
NPTRACE row 2337 749096345 749097951
NPTRACE row 2338 749109740 749110213
NPTRACE row 2339 749124762 749127006
NPTRACE row 2340 749139602 749143339
NPTRACE row 2341 749156470 749160136
NPTRACE row 2342 749172062 749172639
NPTRACE row 2343 749188663 749189414
NPTRACE row 2344 749204956 749205975
NPTRACE row 2345 749224760 749226747
NPTRACE row 2346 749237474 749239457
NPTRACE row 2347 749256301 749260144
NPTRACE row 2348 749271655 749272642
NPTRACE row 2349 749289563 749293351
NPTRACE row 2350 749314465 749318311
NPTRACE row 2351 749326381 749326993
NPTRACE row 2352 749349389 749351850
NPTRACE row 2353 749359579 749376998
NPTRACE row 2354 749387814 749389287
NPTRACE row 2355 749400076 749401857
NPTRACE row 2356 749413987 749414432
NPTRACE row 2357 749430665 749431169
NPTRACE row 2358 749446482 749447791
NPTRACE row 2359 749460790 749464401
NPTRACE row 2360 749474447 749476774
NPTRACE row 2361 749489760 749493502
NPTRACE row 2362 749506283 749509931
NPTRACE row 2363 749525790 749526957
NPTRACE row 2364 749539485 749543444
NPTRACE row 2365 749557668 749559966
NPTRACE row 2366 749570706 749572680
NPTRACE row 2367 749592751 749593619
NPTRACE row 2368 749606281 749610244
NPTRACE row 2369 749623598 749627197
NPTRACE row 2370 749638440 749639412
NPTRACE row 2371 749657271 749660249
NPTRACE row 2372 749671386 749672668
NPTRACE row 2373 749690804 749693384
NPTRACE row 2374 749705108 749706011
NPTRACE row 2375 749730078 749731593
NPTRACE row 2376 749751242 749752757
NPTRACE row 2377 749764670 749768524
NPTRACE row 2378 749779596 749781189
NPTRACE row 2379 749791620 749793442
NPTRACE row 2380 749800844 749801736
NPTRACE row 2381 749817478 749818529
NPTRACE row 2382 749839501 749843312
NPTRACE row 2383 749855551 749856299
NPTRACE row 2384 749883295 749885183
NPTRACE row 2385 749894783 749897709
NPTRACE row 2386 749908415 749910255
NPTRACE row 2387 749925973 749927317
NPTRACE row 2388 749939515 749943448
NPTRACE row 2389 749955038 749956311
NPTRACE row 2390 749970780 749972705
NPTRACE row 2391 749988401 749989335
NPTRACE row 2392 750005150 750006164
NPTRACE row 2393 750023045 750043682
NPTRACE row 2394 750053105 750056447
NPTRACE row 2395 750065047 750068574
NPTRACE row 2396 750085591 750089206
NPTRACE row 2397 750097937 750101758
NPTRACE row 2398 750111502 750114549
NPTRACE row 2399 750132227 750132689
NPTRACE end 4630f76a642fd0c3
