NPTRACE begin 3d86167b0d9b23cd 2400 2400 2 0
NPTRACE row 0 90755526 90758688
NPTRACE row 1 90771042 90775861
NPTRACE row 2 90789555 90792852
NPTRACE row 3 90804112 90809665
NPTRACE row 4 90822805 90826121
NPTRACE row 5 90837682 90843368
NPTRACE row 6 90856161 90860200
NPTRACE row 7 90870722 90875767
NPTRACE row 8 90890242 90894346
NPTRACE row 9 90904412 90909823
NPTRACE row 10 90923395 90926877
NPTRACE row 11 90937881 90943251
NPTRACE row 12 90956436 90960273
NPTRACE row 13 90970883 90976356
NPTRACE row 14 90989811 90992794
NPTRACE row 15 91004627 91009946
NPTRACE row 16 91031058 91034679
NPTRACE row 17 91039338 91042233
NPTRACE row 18 91053981 91058803
NPTRACE row 19 91070778 91075907
NPTRACE row 20 91089974 91093159
NPTRACE row 21 91104411 91109564
NPTRACE row 22 91124310 91126043
NPTRACE row 23 91138262 91143235
NPTRACE row 24 91157059 91161347
NPTRACE row 25 91185241 91191971
NPTRACE row 26 91196587 91199944
NPTRACE row 27 91204909 91209832
NPTRACE row 28 91231220 91234706
NPTRACE row 29 91239426 91242193
NPTRACE row 30 91254164 91258736
NPTRACE row 31 91270837 91275855
NPTRACE row 32 91293097 91299933
NPTRACE row 33 91304567 91309647
NPTRACE row 34 91323939 91328087
NPTRACE row 35 91338288 91343264
NPTRACE row 36 91357435 91359350
NPTRACE row 37 91371077 91375460
NPTRACE row 38 91387434 91392084
NPTRACE row 39 91404510 91408957
NPTRACE row 40 91423614 91426109
NPTRACE row 41 91438162 91442796
NPTRACE row 42 91456789 91459884
NPTRACE row 43 91471498 91475726
NPTRACE row 44 91490143 91493404
NPTRACE row 45 91504368 91509609
NPTRACE row 46 91523448 91527215
NPTRACE row 47 91538064 91543031
NPTRACE row 48 91557014 91560354
NPTRACE row 49 91571253 91575790
NPTRACE row 50 91590773 91593356
NPTRACE row 51 91604556 91609781
NPTRACE row 52 91624223 91625762
NPTRACE row 53 91638266 91643266
NPTRACE row 54 91657067 91660256
NPTRACE row 55 91671224 91675729
NPTRACE row 56 91690228 91693166
NPTRACE row 57 91704739 91709627
NPTRACE row 58 91721089 91731525
NPTRACE row 59 91738364 91742513
NPTRACE row 60 91757026 91759638
NPTRACE row 61 91771049 91775612
NPTRACE row 62 91790680 91792415
NPTRACE row 63 91804828 91809689
NPTRACE row 64 91823924 91826244
NPTRACE row 65 91837990 91842927
NPTRACE row 66 91856804 91859067
NPTRACE row 67 91871164 91875658
NPTRACE row 68 91890510 91892459
NPTRACE row 69 91904441 91909509
NPTRACE row 70 91927882 91933379
NPTRACE row 71 91937985 91942161
NPTRACE row 72 91953923 91958677
NPTRACE row 73 91970861 91975443
NPTRACE row 74 91990511 91992840
NPTRACE row 75 92004412 92009647
NPTRACE row 76 92023720 92026518
NPTRACE row 77 92038109 92043010
NPTRACE row 78 92065446 92067202
NPTRACE row 79 92072165 92075705
NPTRACE row 80 92090370 92092689
NPTRACE row 81 92104146 92108908
NPTRACE row 82 92123387 92126048
NPTRACE row 83 92137716 92143010
NPTRACE row 84 92157561 92161016
NPTRACE row 85 92171559 92175804
NPTRACE row 86 92190140 92192337
NPTRACE row 87 92211460 92225813
NPTRACE row 88 92230634 92233845
NPTRACE row 89 92238123 92242389
NPTRACE row 90 92256479 92259449
NPTRACE row 91 92270773 92275501
NPTRACE row 92 92300919 92308486
NPTRACE row 93 92310973 92316871
NPTRACE row 94 92323703 92325929
NPTRACE row 95 92337536 92342865
NPTRACE row 96 92356584 92359836
NPTRACE row 97 92370838 92375400
NPTRACE row 98 92388840 92392955
NPTRACE row 99 92404942 92409215
NPTRACE row 100 92420591 92425541
NPTRACE row 101 92440872 92442384
NPTRACE row 102 92454065 92459437
NPTRACE row 103 92473236 92476350
NPTRACE row 104 92487330 92492808
NPTRACE row 105 92506548 92509361
NPTRACE row 106 92521373 92525776
NPTRACE row 107 92540490 92543359
NPTRACE row 108 92554335 92558870
NPTRACE row 109 92573344 92576323
NPTRACE row 110 92587537 92592819
NPTRACE row 111 92606805 92609405
NPTRACE row 112 92620944 92625511
NPTRACE row 113 92637733 92642090
NPTRACE row 114 92654703 92658872
NPTRACE row 115 92673858 92675523
NPTRACE row 116 92687786 92692779
NPTRACE row 117 92707036 92709861
NPTRACE row 118 92721120 92725983
NPTRACE row 119 92740629 92742812
NPTRACE row 120 92754582 92758968
NPTRACE row 121 92773543 92776337
NPTRACE row 122 92787642 92792555
NPTRACE row 123 92806894 92809606
NPTRACE row 124 92821094 92825509
NPTRACE row 125 92837740 92847439
NPTRACE row 126 92855341 92859252
NPTRACE row 127 92876185 92883541
NPTRACE row 128 92887810 92892593
NPTRACE row 129 92911398 92916954
NPTRACE row 130 92921609 92925574
NPTRACE row 131 92947338 92950196
NPTRACE row 132 92954289 92958628
NPTRACE row 133 92970321 92975203
NPTRACE row 134 92987281 92992222
NPTRACE row 135 93014312 93016954
NPTRACE row 136 93021271 93025702
NPTRACE row 137 93041873 93042803
NPTRACE row 138 93054154 93058738
NPTRACE row 139 93073436 93076141
NPTRACE row 140 93087460 93092403
NPTRACE row 141 93107150 93108880
NPTRACE row 142 93121008 93125466
NPTRACE row 143 93140740 93142706
NPTRACE row 144 93154183 93159335
NPTRACE row 145 93180217 93183572
NPTRACE row 146 93187360 93191985
NPTRACE row 147 93211491 93217046
NPTRACE row 148 93226969 93233604
NPTRACE row 149 93240175 93242175
NPTRACE row 150 93254405 93259293
NPTRACE row 151 93273386 93276340
NPTRACE row 152 93287514 93292429
NPTRACE row 153 93314847 93318340
NPTRACE row 154 93322901 93325545
NPTRACE row 155 93337141 93341869
NPTRACE row 156 93353448 93358638
NPTRACE row 157 93373184 93375779
NPTRACE row 158 93387279 93392359
NPTRACE row 159 93406524 93409416
NPTRACE row 160 93420705 93425379
NPTRACE row 161 93443578 93450298
NPTRACE row 162 93454608 93458848
NPTRACE row 163 93473207 93475735
NPTRACE row 164 93487336 93492292
NPTRACE row 165 93506035 93509089
NPTRACE row 166 93520432 93525337
NPTRACE row 167 93548667 93550283
NPTRACE row 168 93557984 93559734
NPTRACE row 169 93572873 93575794
NPTRACE row 170 93587371 93592324
NPTRACE row 171 93606478 93609198
NPTRACE row 172 93620437 93625344
NPTRACE row 173 93645030 93650310
NPTRACE row 174 93653436 93658643
NPTRACE row 175 93672584 93675680
NPTRACE row 176 93686996 93692266
NPTRACE row 177 93705997 93709106
NPTRACE row 178 93720455 93725318
NPTRACE row 179 93736550 93743285
NPTRACE row 180 93754783 93758734
NPTRACE row 181 93777249 93783522
NPTRACE row 182 93786614 93800392
NPTRACE row 183 93811289 93816903
NPTRACE row 184 93820453 93825733
NPTRACE row 185 93839270 93842593
NPTRACE row 186 93853246 93858605
NPTRACE row 187 93871360 93875238
NPTRACE row 188 93886638 93892254
NPTRACE row 189 93905116 93909212
NPTRACE row 190 93919860 93925264
NPTRACE row 191 93936561 93943290
NPTRACE row 192 93954872 93958871
NPTRACE row 193 93971624 93975274
NPTRACE row 194 93987603 93992284
NPTRACE row 195 94005152 94009113
NPTRACE row 196 94020045 94025577
NPTRACE row 197 94038960 94042461
NPTRACE row 198 94053312 94058566
NPTRACE row 199 94076945 94083540
NPTRACE row 200 94086409 94091982
NPTRACE row 201 94104970 94109002
NPTRACE row 202 94119691 94125223
NPTRACE row 203 94146039 94150246
NPTRACE row 204 94152913 94158471
NPTRACE row 205 94169018 94175146
NPTRACE row 206 94185866 94191860
NPTRACE row 207 94204691 94208921
NPTRACE row 208 94219991 94225320
NPTRACE row 209 94238886 94242197
NPTRACE row 210 94259644 94267040
NPTRACE row 211 94272047 94275440
NPTRACE row 212 94286541 94292586
NPTRACE row 213 94305207 94309582
NPTRACE row 214 94320086 94325595
NPTRACE row 215 94338925 94342430
NPTRACE row 216 94353699 94358679
NPTRACE row 217 94371957 94375538
NPTRACE row 218 94386705 94392085
NPTRACE row 219 94405244 94408822
NPTRACE row 220 94420015 94425292
NPTRACE row 221 94436224 94443286
NPTRACE row 222 94454873 94459082
NPTRACE row 223 94472214 94476048
NPTRACE row 224 94486827 94492209
NPTRACE row 225 94505341 94509280
NPTRACE row 226 94520309 94525563
NPTRACE row 227 94539152 94542506
NPTRACE row 228 94553502 94558584
NPTRACE row 229 94571056 94575294
NPTRACE row 230 94586696 94592124
NPTRACE row 231 94605057 94609070
NPTRACE row 232 94619699 94625262
NPTRACE row 233 94635892 94648597
NPTRACE row 234 94655044 94659340
NPTRACE row 235 94677567 94683593
NPTRACE row 236 94686783 94692153
NPTRACE row 237 94705104 94708844
NPTRACE row 238 94719861 94725610
NPTRACE row 239 94738633 94742375
NPTRACE row 240 94753638 94758726
NPTRACE row 241 94772111 94775407
NPTRACE row 242 94786742 94792113
NPTRACE row 243 94805390 94808719
NPTRACE row 244 94820219 94825621
NPTRACE row 245 94839323 94842340
NPTRACE row 246 94853490 94858614
NPTRACE row 247 94871360 94875403
NPTRACE row 248 94886669 94892200
NPTRACE row 249 94905023 94909052
NPTRACE row 250 94919806 94925305
NPTRACE row 251 94937844 94942154
NPTRACE row 252 94953180 94958660
NPTRACE row 253 94971495 94975341
NPTRACE row 254 94986121 94992047
NPTRACE row 255 95005012 95008822
NPTRACE row 256 95019480 95025424
NPTRACE row 257 95038374 95042204
NPTRACE row 258 95052701 95058594
NPTRACE row 259 95081036 95083564
NPTRACE row 260 95087620 95092527
NPTRACE row 261 95104536 95108674
NPTRACE row 262 95119072 95125573
NPTRACE row 263 95138253 95142300
NPTRACE row 264 95153174 95158758
NPTRACE row 265 95171383 95175360
NPTRACE row 266 95186227 95192202
NPTRACE row 267 95204702 95208813
NPTRACE row 268 95219549 95225618
NPTRACE row 269 95238733 95242286
NPTRACE row 270 95259161 95268029
NPTRACE row 271 95271403 95275863
NPTRACE row 272 95286265 95292173
NPTRACE row 273 95304582 95309058
NPTRACE row 274 95319608 95325335
NPTRACE row 275 95335789 95343230
NPTRACE row 276 95354965 95358772
NPTRACE row 277 95379566 95383625
NPTRACE row 278 95386774 95392139
NPTRACE row 279 95404563 95408724
NPTRACE row 280 95418977 95425231
NPTRACE row 281 95438793 95442250
NPTRACE row 282 95455134 95458707
NPTRACE row 283 95479534 95483640
NPTRACE row 284 95486450 95492115
NPTRACE row 285 95504175 95508651
NPTRACE row 286 95519036 95525325
NPTRACE row 287 95537742 95542208
NPTRACE row 288 95553245 95558777
NPTRACE row 289 95568820 95580728
NPTRACE row 290 95588567 95592851
NPTRACE row 291 95603335 95608756
NPTRACE row 292 95620033 95625704
NPTRACE row 293 95638135 95642713
NPTRACE row 294 95652728 95658666
NPTRACE row 295 95671008 95675406
NPTRACE row 296 95685796 95692136
NPTRACE row 297 95703851 95708706
NPTRACE row 298 95719000 95725337
NPTRACE row 299 95735732 95748982
NPTRACE row 300 95755302 95760014
NPTRACE row 301 95770556 95775346
NPTRACE row 302 95785631 95792181
NPTRACE row 303 95803892 95808734
NPTRACE row 304 95820052 95825495
NPTRACE row 305 95837881 95842207
NPTRACE row 306 95852170 95858664
NPTRACE row 307 95877516 95883713
NPTRACE row 308 95886080 95892037
NPTRACE row 309 95903420 95908653
NPTRACE row 310 95918659 95925442
NPTRACE row 311 95937203 95942169
NPTRACE row 312 95952559 95958828
NPTRACE row 313 95970676 95975371
NPTRACE row 314 95985801 95992195
NPTRACE row 315 96003919 96008776
NPTRACE row 316 96019066 96025372
NPTRACE row 317 96036815 96042138
NPTRACE row 318 96054189 96058688
NPTRACE row 319 96071198 96075604
NPTRACE row 320 96085476 96092191
NPTRACE row 321 96103416 96108799
NPTRACE row 322 96118760 96125518
NPTRACE row 323 96137312 96142267
NPTRACE row 324 96152055 96158671
NPTRACE row 325 96170207 96175384
NPTRACE row 326 96185368 96192116
NPTRACE row 327 96203499 96208703
NPTRACE row 328 96218696 96225562
NPTRACE row 329 96237252 96242267
NPTRACE row 330 96252063 96258617
NPTRACE row 331 96266432 96280540
NPTRACE row 332 96287330 96292535
NPTRACE row 333 96303218 96308762
NPTRACE row 334 96318720 96325320
NPTRACE row 335 96337206 96342157
NPTRACE row 336 96352430 96358863
NPTRACE row 337 96370308 96375392
NPTRACE row 338 96385471 96392185
NPTRACE row 339 96403499 96408738
NPTRACE row 340 96418776 96425533
NPTRACE row 341 96437254 96442241
NPTRACE row 342 96452211 96458734
NPTRACE row 343 96470334 96475532
NPTRACE row 344 96483348 96485258
NPTRACE row 345 96503553 96508789
NPTRACE row 346 96518946 96525507
NPTRACE row 347 96537180 96542223
NPTRACE row 348 96552067 96558710
NPTRACE row 349 96569772 96575377
NPTRACE row 350 96583297 96585256
NPTRACE row 351 96599506 96601974
NPTRACE row 352 96618669 96625445
NPTRACE row 353 96636946 96642273
NPTRACE row 354 96649774 96651942
NPTRACE row 355 96666078 96680344
NPTRACE row 356 96687189 96692455
NPTRACE row 357 96702888 96708729
NPTRACE row 358 96716399 96718597
NPTRACE row 359 96733076 96744620
NPTRACE row 360 96753196 96759064
NPTRACE row 361 96769593 96775512
NPTRACE row 362 96783353 96785288
NPTRACE row 363 96803192 96808810
NPTRACE row 364 96816810 96818688
NPTRACE row 365 96833233 96848791
NPTRACE row 366 96857782 96860008
NPTRACE row 367 96869784 96875514
NPTRACE row 368 96882915 96885282
NPTRACE row 369 96899258 96902001
NPTRACE row 370 96919085 96925543
NPTRACE row 371 96936722 96942126
NPTRACE row 372 96949627 96951954
NPTRACE row 373 96965813 96977794
NPTRACE row 374 96985939 96992233
NPTRACE row 375 96999997 97002623
NPTRACE row 376 97016130 97018613
NPTRACE row 377 97032865 97046686
NPTRACE row 378 97053631 97062651
NPTRACE row 379 97072473 97076019
NPTRACE row 380 97082818 97085291
NPTRACE row 381 97099117 97101978
NPTRACE row 382 97119145 97125464
NPTRACE row 383 97136678 97142268
NPTRACE row 384 97149802 97152024
NPTRACE row 385 97165811 97180564
NPTRACE row 386 97187736 97192568
NPTRACE row 387 97199729 97202655
NPTRACE row 388 97216051 97218591
NPTRACE row 389 97232611 97235404
NPTRACE row 390 97252543 97259110
NPTRACE row 391 97266770 97269361
NPTRACE row 392 97282824 97285268
NPTRACE row 393 97299751 97302636
NPTRACE row 394 97316033 97318605
NPTRACE row 395 97332284 97335418
NPTRACE row 396 97349703 97351930
NPTRACE row 397 97374613 97378057
NPTRACE row 398 97385701 97392123
NPTRACE row 399 97399463 97402656
NPTRACE row 400 97416050 97418593
NPTRACE row 401 97432134 97435253
NPTRACE row 402 97448772 97451816
NPTRACE row 403 97466031 97469407
NPTRACE row 404 97482257 97485297
NPTRACE row 405 97499371 97502669
NPTRACE row 406 97515812 97518627
NPTRACE row 407 97532102 97547372
NPTRACE row 408 97554346 97559423
NPTRACE row 409 97566437 97569392
NPTRACE row 410 97582487 97585316
NPTRACE row 411 97599537 97602816
NPTRACE row 412 97616006 97618632
NPTRACE row 413 97645329 97650525
NPTRACE row 414 97653495 97658837
NPTRACE row 415 97666408 97669370
NPTRACE row 416 97682381 97685295
NPTRACE row 417 97699304 97702689
NPTRACE row 418 97715631 97718629
NPTRACE row 419 97733140 97736145
NPTRACE row 420 97749008 97751967
NPTRACE row 421 97765212 97770414
NPTRACE row 422 97783336 97785316
NPTRACE row 423 97799453 97804366
NPTRACE row 424 97816859 97818637
NPTRACE row 425 97832240 97837443
NPTRACE row 426 97857721 97859903
NPTRACE row 427 97869738 97875518
NPTRACE row 428 97882471 97885307
NPTRACE row 429 97899231 97902700
NPTRACE row 430 97915268 97918606
NPTRACE row 431 97932433 97937752
NPTRACE row 432 97952145 97958999
NPTRACE row 433 97965835 97969388
NPTRACE row 434 97982305 97985309
NPTRACE row 435 97997918 98011085
NPTRACE row 436 98019268 98025558
NPTRACE row 437 98032837 98036217
NPTRACE row 438 98048593 98051971
NPTRACE row 439 98065493 98071019
NPTRACE row 440 98083094 98085296
NPTRACE row 441 98098737 98102683
NPTRACE row 442 98115175 98118637
NPTRACE row 443 98132520 98136264
NPTRACE row 444 98148454 98151981
NPTRACE row 445 98165428 98169342
NPTRACE row 446 98181797 98185316
NPTRACE row 447 98203672 98208902
NPTRACE row 448 98215384 98218635
NPTRACE row 449 98231140 98235440
NPTRACE row 450 98249933 98251987
NPTRACE row 451 98265465 98269444
NPTRACE row 452 98281817 98285316
NPTRACE row 453 98298704 98302709
NPTRACE row 454 98315279 98318649
NPTRACE row 455 98337048 98342220
NPTRACE row 456 98349283 98352086
NPTRACE row 457 98365606 98369392
NPTRACE row 458 98382151 98385331
NPTRACE row 459 98398902 98402764
NPTRACE row 460 98415486 98418673
NPTRACE row 461 98432764 98436278
NPTRACE row 462 98448741 98452007
NPTRACE row 463 98470253 98475438
NPTRACE row 464 98482117 98485317
NPTRACE row 465 98498536 98502750
NPTRACE row 466 98515223 98518648
NPTRACE row 467 98547451 98552046
NPTRACE row 468 98555108 98559092
NPTRACE row 469 98565182 98569382
NPTRACE row 470 98581557 98585340
NPTRACE row 471 98599687 98603380
NPTRACE row 472 98614920 98618664
NPTRACE row 473 98632420 98636237
NPTRACE row 474 98648423 98652003
NPTRACE row 475 98665274 98669310
NPTRACE row 476 98681684 98685335
NPTRACE row 477 98698732 98702722
NPTRACE row 478 98715058 98718670
NPTRACE row 479 98733489 98736890
NPTRACE row 480 98748850 98752116
NPTRACE row 481 98763887 98777650
NPTRACE row 482 98785711 98792085
NPTRACE row 483 98797180 98801214
NPTRACE row 484 98814289 98817893
NPTRACE row 485 98830921 98835497
NPTRACE row 486 98852240 98865508
NPTRACE row 487 98880267 98884399
NPTRACE row 488 98891409 98893121
NPTRACE row 489 98899953 98901742
NPTRACE row 490 98915047 98918676
NPTRACE row 491 98930578 98934648
NPTRACE row 492 98947158 98951228
NPTRACE row 493 98966033 98968442
NPTRACE row 494 98981730 98985374
NPTRACE row 495 99003853 99008908
NPTRACE row 496 99015581 99018724
NPTRACE row 497 99039947 99042777
NPTRACE row 498 99049413 99052078
NPTRACE row 499 99063933 99069395
NPTRACE row 500 99083472 99084710
NPTRACE row 501 99097241 99102115
NPTRACE row 502 99118190 99125463
NPTRACE row 503 99131883 99135049
NPTRACE row 504 99148218 99151349
NPTRACE row 505 99164119 99169480
NPTRACE row 506 99183404 99184724
NPTRACE row 507 99208164 99211500
NPTRACE row 508 99219446 99225715
NPTRACE row 509 99233373 99236473
NPTRACE row 510 99249039 99252103
NPTRACE row 511 99279546 99284297
NPTRACE row 512 99287434 99292289
NPTRACE row 513 99298917 99302816
NPTRACE row 514 99315336 99318767
NPTRACE row 515 99332719 99336334
NPTRACE row 516 99348521 99352104
NPTRACE row 517 99365656 99369509
NPTRACE row 518 99381873 99385440
NPTRACE row 519 99400271 99403463
NPTRACE row 520 99415381 99418775
NPTRACE row 521 99432820 99436364
NPTRACE row 522 99448858 99452108
NPTRACE row 523 99463763 99467980
NPTRACE row 524 99486470 99492400
NPTRACE row 525 99499329 99509968
NPTRACE row 526 99515365 99518680
NPTRACE row 527 99536512 99542415
NPTRACE row 528 99549681 99551524
NPTRACE row 529 99563855 99569308
NPTRACE row 530 99583387 99584699
NPTRACE row 531 99597060 99601161
NPTRACE row 532 99614178 99617813
NPTRACE row 533 99631430 99635600
NPTRACE row 534 99650185 99652116
NPTRACE row 535 99679539 99684367
NPTRACE row 536 99687306 99692323
NPTRACE row 537 99698899 99702916
NPTRACE row 538 99715957 99718092
NPTRACE row 539 99732826 99735262
NPTRACE row 540 99748849 99752130
NPTRACE row 541 99765311 99768267
NPTRACE row 542 99781892 99785471
NPTRACE row 543 99802354 99808925
NPTRACE row 544 99815527 99818803
NPTRACE row 545 99832792 99836373
NPTRACE row 546 99848376 99852136
NPTRACE row 547 99865230 99868277
NPTRACE row 548 99881794 99885478
NPTRACE row 549 99898766 99901665
NPTRACE row 550 99919966 99925824
NPTRACE row 551 99936473 99942646
NPTRACE row 552 99949992 99951551
NPTRACE row 553 99965859 99969580
NPTRACE row 554 99982930 99984822
NPTRACE row 555 99999261 100003026
NPTRACE row 556 100016267 100018146
NPTRACE row 557 100033316 100036471
NPTRACE row 558 100049592 100051464
NPTRACE row 559 100069352 100075913
NPTRACE row 560 100082919 100084718
NPTRACE row 561 100097171 100103926
NPTRACE row 562 100116240 100117964
NPTRACE row 563 100132916 100136349
NPTRACE row 564 100149230 100151462
NPTRACE row 565 100163647 100176722
NPTRACE row 566 100183499 100185428
NPTRACE row 567 100202428 100208954
NPTRACE row 568 100215725 100218068
NPTRACE row 569 100232832 100236419
NPTRACE row 570 100249186 100251477
NPTRACE row 571 100280429 100284100
NPTRACE row 572 100287156 100292289
NPTRACE row 573 100299024 100301731
NPTRACE row 574 100315826 100318143
NPTRACE row 575 100338015 100342636
NPTRACE row 576 100349984 100351514
NPTRACE row 577 100365922 100369617
NPTRACE row 578 100382656 100384828
NPTRACE row 579 100397187 100404003
NPTRACE row 580 100416630 100417963
NPTRACE row 581 100433635 100436479
NPTRACE row 582 100449607 100451464
NPTRACE row 583 100469535 100476082
NPTRACE row 584 100483104 100484638
NPTRACE row 585 100502022 100509200
NPTRACE row 586 100516460 100518024
NPTRACE row 587 100533308 100536465
NPTRACE row 588 100549440 100551470
NPTRACE row 589 100565572 100568275
NPTRACE row 590 100582881 100584734
NPTRACE row 591 100604134 100609162
NPTRACE row 592 100616247 100618092
NPTRACE row 593 100633238 100636508
NPTRACE row 594 100649312 100651471
NPTRACE row 595 100665543 100668172
NPTRACE row 596 100683548 100685541
NPTRACE row 597 100696344 100700949
NPTRACE row 598 100713346 100717614
NPTRACE row 599 100736693 100742972
NPTRACE row 600 100750445 100751402
NPTRACE row 601 100766082 100768330
NPTRACE row 602 100783192 100784755
NPTRACE row 603 100799709 100803050
NPTRACE row 604 100816381 100818117
NPTRACE row 605 100833563 100836530
NPTRACE row 606 100849698 100851445
NPTRACE row 607 100869685 100875999
NPTRACE row 608 100882916 100884657
NPTRACE row 609 100899253 100901653
NPTRACE row 610 100916187 100917968
NPTRACE row 611 100931390 100936385
NPTRACE row 612 100948327 100951439
NPTRACE row 613 100966610 100968512
NPTRACE row 614 100982535 100984718
NPTRACE row 615 101003922 101009478
NPTRACE row 616 101016484 101018060
NPTRACE row 617 101033301 101036541
NPTRACE row 618 101049284 101051402
NPTRACE row 619 101066040 101068410
NPTRACE row 620 101082697 101084694
NPTRACE row 621 101099465 101102667
NPTRACE row 622 101115432 101117659
NPTRACE row 623 101132670 101137135
NPTRACE row 624 101150431 101151513
NPTRACE row 625 101166298 101168452
NPTRACE row 626 101182922 101184649
NPTRACE row 627 101199978 101201857
NPTRACE row 628 101216097 101217993
NPTRACE row 629 101233601 101236534
NPTRACE row 630 101249535 101251380
NPTRACE row 631 101270975 101276035
NPTRACE row 632 101282995 101284641
NPTRACE row 633 101299487 101303017
NPTRACE row 634 101315982 101318033
NPTRACE row 635 101333256 101336479
NPTRACE row 636 101349171 101351371
NPTRACE row 637 101367035 101368440
NPTRACE row 638 101382526 101384652
NPTRACE row 639 101404737 101409359
NPTRACE row 640 101416340 101417955
NPTRACE row 641 101433114 101436483
NPTRACE row 642 101449272 101451368
NPTRACE row 643 101466101 101469804
NPTRACE row 644 101482547 101484663
NPTRACE row 645 101499318 101503123
NPTRACE row 646 101515813 101518005
NPTRACE row 647 101537900 101542646
NPTRACE row 648 101549955 101551409
NPTRACE row 649 101566290 101568406
NPTRACE row 650 101582836 101584638
NPTRACE row 651 101599536 101603123
NPTRACE row 652 101616080 101618029
NPTRACE row 653 101633435 101636580
NPTRACE row 654 101649316 101651321
NPTRACE row 655 101671058 101676403
NPTRACE row 656 101683108 101684597
NPTRACE row 657 101699417 101703101
NPTRACE row 658 101715844 101717949
NPTRACE row 659 101733197 101736538
NPTRACE row 660 101748974 101751321
NPTRACE row 661 101766233 101768414
NPTRACE row 662 101782349 101784630
NPTRACE row 663 101803970 101809187
NPTRACE row 664 101816001 101817960
NPTRACE row 665 101833116 101836602
NPTRACE row 666 101848982 101851297
NPTRACE row 667 101866032 101869824
NPTRACE row 668 101882435 101884616
NPTRACE row 669 101899462 101903158
NPTRACE row 670 101915643 101917967
NPTRACE row 671 101933706 101940823
NPTRACE row 672 101950213 101952397
NPTRACE row 673 101981102 101984353
NPTRACE row 674 101988808 101992561
NPTRACE row 675 101996049 102000774
NPTRACE row 676 102013081 102017434
NPTRACE row 677 102035365 102042527
NPTRACE row 678 102049566 102051247
NPTRACE row 679 102070971 102076478
NPTRACE row 680 102083537 102084565
NPTRACE row 681 102102380 102110718
NPTRACE row 682 102116968 102118987
NPTRACE row 683 102129336 102134193
NPTRACE row 684 102145913 102150773
NPTRACE row 685 102166668 102168577
NPTRACE row 686 102182333 102184578
NPTRACE row 687 102204057 102209945
NPTRACE row 688 102216848 102217920
NPTRACE row 689 102236141 102242674
NPTRACE row 690 102249530 102251240
NPTRACE row 691 102266435 102268410
NPTRACE row 692 102282569 102284588
NPTRACE row 693 102306869 102309917
NPTRACE row 694 102318571 102326030
NPTRACE row 695 102337905 102343305
NPTRACE row 696 102351407 102359386
NPTRACE row 697 102366187 102368096
NPTRACE row 698 102382832 102384605
NPTRACE row 699 102402498 102409211
NPTRACE row 700 102416431 102417898
NPTRACE row 701 102436502 102442688
NPTRACE row 702 102449830 102451237
NPTRACE row 703 102470138 102476342
NPTRACE row 704 102482785 102484459
NPTRACE row 705 102500475 102502185
NPTRACE row 706 102516170 102517878
NPTRACE row 707 102533061 102534998
NPTRACE row 708 102549145 102551225
NPTRACE row 709 102565770 102568138
NPTRACE row 710 102583249 102585701
NPTRACE row 711 102596132 102601221
NPTRACE row 712 102612115 102617468
NPTRACE row 713 102631047 102634832
NPTRACE row 714 102653279 102675047
NPTRACE row 715 102680874 102684573
NPTRACE row 716 102688463 102692803
NPTRACE row 717 102700566 102702002
NPTRACE row 718 102715797 102717960
NPTRACE row 719 102737427 102743393
NPTRACE row 720 102750470 102751264
NPTRACE row 721 102766202 102768124
NPTRACE row 722 102782790 102784546
NPTRACE row 723 102802091 102809254
NPTRACE row 724 102816189 102817886
NPTRACE row 725 102836052 102842697
NPTRACE row 726 102849716 102851178
NPTRACE row 727 102870209 102876578
NPTRACE row 728 102882579 102884486
NPTRACE row 729 102899180 102901642
NPTRACE row 730 102915368 102917795
NPTRACE row 731 102935389 102942595
NPTRACE row 732 102948955 102951173
NPTRACE row 733 102967069 102968586
NPTRACE row 734 102982221 102984501
NPTRACE row 735 103002982 103011423
NPTRACE row 736 103020654 103041733
NPTRACE row 737 103047703 103051371
NPTRACE row 738 103055340 103059260
NPTRACE row 739 103062356 103067507
NPTRACE row 740 103078464 103084219
NPTRACE row 741 103099087 103101593
NPTRACE row 742 103115293 103117803
NPTRACE row 743 103136655 103143059
NPTRACE row 744 103150065 103151201
NPTRACE row 745 103165736 103168094
NPTRACE row 746 103182405 103184484
NPTRACE row 747 103211142 103217627
NPTRACE row 748 103220302 103226016
NPTRACE row 749 103233238 103234932
NPTRACE row 750 103248961 103251162
NPTRACE row 751 103277946 103284538
NPTRACE row 752 103286906 103292736
NPTRACE row 753 103298317 103301045
NPTRACE row 754 103315409 103317825
NPTRACE row 755 103331255 103346456
NPTRACE row 756 103354060 103359515
NPTRACE row 757 103365898 103368143
NPTRACE row 758 103381821 103384443
NPTRACE row 759 103410671 103417721
NPTRACE row 760 103419675 103426106
NPTRACE row 761 103433809 103435255
NPTRACE row 762 103448347 103451075
NPTRACE row 763 103471899 103476190
NPTRACE row 764 103482821 103484730
NPTRACE row 765 103497937 103501295
NPTRACE row 766 103515182 103517799
NPTRACE row 767 103529922 103534733
NPTRACE row 768 103545413 103550986
NPTRACE row 769 103566193 103568227
NPTRACE row 770 103581990 103584409
NPTRACE row 771 103599455 103601735
NPTRACE row 772 103615699 103617789
NPTRACE row 773 103640327 103643780
NPTRACE row 774 103652458 103659323
NPTRACE row 775 103669754 103676398
NPTRACE row 776 103681955 103684375
NPTRACE row 777 103694798 103700894
NPTRACE row 778 103711518 103717562
NPTRACE row 779 103732898 103734941
NPTRACE row 780 103748159 103751056
NPTRACE row 781 103764607 103767938
NPTRACE row 782 103781561 103784431
NPTRACE row 783 103796206 103801377
NPTRACE row 784 103811469 103817575
NPTRACE row 785 103832714 103834868
NPTRACE row 786 103848225 103851064
NPTRACE row 787 103864456 103867955
NPTRACE row 788 103881557 103884392
NPTRACE row 789 103894689 103900912
NPTRACE row 790 103911427 103917580
NPTRACE row 791 103936013 103942821
NPTRACE row 792 103949276 103951122
NPTRACE row 793 103966016 103968210
NPTRACE row 794 103981805 103984359
NPTRACE row 795 103998448 104001078
NPTRACE row 796 104015161 104017710
NPTRACE row 797 104033865 104034848
NPTRACE row 798 104047199 104051077
NPTRACE row 799 104075546 104076475
NPTRACE row 800 104083410 104085874
NPTRACE row 801 104098267 104101309
NPTRACE row 802 104114705 104117750
NPTRACE row 803 104133107 104135043
NPTRACE row 804 104148184 104151094
NPTRACE row 805 104164280 104167787
NPTRACE row 806 104181584 104184366
NPTRACE row 807 104194870 104201074
NPTRACE row 808 104211327 104217605
NPTRACE row 809 104229316 104235492
NPTRACE row 810 104247800 104251048
NPTRACE row 811 104273084 104276004
NPTRACE row 812 104283253 104285029
NPTRACE row 813 104297074 104301115
NPTRACE row 814 104314672 104317709
NPTRACE row 815 104328624 104334555
NPTRACE row 816 104345246 104351111
NPTRACE row 817 104365800 104368088
NPTRACE row 818 104381666 104384459
NPTRACE row 819 104394707 104401025
NPTRACE row 820 104411604 104417693
NPTRACE row 821 104432713 104434781
NPTRACE row 822 104448892 104451136
NPTRACE row 823 104465068 104468092
NPTRACE row 824 104481389 104484460
NPTRACE row 825 104494576 104501025
NPTRACE row 826 104511329 104517690
NPTRACE row 827 104532351 104534813
NPTRACE row 828 104547871 104551128
NPTRACE row 829 104572685 104576532
NPTRACE row 830 104583702 104585029
NPTRACE row 831 104598934 104601781
NPTRACE row 832 104614467 104617810
NPTRACE row 833 104632777 104634958
NPTRACE row 834 104647763 104651136
NPTRACE row 835 104665434 104668160
NPTRACE row 836 104681324 104684474
NPTRACE row 837 104697476 104701273
NPTRACE row 838 104714989 104717843
NPTRACE row 839 104733434 104735148
NPTRACE row 840 104748977 104751273
NPTRACE row 841 104765892 104768138
NPTRACE row 842 104781738 104784519
NPTRACE row 843 104797664 104801301
NPTRACE row 844 104815472 104817861
NPTRACE row 845 104833345 104834899
NPTRACE row 846 104848181 104851197
NPTRACE row 847 104867168 104868470
NPTRACE row 848 104881308 104884523
NPTRACE row 849 104894508 104901075
NPTRACE row 850 104911379 104917761
NPTRACE row 851 104931283 104934786
NPTRACE row 852 104947717 104951189
NPTRACE row 853 104965641 104968104
NPTRACE row 854 104983418 104985273
NPTRACE row 855 104994788 105001224
NPTRACE row 856 105011303 105017760
NPTRACE row 857 105031540 105034791
NPTRACE row 858 105048164 105051727
NPTRACE row 859 105061204 105067770
NPTRACE row 860 105077918 105084444
NPTRACE row 861 105106443 105109572
NPTRACE row 862 105117009 105118525
NPTRACE row 863 105133389 105135121
NPTRACE row 864 105148619 105151312
NPTRACE row 865 105165421 105168047
NPTRACE row 866 105181315 105184556
NPTRACE row 867 105196427 105201329
NPTRACE row 868 105215017 105217914
NPTRACE row 869 105233021 105234886
NPTRACE row 870 105248283 105251249
NPTRACE row 871 105266233 105268232
NPTRACE row 872 105281202 105284580
NPTRACE row 873 105296967 105301438
NPTRACE row 874 105314707 105317923
NPTRACE row 875 105332570 105334828
NPTRACE row 876 105347614 105351250
NPTRACE row 877 105365322 105368099
NPTRACE row 878 105381233 105384587
NPTRACE row 879 105397134 105401734
NPTRACE row 880 105414755 105417930
NPTRACE row 881 105432628 105434871
NPTRACE row 882 105447396 105451260
NPTRACE row 883 105465318 105468111
NPTRACE row 884 105481112 105484594
NPTRACE row 885 105494528 105501155
NPTRACE row 886 105511181 105517832
NPTRACE row 887 105530541 105535117
NPTRACE row 888 105548467 105551364
NPTRACE row 889 105565304 105568086
NPTRACE row 890 105581124 105584615
NPTRACE row 891 105596959 105601383
NPTRACE row 892 105614595 105617959
NPTRACE row 893 105632751 105634908
NPTRACE row 894 105647924 105651286
NPTRACE row 895 105666611 105668576
NPTRACE row 896 105680988 105684611
NPTRACE row 897 105694550 105701167
NPTRACE row 898 105711176 105717848
NPTRACE row 899 105730562 105734890
NPTRACE row 900 105747487 105751283
NPTRACE row 901 105764980 105768098
NPTRACE row 902 105780913 105784617
NPTRACE row 903 105796893 105801652
NPTRACE row 904 105814055 105817959
NPTRACE row 905 105832003 105834897
NPTRACE row 906 105847430 105851293
NPTRACE row 907 105865613 105868220
NPTRACE row 908 105880547 105884635
NPTRACE row 909 105896431 105901463
NPTRACE row 910 105914104 105917976
NPTRACE row 911 105932751 105935217
NPTRACE row 912 105948389 105951417
NPTRACE row 913 105965298 105969064
NPTRACE row 914 105981498 105984669
NPTRACE row 915 105996672 106001522
NPTRACE row 916 106014893 106018007
NPTRACE row 917 106038158 106043213
NPTRACE row 918 106050805 106051815
NPTRACE row 919 106065906 106068333
NPTRACE row 920 106079952 106084688
NPTRACE row 921 106097088 106101496
NPTRACE row 922 106114100 106118014
NPTRACE row 923 106132015 106135002
NPTRACE row 924 106147789 106151333
NPTRACE row 925 106164205 106168113
NPTRACE row 926 106180602 106184661
NPTRACE row 927 106198363 106201810
NPTRACE row 928 106214191 106218015
NPTRACE row 929 106231513 106234958
NPTRACE row 930 106247367 106251344
NPTRACE row 931 106262680 106269019
NPTRACE row 932 106281172 106284680
NPTRACE row 933 106294920 106302354
NPTRACE row 934 106314118 106318028
NPTRACE row 935 106331714 106335166
NPTRACE row 936 106348666 106351451
NPTRACE row 937 106379073 106384607
NPTRACE row 938 106387712 106393360
NPTRACE row 939 106402689 106409778
NPTRACE row 940 106416100 106418058
NPTRACE row 941 106432075 106434994
NPTRACE row 942 106447487 106451388
NPTRACE row 943 106461607 106467996
NPTRACE row 944 106477936 106484685
NPTRACE row 945 106496801 106501481
NPTRACE row 946 106514646 106518044
NPTRACE row 947 106528167 106534667
NPTRACE row 948 106544518 106551246
NPTRACE row 949 106563150 106568199
NPTRACE row 950 106580602 106584696
NPTRACE row 951 106594651 106601169
NPTRACE row 952 106611168 106617931
NPTRACE row 953 106630385 106634983
NPTRACE row 954 106647155 106651365
NPTRACE row 955 106662866 106668206
NPTRACE row 956 106680549 106684693
NPTRACE row 957 106692333 106694407
NPTRACE row 958 106711108 106717863
NPTRACE row 959 106731329 106735422
NPTRACE row 960 106748453 106751467
NPTRACE row 961 106759269 106761099
NPTRACE row 962 106777931 106784773
NPTRACE row 963 106797708 106801650
NPTRACE row 964 106814520 106818065
NPTRACE row 965 106828157 106834649
NPTRACE row 966 106844632 106851295
NPTRACE row 967 106863211 106868403
NPTRACE row 968 106880741 106884732
NPTRACE row 969 106903918 106909627
NPTRACE row 970 106916614 106918210
NPTRACE row 971 106940075 106943210
NPTRACE row 972 106952322 106968321
NPTRACE row 973 106975686 106976427
NPTRACE row 974 106984227 106986234
NPTRACE row 975 106998681 107001882
NPTRACE row 976 107014026 107018086
NPTRACE row 977 107027958 107034547
NPTRACE row 978 107042328 107043727
NPTRACE row 979 107062596 107068280
NPTRACE row 980 107083490 107085063
NPTRACE row 981 107091965 107094460
NPTRACE row 982 107108955 107110399
NPTRACE row 983 107138239 107143385
NPTRACE row 984 107150775 107151765
NPTRACE row 985 107158993 107161119
NPTRACE row 986 107175926 107177088
NPTRACE row 987 107194904 107202197
NPTRACE row 988 107214487 107218085
NPTRACE row 989 107231047 107235015
NPTRACE row 990 107246994 107251419
NPTRACE row 991 107264616 107268563
NPTRACE row 992 107280783 107284751
NPTRACE row 993 107295291 107301496
NPTRACE row 994 107313438 107318091
NPTRACE row 995 107339337 107343239
NPTRACE row 996 107350659 107351921
NPTRACE row 997 107364573 107368172
NPTRACE row 998 107380249 107384740
NPTRACE row 999 107391974 107393911
NPTRACE row 1000 107408674 107410436
NPTRACE row 1001 107429546 107434972
NPTRACE row 1002 107447151 107451411
NPTRACE row 1003 107462841 107469178
NPTRACE row 1004 107480048 107484726
NPTRACE row 1005 107496316 107501527
NPTRACE row 1006 107513439 107518072
NPTRACE row 1007 107525602 107527389
NPTRACE row 1008 107542350 107543856
NPTRACE row 1009 107559132 107561070
NPTRACE row 1010 107579974 107584741
NPTRACE row 1011 107591506 107593759
NPTRACE row 1012 107608638 107610365
NPTRACE row 1013 107627867 107634810
NPTRACE row 1014 107650875 107651919
NPTRACE row 1015 107658558 107661272
NPTRACE row 1016 107675078 107677042
NPTRACE row 1017 107691408 107693726
NPTRACE row 1018 107708825 107719325
NPTRACE row 1019 107732137 107734885
NPTRACE row 1020 107741703 107743688
NPTRACE row 1021 107758012 107760352
NPTRACE row 1022 107777932 107784828
NPTRACE row 1023 107797471 107801768
NPTRACE row 1024 107809119 107810440
NPTRACE row 1025 107825806 107827188
NPTRACE row 1026 107845610 107851671
NPTRACE row 1027 107863559 107868227
NPTRACE row 1028 107875897 107877103
NPTRACE row 1029 107892173 107893741
NPTRACE row 1030 107911251 107918174
NPTRACE row 1031 107931672 107935135
NPTRACE row 1032 107946833 107951940
NPTRACE row 1033 107963950 107968242
NPTRACE row 1034 107977230 107984718
NPTRACE row 1035 107992418 107993771
NPTRACE row 1036 108011658 108018264
NPTRACE row 1037 108030889 108035011
NPTRACE row 1038 108046012 108051683
NPTRACE row 1039 108064634 108068451
NPTRACE row 1040 108075818 108077039
NPTRACE row 1041 108092465 108093728
NPTRACE row 1042 108112724 108118490
NPTRACE row 1043 108130983 108134986
NPTRACE row 1044 108142701 108144388
NPTRACE row 1045 108165715 108169665
NPTRACE row 1046 108179948 108185041
NPTRACE row 1047 108196638 108201672
NPTRACE row 1048 108208700 108210343
NPTRACE row 1049 108225375 108227064
NPTRACE row 1050 108244855 108251713
NPTRACE row 1051 108263212 108268229
NPTRACE row 1052 108279871 108285053
NPTRACE row 1053 108296465 108301578
NPTRACE row 1054 108313567 108318447
NPTRACE row 1055 108330970 108335227
NPTRACE row 1056 108346656 108351890
NPTRACE row 1057 108363887 108368299
NPTRACE row 1058 108376049 108377017
NPTRACE row 1059 108392298 108393681
NPTRACE row 1060 108411560 108418423
NPTRACE row 1061 108430950 108435071
NPTRACE row 1062 108442668 108443681
NPTRACE row 1063 108459265 108460480
NPTRACE row 1064 108479618 108485135
NPTRACE row 1065 108496704 108501630
NPTRACE row 1066 108508917 108510351
NPTRACE row 1067 108525640 108527087
NPTRACE row 1068 108553763 108560139
NPTRACE row 1069 108567662 108568440
NPTRACE row 1070 108582461 108585142
NPTRACE row 1071 108597093 108601855
NPTRACE row 1072 108613534 108618477
NPTRACE row 1073 108630369 108635079
NPTRACE row 1074 108642081 108643624
NPTRACE row 1075 108658435 108660278
NPTRACE row 1076 108678081 108690917
NPTRACE row 1077 108699944 108702046
NPTRACE row 1078 108717224 108718491
NPTRACE row 1079 108732337 108735235
NPTRACE row 1080 108746507 108751969
NPTRACE row 1081 108763834 108768343
NPTRACE row 1082 108776049 108776948
NPTRACE row 1083 108791971 108793599
NPTRACE row 1084 108809340 108813279
NPTRACE row 1085 108829977 108835097
NPTRACE row 1086 108844410 108857640
NPTRACE row 1087 108867600 108868967
NPTRACE row 1088 108892341 108893569
NPTRACE row 1089 108900713 108903143
NPTRACE row 1090 108917140 108918461
NPTRACE row 1091 108931867 108935099
NPTRACE row 1092 108944469 108951792
NPTRACE row 1093 108963044 108968326
NPTRACE row 1094 108978364 108985172
NPTRACE row 1095 108996710 109001785
NPTRACE row 1096 109008625 109010235
NPTRACE row 1097 109024914 109026955
NPTRACE row 1098 109043855 109052598
NPTRACE row 1099 109062538 109068307
NPTRACE row 1100 109079036 109085151
NPTRACE row 1101 109095878 109101718
NPTRACE row 1102 109108437 109110247
NPTRACE row 1103 109125298 109127097
NPTRACE row 1104 109142112 109144348
NPTRACE row 1105 109162187 109168321
NPTRACE row 1106 109187649 109193343
NPTRACE row 1107 109200322 109201841
NPTRACE row 1108 109215408 109218501
NPTRACE row 1109 109230219 109235104
NPTRACE row 1110 109241697 109243491
NPTRACE row 1111 109258276 109260240
NPTRACE row 1112 109278147 109285173
NPTRACE row 1113 109295744 109301664
NPTRACE row 1114 109311847 109318516
NPTRACE row 1115 109329457 109335105
NPTRACE row 1116 109341203 109343442
NPTRACE row 1117 109357580 109360117
NPTRACE row 1118 109377721 109385195
NPTRACE row 1119 109396192 109401841
NPTRACE row 1120 109411900 109418448
NPTRACE row 1121 109429818 109435092
NPTRACE row 1122 109440900 109443419
NPTRACE row 1123 109457171 109460085
NPTRACE row 1124 109475397 109477365
NPTRACE row 1125 109495221 109501652
NPTRACE row 1126 109511325 109518419
NPTRACE row 1127 109529375 109535179
NPTRACE row 1128 109544233 109551682
NPTRACE row 1129 109561618 109568301
NPTRACE row 1130 109574456 109576777
NPTRACE row 1131 109599659 109602797
NPTRACE row 1132 109614450 109618438
NPTRACE row 1133 109629495 109635101
NPTRACE row 1134 109642453 109643921
NPTRACE row 1135 109662326 109668481
NPTRACE row 1136 109678900 109685184
NPTRACE row 1137 109694829 109701659
NPTRACE row 1138 109709151 109710181
NPTRACE row 1139 109728289 109735110
NPTRACE row 1140 109742423 109743507
NPTRACE row 1141 109761107 109768326
NPTRACE row 1142 109775433 109777354
NPTRACE row 1143 109795209 109801785
NPTRACE row 1144 109811691 109818470
NPTRACE row 1145 109828925 109835126
NPTRACE row 1146 109840777 109843374
NPTRACE row 1147 109857041 109860004
NPTRACE row 1148 109877139 109884993
NPTRACE row 1149 109895223 109901712
NPTRACE row 1150 109908275 109910839
NPTRACE row 1151 109929288 109935278
NPTRACE row 1152 109947219 109952037
NPTRACE row 1153 109961937 109968385
NPTRACE row 1154 109978321 109985036
NPTRACE row 1155 109995204 110001723
NPTRACE row 1156 110011452 110018552
NPTRACE row 1157 110029235 110035153
NPTRACE row 1158 110052604 110060180
NPTRACE row 1159 110066186 110068367
NPTRACE row 1160 110078736 110085216
NPTRACE row 1161 110094808 110101701
NPTRACE row 1162 110111836 110118495
NPTRACE row 1163 110130532 110135269
NPTRACE row 1164 110145788 110151853
NPTRACE row 1165 110161188 110168333
NPTRACE row 1166 110173408 110176608
NPTRACE row 1167 110190136 110193342
NPTRACE row 1168 110207847 110210729
NPTRACE row 1169 110228253 110235068
NPTRACE row 1170 110241814 110243706
NPTRACE row 1171 110261093 110268302
NPTRACE row 1172 110274783 110277033
NPTRACE row 1173 110292830 110293821
NPTRACE row 1174 110309149 110310025
NPTRACE row 1175 110327851 110335066
NPTRACE row 1176 110342466 110343864
NPTRACE row 1177 110361154 110368345
NPTRACE row 1178 110373365 110376615
NPTRACE row 1179 110389519 110393232
NPTRACE row 1180 110408635 110409971
NPTRACE row 1181 110424779 110427212
NPTRACE row 1182 110441813 110459394
NPTRACE row 1183 110466332 110469990
NPTRACE row 1184 110479526 110493590
NPTRACE row 1185 110498116 110501593
NPTRACE row 1186 110508755 110510561
NPTRACE row 1187 110527514 110535010
NPTRACE row 1188 110541358 110558934
NPTRACE row 1189 110565478 110569773
NPTRACE row 1190 110579731 110585139
NPTRACE row 1191 110594064 110601664
NPTRACE row 1192 110609173 110610424
NPTRACE row 1193 110627379 110634918
NPTRACE row 1194 110642405 110643788
NPTRACE row 1195 110661659 110668359
NPTRACE row 1196 110675625 110677124
NPTRACE row 1197 110692569 110693802
NPTRACE row 1198 110708861 110710357
NPTRACE row 1199 110727359 110735022
NPTRACE row 1200 110741770 110743404
NPTRACE row 1201 110757844 110760015
NPTRACE row 1202 110774525 110777015
NPTRACE row 1203 110792652 110793680
NPTRACE row 1204 110809000 110818512
NPTRACE row 1205 110831381 110835105
NPTRACE row 1206 110842316 110843842
NPTRACE row 1207 110859405 110860363
NPTRACE row 1208 110875257 110876976
NPTRACE row 1209 110892305 110893717
NPTRACE row 1210 110908514 110910337
NPTRACE row 1211 110925958 110927079
NPTRACE row 1212 110941788 110951837
NPTRACE row 1213 110963917 110968332
NPTRACE row 1214 110974594 110976983
NPTRACE row 1215 110994022 111001741
NPTRACE row 1216 111008905 111010410
NPTRACE row 1217 111026168 111027106
NPTRACE row 1218 111040726 111043341
NPTRACE row 1219 111066187 111069097
NPTRACE row 1220 111074501 111077004
NPTRACE row 1221 111088104 111093258
NPTRACE row 1222 111107719 111110489
NPTRACE row 1223 111126237 111127132
NPTRACE row 1224 111142502 111143893
NPTRACE row 1225 111161693 111168476
NPTRACE row 1226 111177854 111185189
NPTRACE row 1227 111193705 111201654
NPTRACE row 1228 111208737 111210449
NPTRACE row 1229 111227334 111235100
NPTRACE row 1230 111242291 111243712
NPTRACE row 1231 111259639 111260301
NPTRACE row 1232 111272381 111276962
NPTRACE row 1233 111292134 111293584
NPTRACE row 1234 111308122 111310425
NPTRACE row 1235 111325906 111326984
NPTRACE row 1236 111341248 111343677
NPTRACE row 1237 111358637 111360150
NPTRACE row 1238 111373367 111385208
NPTRACE row 1239 111397491 111401782
NPTRACE row 1240 111409371 111410486
NPTRACE row 1241 111425795 111426987
NPTRACE row 1242 111438305 111443696
NPTRACE row 1243 111458620 111460156
NPTRACE row 1244 111473489 111477029
NPTRACE row 1245 111491803 111493468
NPTRACE row 1246 111508097 111510383
NPTRACE row 1247 111526315 111527228
NPTRACE row 1248 111542148 111543932
NPTRACE row 1249 111559180 111560169
NPTRACE row 1250 111573999 111577099
NPTRACE row 1251 111592469 111593489
NPTRACE row 1252 111608297 111618631
NPTRACE row 1253 111631439 111635167
NPTRACE row 1254 111644051 111651808
NPTRACE row 1255 111659391 111660318
NPTRACE row 1256 111671478 111682829
NPTRACE row 1257 111695688 111701729
NPTRACE row 1258 111706862 111710050
NPTRACE row 1259 111730873 111735163
NPTRACE row 1260 111742558 111743726
NPTRACE row 1261 111757215 111760150
NPTRACE row 1262 111771326 111785234
NPTRACE row 1263 111797779 111801891
NPTRACE row 1264 111809625 111810242
NPTRACE row 1265 111825645 111827065
NPTRACE row 1266 111841392 111843786
NPTRACE row 1267 111858576 111860200
NPTRACE row 1268 111873558 111877152
NPTRACE row 1269 111891929 111893555
NPTRACE row 1270 111908284 111910453
NPTRACE row 1271 111933316 111936067
NPTRACE row 1272 111948217 111952124
NPTRACE row 1273 111962059 111968529
NPTRACE row 1274 111973938 111977273
NPTRACE row 1275 111992635 111993631
NPTRACE row 1276 112008712 112010589
NPTRACE row 1277 112027153 112035165
NPTRACE row 1278 112042187 112043927
NPTRACE row 1279 112061235 112068552
NPTRACE row 1280 112073269 112077069
NPTRACE row 1281 112092001 112093617
NPTRACE row 1282 112108179 112118661
NPTRACE row 1283 112131953 112135302
NPTRACE row 1284 112153361 112160226
NPTRACE row 1285 112165863 112168527
NPTRACE row 1286 112178021 112185119
NPTRACE row 1287 112195805 112201957
NPTRACE row 1288 112215022 112218542
NPTRACE row 1289 112229137 112235308
NPTRACE row 1290 112241566 112243850
NPTRACE row 1291 112258493 112260364
NPTRACE row 1292 112271726 112277275
NPTRACE row 1293 112291969 112293644
NPTRACE row 1294 112308125 112318707
NPTRACE row 1295 112332676 112335471
NPTRACE row 1296 112346012 112352256
NPTRACE row 1297 112359509 112360343
NPTRACE row 1298 112373864 112377305
NPTRACE row 1299 112392141 112393704
NPTRACE row 1300 112408344 112410661
NPTRACE row 1301 112425949 112427175
NPTRACE row 1302 112441572 112444057
NPTRACE row 1303 112459575 112460407
NPTRACE row 1304 112474061 112485504
NPTRACE row 1305 112498278 112501921
NPTRACE row 1306 112509423 112511011
NPTRACE row 1307 112526031 112527137
NPTRACE row 1308 112541352 112552163
NPTRACE row 1309 112564957 112568588
NPTRACE row 1310 112576045 112577577
NPTRACE row 1311 112592475 112593890
NPTRACE row 1312 112607942 112610584
NPTRACE row 1313 112625608 112627180
NPTRACE row 1314 112638307 112658965
NPTRACE row 1315 112665838 112670026
NPTRACE row 1316 112679897 112685278
NPTRACE row 1317 112693076 112693678
NPTRACE row 1318 112707944 112718829
NPTRACE row 1319 112732500 112735426
NPTRACE row 1320 112747189 112752229
NPTRACE row 1321 112761266 112768614
NPTRACE row 1322 112773811 112776945
NPTRACE row 1323 112791900 112793686
NPTRACE row 1324 112808029 112810259
NPTRACE row 1325 112826103 112827176
NPTRACE row 1326 112841567 112843618
NPTRACE row 1327 112859445 112860582
NPTRACE row 1328 112873533 112885530
NPTRACE row 1329 112898797 112901999
NPTRACE row 1330 112912889 112918868
NPTRACE row 1331 112928046 112935244
NPTRACE row 1332 112941484 112943587
NPTRACE row 1333 112957018 112960466
NPTRACE row 1334 112971380 112977341
NPTRACE row 1335 112992007 112993903
NPTRACE row 1336 113004635 113010256
NPTRACE row 1337 113025326 113027201
NPTRACE row 1338 113038018 113044003
NPTRACE row 1339 113058282 113060316
NPTRACE row 1340 113071589 113077400
NPTRACE row 1341 113091724 113093671
NPTRACE row 1342 113108064 113110273
NPTRACE row 1343 113126096 113127472
NPTRACE row 1344 113141446 113143724
NPTRACE row 1345 113157195 113160410
NPTRACE row 1346 113171519 113177374
NPTRACE row 1347 113191665 113193761
NPTRACE row 1348 113219318 113227354
NPTRACE row 1349 113237370 113244286
NPTRACE row 1350 113250851 113252094
NPTRACE row 1351 113265070 113268688
NPTRACE row 1352 113275977 113277164
NPTRACE row 1353 113289880 113293757
NPTRACE row 1354 113304422 113310688
NPTRACE row 1355 113325065 113327168
NPTRACE row 1356 113337886 113343962
NPTRACE row 1357 113356938 113360432
NPTRACE row 1358 113370930 113377259
NPTRACE row 1359 113390242 113393876
NPTRACE row 1360 113404143 113410661
NPTRACE row 1361 113423718 113427167
NPTRACE row 1362 113437490 113443917
NPTRACE row 1363 113456278 113460433
NPTRACE row 1364 113471051 113477327
NPTRACE row 1365 113489911 113493668
NPTRACE row 1366 113504114 113512749
NPTRACE row 1367 113523123 113527235
NPTRACE row 1368 113541520 113544107
NPTRACE row 1369 113555964 113560408
NPTRACE row 1370 113570824 113578697
NPTRACE row 1371 113588484 113593606
NPTRACE row 1372 113604304 113610655
NPTRACE row 1373 113623670 113627177
NPTRACE row 1374 113637427 113643943
NPTRACE row 1375 113656720 113660551
NPTRACE row 1376 113670477 113677313
NPTRACE row 1377 113689195 113693759
NPTRACE row 1378 113703962 113718851
NPTRACE row 1379 113732348 113735366
NPTRACE row 1380 113745165 113752100
NPTRACE row 1381 113756739 113760400
NPTRACE row 1382 113770460 113777289
NPTRACE row 1383 113789405 113793858
NPTRACE row 1384 113803806 113810627
NPTRACE row 1385 113823095 113827148
NPTRACE row 1386 113837286 113844003
NPTRACE row 1387 113856110 113860408
NPTRACE row 1388 113870613 113877371
NPTRACE row 1389 113889181 113893651
NPTRACE row 1390 113903822 113910628
NPTRACE row 1391 113929866 113935475
NPTRACE row 1392 113941158 113944751
NPTRACE row 1393 113956017 113960430
NPTRACE row 1394 113970618 113977284
NPTRACE row 1395 113989188 113993756
NPTRACE row 1396 114003864 114010285
NPTRACE row 1397 114028571 114035348
NPTRACE row 1398 114040532 114044063
NPTRACE row 1399 114056156 114060508
NPTRACE row 1400 114070454 114077390
NPTRACE row 1401 114088919 114093676
NPTRACE row 1402 114103816 114110653
NPTRACE row 1403 114130342 114135324
NPTRACE row 1404 114139448 114144086
NPTRACE row 1405 114155441 114160467
NPTRACE row 1406 114170332 114177252
NPTRACE row 1407 114189531 114194011
NPTRACE row 1408 114203651 114210246
NPTRACE row 1409 114231375 114235276
NPTRACE row 1410 114241071 114243972
NPTRACE row 1411 114255613 114260368
NPTRACE row 1412 114275222 114277384
NPTRACE row 1413 114288457 114293703
NPTRACE row 1414 114303657 114310666
NPTRACE row 1415 114322670 114327195
NPTRACE row 1416 114337306 114344124
NPTRACE row 1417 114355514 114360357
NPTRACE row 1418 114370382 114377329
NPTRACE row 1419 114388528 114393682
NPTRACE row 1420 114403731 114410641
NPTRACE row 1421 114431986 114435381
NPTRACE row 1422 114444614 114452062
NPTRACE row 1423 114456980 114460545
NPTRACE row 1424 114470516 114476944
NPTRACE row 1425 114499565 114502560
NPTRACE row 1426 114507583 114510534
NPTRACE row 1427 114520386 114526879
NPTRACE row 1428 114536856 114552198
NPTRACE row 1429 114564545 114568597
NPTRACE row 1430 114574866 114577368
NPTRACE row 1431 114588789 114593935
NPTRACE row 1432 114603722 114610636
NPTRACE row 1433 114622405 114627222
NPTRACE row 1434 114637024 114644018
NPTRACE row 1435 114655038 114660375
NPTRACE row 1436 114670333 114677298
NPTRACE row 1437 114688412 114693718
NPTRACE row 1438 114703649 114710292
NPTRACE row 1439 114730025 114735526
NPTRACE row 1440 114741603 114744222
NPTRACE row 1441 114755592 114760409
NPTRACE row 1442 114770392 114785491
NPTRACE row 1443 114798586 114801980
NPTRACE row 1444 114808894 114810941
NPTRACE row 1445 114822907 114827238
NPTRACE row 1446 114837067 114852225
NPTRACE row 1447 114865827 114868782
NPTRACE row 1448 114876015 114877860
NPTRACE row 1449 114888653 114893788
NPTRACE row 1450 114903704 114910654
NPTRACE row 1451 114922832 114927188
NPTRACE row 1452 114937022 114944064
NPTRACE row 1453 114955684 114960371
NPTRACE row 1454 114970351 114977338
NPTRACE row 1455 114989664 114994210
NPTRACE row 1456 115003689 115010675
NPTRACE row 1457 115028957 115035455
NPTRACE row 1458 115041416 115044086
NPTRACE row 1459 115055452 115060416
NPTRACE row 1460 115070239 115080176
NPTRACE row 1461 115092476 115093931
NPTRACE row 1462 115101590 115103506
NPTRACE row 1463 115122602 115127472
NPTRACE row 1464 115137276 115144088
NPTRACE row 1465 115155340 115160389
NPTRACE row 1466 115170359 115177398
NPTRACE row 1467 115188820 115193815
NPTRACE row 1468 115203671 115210588
NPTRACE row 1469 115222649 115227206
NPTRACE row 1470 115237021 115243961
NPTRACE row 1471 115256890 115260996
NPTRACE row 1472 115268149 115270377
NPTRACE row 1473 115284948 115287632
NPTRACE row 1474 115307482 115310802
NPTRACE row 1475 115322283 115327257
NPTRACE row 1476 115334699 115336845
NPTRACE row 1477 115351027 115354908
NPTRACE row 1478 115370835 115377021
NPTRACE row 1479 115398084 115402169
NPTRACE row 1480 115408610 115410911
NPTRACE row 1481 115422160 115427249
NPTRACE row 1482 115434621 115436855
NPTRACE row 1483 115451418 115454286
NPTRACE row 1484 115467898 115470358
NPTRACE row 1485 115484820 115487644
NPTRACE row 1486 115501266 115503536
NPTRACE row 1487 115522979 115527092
NPTRACE row 1488 115537271 115544214
NPTRACE row 1489 115555264 115560388
NPTRACE row 1490 115568187 115570218
NPTRACE row 1491 115587878 115593796
NPTRACE row 1492 115601495 115603547
NPTRACE row 1493 115621837 115627287
NPTRACE row 1494 115636404 115644158
NPTRACE row 1495 115655771 115660655
NPTRACE row 1496 115668271 115669529
NPTRACE row 1497 115684055 115686194
NPTRACE row 1498 115701194 115703541
NPTRACE row 1499 115721458 115727210
NPTRACE row 1500 115734683 115736191
NPTRACE row 1501 115754383 115760418
NPTRACE row 1502 115768115 115769502
NPTRACE row 1503 115798167 115802276
NPTRACE row 1504 115808350 115810853
NPTRACE row 1505 115821082 115827213
NPTRACE row 1506 115834471 115836166
NPTRACE row 1507 115853665 115860408
NPTRACE row 1508 115867673 115869504
NPTRACE row 1509 115894801 115895569
NPTRACE row 1510 115904150 115910668
NPTRACE row 1511 115921477 115927438
NPTRACE row 1512 115936444 115944206
NPTRACE row 1513 115954458 115960460
NPTRACE row 1514 115967990 115969528
NPTRACE row 1515 115986977 115993806
NPTRACE row 1516 116001375 116002878
NPTRACE row 1517 116021262 116027196
NPTRACE row 1518 116034644 116036128
NPTRACE row 1519 116055055 116060848
NPTRACE row 1520 116068078 116069500
NPTRACE row 1521 116089538 116093770
NPTRACE row 1522 116100951 116102798
NPTRACE row 1523 116120557 116127167
NPTRACE row 1524 116134446 116136132
NPTRACE row 1525 116163105 116168717
NPTRACE row 1526 116173588 116177457
NPTRACE row 1527 116187808 116194024
NPTRACE row 1528 116201425 116202813
NPTRACE row 1529 116217998 116220016
NPTRACE row 1530 116238182 116244144
NPTRACE row 1531 116250593 116253658
NPTRACE row 1532 116275392 116278332
NPTRACE row 1533 116288011 116293792
NPTRACE row 1534 116300894 116302889
NPTRACE row 1535 116321984 116327599
NPTRACE row 1536 116342122 116343864
NPTRACE row 1537 116350494 116363186
NPTRACE row 1538 116374135 116377600
NPTRACE row 1539 116387414 116393853
NPTRACE row 1540 116401238 116402812
NPTRACE row 1541 116421598 116427395
NPTRACE row 1542 116436234 116444189
NPTRACE row 1543 116454617 116460658
NPTRACE row 1544 116467982 116469469
NPTRACE row 1545 116486768 116493822
NPTRACE row 1546 116501088 116502760
NPTRACE row 1547 116520936 116527350
NPTRACE row 1548 116534624 116536097
NPTRACE row 1549 116553213 116560369
NPTRACE row 1550 116567946 116569431
NPTRACE row 1551 116588398 116594146
NPTRACE row 1552 116601521 116602727
NPTRACE row 1553 116620368 116627220
NPTRACE row 1554 116634371 116636064
NPTRACE row 1555 116653200 116660383
NPTRACE row 1556 116667856 116669474
NPTRACE row 1557 116686921 116693847
NPTRACE row 1558 116701300 116702781
NPTRACE row 1559 116721161 116727581
NPTRACE row 1560 116736390 116744381
NPTRACE row 1561 116754285 116760554
NPTRACE row 1562 116768211 116769448
NPTRACE row 1563 116787125 116794445
NPTRACE row 1564 116801285 116803605
NPTRACE row 1565 116821731 116827508
NPTRACE row 1566 116834992 116836057
NPTRACE row 1567 116854265 116860854
NPTRACE row 1568 116868283 116869485
NPTRACE row 1569 116886635 116893873
NPTRACE row 1570 116901232 116902772
NPTRACE row 1571 116930227 116935601
NPTRACE row 1572 116940315 116944285
NPTRACE row 1573 116953364 116960613
NPTRACE row 1574 116968154 116969448
NPTRACE row 1575 116998483 117002501
NPTRACE row 1576 117006895 117010397
NPTRACE row 1577 117016734 117019295
NPTRACE row 1578 117033322 117035872
NPTRACE row 1579 117063998 117068964
NPTRACE row 1580 117075117 117077607
NPTRACE row 1581 117087037 117093915
NPTRACE row 1582 117100951 117102676
NPTRACE row 1583 117117007 117121115
NPTRACE row 1584 117136791 117144404
NPTRACE row 1585 117153427 117160646
NPTRACE row 1586 117168210 117169432
NPTRACE row 1587 117184010 117185997
NPTRACE row 1588 117204191 117211098
NPTRACE row 1589 117220660 117227488
NPTRACE row 1590 117234737 117236025
NPTRACE row 1591 117253839 117260828
NPTRACE row 1592 117268019 117269461
NPTRACE row 1593 117283693 117287343
NPTRACE row 1594 117301639 117302991
NPTRACE row 1595 117320374 117327365
NPTRACE row 1596 117336330 117344267
NPTRACE row 1597 117354437 117361093
NPTRACE row 1598 117370814 117378691
NPTRACE row 1599 117389185 117394614
NPTRACE row 1600 117403098 117411032
NPTRACE row 1601 117420553 117427461
NPTRACE row 1602 117436347 117443803
NPTRACE row 1603 117453143 117460463
NPTRACE row 1604 117467929 117469492
NPTRACE row 1605 117484971 117486174
NPTRACE row 1606 117500987 117502792
NPTRACE row 1607 117520460 117527252
NPTRACE row 1608 117536367 117544350
NPTRACE row 1609 117553008 117560451
NPTRACE row 1610 117568127 117569479
NPTRACE row 1611 117584939 117586167
NPTRACE row 1612 117601216 117602814
NPTRACE row 1613 117619847 117627237
NPTRACE row 1614 117634903 117636104
NPTRACE row 1615 117653218 117660475
NPTRACE row 1616 117667705 117669419
NPTRACE row 1617 117684513 117686152
NPTRACE row 1618 117701016 117702802
NPTRACE row 1619 117718442 117719602
NPTRACE row 1620 117734275 117736100
NPTRACE row 1621 117751216 117752841
NPTRACE row 1622 117767658 117769452
NPTRACE row 1623 117785011 117786379
NPTRACE row 1624 117801189 117802848
NPTRACE row 1625 117820100 117827339
NPTRACE row 1626 117834662 117836085
NPTRACE row 1627 117851462 117852824
NPTRACE row 1628 117867813 117869466
NPTRACE row 1629 117884871 117886302
NPTRACE row 1630 117901214 117902834
NPTRACE row 1631 117919944 117927347
NPTRACE row 1632 117936425 117944481
NPTRACE row 1633 117953670 117960735
NPTRACE row 1634 117968468 117969496
NPTRACE row 1635 117986448 117993907
NPTRACE row 1636 118001672 118002867
NPTRACE row 1637 118022317 118027557
NPTRACE row 1638 118035106 118036032
NPTRACE row 1639 118053188 118060561
NPTRACE row 1640 118068041 118069442
NPTRACE row 1641 118084398 118086101
NPTRACE row 1642 118101234 118102872
NPTRACE row 1643 118118325 118119530
NPTRACE row 1644 118134570 118136199
NPTRACE row 1645 118151487 118152921
NPTRACE row 1646 118167789 118169483
NPTRACE row 1647 118185112 118186423
NPTRACE row 1648 118200935 118202785
NPTRACE row 1649 118217944 118219461
NPTRACE row 1650 118234287 118236084
NPTRACE row 1651 118251468 118252858
NPTRACE row 1652 118267514 118269455
NPTRACE row 1653 118284704 118286200
NPTRACE row 1654 118301115 118302798
NPTRACE row 1655 118317960 118319582
NPTRACE row 1656 118334890 118336231
NPTRACE row 1657 118351717 118352891
NPTRACE row 1658 118373554 118377498
NPTRACE row 1659 118386455 118393912
NPTRACE row 1660 118400994 118402599
NPTRACE row 1661 118420538 118427558
NPTRACE row 1662 118436276 118443868
NPTRACE row 1663 118449604 118452492
NPTRACE row 1664 118465467 118468950
NPTRACE row 1665 118484311 118485870
NPTRACE row 1666 118500794 118502679
NPTRACE row 1667 118520775 118527636
NPTRACE row 1668 118536608 118544417
NPTRACE row 1669 118551412 118552603
NPTRACE row 1670 118568103 118569464
NPTRACE row 1671 118585151 118586300
NPTRACE row 1672 118601232 118602733
NPTRACE row 1673 118617910 118619341
NPTRACE row 1674 118634451 118636033
NPTRACE row 1675 118651693 118652913
NPTRACE row 1676 118667795 118669421
NPTRACE row 1677 118685004 118686249
NPTRACE row 1678 118701163 118702722
NPTRACE row 1679 118730216 118735916
NPTRACE row 1680 118742270 118752770
NPTRACE row 1681 118764473 118769027
NPTRACE row 1682 118776851 118777699
NPTRACE row 1683 118784044 118789130
NPTRACE row 1684 118801835 118802725
NPTRACE row 1685 118818064 118819319
NPTRACE row 1686 118834812 118836076
NPTRACE row 1687 118853370 118860808
NPTRACE row 1688 118869627 118877997
NPTRACE row 1689 118886539 118894103
NPTRACE row 1690 118901269 118902716
NPTRACE row 1691 118917600 118919311
NPTRACE row 1692 118934314 118936071
NPTRACE row 1693 118948198 118952265
NPTRACE row 1694 118965231 118968956
NPTRACE row 1695 118984434 118986069
NPTRACE row 1696 119000997 119002749
NPTRACE row 1697 119017874 119019330
NPTRACE row 1698 119034477 119036090
NPTRACE row 1699 119052965 119060640
NPTRACE row 1700 119068313 119069392
NPTRACE row 1701 119084284 119085925
NPTRACE row 1702 119101202 119102723
NPTRACE row 1703 119115322 119119129
NPTRACE row 1704 119132484 119135738
NPTRACE row 1705 119151551 119152624
NPTRACE row 1706 119167941 119169377
NPTRACE row 1707 119184465 119185928
NPTRACE row 1708 119201544 119202685
NPTRACE row 1709 119215151 119219058
NPTRACE row 1710 119231804 119235625
NPTRACE row 1711 119250827 119252717
NPTRACE row 1712 119267391 119269326
NPTRACE row 1713 119284009 119285886
NPTRACE row 1714 119300932 119302666
NPTRACE row 1715 119317631 119319338
NPTRACE row 1716 119334212 119335935
NPTRACE row 1717 119351423 119352955
NPTRACE row 1718 119367346 119369307
NPTRACE row 1719 119381947 119385675
NPTRACE row 1720 119397692 119402260
NPTRACE row 1721 119426147 119427556
NPTRACE row 1722 119434858 119436501
NPTRACE row 1723 119460282 119461171
NPTRACE row 1724 119468491 119470723
NPTRACE row 1725 119480671 119485603
NPTRACE row 1726 119497597 119502271
NPTRACE row 1727 119531031 119535996
NPTRACE row 1728 119539914 119544048
NPTRACE row 1729 119547560 119552255
NPTRACE row 1730 119564429 119568936
NPTRACE row 1731 119584327 119586041
NPTRACE row 1732 119600396 119602542
NPTRACE row 1733 119614370 119619035
NPTRACE row 1734 119631008 119635608
NPTRACE row 1735 119658568 119660850
NPTRACE row 1736 119667938 119669628
NPTRACE row 1737 119684535 119686135
NPTRACE row 1738 119700305 119702597
NPTRACE row 1739 119713944 119719029
NPTRACE row 1740 119730535 119735609
NPTRACE row 1741 119751381 119752825
NPTRACE row 1742 119766867 119769169
NPTRACE row 1743 119780693 119785813
NPTRACE row 1744 119797874 119802341
NPTRACE row 1745 119821404 119827687
NPTRACE row 1746 119834103 119835915
NPTRACE row 1747 119851608 119853054
NPTRACE row 1748 119867259 119869278
NPTRACE row 1749 119881031 119885698
NPTRACE row 1750 119897985 119902369
NPTRACE row 1751 119917964 119919597
NPTRACE row 1752 119934339 119936635
NPTRACE row 1753 119951346 119952788
NPTRACE row 1754 119967427 119969252
NPTRACE row 1755 119981238 119985721
NPTRACE row 1756 119998286 120002393
NPTRACE row 1757 120017810 120019506
NPTRACE row 1758 120034055 120035918
NPTRACE row 1759 120053933 120061127
NPTRACE row 1760 120067915 120069252
NPTRACE row 1761 120084972 120086385
NPTRACE row 1762 120100608 120102574
NPTRACE row 1763 120114607 120119162
NPTRACE row 1764 120131092 120135726
NPTRACE row 1765 120149124 120152673
NPTRACE row 1766 120167119 120169252
NPTRACE row 1767 120180884 120185777
NPTRACE row 1768 120197711 120202398
NPTRACE row 1769 120217672 120219460
NPTRACE row 1770 120233612 120235863
NPTRACE row 1771 120261824 120269190
NPTRACE row 1772 120271250 120277394
NPTRACE row 1773 120280616 120285728
NPTRACE row 1774 120297644 120302398
NPTRACE row 1775 120319840 120327552
NPTRACE row 1776 120334634 120335954
NPTRACE row 1777 120364319 120369129
NPTRACE row 1778 120376106 120392510
NPTRACE row 1779 120403521 120410704
NPTRACE row 1780 120410072 120412576
NPTRACE row 1781 120420684 120427380
NPTRACE row 1782 120432188 120435868
NPTRACE row 1783 120451559 120452805
NPTRACE row 1784 120467081 120469229
NPTRACE row 1785 120486549 120494070
NPTRACE row 1786 120500902 120502551
NPTRACE row 1787 120519779 120527563
NPTRACE row 1788 120534405 120535895
NPTRACE row 1789 120547274 120552439
NPTRACE row 1790 120564349 120569137
NPTRACE row 1791 120595662 120602651
NPTRACE row 1792 120604821 120610785
NPTRACE row 1793 120614284 120619213
NPTRACE row 1794 120630919 120635798
NPTRACE row 1795 120664380 120669430
NPTRACE row 1796 120675031 120678148
NPTRACE row 1797 120687459 120694329
NPTRACE row 1798 120700971 120702556
NPTRACE row 1799 120714435 120719276
NPTRACE row 1800 120731486 120735914
NPTRACE row 1801 120750054 120752724
NPTRACE row 1802 120767361 120769250
NPTRACE row 1803 120780649 120785816
NPTRACE row 1804 120797790 120802483
NPTRACE row 1805 120818391 120819588
NPTRACE row 1806 120833921 120835916
NPTRACE row 1807 120862909 120869378
NPTRACE row 1808 120872951 120877570
NPTRACE row 1809 120881082 120885812
NPTRACE row 1810 120897176 120902479
NPTRACE row 1811 120918178 120919555
NPTRACE row 1812 120933433 120935896
NPTRACE row 1813 120946818 120952474
NPTRACE row 1814 120963828 120969139
NPTRACE row 1815 120984910 120986182
NPTRACE row 1816 121000181 121002581
NPTRACE row 1817 121013782 121019239
NPTRACE row 1818 121030387 121035823
NPTRACE row 1819 121049639 121052766
NPTRACE row 1820 121066897 121069257
NPTRACE row 1821 121080123 121085819
NPTRACE row 1822 121097116 121102479
NPTRACE row 1823 121118395 121119643
NPTRACE row 1824 121133716 121136005
NPTRACE row 1825 121153273 121160840
NPTRACE row 1826 121167565 121169292
NPTRACE row 1827 121180397 121185873
NPTRACE row 1828 121197511 121202537
NPTRACE row 1829 121218727 121219624
NPTRACE row 1830 121233772 121235965
NPTRACE row 1831 121262381 121269308
NPTRACE row 1832 121272194 121277530
NPTRACE row 1833 121280649 121285872
NPTRACE row 1834 121297056 121302537
NPTRACE row 1835 121318523 121319849
NPTRACE row 1836 121333465 121335962
NPTRACE row 1837 121346827 121352535
NPTRACE row 1838 121363681 121369212
NPTRACE row 1839 121396019 121402701
NPTRACE row 1840 121412184 121419610
NPTRACE row 1841 121427975 121435951
NPTRACE row 1842 121438331 121444205
NPTRACE row 1843 121447152 121452530
NPTRACE row 1844 121463642 121469206
NPTRACE row 1845 121484472 121486147
NPTRACE row 1846 121500127 121502643
NPTRACE row 1847 121530380 121536055
NPTRACE row 1848 121539808 121544299
NPTRACE row 1849 121548197 121552531
NPTRACE row 1850 121563581 121569200
NPTRACE row 1851 121584366 121586186
NPTRACE row 1852 121600096 121602623
NPTRACE row 1853 121613405 121619275
NPTRACE row 1854 121629964 121635863
NPTRACE row 1855 121651707 121653104
NPTRACE row 1856 121666152 121669263
NPTRACE row 1857 121683000 121686158
NPTRACE row 1858 121699826 121702614
NPTRACE row 1859 121713150 121719280
NPTRACE row 1860 121729934 121735892
NPTRACE row 1861 121750662 121752830
NPTRACE row 1862 121766285 121769307
NPTRACE row 1863 121784801 121786216
NPTRACE row 1864 121799814 121802651
NPTRACE row 1865 121813348 121819316
NPTRACE row 1866 121829880 121835901
NPTRACE row 1867 121851633 121852984
NPTRACE row 1868 121866277 121869308
NPTRACE row 1869 121879621 121885890
NPTRACE row 1870 121896466 121902556
NPTRACE row 1871 121917839 121919721
NPTRACE row 1872 121933321 121936083
NPTRACE row 1873 121946460 121952557
NPTRACE row 1874 121963371 121969233
NPTRACE row 1875 121984238 121986224
NPTRACE row 1876 121999860 122002670
NPTRACE row 1877 122016871 122019633
NPTRACE row 1878 122033449 122036015
NPTRACE row 1879 122046599 122052575
NPTRACE row 1880 122063337 122069246
NPTRACE row 1881 122083857 122086149
NPTRACE row 1882 122099528 122102670
NPTRACE row 1883 122113113 122119337
NPTRACE row 1884 122129664 122135918
NPTRACE row 1885 122150175 122152881
NPTRACE row 1886 122166125 122169328
NPTRACE row 1887 122179688 122185985
NPTRACE row 1888 122196290 122202584
NPTRACE row 1889 122226338 122227929
NPTRACE row 1890 122236771 122244115
NPTRACE row 1891 122246316 122252583
NPTRACE row 1892 122262938 122269260
NPTRACE row 1893 122292526 122294452
NPTRACE row 1894 122302116 122303375
NPTRACE row 1895 122313009 122319356
NPTRACE row 1896 122330111 122336031
NPTRACE row 1897 122355588 122361113
NPTRACE row 1898 122367971 122369517
NPTRACE row 1899 122379376 122385915
NPTRACE row 1900 122396373 122402598
NPTRACE row 1901 122418726 122419769
NPTRACE row 1902 122437050 122445032
NPTRACE row 1903 122451763 122452972
NPTRACE row 1904 122465928 122469353
NPTRACE row 1905 122479436 122485953
NPTRACE row 1906 122496290 122502614
NPTRACE row 1907 122518110 122519766
NPTRACE row 1908 122532597 122536000
NPTRACE row 1909 122550441 122552908
NPTRACE row 1910 122565935 122569365
NPTRACE row 1911 122583718 122586249
NPTRACE row 1912 122599222 122602698
NPTRACE row 1913 122613032 122619355
NPTRACE row 1914 122629393 122635942
NPTRACE row 1915 122648027 122661833
NPTRACE row 1916 122668550 122670779
NPTRACE row 1917 122679402 122685939
NPTRACE row 1918 122696066 122702597
NPTRACE row 1919 122713436 122719530
NPTRACE row 1920 122732396 122736418
NPTRACE row 1921 122748931 122752698
NPTRACE row 1922 122766637 122769521
NPTRACE row 1923 122782293 122786057
NPTRACE row 1924 122796263 122802612
NPTRACE row 1925 122813027 122819388
NPTRACE row 1926 122831467 122836178
NPTRACE row 1927 122848953 122852710
NPTRACE row 1928 122866994 122869567
NPTRACE row 1929 122881835 122886059
NPTRACE row 1930 122900718 122902945
NPTRACE row 1931 122918023 122920241
NPTRACE row 1932 122943215 122944688
NPTRACE row 1933 122951807 122954300
NPTRACE row 1934 122967122 122969598
NPTRACE row 1935 122982451 122986158
NPTRACE row 1936 122996136 123002640
NPTRACE row 1937 123013054 123019419
NPTRACE row 1938 123031303 123036283
NPTRACE row 1939 123049128 123052749
NPTRACE row 1940 123062834 123069311
NPTRACE row 1941 123079454 123085979
NPTRACE row 1942 123099558 123102936
NPTRACE row 1943 123116006 123119475
NPTRACE row 1944 123132528 123142299
NPTRACE row 1945 123150552 123153370
NPTRACE row 1946 123162761 123169281
NPTRACE row 1947 123179306 123185916
NPTRACE row 1948 123208178 123211115
NPTRACE row 1949 123218240 123219929
NPTRACE row 1950 123229464 123235964
NPTRACE row 1951 123246163 123252694
NPTRACE row 1952 123265064 123269701
NPTRACE row 1953 123282513 123286209
NPTRACE row 1954 123310016 123311361
NPTRACE row 1955 123318876 123321121
NPTRACE row 1956 123330050 123336108
NPTRACE row 1957 123346313 123352737
NPTRACE row 1958 123366478 123369800
NPTRACE row 1959 123382587 123386207
NPTRACE row 1960 123409715 123411345
NPTRACE row 1961 123420989 123427797
NPTRACE row 1962 123430305 123436172
NPTRACE row 1963 123447946 123452828
NPTRACE row 1964 123466218 123469827
NPTRACE row 1965 123482706 123486224
NPTRACE row 1966 123496309 123502754
NPTRACE row 1967 123513204 123519451
NPTRACE row 1968 123533156 123536661
NPTRACE row 1969 123549594 123552883
NPTRACE row 1970 123566234 123569825
NPTRACE row 1971 123582929 123586237
NPTRACE row 1972 123596356 123602792
NPTRACE row 1973 123613142 123619545
NPTRACE row 1974 123632217 123636420
NPTRACE row 1975 123649463 123652853
NPTRACE row 1976 123673663 123677988
NPTRACE row 1977 123685360 123686697
NPTRACE row 1978 123696356 123702792
NPTRACE row 1979 123713171 123719491
NPTRACE row 1980 123744962 123752865
NPTRACE row 1981 123751706 123754809
NPTRACE row 1982 123762933 123769454
NPTRACE row 1983 123779940 123786167
NPTRACE row 1984 123808499 123811375
NPTRACE row 1985 123820275 123827597
NPTRACE row 1986 123829932 123836138
NPTRACE row 1987 123845570 123852739
NPTRACE row 1988 123865304 123869839
NPTRACE row 1989 123882881 123886240
NPTRACE row 1990 123899984 123903096
NPTRACE row 1991 123915813 123919646
NPTRACE row 1992 123934442 123936608
NPTRACE row 1993 123949064 123952907
NPTRACE row 1994 123964007 123969574
NPTRACE row 1995 123983406 123986265
NPTRACE row 1996 123995710 124002824
NPTRACE row 1997 124012522 124019517
NPTRACE row 1998 124028972 124036164
NPTRACE row 1999 124048686 124053264
NPTRACE row 2000 124066029 124069582
NPTRACE row 2001 124083198 124086530
NPTRACE row 2002 124099505 124102947
NPTRACE row 2003 124112420 124119504
NPTRACE row 2004 124128917 124136102
NPTRACE row 2005 124148743 124153144
NPTRACE row 2006 124166080 124169607
NPTRACE row 2007 124192187 124194728
NPTRACE row 2008 124203872 124211174
NPTRACE row 2009 124213631 124219462
NPTRACE row 2010 124228926 124236114
NPTRACE row 2011 124249186 124253198
NPTRACE row 2012 124266157 124269590
NPTRACE row 2013 124289389 124294730
NPTRACE row 2014 124301997 124303146
NPTRACE row 2015 124313191 124319517
NPTRACE row 2016 124329201 124336224
NPTRACE row 2017 124349395 124353220
NPTRACE row 2018 124366699 124369599
NPTRACE row 2019 124383029 124386490
NPTRACE row 2020 124399878 124402967
NPTRACE row 2021 124414783 124419955
NPTRACE row 2022 124433212 124436331
NPTRACE row 2023 124450431 124453133
NPTRACE row 2024 124472430 124478631
NPTRACE row 2025 124488302 124494804
NPTRACE row 2026 124501513 124502936
NPTRACE row 2027 124512409 124519482
NPTRACE row 2028 124528703 124536106
NPTRACE row 2029 124548332 124553168
NPTRACE row 2030 124566301 124569625
NPTRACE row 2031 124582652 124586604
NPTRACE row 2032 124599312 124602982
NPTRACE row 2033 124614991 124620015
NPTRACE row 2034 124632844 124636309
NPTRACE row 2035 124648898 124653336
NPTRACE row 2036 124665988 124669644
NPTRACE row 2037 124682568 124686513
NPTRACE row 2038 124699042 124702969
NPTRACE row 2039 124714780 124719993
NPTRACE row 2040 124733274 124736423
NPTRACE row 2041 124758807 124761509
NPTRACE row 2042 124770862 124777891
NPTRACE row 2043 124780071 124786091
NPTRACE row 2044 124795426 124802829
NPTRACE row 2045 124815949 124820025
NPTRACE row 2046 124832566 124836308
NPTRACE row 2047 124845690 124852844
NPTRACE row 2048 124862043 124869442
NPTRACE row 2049 124881853 124886562
NPTRACE row 2050 124899373 124903014
NPTRACE row 2051 124912355 124919543
NPTRACE row 2052 124928711 124936127
NPTRACE row 2053 124948343 124953192
NPTRACE row 2054 124965600 124969664
NPTRACE row 2055 124987130 124994899
NPTRACE row 2056 125000894 125003033
NPTRACE row 2057 125012294 125019552
NPTRACE row 2058 125028685 125036135
NPTRACE row 2059 125048043 125053307
NPTRACE row 2060 125065720 125069700
NPTRACE row 2061 125084842 125086558
NPTRACE row 2062 125099683 125103050
NPTRACE row 2063 125115100 125120124
NPTRACE row 2064 125133276 125136477
NPTRACE row 2065 125149762 125153224
NPTRACE row 2066 125167413 125170404
NPTRACE row 2067 125177414 125178398
NPTRACE row 2068 125195186 125202722
NPTRACE row 2069 125213098 125220875
NPTRACE row 2070 125232481 125236332
NPTRACE row 2071 125243648 125245039
NPTRACE row 2072 125260735 125261697
NPTRACE row 2073 125280146 125286533
NPTRACE row 2074 125298492 125303064
NPTRACE row 2075 125311846 125319335
NPTRACE row 2076 125327047 125328330
NPTRACE row 2077 125346398 125353046
NPTRACE row 2078 125364713 125369598
NPTRACE row 2079 125380025 125396055
NPTRACE row 2080 125402373 125403311
NPTRACE row 2081 125410426 125412729
NPTRACE row 2082 125427110 125428359
NPTRACE row 2083 125443279 125451867
NPTRACE row 2084 125465239 125469642
NPTRACE row 2085 125479572 125486214
NPTRACE row 2086 125493840 125494976
NPTRACE row 2087 125512557 125519672
NPTRACE row 2088 125532255 125536421
NPTRACE row 2089 125546435 125553192
NPTRACE row 2090 125565433 125569752
NPTRACE row 2091 125581246 125586551
NPTRACE row 2092 125598337 125603017
NPTRACE row 2093 125621878 125628270
NPTRACE row 2094 125635267 125636342
NPTRACE row 2095 125650449 125653380
NPTRACE row 2096 125664936 125669666
NPTRACE row 2097 125680838 125686340
NPTRACE row 2098 125698196 125703076
NPTRACE row 2099 125712949 125719793
NPTRACE row 2100 125730929 125736335
NPTRACE row 2101 125747469 125753263
NPTRACE row 2102 125764529 125769672
NPTRACE row 2103 125793861 125794737
NPTRACE row 2104 125801131 125804464
NPTRACE row 2105 125815671 125819959
NPTRACE row 2106 125830930 125836393
NPTRACE row 2107 125846873 125853188
NPTRACE row 2108 125864162 125869654
NPTRACE row 2109 125880264 125886525
NPTRACE row 2110 125897639 125902992
NPTRACE row 2111 125913064 125919965
NPTRACE row 2112 125931874 125936435
NPTRACE row 2113 125946061 125953075
NPTRACE row 2114 125964396 125969750
NPTRACE row 2115 125976395 125978983
NPTRACE row 2116 125997462 126003025
NPTRACE row 2117 126011931 126025612
NPTRACE row 2118 126034104 126036566
NPTRACE row 2119 126046196 126053027
NPTRACE row 2120 126064258 126069670
NPTRACE row 2121 126079607 126086574
NPTRACE row 2122 126097932 126103119
NPTRACE row 2123 126112808 126119806
NPTRACE row 2124 126130930 126136367
NPTRACE row 2125 126143919 126145598
NPTRACE row 2126 126163852 126169654
NPTRACE row 2127 126175599 126178183
NPTRACE row 2128 126192458 126194788
NPTRACE row 2129 126209990 126212535
NPTRACE row 2130 126230434 126236405
NPTRACE row 2131 126243700 126245523
NPTRACE row 2132 126263251 126269677
NPTRACE row 2133 126275308 126278120
NPTRACE row 2134 126292367 126294761
NPTRACE row 2135 126309987 126312450
NPTRACE row 2136 126330902 126336467
NPTRACE row 2137 126343964 126345523
NPTRACE row 2138 126363908 126369800
NPTRACE row 2139 126376227 126378863
NPTRACE row 2140 126396935 126403044
NPTRACE row 2141 126409212 126411516
NPTRACE row 2142 126425964 126428107
NPTRACE row 2143 126442483 126445673
NPTRACE row 2144 126463233 126469691
NPTRACE row 2145 126479205 126486618
NPTRACE row 2146 126497397 126503119
NPTRACE row 2147 126516904 126519996
NPTRACE row 2148 126531183 126536319
NPTRACE row 2149 126543097 126544811
NPTRACE row 2150 126562827 126569672
NPTRACE row 2151 126575616 126578160
NPTRACE row 2152 126596190 126603011
NPTRACE row 2153 126608533 126611461
NPTRACE row 2154 126625228 126628061
NPTRACE row 2155 126643159 126645523
NPTRACE row 2156 126662604 126669685
NPTRACE row 2157 126675438 126678856
NPTRACE row 2158 126696173 126703018
NPTRACE row 2159 126710387 126712330
NPTRACE row 2160 126730332 126736439
NPTRACE row 2161 126743107 126745361
NPTRACE row 2162 126763098 126769768
NPTRACE row 2163 126777516 126778690
NPTRACE row 2164 126796541 126803063
NPTRACE row 2165 126810195 126812215
NPTRACE row 2166 126829760 126836389
NPTRACE row 2167 126841842 126844662
NPTRACE row 2168 126858514 126861323
NPTRACE row 2169 126876928 126878739
NPTRACE row 2170 126896659 126903127
NPTRACE row 2171 126909967 126912190
NPTRACE row 2172 126929272 126936355
NPTRACE row 2173 126942957 126945348
NPTRACE row 2174 126962465 126969693
NPTRACE row 2175 126975787 126986882
NPTRACE row 2176 127000092 127003120
NPTRACE row 2177 127012184 127020696
NPTRACE row 2178 127029136 127036517
NPTRACE row 2179 127041808 127044712
NPTRACE row 2180 127058864 127061334
NPTRACE row 2181 127076645 127078824
NPTRACE row 2182 127095964 127103119
NPTRACE row 2183 127109808 127111549
NPTRACE row 2184 127130187 127136563
NPTRACE row 2185 127141970 127144682
NPTRACE row 2186 127159257 127161419
NPTRACE row 2187 127177005 127178697
NPTRACE row 2188 127197962 127203073
NPTRACE row 2189 127209629 127212268
NPTRACE row 2190 127229390 127236443
NPTRACE row 2191 127243154 127253270
NPTRACE row 2192 127265934 127269781
NPTRACE row 2193 127274674 127278089
NPTRACE row 2194 127291882 127294732
NPTRACE row 2195 127309627 127320176
NPTRACE row 2196 127332707 127336413
NPTRACE row 2197 127341293 127344705
NPTRACE row 2198 127358454 127361347
NPTRACE row 2199 127375016 127378123
NPTRACE row 2200 127396107 127403080
NPTRACE row 2201 127409800 127417641
NPTRACE row 2202 127431962 127436540
NPTRACE row 2203 127443471 127453461
NPTRACE row 2204 127466347 127469955
NPTRACE row 2205 127477075 127478654
NPTRACE row 2206 127495946 127503375
NPTRACE row 2207 127509624 127512298
NPTRACE row 2208 127531633 127536622
NPTRACE row 2209 127543611 127546006
NPTRACE row 2210 127562891 127569888
NPTRACE row 2211 127587163 127594941
NPTRACE row 2212 127600622 127603142
NPTRACE row 2213 127613387 127620044
NPTRACE row 2214 127629586 127636505
NPTRACE row 2215 127643671 127645367
NPTRACE row 2216 127662371 127669678
NPTRACE row 2217 127674993 127678703
NPTRACE row 2218 127696010 127703206
NPTRACE row 2219 127709529 127711931
NPTRACE row 2220 127728836 127736440
NPTRACE row 2221 127741388 127744755
NPTRACE row 2222 127758493 127761417
NPTRACE row 2223 127776448 127786898
NPTRACE row 2224 127800051 127803179
NPTRACE row 2225 127809961 127812588
NPTRACE row 2226 127829092 127836537
NPTRACE row 2227 127843372 127853514
NPTRACE row 2228 127867345 127869948
NPTRACE row 2229 127875506 127878451
NPTRACE row 2230 127891679 127894764
NPTRACE row 2231 127908283 127912463
NPTRACE row 2232 127929460 127936548
NPTRACE row 2233 127942762 127944895
NPTRACE row 2234 127962532 127969959
NPTRACE row 2235 127974728 127978109
NPTRACE row 2236 127991882 127994783
NPTRACE row 2237 128008483 128024777
NPTRACE row 2238 128034794 128036944
NPTRACE row 2239 128043983 128045561
NPTRACE row 2240 128058311 128061459
NPTRACE row 2241 128074794 128078447
NPTRACE row 2242 128096074 128103247
NPTRACE row 2243 128108094 128111533
NPTRACE row 2244 128124676 128128120
NPTRACE row 2245 128141229 128145113
NPTRACE row 2246 128162219 128169802
NPTRACE row 2247 128176201 128178889
NPTRACE row 2248 128195474 128203122
NPTRACE row 2249 128208229 128211581
NPTRACE row 2250 128224965 128228217
NPTRACE row 2251 128241922 128245670
NPTRACE row 2252 128263029 128270014
NPTRACE row 2253 128274407 128278159
NPTRACE row 2254 128291555 128294830
NPTRACE row 2255 128308301 128311771
NPTRACE row 2256 128333831 128336714
NPTRACE row 2257 128347820 128353588
NPTRACE row 2258 128363169 128370046
NPTRACE row 2259 128376067 128378531
NPTRACE row 2260 128399420 128403307
NPTRACE row 2261 128413385 128420428
NPTRACE row 2262 128429621 128436639
NPTRACE row 2263 128443457 128445559
NPTRACE row 2264 128461868 128470130
NPTRACE row 2265 128474567 128478196
NPTRACE row 2266 128491629 128494921
NPTRACE row 2267 128509220 128512604
NPTRACE row 2268 128528778 128536544
NPTRACE row 2269 128542168 128545426
NPTRACE row 2270 128561834 128569961
NPTRACE row 2271 128575557 128587014
NPTRACE row 2272 128600584 128603259
NPTRACE row 2273 128609201 128611994
NPTRACE row 2274 128624387 128628214
NPTRACE row 2275 128641593 128645275
NPTRACE row 2276 128661821 128669715
NPTRACE row 2277 128675445 128678891
NPTRACE row 2278 128695226 128703074
NPTRACE row 2279 128707982 128712309
NPTRACE row 2280 128729136 128736516
NPTRACE row 2281 128742491 128745538
NPTRACE row 2282 128762444 128769931
NPTRACE row 2283 128774123 128778130
NPTRACE row 2284 128790886 128794783
NPTRACE row 2285 128807463 128812369
NPTRACE row 2286 128827430 128828288
NPTRACE row 2287 128842049 128853557
NPTRACE row 2288 128866611 128869862
NPTRACE row 2289 128874828 128878344
NPTRACE row 2290 128890549 128894838
NPTRACE row 2291 128908710 128912498
NPTRACE row 2292 128928412 128936337
NPTRACE row 2293 128941520 128945421
NPTRACE row 2294 128960060 128961607
NPTRACE row 2295 128973099 128978097
NPTRACE row 2296 128990098 128994758
NPTRACE row 2297 129007079 129011606
NPTRACE row 2298 129026859 129028465
NPTRACE row 2299 129039979 129044794
NPTRACE row 2300 129057139 129061449
NPTRACE row 2301 129074771 129078909
NPTRACE row 2302 129093518 129094959
NPTRACE row 2303 129110355 129111848
NPTRACE row 2304 129124908 129128393
NPTRACE row 2305 129141520 129149077
NPTRACE row 2306 129164032 129170059
NPTRACE row 2307 129175169 129186901
NPTRACE row 2308 129200624 129203276
NPTRACE row 2309 129210852 129212953
NPTRACE row 2310 129226927 129228394
NPTRACE row 2311 129241666 129245549
NPTRACE row 2312 129260104 129261791
NPTRACE row 2313 129275464 129278273
NPTRACE row 2314 129293637 129295260
NPTRACE row 2315 129309073 129320371
NPTRACE row 2316 129333113 129336599
NPTRACE row 2317 129343946 129345102
NPTRACE row 2318 129365964 129369942
NPTRACE row 2319 129377340 129378414
NPTRACE row 2320 129393159 129395145
NPTRACE row 2321 129409141 129412486
NPTRACE row 2322 129426767 129428703
NPTRACE row 2323 129441354 129445570
NPTRACE row 2324 129459891 129461795
NPTRACE row 2325 129475102 129478914
NPTRACE row 2326 129493757 129495273
NPTRACE row 2327 129507807 129512405
NPTRACE row 2328 129527435 129528575
NPTRACE row 2329 129541567 129545615
NPTRACE row 2330 129564333 129570129
NPTRACE row 2331 129577327 129578488
NPTRACE row 2332 129599786 129603321
NPTRACE row 2333 129610627 129611939
NPTRACE row 2334 129632082 129636512
NPTRACE row 2335 129642422 129646828
NPTRACE row 2336 129660776 129661773
NPTRACE row 2337 129675008 129678946
NPTRACE row 2338 129693051 129695182
NPTRACE row 2339 129708825 129711686
NPTRACE row 2340 129726087 129728369
NPTRACE row 2341 129741087 129745530
NPTRACE row 2342 129759825 129761688
NPTRACE row 2343 129774907 129778225
NPTRACE row 2344 129797093 129803184
NPTRACE row 2345 129807686 129812445
NPTRACE row 2346 129825898 129828468
NPTRACE row 2347 129840336 129845549
NPTRACE row 2348 129859308 129861667
NPTRACE row 2349 129872242 129886798
NPTRACE row 2350 129899777 129903235
NPTRACE row 2351 129909783 129912657
NPTRACE row 2352 129926712 129928543
NPTRACE row 2353 129941184 129945549
NPTRACE row 2354 129959704 129961960
NPTRACE row 2355 129974369 129978886
NPTRACE row 2356 129993426 129995135
NPTRACE row 2357 130008996 130011760
NPTRACE row 2358 130026554 130028390
NPTRACE row 2359 130040868 130045565
NPTRACE row 2360 130059551 130061749
NPTRACE row 2361 130074479 130078911
NPTRACE row 2362 130092968 130095186
NPTRACE row 2363 130108603 130112490
NPTRACE row 2364 130126094 130128442
NPTRACE row 2365 130140929 130146783
NPTRACE row 2366 130160757 130161692
NPTRACE row 2367 130172848 130178376
NPTRACE row 2368 130189557 130194880
NPTRACE row 2369 130207634 130212558
NPTRACE row 2370 130226057 130228561
NPTRACE row 2371 130240417 130245702
NPTRACE row 2372 130259513 130261716
NPTRACE row 2373 130274683 130279095
NPTRACE row 2374 130292785 130295123
NPTRACE row 2375 130309848 130313434
NPTRACE row 2376 130331505 130337656
NPTRACE row 2377 130342731 130344988
NPTRACE row 2378 130359354 130361820
NPTRACE row 2379 130372349 130378963
NPTRACE row 2380 130392676 130395116
NPTRACE row 2381 130407828 130412575
NPTRACE row 2382 130425735 130428457
NPTRACE row 2383 130439867 130445759
NPTRACE row 2384 130459480 130461806
NPTRACE row 2385 130474395 130478925
NPTRACE row 2386 130492406 130495184
NPTRACE row 2387 130506410 130511967
NPTRACE row 2388 130526075 130528442
NPTRACE row 2389 130539351 130545213
NPTRACE row 2390 130558850 130561833
NPTRACE row 2391 130574607 130578923
NPTRACE row 2392 130595537 130603336
NPTRACE row 2393 130607907 130611757
NPTRACE row 2394 130625529 130628489
NPTRACE row 2395 130639367 130645008
NPTRACE row 2396 130657648 130661780
NPTRACE row 2397 130672248 130678905
NPTRACE row 2398 130692408 130695170
NPTRACE row 2399 130706809 130707522
NPTRACE end 3d86167b0d9b23cd
NPTRACE begin 3b99148e810e715b 2400 2400 2 0
NPTRACE row 0 298307678 298309725
NPTRACE row 1 298321886 298324963
NPTRACE row 2 298338879 298341835
NPTRACE row 3 298354213 298358070
NPTRACE row 4 298377424 298383097
NPTRACE row 5 298382588 298385620
NPTRACE row 6 298403871 298408531
NPTRACE row 7 298420651 298424759
NPTRACE row 8 298437892 298441819
NPTRACE row 9 298461689 298466641
NPTRACE row 10 298472770 298475340
NPTRACE row 11 298488060 298491702
NPTRACE row 12 298518171 298524675
NPTRACE row 13 298523549 298526787
NPTRACE row 14 298538615 298541714
NPTRACE row 15 298555470 298558426
NPTRACE row 16 298571295 298574768
NPTRACE row 17 298588555 298591663
NPTRACE row 18 298605629 298608408
NPTRACE row 19 298621056 298624750
NPTRACE row 20 298639071 298641736
NPTRACE row 21 298654649 298658073
NPTRACE row 22 298671960 298674976
NPTRACE row 23 298688783 298691658
NPTRACE row 24 298706219 298708421
NPTRACE row 25 298721462 298724776
NPTRACE row 26 298739093 298741677
NPTRACE row 27 298754681 298758097
NPTRACE row 28 298782176 298783112
NPTRACE row 29 298791093 298792336
NPTRACE row 30 298799254 298801728
NPTRACE row 31 298815944 298818437
NPTRACE row 32 298850786 298858063
NPTRACE row 33 298860847 298866389
NPTRACE row 34 298869141 298874706
NPTRACE row 35 298882928 298885230
NPTRACE row 36 298899615 298901877
NPTRACE row 37 298922119 298924922
NPTRACE row 38 298938058 298941430
NPTRACE row 39 298956080 298958313
NPTRACE row 40 298971206 298974783
NPTRACE row 41 298989337 298991842
NPTRACE row 42 299004308 299008126
NPTRACE row 43 299029715 299033354
NPTRACE row 44 299039728 299041672
NPTRACE row 45 299054124 299058079
NPTRACE row 46 299071573 299074792
NPTRACE row 47 299089198 299091836
NPTRACE row 48 299104520 299108393
NPTRACE row 49 299120331 299138059
NPTRACE row 50 299145981 299150185
NPTRACE row 51 299157328 299158839
NPTRACE row 52 299171023 299175011
NPTRACE row 53 299188660 299191784
NPTRACE row 54 299204387 299208394
NPTRACE row 55 299236120 299241532
NPTRACE row 56 299244030 299249910
NPTRACE row 57 299256536 299258712
NPTRACE row 58 299271250 299275033
NPTRACE row 59 299289250 299291895
NPTRACE row 60 299304220 299308306
NPTRACE row 61 299328926 299333279
NPTRACE row 62 299339645 299341635
NPTRACE row 63 299355301 299358431
NPTRACE row 64 299371908 299375314
NPTRACE row 65 299405402 299408346
NPTRACE row 66 299412665 299416880
NPTRACE row 67 299426328 299433213
NPTRACE row 68 299437770 299441741
NPTRACE row 69 299462560 299467575
NPTRACE row 70 299473319 299474861
NPTRACE row 71 299485541 299491421
NPTRACE row 72 299499384 299501884
NPTRACE row 73 299516226 299518571
NPTRACE row 74 299537396 299541550
NPTRACE row 75 299554604 299558377
NPTRACE row 76 299578525 299583298
NPTRACE row 77 299589987 299591684
NPTRACE row 78 299605291 299608463
NPTRACE row 79 299621258 299625051
NPTRACE row 80 299647870 299649970
NPTRACE row 81 299657462 299658785
NPTRACE row 82 299670373 299674939
NPTRACE row 83 299688002 299691975
NPTRACE row 84 299703271 299709047
NPTRACE row 85 299720428 299725367
NPTRACE row 86 299732739 299735222
NPTRACE row 87 299749480 299751929
NPTRACE row 88 299771711 299774961
NPTRACE row 89 299788597 299791900
NPTRACE row 90 299820046 299824890
NPTRACE row 91 299827318 299833341
NPTRACE row 92 299840070 299841990
NPTRACE row 93 299854522 299858469
NPTRACE row 94 299883751 299891467
NPTRACE row 95 299894060 299907202
NPTRACE row 96 299913985 299916865
NPTRACE row 97 299923382 299925333
NPTRACE row 98 299932887 299936310
NPTRACE row 99 299955142 299958628
NPTRACE row 100 299984332 299991564
NPTRACE row 101 299991267 299993861
NPTRACE row 102 300004683 300008282
NPTRACE row 103 300020672 300025146
NPTRACE row 104 300036924 300054427
NPTRACE row 105 300062263 300066759
NPTRACE row 106 300076225 300083324
NPTRACE row 107 300088488 300091983
NPTRACE row 108 300104048 300108261
NPTRACE row 109 300119687 300124902
NPTRACE row 110 300137070 300141596
NPTRACE row 111 300153991 300158196
NPTRACE row 112 300169885 300175056
NPTRACE row 113 300187934 300191975
NPTRACE row 114 300204106 300208252
NPTRACE row 115 300219516 300224870
NPTRACE row 116 300232515 300235251
NPTRACE row 117 300249157 300251960
NPTRACE row 118 300271873 300274954
NPTRACE row 119 300287966 300291915
NPTRACE row 120 300320856 300325016
NPTRACE row 121 300328506 300333332
NPTRACE row 122 300348160 300350460
NPTRACE row 123 300358990 300366741
NPTRACE row 124 300371048 300374990
NPTRACE row 125 300388424 300392040
NPTRACE row 126 300403734 300408332
NPTRACE row 127 300421998 300425536
NPTRACE row 128 300437914 300454946
NPTRACE row 129 300463010 300466978
NPTRACE row 130 300477413 300483446
NPTRACE row 131 300489927 300491960
NPTRACE row 132 300504183 300508286
NPTRACE row 133 300521271 300525195
NPTRACE row 134 300538103 300549585
NPTRACE row 135 300560712 300566758
NPTRACE row 136 300573295 300575151
NPTRACE row 137 300587638 300592019
NPTRACE row 138 300604013 300608290
NPTRACE row 139 300619853 300625197
NPTRACE row 140 300637179 300641627
NPTRACE row 141 300654787 300658807
NPTRACE row 142 300677660 300689053
NPTRACE row 143 300692423 300700110
NPTRACE row 144 300718142 300724961
NPTRACE row 145 300724606 300727141
NPTRACE row 146 300739938 300741838
NPTRACE row 147 300753692 300758538
NPTRACE row 148 300772021 300775226
NPTRACE row 149 300787306 300791955
NPTRACE row 150 300804894 300816707
NPTRACE row 151 300823989 300827010
NPTRACE row 152 300832461 300835375
NPTRACE row 153 300848597 300852002
NPTRACE row 154 300866266 300869835
NPTRACE row 155 300888061 300891976
NPTRACE row 156 300912012 300916719
NPTRACE row 157 300923183 300925051
NPTRACE row 158 300936863 300941713
NPTRACE row 159 300953723 300958572
NPTRACE row 160 300970301 300975037
NPTRACE row 161 300987714 300992205
NPTRACE row 162 301012225 301016737
NPTRACE row 163 301023465 301025100
NPTRACE row 164 301036954 301041653
NPTRACE row 165 301053282 301058270
NPTRACE row 166 301070662 301075068
NPTRACE row 167 301087117 301091825
NPTRACE row 168 301105620 301108612
NPTRACE row 169 301120119 301125187
NPTRACE row 170 301138192 301141823
NPTRACE row 171 301153680 301158294
NPTRACE row 172 301170738 301175089
NPTRACE row 173 301187025 301192011
NPTRACE row 174 301204812 301208425
NPTRACE row 175 301215555 301219777
NPTRACE row 176 301237543 301241767
NPTRACE row 177 301253140 301258397
NPTRACE row 178 301270206 301274949
NPTRACE row 179 301282183 301286529
NPTRACE row 180 301304031 301308469
NPTRACE row 181 301315300 301319507
NPTRACE row 182 301337310 301341723
NPTRACE row 183 301348591 301352620
NPTRACE row 184 301370402 301375140
NPTRACE row 185 301382253 301386489
NPTRACE row 186 301399295 301402521
NPTRACE row 187 301424034 301427064
NPTRACE row 188 301431787 301435406
NPTRACE row 189 301447136 301452055
NPTRACE row 190 301463917 301468851
NPTRACE row 191 301482452 301486896
NPTRACE row 192 301503264 301508576
NPTRACE row 193 301515927 301519910
NPTRACE row 194 301531968 301536721
NPTRACE row 195 301548810 301553177
NPTRACE row 196 301565197 301569686
NPTRACE row 197 301587515 301591970
NPTRACE row 198 301598587 301603393
NPTRACE row 199 301615726 301619848
NPTRACE row 200 301631569 301636386
NPTRACE row 201 301647505 301652494
NPTRACE row 202 301665086 301670567
NPTRACE row 203 301687522 301691884
NPTRACE row 204 301698470 301703085
NPTRACE row 205 301715657 301719822
NPTRACE row 206 301731712 301736502
NPTRACE row 207 301748729 301753177
NPTRACE row 208 301765076 301769653
NPTRACE row 209 301795278 301800176
NPTRACE row 210 301805660 301808400
NPTRACE row 211 301814038 301817517
NPTRACE row 212 301830854 301834181
NPTRACE row 213 301849876 301851336
NPTRACE row 214 301870321 301875209
NPTRACE row 215 301887182 301891845
NPTRACE row 216 301903539 301908605
NPTRACE row 217 301920486 301925126
NPTRACE row 218 301936241 301942618
NPTRACE row 219 301969094 301975071
NPTRACE row 220 301978358 301983378
NPTRACE row 221 301986057 301991765
NPTRACE row 222 301997826 302000872
NPTRACE row 223 302014067 302017679
NPTRACE row 224 302040400 302043789
NPTRACE row 225 302054448 302058656
NPTRACE row 226 302070158 302075096
NPTRACE row 227 302087321 302091912
NPTRACE row 228 302102911 302108520
NPTRACE row 229 302113411 302119161
NPTRACE row 230 302133047 302137381
NPTRACE row 231 302147735 302152087
NPTRACE row 232 302169875 302175138
NPTRACE row 233 302187107 302200449
NPTRACE row 234 302207139 302210412
NPTRACE row 235 302237383 302241996
NPTRACE row 236 302245014 302250244
NPTRACE row 237 302257363 302259005
NPTRACE row 238 302269837 302275206
NPTRACE row 239 302302896 302308524
NPTRACE row 240 302310886 302324109
NPTRACE row 241 302331093 302333622
NPTRACE row 242 302340991 302342282
NPTRACE row 243 302352882 302358752
NPTRACE row 244 302370524 302375212
NPTRACE row 245 302387388 302391972
NPTRACE row 246 302403117 302408478
NPTRACE row 247 302418492 302425399
NPTRACE row 248 302436237 302441831
NPTRACE row 249 302449701 302451386
NPTRACE row 250 302473802 302477142
NPTRACE row 251 302486545 302491970
NPTRACE row 252 302503229 302508504
NPTRACE row 253 302518450 302525368
NPTRACE row 254 302535314 302541829
NPTRACE row 255 302549860 302551566
NPTRACE row 256 302564462 302568977
NPTRACE row 257 302586650 302592154
NPTRACE row 258 302602121 302608473
NPTRACE row 259 302616156 302617990
NPTRACE row 260 302638370 302641761
NPTRACE row 261 302649659 302651132
NPTRACE row 262 302664399 302667448
NPTRACE row 263 302681337 302684382
NPTRACE row 264 302699464 302701369
NPTRACE row 265 302719457 302725147
NPTRACE row 266 302735577 302741807
NPTRACE row 267 302756836 302759070
NPTRACE row 268 302768154 302775400
NPTRACE row 269 302785852 302791972
NPTRACE row 270 302810318 302816887
NPTRACE row 271 302821066 302825094
NPTRACE row 272 302832433 302834094
NPTRACE row 273 302852531 302858539
NPTRACE row 274 302877742 302883538
NPTRACE row 275 302888520 302891895
NPTRACE row 276 302897360 302900658
NPTRACE row 277 302913688 302917323
NPTRACE row 278 302932129 302943014
NPTRACE row 279 302948649 302952544
NPTRACE row 280 302964356 302967490
NPTRACE row 281 302980251 302984115
NPTRACE row 282 302997007 303000623
NPTRACE row 283 303014794 303026737
NPTRACE row 284 303037368 303041794
NPTRACE row 285 303049430 303050686
NPTRACE row 286 303067912 303075097
NPTRACE row 287 303085411 303092080
NPTRACE row 288 303103447 303108654
NPTRACE row 289 303118966 303125177
NPTRACE row 290 303135551 303141854
NPTRACE row 291 303151857 303161438
NPTRACE row 292 303172994 303175325
NPTRACE row 293 303183034 303201095
NPTRACE row 294 303207927 303210503
NPTRACE row 295 303221550 303225645
NPTRACE row 296 303235711 303241863
NPTRACE row 297 303249230 303251297
NPTRACE row 298 303274842 303275600
NPTRACE row 299 303283217 303286873
NPTRACE row 300 303301619 303308527
NPTRACE row 301 303335182 303341810
NPTRACE row 302 303340458 303343971
NPTRACE row 303 303353642 303358733
NPTRACE row 304 303369161 303375195
NPTRACE row 305 303385606 303392055
NPTRACE row 306 303401732 303408531
NPTRACE row 307 303415905 303417891
NPTRACE row 308 303432935 303434348
NPTRACE row 309 303448413 303451132
NPTRACE row 310 303465873 303467563
NPTRACE row 311 303493306 303500289
NPTRACE row 312 303504533 303508615
NPTRACE row 313 303516193 303534791
NPTRACE row 314 303540453 303543876
NPTRACE row 315 303553710 303558632
NPTRACE row 316 303568775 303575210
NPTRACE row 317 303585369 303592124
NPTRACE row 318 303602351 303608581
NPTRACE row 319 303619171 303625428
NPTRACE row 320 303634902 303641888
NPTRACE row 321 303648252 303651063
NPTRACE row 322 303673480 303677243
NPTRACE row 323 303685872 303692123
NPTRACE row 324 303701908 303708551
NPTRACE row 325 303717804 303725117
NPTRACE row 326 303735017 303741885
NPTRACE row 327 303748776 303760113
NPTRACE row 328 303770780 303775175
NPTRACE row 329 303781565 303784305
NPTRACE row 330 303801484 303808558
NPTRACE row 331 303816601 303817791
NPTRACE row 332 303841222 303842181
NPTRACE row 333 303852363 303858893
NPTRACE row 334 303867593 303875131
NPTRACE row 335 303884659 303892012
NPTRACE row 336 303902564 303908670
NPTRACE row 337 303917992 303925140
NPTRACE row 338 303935013 303941912
NPTRACE row 339 303948897 303950797
NPTRACE row 340 303973486 303975202
NPTRACE row 341 303984844 303992349
NPTRACE row 342 304001163 304008573
NPTRACE row 343 304016711 304034930
NPTRACE row 344 304040505 304043915
NPTRACE row 345 304053781 304058756
NPTRACE row 346 304068056 304075246
NPTRACE row 347 304084967 304092094
NPTRACE row 348 304101681 304108583
NPTRACE row 349 304116694 304117792
NPTRACE row 350 304134229 304141826
NPTRACE row 351 304148490 304151025
NPTRACE row 352 304166968 304167775
NPTRACE row 353 304184663 304192018
NPTRACE row 354 304201461 304208495
NPTRACE row 355 304216316 304217668
NPTRACE row 356 304232372 304234263
NPTRACE row 357 304248426 304251002
NPTRACE row 358 304265516 304267160
NPTRACE row 359 304284271 304291818
NPTRACE row 360 304299166 304300718
NPTRACE row 361 304318757 304325319
NPTRACE row 362 304334446 304341935
NPTRACE row 363 304349725 304350974
NPTRACE row 364 304367921 304375271
NPTRACE row 365 304382638 304384515
NPTRACE row 366 304401079 304408511
NPTRACE row 367 304417537 304425221
NPTRACE row 368 304432195 304434040
NPTRACE row 369 304448338 304451016
NPTRACE row 370 304465298 304467095
NPTRACE row 371 304483092 304484496
NPTRACE row 372 304498823 304500882
NPTRACE row 373 304516378 304535180
NPTRACE row 374 304540579 304543916
NPTRACE row 375 304553514 304558773
NPTRACE row 376 304567056 304567591
NPTRACE row 377 304583138 304584344
NPTRACE row 378 304598827 304600844
NPTRACE row 379 304616272 304617323
NPTRACE row 380 304632130 304634484
NPTRACE row 381 304648310 304650931
NPTRACE row 382 304665237 304667671
NPTRACE row 383 304683393 304684548
NPTRACE row 384 304701851 304708532
NPTRACE row 385 304716188 304717530
NPTRACE row 386 304740131 304742244
NPTRACE row 387 304749799 304751129
NPTRACE row 388 304766723 304768198
NPTRACE row 389 304782686 304784336
NPTRACE row 390 304798873 304800835
NPTRACE row 391 304816348 304817288
NPTRACE row 392 304831715 304834298
NPTRACE row 393 304846066 304850767
NPTRACE row 394 304865177 304867573
NPTRACE row 395 304882895 304884397
NPTRACE row 396 304898252 304900940
NPTRACE row 397 304912722 304917439
NPTRACE row 398 304931412 304933640
NPTRACE row 399 304946003 304950773
NPTRACE row 400 304965093 304967539
NPTRACE row 401 304983069 304993877
NPTRACE row 402 305004527 305008583
NPTRACE row 403 305016306 305017393
NPTRACE row 404 305032697 305034292
NPTRACE row 405 305045732 305050633
NPTRACE row 406 305064491 305066953
NPTRACE row 407 305079949 305084021
NPTRACE row 408 305100044 305101084
NPTRACE row 409 305113135 305117520
NPTRACE row 410 305132092 305134161
NPTRACE row 411 305148464 305150595
NPTRACE row 412 305165413 305167594
NPTRACE row 413 305183200 305184312
NPTRACE row 414 305198548 305200950
NPTRACE row 415 305213112 305235187
NPTRACE row 416 305240397 305243975
NPTRACE row 417 305270021 305275317
NPTRACE row 418 305274714 305277456
NPTRACE row 419 305287406 305292271
NPTRACE row 420 305298216 305300641
NPTRACE row 421 305312414 305335097
NPTRACE row 422 305340365 305344017
NPTRACE row 423 305354429 305359404
NPTRACE row 424 305366507 305367401
NPTRACE row 425 305379378 305400991
NPTRACE row 426 305407215 305410633
NPTRACE row 427 305420257 305433833
NPTRACE row 428 305439191 305442121
NPTRACE row 429 305446108 305450704
NPTRACE row 430 305464485 305467402
NPTRACE row 431 305482141 305492758
NPTRACE row 432 305504390 305508701
NPTRACE row 433 305511644 305517058
NPTRACE row 434 305531625 305533986
NPTRACE row 435 305545830 305550455
NPTRACE row 436 305565018 305567252
NPTRACE row 437 305579468 305583924
NPTRACE row 438 305606885 305610653
NPTRACE row 439 305621086 305625909
NPTRACE row 440 305631612 305633904
NPTRACE row 441 305645448 305650422
NPTRACE row 442 305664498 305667205
NPTRACE row 443 305679255 305684072
NPTRACE row 444 305697798 305700610
NPTRACE row 445 305712284 305717303
NPTRACE row 446 305731072 305734020
NPTRACE row 447 305750056 305751292
NPTRACE row 448 305764249 305767050
NPTRACE row 449 305779231 305784075
NPTRACE row 450 305797588 305800465
NPTRACE row 451 305812131 305817043
NPTRACE row 452 305831032 305833982
NPTRACE row 453 305845543 305850547
NPTRACE row 454 305864265 305867207
NPTRACE row 455 305880759 305884300
NPTRACE row 456 305903089 305908766
NPTRACE row 457 305912452 305917202
NPTRACE row 458 305931335 305934064
NPTRACE row 459 305945556 305950494
NPTRACE row 460 305964631 305967148
NPTRACE row 461 305979335 305984042
NPTRACE row 462 305997863 306000495
NPTRACE row 463 306018459 306025765
NPTRACE row 464 306031042 306034557
NPTRACE row 465 306062439 306070219
NPTRACE row 466 306077799 306083912
NPTRACE row 467 306089616 306092367
NPTRACE row 468 306099247 306100930
NPTRACE row 469 306112321 306124715
NPTRACE row 470 306132847 306136354
NPTRACE row 471 306145257 306151115
NPTRACE row 472 306164109 306167014
NPTRACE row 473 306178864 306183835
NPTRACE row 474 306197411 306200395
NPTRACE row 475 306212122 306224699
NPTRACE row 476 306232830 306236800
NPTRACE row 477 306244274 306250436
NPTRACE row 478 306263898 306267004
NPTRACE row 479 306282782 306292945
NPTRACE row 480 306304178 306308770
NPTRACE row 481 306311139 306317075
NPTRACE row 482 306330920 306333671
NPTRACE row 483 306345430 306350472
NPTRACE row 484 306364336 306367037
NPTRACE row 485 306379109 306400839
NPTRACE row 486 306406947 306410677
NPTRACE row 487 306419687 306425973
NPTRACE row 488 306430560 306433695
NPTRACE row 489 306444955 306450426
NPTRACE row 490 306463647 306467017
NPTRACE row 491 306478900 306483995
NPTRACE row 492 306496995 306500345
NPTRACE row 493 306512159 306517010
NPTRACE row 494 306530562 306533688
NPTRACE row 495 306549984 306551213
NPTRACE row 496 306563675 306567024
NPTRACE row 497 306579155 306584043
NPTRACE row 498 306597289 306600362
NPTRACE row 499 306611989 306617147
NPTRACE row 500 306630570 306633722
NPTRACE row 501 306645318 306650445
NPTRACE row 502 306663853 306667053
NPTRACE row 503 306683494 306684314
NPTRACE row 504 306707614 306710869
NPTRACE row 505 306720939 306725569
NPTRACE row 506 306733021 306733868
NPTRACE row 507 306745426 306750485
NPTRACE row 508 306764173 306767073
NPTRACE row 509 306779236 306784054
NPTRACE row 510 306797492 306800381
NPTRACE row 511 306813719 306817616
NPTRACE row 512 306830115 306833722
NPTRACE row 513 306846067 306850439
NPTRACE row 514 306863375 306867047
NPTRACE row 515 306884244 306900641
NPTRACE row 516 306904369 306908735
NPTRACE row 517 306917838 306934288
NPTRACE row 518 306948382 306968432
NPTRACE row 519 306974670 306976336
NPTRACE row 520 306986794 306992091
NPTRACE row 521 306997228 307000605
NPTRACE row 522 307008612 307009570
NPTRACE row 523 307026517 307033730
NPTRACE row 524 307038171 307042215
NPTRACE row 525 307053118 307059833
NPTRACE row 526 307063146 307067049
NPTRACE row 527 307085594 307093529
NPTRACE row 528 307097620 307100575
NPTRACE row 529 307115039 307117084
NPTRACE row 530 307144554 307150474
NPTRACE row 531 307155896 307158772
NPTRACE row 532 307168025 307175412
NPTRACE row 533 307179256 307184088
NPTRACE row 534 307207299 307210780
NPTRACE row 535 307221965 307226098
NPTRACE row 536 307234762 307242067
NPTRACE row 537 307245015 307250509
NPTRACE row 538 307263461 307267100
NPTRACE row 539 307278868 307284108
NPTRACE row 540 307296678 307300435
NPTRACE row 541 307311723 307334883
NPTRACE row 542 307340266 307344121
NPTRACE row 543 307354785 307359458
NPTRACE row 544 307366887 307367522
NPTRACE row 545 307378582 307384112
NPTRACE row 546 307396604 307400466
NPTRACE row 547 307411642 307434966
NPTRACE row 548 307440312 307444123
NPTRACE row 549 307453102 307458806
NPTRACE row 550 307463357 307467123
NPTRACE row 551 307479713 307484640
NPTRACE row 552 307497360 307500740
NPTRACE row 553 307511896 307517181
NPTRACE row 554 307530140 307533797
NPTRACE row 555 307545152 307550515
NPTRACE row 556 307563474 307567107
NPTRACE row 557 307578789 307584123
NPTRACE row 558 307596793 307600463
NPTRACE row 559 307613037 307617969
NPTRACE row 560 307636002 307642124
NPTRACE row 561 307645665 307650576
NPTRACE row 562 307663114 307667127
NPTRACE row 563 307678539 307684121
NPTRACE row 564 307696207 307700455
NPTRACE row 565 307711327 307717112
NPTRACE row 566 307729574 307733817
NPTRACE row 567 307745739 307751180
NPTRACE row 568 307762740 307767141
NPTRACE row 569 307778451 307784115
NPTRACE row 570 307796274 307800479
NPTRACE row 571 307811413 307817223
NPTRACE row 572 307829525 307833830
NPTRACE row 573 307844601 307850554
NPTRACE row 574 307862708 307867147
NPTRACE row 575 307880668 307884991
NPTRACE row 576 307896844 307900719
NPTRACE row 577 307911597 307917261
NPTRACE row 578 307929954 307933838
NPTRACE row 579 307944721 307950551
NPTRACE row 580 307963251 307967132
NPTRACE row 581 307978778 307983983
NPTRACE row 582 307996783 308000475
NPTRACE row 583 308012743 308017624
NPTRACE row 584 308029611 308033849
NPTRACE row 585 308044909 308050588
NPTRACE row 586 308063129 308068774
NPTRACE row 587 308101566 308108923
NPTRACE row 588 308107950 308110990
NPTRACE row 589 308120091 308125505
NPTRACE row 590 308130906 308133828
NPTRACE row 591 308145792 308151330
NPTRACE row 592 308163019 308167158
NPTRACE row 593 308178552 308191808
NPTRACE row 594 308203917 308208789
NPTRACE row 595 308211233 308217262
NPTRACE row 596 308229523 308233856
NPTRACE row 597 308244582 308250615
NPTRACE row 598 308262724 308267164
NPTRACE row 599 308279358 308284755
NPTRACE row 600 308297021 308300655
NPTRACE row 601 308311725 308324980
NPTRACE row 602 308340874 308344210
NPTRACE row 603 308354343 308358944
NPTRACE row 604 308366880 308367331
NPTRACE row 605 308378409 308384022
NPTRACE row 606 308396346 308400507
NPTRACE row 607 308412696 308435402
NPTRACE row 608 308441040 308444180
NPTRACE row 609 308463012 308467361
NPTRACE row 610 308473145 308475612
NPTRACE row 611 308483214 308484628
NPTRACE row 612 308495428 308500521
NPTRACE row 613 308511079 308517162
NPTRACE row 614 308529203 308533871
NPTRACE row 615 308545639 308551283
NPTRACE row 616 308573848 308577534
NPTRACE row 617 308596439 308600711
NPTRACE row 618 308606218 308608952
NPTRACE row 619 308613722 308617635
NPTRACE row 620 308628901 308633872
NPTRACE row 621 308644363 308667208
NPTRACE row 622 308673841 308677559
NPTRACE row 623 308689085 308693104
NPTRACE row 624 308704020 308708982
NPTRACE row 625 308712962 308717165
NPTRACE row 626 308725434 308733840
NPTRACE row 627 308741629 308744220
NPTRACE row 628 308762701 308767203
NPTRACE row 629 308778288 308802212
NPTRACE row 630 308808146 308810852
NPTRACE row 631 308838661 308842572
NPTRACE row 632 308849064 308850719
NPTRACE row 633 308858530 308859712
NPTRACE row 634 308871519 308875574
NPTRACE row 635 308883292 308884640
NPTRACE row 636 308891936 308895249
NPTRACE row 637 308908681 308910857
NPTRACE row 638 308925445 308928673
NPTRACE row 639 308945901 308951582
NPTRACE row 640 308962675 308967224
NPTRACE row 641 308978011 308984069
NPTRACE row 642 308995377 309000575
NPTRACE row 643 309010893 309017212
NPTRACE row 644 309025442 309028645
NPTRACE row 645 309042024 309044163
NPTRACE row 646 309073873 309077811
NPTRACE row 647 309088555 309102530
NPTRACE row 648 309110266 309117331
NPTRACE row 649 309115216 309119370
NPTRACE row 650 309125072 309127595
NPTRACE row 651 309141245 309144261
NPTRACE row 652 309158346 309160933
NPTRACE row 653 309175296 309178859
NPTRACE row 654 309194585 309200692
NPTRACE row 655 309213660 309217893
NPTRACE row 656 309228023 309234085
NPTRACE row 657 309241553 309245357
NPTRACE row 658 309258788 309260871
NPTRACE row 659 309275107 309278874
NPTRACE row 660 309294304 309317899
NPTRACE row 661 309323455 309327611
NPTRACE row 662 309345043 309350634
NPTRACE row 663 309356013 309359299
NPTRACE row 664 309366620 309367474
NPTRACE row 665 309375044 309378857
NPTRACE row 666 309391955 309394231
NPTRACE row 667 309423615 309427623
NPTRACE row 668 309436944 309442253
NPTRACE row 669 309447315 309450597
NPTRACE row 670 309458550 309460901
NPTRACE row 671 309480764 309484532
NPTRACE row 672 309495523 309500796
NPTRACE row 673 309508288 309512041
NPTRACE row 674 309528232 309534074
NPTRACE row 675 309541983 309551337
NPTRACE row 676 309562415 309567470
NPTRACE row 677 309579270 309584248
NPTRACE row 678 309595107 309600634
NPTRACE row 679 309613687 309617965
NPTRACE row 680 309630330 309651817
NPTRACE row 681 309657583 309660960
NPTRACE row 682 309670297 309675586
NPTRACE row 683 309681664 309684215
NPTRACE row 684 309694629 309700582
NPTRACE row 685 309707671 309710967
NPTRACE row 686 309724666 309727636
NPTRACE row 687 309746822 309751214
NPTRACE row 688 309761522 309767406
NPTRACE row 689 309775371 309778814
NPTRACE row 690 309794458 309800816
NPTRACE row 691 309808319 309811970
NPTRACE row 692 309827932 309834062
NPTRACE row 693 309841512 309845323
NPTRACE row 694 309861073 309867399
NPTRACE row 695 309880590 309884619
NPTRACE row 696 309895603 309900966
NPTRACE row 697 309908530 309911953
NPTRACE row 698 309928116 309934118
NPTRACE row 699 309941604 309945286
NPTRACE row 700 309961351 309967462
NPTRACE row 701 309975506 309978873
NPTRACE row 702 309994758 310018482
NPTRACE row 703 310028419 310034016
NPTRACE row 704 310040185 310042284
NPTRACE row 705 310053350 310058964
NPTRACE row 706 310066427 310085073
NPTRACE row 707 310090777 310095118
NPTRACE row 708 310105734 310109362
NPTRACE row 709 310118922 310125652
NPTRACE row 710 310132073 310134161
NPTRACE row 711 310146343 310150738
NPTRACE row 712 310158859 310160924
NPTRACE row 713 310187269 310192379
NPTRACE row 714 310195141 310217346
NPTRACE row 715 310224598 310226444
NPTRACE row 716 310246648 310250687
NPTRACE row 717 310256327 310259174
NPTRACE row 718 310264126 310267488
NPTRACE row 719 310275340 310277050
NPTRACE row 720 310291537 310293224
NPTRACE row 721 310320803 310325619
NPTRACE row 722 310329007 310333968
NPTRACE row 723 310340673 310343104
NPTRACE row 724 310357817 310359779
NPTRACE row 725 310374380 310376569
NPTRACE row 726 310395046 310400698
NPTRACE row 727 310411726 310418089
NPTRACE row 728 310429052 310434023
NPTRACE row 729 310443995 310450899
NPTRACE row 730 310461415 310467342
NPTRACE row 731 310478479 310493461
NPTRACE row 732 310504294 310508957
NPTRACE row 733 310511713 310517307
NPTRACE row 734 310523889 310526369
NPTRACE row 735 310541353 310543643
NPTRACE row 736 310561309 310567366
NPTRACE row 737 310577561 310584157
NPTRACE row 738 310590976 310593130
NPTRACE row 739 310614440 310617421
NPTRACE row 740 310624717 310628827
NPTRACE row 741 310644388 310650674
NPTRACE row 742 310661204 310667366
NPTRACE row 743 310679206 310684834
NPTRACE row 744 310695831 310700922
NPTRACE row 745 310711250 310717350
NPTRACE row 746 310728073 310734021
NPTRACE row 747 310745016 310750938
NPTRACE row 748 310761676 310767372
NPTRACE row 749 310777624 310784408
NPTRACE row 750 310794971 310800700
NPTRACE row 751 310812105 310818078
NPTRACE row 752 310828101 310834044
NPTRACE row 753 310843728 310858428
NPTRACE row 754 310870218 310875654
NPTRACE row 755 310878036 310884515
NPTRACE row 756 310894401 310900732
NPTRACE row 757 310910207 310917364
NPTRACE row 758 310937698 310942328
NPTRACE row 759 310948826 310951301
NPTRACE row 760 310961246 310967389
NPTRACE row 761 310977500 310984200
NPTRACE row 762 310990679 310994163
NPTRACE row 763 311011699 311017681
NPTRACE row 764 311027684 311034057
NPTRACE row 765 311043888 311050939
NPTRACE row 766 311060963 311067408
NPTRACE row 767 311079265 311085023
NPTRACE row 768 311095595 311101000
NPTRACE row 769 311116510 311117570
NPTRACE row 770 311138878 311142352
NPTRACE row 771 311149339 311151024
NPTRACE row 772 311161470 311167437
NPTRACE row 773 311177886 311184433
NPTRACE row 774 311194573 311200778
NPTRACE row 775 311212077 311218193
NPTRACE row 776 311227902 311234077
NPTRACE row 777 311243657 311250720
NPTRACE row 778 311257248 311260752
NPTRACE row 779 311278515 311284242
NPTRACE row 780 311290897 311293154
NPTRACE row 781 311308101 311311128
NPTRACE row 782 311327222 311334097
NPTRACE row 783 311344941 311351603
NPTRACE row 784 311361248 311367420
NPTRACE row 785 311377343 311384389
NPTRACE row 786 311394463 311400808
NPTRACE row 787 311411146 311417573
NPTRACE row 788 311427083 311434092
NPTRACE row 789 311443867 311450987
NPTRACE row 790 311460655 311467441
NPTRACE row 791 311479422 311485008
NPTRACE row 792 311495053 311500997
NPTRACE row 793 311510931 311517562
NPTRACE row 794 311527569 311534096
NPTRACE row 795 311543905 311550753
NPTRACE row 796 311557572 311559726
NPTRACE row 797 311579096 311584314
NPTRACE row 798 311594537 311600781
NPTRACE row 799 311611272 311617912
NPTRACE row 800 311627417 311634122
NPTRACE row 801 311643741 311650994
NPTRACE row 802 311660624 311667434
NPTRACE row 803 311678108 311684471
NPTRACE row 804 311693360 311700809
NPTRACE row 805 311710452 311735131
NPTRACE row 806 311741345 311743013
NPTRACE row 807 311753621 311759318
NPTRACE row 808 311766195 311767454
NPTRACE row 809 311777350 311784419
NPTRACE row 810 311793197 311800823
NPTRACE row 811 311808422 311811101
NPTRACE row 812 311823907 311827492
NPTRACE row 813 311844555 311858556
NPTRACE row 814 311870019 311875733
NPTRACE row 815 311878610 311884219
NPTRACE row 816 311890562 311893022
NPTRACE row 817 311906433 311909519
NPTRACE row 818 311923704 311941001
NPTRACE row 819 311953510 311959306
NPTRACE row 820 311966473 311967675
NPTRACE row 821 311978335 311984603
NPTRACE row 822 311995186 312000997
NPTRACE row 823 312011974 312017996
NPTRACE row 824 312027779 312034370
NPTRACE row 825 312044072 312050894
NPTRACE row 826 312057634 312059857
NPTRACE row 827 312078774 312091522
NPTRACE row 828 312102809 312109250
NPTRACE row 829 312112597 312117575
NPTRACE row 830 312124190 312126511
NPTRACE row 831 312149898 312151294
NPTRACE row 832 312157609 312159875
NPTRACE row 833 312173010 312176372
NPTRACE row 834 312205589 312209542
NPTRACE row 835 312215415 312217561
NPTRACE row 836 312225650 312226583
NPTRACE row 837 312244637 312251122
NPTRACE row 838 312261353 312267647
NPTRACE row 839 312278799 312284832
NPTRACE row 840 312294298 312301160
NPTRACE row 841 312311339 312317802
NPTRACE row 842 312328154 312334307
NPTRACE row 843 312344833 312350920
NPTRACE row 844 312358045 312359870
NPTRACE row 845 312378934 312384348
NPTRACE row 846 312389994 312392765
NPTRACE row 847 312406986 312409681
NPTRACE row 848 312422950 312426094
NPTRACE row 849 312443482 312451032
NPTRACE row 850 312460871 312467829
NPTRACE row 851 312477783 312484554
NPTRACE row 852 312494913 312501163
NPTRACE row 853 312510812 312517777
NPTRACE row 854 312528063 312534483
NPTRACE row 855 312544400 312551263
NPTRACE row 856 312561610 312567612
NPTRACE row 857 312574512 312577782
NPTRACE row 858 312594939 312601171
NPTRACE row 859 312610902 312617698
NPTRACE row 860 312627674 312634466
NPTRACE row 861 312642014 312643069
NPTRACE row 862 312660950 312675311
NPTRACE row 863 312687144 312692899
NPTRACE row 864 312696220 312701071
NPTRACE row 865 312710351 312717650
NPTRACE row 866 312728312 312734448
NPTRACE row 867 312742231 312743080
NPTRACE row 868 312761494 312767876
NPTRACE row 869 312778656 312784609
NPTRACE row 870 312795187 312801127
NPTRACE row 871 312812021 312817905
NPTRACE row 872 312828323 312834300
NPTRACE row 873 312842094 312843101
NPTRACE row 874 312861465 312885348
NPTRACE row 875 312892047 312893298
NPTRACE row 876 312905730 312909350
NPTRACE row 877 312919388 312925962
NPTRACE row 878 312929843 312934253
NPTRACE row 879 312939597 312942891
NPTRACE row 880 312955988 312959354
NPTRACE row 881 312977598 312984640
NPTRACE row 882 312994435 313001144
NPTRACE row 883 313011367 313017752
NPTRACE row 884 313027922 313034511
NPTRACE row 885 313043097 313050879
NPTRACE row 886 313061307 313075468
NPTRACE row 887 313086500 313092705
NPTRACE row 888 313095485 313108816
NPTRACE row 889 313120128 313125921
NPTRACE row 890 313128776 313141308
NPTRACE row 891 313153172 313159413
NPTRACE row 892 313176457 313184208
NPTRACE row 893 313189185 313192760
NPTRACE row 894 313200410 313201263
NPTRACE row 895 313214260 313218290
NPTRACE row 896 313228710 313234516
NPTRACE row 897 313243201 313250903
NPTRACE row 898 313261251 313275378
NPTRACE row 899 313286890 313292718
NPTRACE row 900 313295324 313300951
NPTRACE row 901 313305672 313309270
NPTRACE row 902 313322349 313325933
NPTRACE row 903 313345395 313351350
NPTRACE row 904 313362206 313367899
NPTRACE row 905 313378040 313384639
NPTRACE row 906 313394486 313401235
NPTRACE row 907 313412001 313417981
NPTRACE row 908 313428064 313434504
NPTRACE row 909 313442012 313442927
NPTRACE row 910 313461086 313467899
NPTRACE row 911 313478865 313485000
NPTRACE row 912 313495859 313501431
NPTRACE row 913 313511765 313517713
NPTRACE row 914 313528303 313534355
NPTRACE row 915 313544816 313551131
NPTRACE row 916 313561954 313567928
NPTRACE row 917 313587596 313592766
NPTRACE row 918 313599430 313608795
NPTRACE row 919 313621296 313626119
NPTRACE row 920 313630097 313634310
NPTRACE row 921 313638835 313642633
NPTRACE row 922 313655633 313659314
NPTRACE row 923 313690475 313693051
NPTRACE row 924 313703471 313709391
NPTRACE row 925 313715080 313717874
NPTRACE row 926 313728102 313734296
NPTRACE row 927 313738980 313742869
NPTRACE row 928 313755464 313759327
NPTRACE row 929 313777929 313784600
NPTRACE row 930 313794472 313801274
NPTRACE row 931 313811103 313817740
NPTRACE row 932 313827633 313851120
NPTRACE row 933 313857565 313859706
NPTRACE row 934 313868973 313876081
NPTRACE row 935 313881520 313884895
NPTRACE row 936 313895565 313901084
NPTRACE row 937 313905438 313909319
NPTRACE row 938 313922405 313925984
NPTRACE row 939 313943844 313951108
NPTRACE row 940 313960999 313967949
NPTRACE row 941 313978770 313984625
NPTRACE row 942 313994632 314001287
NPTRACE row 943 314012427 314018126
NPTRACE row 944 314028125 314034567
NPTRACE row 945 314043467 314051090
NPTRACE row 946 314061037 314067960
NPTRACE row 947 314078451 314084615
NPTRACE row 948 314094017 314101376
NPTRACE row 949 314111094 314117787
NPTRACE row 950 314127439 314134629
NPTRACE row 951 314143468 314151339
NPTRACE row 952 314161458 314167729
NPTRACE row 953 314174400 314176134
NPTRACE row 954 314188385 314192668
NPTRACE row 955 314209178 314209764
NPTRACE row 956 314226934 314234626
NPTRACE row 957 314242350 314243079
NPTRACE row 958 314260528 314267986
NPTRACE row 959 314279309 314285253
NPTRACE row 960 314295095 314301172
NPTRACE row 961 314305158 314309355
NPTRACE row 962 314321988 314326014
NPTRACE row 963 314344803 314351356
NPTRACE row 964 314360856 314367988
NPTRACE row 965 314378793 314384768
NPTRACE row 966 314394774 314401328
NPTRACE row 967 314410215 314417942
NPTRACE row 968 314427445 314451498
NPTRACE row 969 314458086 314459870
NPTRACE row 970 314486430 314492701
NPTRACE row 971 314495163 314501366
NPTRACE row 972 314510195 314517897
NPTRACE row 973 314524213 314526234
NPTRACE row 974 314555245 314559379
NPTRACE row 975 314565999 314568291
NPTRACE row 976 314578737 314584549
NPTRACE row 977 314593626 314601429
NPTRACE row 978 314607718 314609475
NPTRACE row 979 314621515 314626150
NPTRACE row 980 314631611 314634520
NPTRACE row 981 314639694 314642894
NPTRACE row 982 314654829 314659489
NPTRACE row 983 314676819 314684345
NPTRACE row 984 314693949 314701087
NPTRACE row 985 314704699 314709384
NPTRACE row 986 314721823 314726039
NPTRACE row 987 314742176 314743538
NPTRACE row 988 314760274 314773158
NPTRACE row 989 314783218 314785496
NPTRACE row 990 314796373 314801331
NPTRACE row 991 314812232 314818318
NPTRACE row 992 314827163 314851601
NPTRACE row 993 314857566 314859815
NPTRACE row 994 314868929 314876167
NPTRACE row 995 314881135 314884737
NPTRACE row 996 314894409 314901055
NPTRACE row 997 314904543 314909398
NPTRACE row 998 314921399 314926062
NPTRACE row 999 314957781 314959864
NPTRACE row 1000 314966064 314968373
NPTRACE row 1001 314974603 314976699
NPTRACE row 1002 314988033 314992729
NPTRACE row 1003 315005217 315009530
NPTRACE row 1004 315033216 315034563
NPTRACE row 1005 315041968 315043474
NPTRACE row 1006 315054518 315059405
NPTRACE row 1007 315071799 315076417
NPTRACE row 1008 315088235 315092867
NPTRACE row 1009 315109266 315109997
NPTRACE row 1010 315126694 315134493
NPTRACE row 1011 315142548 315143430
NPTRACE row 1012 315159686 315167902
NPTRACE row 1013 315177760 315184643
NPTRACE row 1014 315192594 315193093
NPTRACE row 1015 315210291 315217783
NPTRACE row 1016 315225461 315226294
NPTRACE row 1017 315242250 315243125
NPTRACE row 1018 315262345 315268066
NPTRACE row 1019 315277408 315284783
NPTRACE row 1020 315292158 315292887
NPTRACE row 1021 315308549 315309717
NPTRACE row 1022 315325764 315326412
NPTRACE row 1023 315344023 315351283
NPTRACE row 1024 315360100 315367797
NPTRACE row 1025 315371562 315376292
NPTRACE row 1026 315387949 315392835
NPTRACE row 1027 315407330 315409613
NPTRACE row 1028 315425824 315426398
NPTRACE row 1029 315437858 315442838
NPTRACE row 1030 315454903 315459642
NPTRACE row 1031 315482309 315485972
NPTRACE row 1032 315497371 315501364
NPTRACE row 1033 315508957 315509633
NPTRACE row 1034 315526738 315534529
NPTRACE row 1035 315553913 315559536
NPTRACE row 1036 315565753 315568235
NPTRACE row 1037 315578940 315584988
NPTRACE row 1038 315594049 315601502
NPTRACE row 1039 315611438 315618333
NPTRACE row 1040 315626770 315634524
NPTRACE row 1041 315640526 315643034
NPTRACE row 1042 315660780 315667935
NPTRACE row 1043 315671876 315676318
NPTRACE row 1044 315687834 315692857
NPTRACE row 1045 315707377 315709723
NPTRACE row 1046 315725396 315726431
NPTRACE row 1047 315737961 315742997
NPTRACE row 1048 315754485 315759727
NPTRACE row 1049 315774829 315776497
NPTRACE row 1050 315791985 315793095
NPTRACE row 1051 315804313 315809530
NPTRACE row 1052 315821337 315826197
NPTRACE row 1053 315842358 315843088
NPTRACE row 1054 315859293 315859668
NPTRACE row 1055 315877910 315884939
NPTRACE row 1056 315894127 315901253
NPTRACE row 1057 315904875 315909542
NPTRACE row 1058 315921687 315926208
NPTRACE row 1059 315943316 315951246
NPTRACE row 1060 315960107 315967943
NPTRACE row 1061 315971973 315976336
NPTRACE row 1062 315988290 315992881
NPTRACE row 1063 316009997 316017792
NPTRACE row 1064 316025769 316026457
NPTRACE row 1065 316043248 316051149
NPTRACE row 1066 316060019 316084275
NPTRACE row 1067 316090726 316093110
NPTRACE row 1068 316104127 316109668
NPTRACE row 1069 316119147 316126341
NPTRACE row 1070 316130044 316134580
NPTRACE row 1071 316139309 316143112
NPTRACE row 1072 316154873 316159838
NPTRACE row 1073 316175526 316176527
NPTRACE row 1074 316192541 316193084
NPTRACE row 1075 316211075 316220170
NPTRACE row 1076 316233249 316234692
NPTRACE row 1077 316255601 316259586
NPTRACE row 1078 316266247 316275673
NPTRACE row 1079 316288452 316293181
NPTRACE row 1080 316302138 316309666
NPTRACE row 1081 316314827 316318201
NPTRACE row 1082 316329241 316334574
NPTRACE row 1083 316338174 316342917
NPTRACE row 1084 316354806 316359815
NPTRACE row 1085 316376632 316384711
NPTRACE row 1086 316392296 316393079
NPTRACE row 1087 316424699 316426576
NPTRACE row 1088 316439765 316443217
NPTRACE row 1089 316454800 316459646
NPTRACE row 1090 316465209 316467994
NPTRACE row 1091 316474269 316476595
NPTRACE row 1092 316487825 316492919
NPTRACE row 1093 316507298 316509700
NPTRACE row 1094 316526652 316534875
NPTRACE row 1095 316541489 316543212
NPTRACE row 1096 316558874 316559864
NPTRACE row 1097 316575761 316576563
NPTRACE row 1098 316591279 316593114
NPTRACE row 1099 316603967 316609590
NPTRACE row 1100 316620912 316626259
NPTRACE row 1101 316641469 316643094
NPTRACE row 1102 316658361 316659805
NPTRACE row 1103 316685110 316692929
NPTRACE row 1104 316695718 316701602
NPTRACE row 1105 316710796 316718361
NPTRACE row 1106 316725646 316726452
NPTRACE row 1107 316737374 316742940
NPTRACE row 1108 316754419 316759896
NPTRACE row 1109 316775029 316776639
NPTRACE row 1110 316791887 316793166
NPTRACE row 1111 316809108 316809887
NPTRACE row 1112 316825049 316826499
NPTRACE row 1113 316840218 316843061
NPTRACE row 1114 316857547 316859850
NPTRACE row 1115 316883515 316884927
NPTRACE row 1116 316894081 316918466
NPTRACE row 1117 316922818 316926291
NPTRACE row 1118 316935260 316942998
NPTRACE row 1119 316948003 316951993
NPTRACE row 1120 316962183 316968010
NPTRACE row 1121 316971240 316976419
NPTRACE row 1122 316987114 316992956
NPTRACE row 1123 317006054 317009752
NPTRACE row 1124 317024364 317026365
NPTRACE row 1125 317039353 317043137
NPTRACE row 1126 317057387 317059968
NPTRACE row 1127 317075417 317076675
NPTRACE row 1128 317091881 317093338
NPTRACE row 1129 317114411 317118190
NPTRACE row 1130 317128361 317134637
NPTRACE row 1131 317137698 317143099
NPTRACE row 1132 317153989 317159894
NPTRACE row 1133 317173365 317176603
NPTRACE row 1134 317191395 317193369
NPTRACE row 1135 317208502 317210060
NPTRACE row 1136 317223910 317226642
NPTRACE row 1137 317239891 317243146
NPTRACE row 1138 317257254 317259800
NPTRACE row 1139 317276048 317276787
NPTRACE row 1140 317290045 317293332
NPTRACE row 1141 317308182 317309842
NPTRACE row 1142 317323770 317326493
NPTRACE row 1143 317340132 317343227
NPTRACE row 1144 317357588 317359896
NPTRACE row 1145 317373759 317376627
NPTRACE row 1146 317390268 317393375
NPTRACE row 1147 317407356 317409762
NPTRACE row 1148 317423801 317426673
NPTRACE row 1149 317439810 317450088
NPTRACE row 1150 317459102 317461706
NPTRACE row 1151 317476922 317484616
NPTRACE row 1152 317492127 317493324
NPTRACE row 1153 317523389 317526321
NPTRACE row 1154 317536588 317543086
NPTRACE row 1155 317549941 317551461
NPTRACE row 1156 317562312 317567979
NPTRACE row 1157 317571430 317576445
NPTRACE row 1158 317587191 317592984
NPTRACE row 1159 317622038 317626324
NPTRACE row 1160 317633733 317643201
NPTRACE row 1161 317654679 317659658
NPTRACE row 1162 317665325 317668131
NPTRACE row 1163 317678528 317684931
NPTRACE row 1164 317692534 317693364
NPTRACE row 1165 317707063 317709810
NPTRACE row 1166 317723160 317726592
NPTRACE row 1167 317739819 317743316
NPTRACE row 1168 317757391 317759966
NPTRACE row 1169 317774226 317776643
NPTRACE row 1170 317790289 317793271
NPTRACE row 1171 317805222 317809697
NPTRACE row 1172 317823243 317826670
NPTRACE row 1173 317836997 317842961
NPTRACE row 1174 317853806 317859805
NPTRACE row 1175 317872436 317876577
NPTRACE row 1176 317891636 317893608
NPTRACE row 1177 317921515 317926375
NPTRACE row 1178 317933161 317935105
NPTRACE row 1179 317945397 317951692
NPTRACE row 1180 317960135 317968059
NPTRACE row 1181 317970890 317976430
NPTRACE row 1182 317987094 317992984
NPTRACE row 1183 318005631 318009881
NPTRACE row 1184 318023525 318026440
NPTRACE row 1185 318038594 318043082
NPTRACE row 1186 318056126 318059816
NPTRACE row 1187 318073893 318076683
NPTRACE row 1188 318089811 318093316
NPTRACE row 1189 318104961 318109596
NPTRACE row 1190 318123348 318126818
NPTRACE row 1191 318140507 318143169
NPTRACE row 1192 318156360 318159893
NPTRACE row 1193 318173831 318176659
NPTRACE row 1194 318189627 318193137
NPTRACE row 1195 318205294 318209841
NPTRACE row 1196 318223049 318226726
NPTRACE row 1197 318238774 318243133
NPTRACE row 1198 318255973 318259822
NPTRACE row 1199 318274673 318276782
NPTRACE row 1200 318292286 318293347
NPTRACE row 1201 318306702 318309783
NPTRACE row 1202 318322317 318326550
NPTRACE row 1203 318339345 318343121
NPTRACE row 1204 318356379 318359835
NPTRACE row 1205 318371321 318377431
NPTRACE row 1206 318390386 318393196
NPTRACE row 1207 318407679 318409739
NPTRACE row 1208 318422706 318426449
NPTRACE row 1209 318433525 318436632
NPTRACE row 1210 318450535 318453410
NPTRACE row 1211 318471688 318476497
NPTRACE row 1212 318488848 318493227
NPTRACE row 1213 318500147 318503321
NPTRACE row 1214 318517241 318520062
NPTRACE row 1215 318538478 318543016
NPTRACE row 1216 318556517 318559777
NPTRACE row 1217 318573177 318576600
NPTRACE row 1218 318589370 318593202
NPTRACE row 1219 318606281 318609804
NPTRACE row 1220 318622534 318626566
NPTRACE row 1221 318637862 318642984
NPTRACE row 1222 318655679 318659872
NPTRACE row 1223 318673772 318676639
NPTRACE row 1224 318690970 318693349
NPTRACE row 1225 318700932 318704600
NPTRACE row 1226 318723129 318726571
NPTRACE row 1227 318746600 318751464
NPTRACE row 1228 318757648 318759767
NPTRACE row 1229 318772352 318776663
NPTRACE row 1230 318790955 318793098
NPTRACE row 1231 318800597 318802275
NPTRACE row 1232 318817015 318818871
NPTRACE row 1233 318838079 318843153
NPTRACE row 1234 318856402 318859779
NPTRACE row 1235 318871322 318876680
NPTRACE row 1236 318889633 318893111
NPTRACE row 1237 318905539 318909880
NPTRACE row 1238 318922527 318926445
NPTRACE row 1239 318937862 318943254
NPTRACE row 1240 318956569 318959787
NPTRACE row 1241 318966953 318969009
NPTRACE row 1242 318983536 318985457
NPTRACE row 1243 319003450 319009846
NPTRACE row 1244 319022776 319026452
NPTRACE row 1245 319037022 319043158
NPTRACE row 1246 319056115 319059804
NPTRACE row 1247 319072184 319076908
NPTRACE row 1248 319090982 319093246
NPTRACE row 1249 319105944 319109849
NPTRACE row 1250 319123696 319126458
NPTRACE row 1251 319138996 319143173
NPTRACE row 1252 319157330 319159802
NPTRACE row 1253 319167035 319168945
NPTRACE row 1254 319183729 319185430
NPTRACE row 1255 319203554 319209977
NPTRACE row 1256 319223010 319226467
NPTRACE row 1257 319238192 319243171
NPTRACE row 1258 319255937 319259812
NPTRACE row 1259 319272216 319276665
NPTRACE row 1260 319289509 319293160
NPTRACE row 1261 319313130 319318432
NPTRACE row 1262 319324856 319326429
NPTRACE row 1263 319339049 319343399
NPTRACE row 1264 319356363 319359893
NPTRACE row 1265 319367321 319368936
NPTRACE row 1266 319383930 319385469
NPTRACE row 1267 319402947 319409866
NPTRACE row 1268 319422652 319426553
NPTRACE row 1269 319433517 319435489
NPTRACE row 1270 319450527 319452142
NPTRACE row 1271 319480771 319485563
NPTRACE row 1272 319492195 319493443
NPTRACE row 1273 319521245 319526495
NPTRACE row 1274 319533069 319535268
NPTRACE row 1275 319552143 319559910
NPTRACE row 1276 319563801 319568470
NPTRACE row 1277 319578615 319585244
NPTRACE row 1278 319593663 319601795
NPTRACE row 1279 319620511 319626464
NPTRACE row 1280 319629007 319651603
NPTRACE row 1281 319657317 319660078
NPTRACE row 1282 319678826 319685353
NPTRACE row 1283 319690211 319693307
NPTRACE row 1284 319701235 319711526
NPTRACE row 1285 319722974 319726520
NPTRACE row 1286 319734527 319735269
NPTRACE row 1287 319747143 319751792
NPTRACE row 1288 319761200 319768499
NPTRACE row 1289 319775127 319776823
NPTRACE row 1290 319789410 319793349
NPTRACE row 1291 319805781 319809977
NPTRACE row 1292 319822820 319826587
NPTRACE row 1293 319837052 319843318
NPTRACE row 1294 319856138 319859932
NPTRACE row 1295 319871568 319877062
NPTRACE row 1296 319891022 319893362
NPTRACE row 1297 319900508 319902127
NPTRACE row 1298 319917603 319918690
NPTRACE row 1299 319936752 319943374
NPTRACE row 1300 319956886 319959938
NPTRACE row 1301 319985638 319993303
NPTRACE row 1302 319992147 319995474
NPTRACE row 1303 320016716 320018441
NPTRACE row 1304 320029384 320034957
NPTRACE row 1305 320042547 320043490
NPTRACE row 1306 320056635 320060080
NPTRACE row 1307 320072840 320076827
NPTRACE row 1308 320089490 320093273
NPTRACE row 1309 320104003 320120905
NPTRACE row 1310 320128085 320134956
NPTRACE row 1311 320142619 320143544
NPTRACE row 1312 320157252 320160035
NPTRACE row 1313 320172186 320176848
NPTRACE row 1314 320189278 320193281
NPTRACE row 1315 320204934 320210087
NPTRACE row 1316 320222692 320226614
NPTRACE row 1317 320252662 320259921
NPTRACE row 1318 320259111 320262114
NPTRACE row 1319 320284013 320285288
NPTRACE row 1320 320294518 320302038
NPTRACE row 1321 320308612 320310011
NPTRACE row 1322 320324024 320326730
NPTRACE row 1323 320345793 320352565
NPTRACE row 1324 320357380 320359926
NPTRACE row 1325 320387456 320393348
NPTRACE row 1326 320397221 320401637
NPTRACE row 1327 320411894 320418670
NPTRACE row 1328 320427175 320434942
NPTRACE row 1329 320441393 320443382
NPTRACE row 1330 320456584 320460183
NPTRACE row 1331 320471814 320476869
NPTRACE row 1332 320488993 320493302
NPTRACE row 1333 320505011 320510083
NPTRACE row 1334 320522693 320526640
NPTRACE row 1335 320533239 320535447
NPTRACE row 1336 320549970 320551900
NPTRACE row 1337 320570789 320576879
NPTRACE row 1338 320588998 320593309
NPTRACE row 1339 320604828 320610038
NPTRACE row 1340 320622427 320626645
NPTRACE row 1341 320636516 320643431
NPTRACE row 1342 320656102 320659990
NPTRACE row 1343 320670782 320676932
NPTRACE row 1344 320689691 320693422
NPTRACE row 1345 320713174 320718462
NPTRACE row 1346 320727724 320751702
NPTRACE row 1347 320756773 320759932
NPTRACE row 1348 320770001 320776728
NPTRACE row 1349 320784090 320785315
NPTRACE row 1350 320796038 320801588
NPTRACE row 1351 320804841 320810006
NPTRACE row 1352 320816394 320818492
NPTRACE row 1353 320836324 320843364
NPTRACE row 1354 320855264 320859988
NPTRACE row 1355 320870889 320876850
NPTRACE row 1356 320888551 320893316
NPTRACE row 1357 320904453 320910036
NPTRACE row 1358 320921350 320926647
NPTRACE row 1359 320952885 320959958
NPTRACE row 1360 320959130 320962145
NPTRACE row 1361 320974450 320977140
NPTRACE row 1362 320989579 320993318
NPTRACE row 1363 321004016 321010036
NPTRACE row 1364 321021645 321026657
NPTRACE row 1365 321035925 321043230
NPTRACE row 1366 321054736 321059990
NPTRACE row 1367 321069511 321076703
NPTRACE row 1368 321089015 321093426
NPTRACE row 1369 321103147 321110763
NPTRACE row 1370 321120315 321126661
NPTRACE row 1371 321137402 321143425
NPTRACE row 1372 321154660 321160021
NPTRACE row 1373 321170706 321176934
NPTRACE row 1374 321188021 321193333
NPTRACE row 1375 321204389 321210269
NPTRACE row 1376 321221035 321226673
NPTRACE row 1377 321236366 321243393
NPTRACE row 1378 321254344 321260007
NPTRACE row 1379 321269235 321276732
NPTRACE row 1380 321287442 321293345
NPTRACE row 1381 321311289 321318505
NPTRACE row 1382 321325377 321326679
NPTRACE row 1383 321339131 321343537
NPTRACE row 1384 321354109 321360013
NPTRACE row 1385 321367777 321369259
NPTRACE row 1386 321390424 321395084
NPTRACE row 1387 321405097 321410058
NPTRACE row 1388 321421203 321426689
NPTRACE row 1389 321431929 321435241
NPTRACE row 1390 321448695 321451675
NPTRACE row 1391 321469947 321476887
NPTRACE row 1392 321488242 321493460
NPTRACE row 1393 321503327 321510128
NPTRACE row 1394 321521038 321526693
NPTRACE row 1395 321552623 321559962
NPTRACE row 1396 321558973 321562150
NPTRACE row 1397 321573390 321576913
NPTRACE row 1398 321587844 321593365
NPTRACE row 1399 321604100 321610197
NPTRACE row 1400 321620525 321626704
NPTRACE row 1401 321631848 321635166
NPTRACE row 1402 321648583 321651646
NPTRACE row 1403 321667151 321668916
NPTRACE row 1404 321687099 321693375
NPTRACE row 1405 321702775 321710103
NPTRACE row 1406 321720080 321726667
NPTRACE row 1407 321732199 321735341
NPTRACE row 1408 321747860 321751612
NPTRACE row 1409 321768100 321768754
NPTRACE row 1410 321786670 321793340
NPTRACE row 1411 321802734 321810057
NPTRACE row 1412 321819841 321826674
NPTRACE row 1413 321831565 321835126
NPTRACE row 1414 321847641 321851622
NPTRACE row 1415 321867015 321868884
NPTRACE row 1416 321887589 321893450
NPTRACE row 1417 321902804 321910064
NPTRACE row 1418 321920374 321926682
NPTRACE row 1419 321934123 321935162
NPTRACE row 1420 321950202 321955420
NPTRACE row 1421 321967261 321968679
NPTRACE row 1422 321986823 321993355
NPTRACE row 1423 322003201 322010231
NPTRACE row 1424 322019743 322026692
NPTRACE row 1425 322033931 322035413
NPTRACE row 1426 322053065 322060026
NPTRACE row 1427 322069293 322076828
NPTRACE row 1428 322086248 322093364
NPTRACE row 1429 322118863 322126558
NPTRACE row 1430 322124878 322128717
NPTRACE row 1431 322139193 322143579
NPTRACE row 1432 322153077 322160033
NPTRACE row 1433 322167587 322169011
NPTRACE row 1434 322186144 322193372
NPTRACE row 1435 322201487 322202073
NPTRACE row 1436 322223144 322226706
NPTRACE row 1437 322233730 322235390
NPTRACE row 1438 322252485 322260044
NPTRACE row 1439 322270033 322277140
NPTRACE row 1440 322287414 322293484
NPTRACE row 1441 322302421 322310060
NPTRACE row 1442 322319809 322326733
NPTRACE row 1443 322333936 322335368
NPTRACE row 1444 322353140 322360051
NPTRACE row 1445 322367611 322369037
NPTRACE row 1446 322386267 322393388
NPTRACE row 1447 322423259 322426851
NPTRACE row 1448 322436097 322443343
NPTRACE row 1449 322447304 322451897
NPTRACE row 1450 322460993 322476877
NPTRACE row 1451 322483250 322485346
NPTRACE row 1452 322494896 322501962
NPTRACE row 1453 322508910 322510081
NPTRACE row 1454 322524020 322526732
NPTRACE row 1455 322554669 322560223
NPTRACE row 1456 322566398 322568709
NPTRACE row 1457 322578628 322585344
NPTRACE row 1458 322592896 322593604
NPTRACE row 1459 322601543 322610014
NPTRACE row 1460 322618847 322626731
NPTRACE row 1461 322633666 322635398
NPTRACE row 1462 322652194 322660048
NPTRACE row 1463 322667363 322668699
NPTRACE row 1464 322683309 322685261
NPTRACE row 1465 322702575 322710124
NPTRACE row 1466 322719442 322726752
NPTRACE row 1467 322733676 322751968
NPTRACE row 1468 322758699 322762096
NPTRACE row 1469 322773518 322776991
NPTRACE row 1470 322787797 322793422
NPTRACE row 1471 322803791 322810687
NPTRACE row 1472 322819084 322826766
NPTRACE row 1473 322834201 322835104
NPTRACE row 1474 322852139 322860065
NPTRACE row 1475 322867288 322868560
NPTRACE row 1476 322884783 322885124
NPTRACE row 1477 322900895 322902154
NPTRACE row 1478 322918603 322926655
NPTRACE row 1479 322934607 322935607
NPTRACE row 1480 322951986 322959992
NPTRACE row 1481 322966880 322968999
NPTRACE row 1482 322984775 322985241
NPTRACE row 1483 323000635 323018476
NPTRACE row 1484 323024883 323028766
NPTRACE row 1485 323038650 323043469
NPTRACE row 1486 323052077 323060002
NPTRACE row 1487 323068075 323069258
NPTRACE row 1488 323091576 323093819
NPTRACE row 1489 323102920 323110004
NPTRACE row 1490 323118255 323118559
NPTRACE row 1491 323134015 323135420
NPTRACE row 1492 323151481 323151872
NPTRACE row 1493 323166994 323168943
NPTRACE row 1494 323185356 323193347
NPTRACE row 1495 323201429 323202338
NPTRACE row 1496 323217669 323218555
NPTRACE row 1497 323233806 323235148
NPTRACE row 1498 323251027 323251888
NPTRACE row 1499 323266439 323268960
NPTRACE row 1500 323284297 323285250
NPTRACE row 1501 323300350 323302071
NPTRACE row 1502 323317872 323318576
NPTRACE row 1503 323334094 323335849
NPTRACE row 1504 323350524 323351868
NPTRACE row 1505 323367545 323368960
NPTRACE row 1506 323383787 323385222
NPTRACE row 1507 323400419 323402109
NPTRACE row 1508 323417453 323418583
NPTRACE row 1509 323433566 323435436
NPTRACE row 1510 323449982 323451925
NPTRACE row 1511 323472359 323477186
NPTRACE row 1512 323486467 323493574
NPTRACE row 1513 323501314 323502030
NPTRACE row 1514 323517569 323518601
NPTRACE row 1515 323533497 323544510
NPTRACE row 1516 323555976 323560109
NPTRACE row 1517 323567269 323568959
NPTRACE row 1518 323584286 323585284
NPTRACE row 1519 323599983 323602523
NPTRACE row 1520 323616893 323618627
NPTRACE row 1521 323633240 323643525
NPTRACE row 1522 323655549 323660116
NPTRACE row 1523 323666527 323669038
NPTRACE row 1524 323683566 323685318
NPTRACE row 1525 323699615 323701849
NPTRACE row 1526 323717336 323718627
NPTRACE row 1527 323733757 323751911
NPTRACE row 1528 323758206 323762183
NPTRACE row 1529 323772351 323777034
NPTRACE row 1530 323786136 323793492
NPTRACE row 1531 323800527 323818303
NPTRACE row 1532 323824667 323828874
NPTRACE row 1533 323846795 323851897
NPTRACE row 1534 323857462 323860200
NPTRACE row 1535 323886682 323893819
NPTRACE row 1536 323892930 323896497
NPTRACE row 1537 323906688 323910258
NPTRACE row 1538 323920833 323926842
NPTRACE row 1539 323934350 323935430
NPTRACE row 1540 323950781 323952001
NPTRACE row 1541 323966999 323968797
NPTRACE row 1542 323982364 323985286
NPTRACE row 1543 324001430 324018254
NPTRACE row 1544 324024659 324028888
NPTRACE row 1545 324036368 324043551
NPTRACE row 1546 324050319 324052002
NPTRACE row 1547 324067334 324069076
NPTRACE row 1548 324083319 324085386
NPTRACE row 1549 324098890 324102164
NPTRACE row 1550 324116779 324118678
NPTRACE row 1551 324133588 324135873
NPTRACE row 1552 324150049 324152059
NPTRACE row 1553 324166366 324169027
NPTRACE row 1554 324183349 324185347
NPTRACE row 1555 324199879 324201891
NPTRACE row 1556 324217040 324218677
NPTRACE row 1557 324233586 324235487
NPTRACE row 1558 324250305 324252062
NPTRACE row 1559 324266721 324269251
NPTRACE row 1560 324284454 324285487
NPTRACE row 1561 324299791 324318570
NPTRACE row 1562 324325345 324328951
NPTRACE row 1563 324339724 324343539
NPTRACE row 1564 324354111 324360203
NPTRACE row 1565 324367928 324368942
NPTRACE row 1566 324384147 324385416
NPTRACE row 1567 324400784 324402442
NPTRACE row 1568 324416786 324418689
NPTRACE row 1569 324433528 324435226
NPTRACE row 1570 324449846 324452087
NPTRACE row 1571 324465490 324468689
NPTRACE row 1572 324492975 324495984
NPTRACE row 1573 324506767 324510266
NPTRACE row 1574 324521479 324526895
NPTRACE row 1575 324534943 324535352
NPTRACE row 1576 324549942 324552041
NPTRACE row 1577 324566479 324585384
NPTRACE row 1578 324591872 324595585
NPTRACE row 1579 324604893 324610278
NPTRACE row 1580 324618258 324618757
NPTRACE row 1581 324633711 324635542
NPTRACE row 1582 324648471 324652116
NPTRACE row 1583 324666390 324669304
NPTRACE row 1584 324683939 324685589
NPTRACE row 1585 324700220 324702356
NPTRACE row 1586 324717013 324718756
NPTRACE row 1587 324733568 324735598
NPTRACE row 1588 324750148 324752263
NPTRACE row 1589 324766559 324769152
NPTRACE row 1590 324782338 324785373
NPTRACE row 1591 324800583 324802453
NPTRACE row 1592 324816356 324818756
NPTRACE row 1593 324833218 324843285
NPTRACE row 1594 324856514 324860243
NPTRACE row 1595 324866475 324869135
NPTRACE row 1596 324883371 324885627
NPTRACE row 1597 324896735 324901932
NPTRACE row 1598 324913155 324918574
NPTRACE row 1599 324932843 324935967
NPTRACE row 1600 324949654 324952241
NPTRACE row 1601 324963732 324968713
NPTRACE row 1602 324979720 324985252
NPTRACE row 1603 324998248 325002280
NPTRACE row 1604 325016513 325018934
NPTRACE row 1605 325029980 325035261
NPTRACE row 1606 325046182 325051933
NPTRACE row 1607 325064129 325085593
NPTRACE row 1608 325092569 325095801
NPTRACE row 1609 325106869 325110483
NPTRACE row 1610 325121500 325127009
NPTRACE row 1611 325134921 325143299
NPTRACE row 1612 325156266 325160261
NPTRACE row 1613 325166116 325184609
NPTRACE row 1614 325191711 325195646
NPTRACE row 1615 325202710 325210614
NPTRACE row 1616 325214912 325218844
NPTRACE row 1617 325238805 325243600
NPTRACE row 1618 325249242 325268248
NPTRACE row 1619 325274870 325279221
NPTRACE row 1620 325288684 325293739
NPTRACE row 1621 325301588 325302239
NPTRACE row 1622 325316872 325319031
NPTRACE row 1623 325331502 325335580
NPTRACE row 1624 325348964 325352028
NPTRACE row 1625 325365171 325368894
NPTRACE row 1626 325380227 325385289
NPTRACE row 1627 325396127 325401948
NPTRACE row 1628 325413047 325418925
NPTRACE row 1629 325431475 325435612
NPTRACE row 1630 325449890 325452366
NPTRACE row 1631 325466431 325469262
NPTRACE row 1632 325484320 325485907
NPTRACE row 1633 325498501 325502497
NPTRACE row 1634 325519476 325527075
NPTRACE row 1635 325532028 325535367
NPTRACE row 1636 325550879 325552317
NPTRACE row 1637 325566360 325569075
NPTRACE row 1638 325583486 325594027
NPTRACE row 1639 325606475 325610373
NPTRACE row 1640 325616220 325619037
NPTRACE row 1641 325631108 325635502
NPTRACE row 1642 325646489 325651979
NPTRACE row 1643 325663180 325668770
NPTRACE row 1644 325679788 325685658
NPTRACE row 1645 325697802 325702313
NPTRACE row 1646 325712993 325718609
NPTRACE row 1647 325729459 325735318
NPTRACE row 1648 325746233 325752269
NPTRACE row 1649 325764739 325769037
NPTRACE row 1650 325782889 325785658
NPTRACE row 1651 325797379 325802051
NPTRACE row 1652 325816226 325818987
NPTRACE row 1653 325830523 325835385
NPTRACE row 1654 325848324 325852222
NPTRACE row 1655 325864839 325868981
NPTRACE row 1656 325883432 325885906
NPTRACE row 1657 325897485 325902057
NPTRACE row 1658 325913150 325918618
NPTRACE row 1659 325929362 325935282
NPTRACE row 1660 325948494 325952295
NPTRACE row 1661 325966029 325968948
NPTRACE row 1662 325980005 325985291
NPTRACE row 1663 325996608 326002200
NPTRACE row 1664 326015083 326019037
NPTRACE row 1665 326041515 326044269
NPTRACE row 1666 326051741 326052815
NPTRACE row 1667 326066153 326069041
NPTRACE row 1668 326080432 326085431
NPTRACE row 1669 326096008 326101964
NPTRACE row 1670 326113019 326118952
NPTRACE row 1671 326131108 326135611
NPTRACE row 1672 326147096 326152044
NPTRACE row 1673 326164771 326169038
NPTRACE row 1674 326182849 326185761
NPTRACE row 1675 326197514 326202087
NPTRACE row 1676 326213612 326219022
NPTRACE row 1677 326230813 326235418
NPTRACE row 1678 326249019 326252045
NPTRACE row 1679 326265178 326269332
NPTRACE row 1680 326280739 326285446
NPTRACE row 1681 326296012 326301978
NPTRACE row 1682 326312899 326319019
NPTRACE row 1683 326331414 326335475
NPTRACE row 1684 326348781 326352292
NPTRACE row 1685 326364934 326369049
NPTRACE row 1686 326380220 326385327
NPTRACE row 1687 326396131 326401990
NPTRACE row 1688 326413369 326419166
NPTRACE row 1689 326431156 326435562
NPTRACE row 1690 326446301 326452005
NPTRACE row 1691 326462861 326468724
NPTRACE row 1692 326479647 326485413
NPTRACE row 1693 326497935 326502189
NPTRACE row 1694 326513576 326518688
NPTRACE row 1695 326529583 326535337
NPTRACE row 1696 326548405 326552406
NPTRACE row 1697 326566108 326569051
NPTRACE row 1698 326582837 326585785
NPTRACE row 1699 326597728 326602179
NPTRACE row 1700 326616255 326619068
NPTRACE row 1701 326630901 326635520
NPTRACE row 1702 326648478 326660428
NPTRACE row 1703 326673523 326677201
NPTRACE row 1704 326684434 326701632
NPTRACE row 1705 326708301 326712413
NPTRACE row 1706 326723702 326727099
NPTRACE row 1707 326738365 326743736
NPTRACE row 1708 326749239 326752026
NPTRACE row 1709 326762923 326768741
NPTRACE row 1710 326782294 326785414
NPTRACE row 1711 326797992 326802442
NPTRACE row 1712 326813296 326819138
NPTRACE row 1713 326830671 326835515
NPTRACE row 1714 326848179 326852393
NPTRACE row 1715 326864371 326869129
NPTRACE row 1716 326879840 326885366
NPTRACE row 1717 326892965 326895731
NPTRACE row 1718 326909883 326912505
NPTRACE row 1719 326930495 326935370
NPTRACE row 1720 326943484 326945793
NPTRACE row 1721 326963857 326968927
NPTRACE row 1722 326979669 326985728
NPTRACE row 1723 326996818 327002014
NPTRACE row 1724 327012777 327018947
NPTRACE row 1725 327026659 327030064
NPTRACE row 1726 327043503 327046173
NPTRACE row 1727 327075957 327078246
NPTRACE row 1728 327089204 327094022
NPTRACE row 1729 327102731 327110429
NPTRACE row 1730 327115626 327118890
NPTRACE row 1731 327134517 327135552
NPTRACE row 1732 327143174 327145727
NPTRACE row 1733 327159853 327161321
NPTRACE row 1734 327176480 327177870
NPTRACE row 1735 327197085 327202297
NPTRACE row 1736 327209802 327212474
NPTRACE row 1737 327229901 327235519
NPTRACE row 1738 327245673 327252453
NPTRACE row 1739 327263712 327269096
NPTRACE row 1740 327282028 327285782
NPTRACE row 1741 327297347 327302423
NPTRACE row 1742 327315152 327318797
NPTRACE row 1743 327341691 327344704
NPTRACE row 1744 327354471 327360574
NPTRACE row 1745 327367723 327369144
NPTRACE row 1746 327382279 327385960
NPTRACE row 1747 327406842 327410877
NPTRACE row 1748 327417162 327419260
NPTRACE row 1749 327430173 327435672
NPTRACE row 1750 327447708 327452625
NPTRACE row 1751 327464216 327469611
NPTRACE row 1752 327483314 327486124
NPTRACE row 1753 327497235 327502322
NPTRACE row 1754 327514818 327518899
NPTRACE row 1755 327534386 327537392
NPTRACE row 1756 327569131 327577060
NPTRACE row 1757 327575661 327579507
NPTRACE row 1758 327589938 327593974
NPTRACE row 1759 327605188 327610757
NPTRACE row 1760 327615394 327618834
NPTRACE row 1761 327626270 327627827
NPTRACE row 1762 327643319 327644660
NPTRACE row 1763 327676209 327677961
NPTRACE row 1764 327689612 327693995
NPTRACE row 1765 327703611 327710549
NPTRACE row 1766 327714113 327718843
NPTRACE row 1767 327726346 327727839
NPTRACE row 1768 327743194 327744460
NPTRACE row 1769 327763263 327769143
NPTRACE row 1770 327782079 327785975
NPTRACE row 1771 327796531 327802315
NPTRACE row 1772 327812378 327819378
NPTRACE row 1773 327829784 327835780
NPTRACE row 1774 327847470 327852661
NPTRACE row 1775 327864531 327869568
NPTRACE row 1776 327883204 327885710
NPTRACE row 1777 327896767 327902462
NPTRACE row 1778 327915853 327934866
NPTRACE row 1779 327941942 327944426
NPTRACE row 1780 327955611 327960685
NPTRACE row 1781 327970684 327977343
NPTRACE row 1782 327984315 328002504
NPTRACE row 1783 328009985 328011225
NPTRACE row 1784 328024461 328027293
NPTRACE row 1785 328039359 328043917
NPTRACE row 1786 328051467 328052636
NPTRACE row 1787 328064999 328069247
NPTRACE row 1788 328082434 328101437
NPTRACE row 1789 328108210 328111065
NPTRACE row 1790 328120050 328127082
NPTRACE row 1791 328134347 328136110
NPTRACE row 1792 328146339 328152187
NPTRACE row 1793 328159786 328161201
NPTRACE row 1794 328176369 328177714
NPTRACE row 1795 328195919 328202469
NPTRACE row 1796 328215103 328219339
NPTRACE row 1797 328229464 328235779
NPTRACE row 1798 328247464 328261630
NPTRACE row 1799 328275028 328277412
NPTRACE row 1800 328286932 328293969
NPTRACE row 1801 328300371 328302500
NPTRACE row 1802 328315924 328319430
NPTRACE row 1803 328329580 328335803
NPTRACE row 1804 328347976 328368231
NPTRACE row 1805 328375361 328377813
NPTRACE row 1806 328389326 328393985
NPTRACE row 1807 328404603 328410729
NPTRACE row 1808 328417515 328419527
NPTRACE row 1809 328430175 328435824
NPTRACE row 1810 328448619 328452294
NPTRACE row 1811 328462750 328469370
NPTRACE row 1812 328482146 328486099
NPTRACE row 1813 328495683 328502424
NPTRACE row 1814 328514538 328519341
NPTRACE row 1815 328538419 328543869
NPTRACE row 1816 328549233 328567090
NPTRACE row 1817 328574959 328577754
NPTRACE row 1818 328603031 328610583
NPTRACE row 1819 328609207 328612887
NPTRACE row 1820 328623779 328627343
NPTRACE row 1821 328638193 328643966
NPTRACE row 1822 328650586 328652719
NPTRACE row 1823 328664001 328669647
NPTRACE row 1824 328682798 328686277
NPTRACE row 1825 328696140 328702482
NPTRACE row 1826 328715650 328719522
NPTRACE row 1827 328729352 328735801
NPTRACE row 1828 328746741 328752780
NPTRACE row 1829 328763307 328769220
NPTRACE row 1830 328781612 328786118
NPTRACE row 1831 328796064 328802524
NPTRACE row 1832 328815554 328819371
NPTRACE row 1833 328828992 328835865
NPTRACE row 1834 328847581 328852770
NPTRACE row 1835 328862729 328869388
NPTRACE row 1836 328882209 328901555
NPTRACE row 1837 328907940 328910897
NPTRACE row 1838 328919779 328927414
NPTRACE row 1839 328933903 328935880
NPTRACE row 1840 328948975 328952972
NPTRACE row 1841 328962753 328969236
NPTRACE row 1842 328982128 329002359
NPTRACE row 1843 329008535 329010909
NPTRACE row 1844 329021712 329027375
NPTRACE row 1845 329036029 329043899
NPTRACE row 1846 329047030 329052278
NPTRACE row 1847 329059094 329060998
NPTRACE row 1848 329076369 329077650
NPTRACE row 1849 329095031 329102533
NPTRACE row 1850 329115179 329119473
NPTRACE row 1851 329128503 329135830
NPTRACE row 1852 329146557 329152867
NPTRACE row 1853 329162159 329169376
NPTRACE row 1854 329182133 329186312
NPTRACE row 1855 329195882 329202760
NPTRACE row 1856 329212191 329219560
NPTRACE row 1857 329228158 329235829
NPTRACE row 1858 329245163 329253005
NPTRACE row 1859 329261912 329269424
NPTRACE row 1860 329278903 329293439
NPTRACE row 1861 329303374 329310598
NPTRACE row 1862 329309717 329312890
NPTRACE row 1863 329340322 329344208
NPTRACE row 1864 329351124 329352401
NPTRACE row 1865 329364286 329369370
NPTRACE row 1866 329381831 329386212
NPTRACE row 1867 329395576 329402692
NPTRACE row 1868 329412177 329419566
NPTRACE row 1869 329428036 329435802
NPTRACE row 1870 329445364 329452370
NPTRACE row 1871 329461991 329469204
NPTRACE row 1872 329482761 329502433
NPTRACE row 1873 329508435 329510814
NPTRACE row 1874 329520841 329527388
NPTRACE row 1875 329534371 329535873
NPTRACE row 1876 329546139 329552297
NPTRACE row 1877 329558577 329560902
NPTRACE row 1878 329575327 329577431
NPTRACE row 1879 329592002 329595075
NPTRACE row 1880 329618773 329627268
NPTRACE row 1881 329631709 329636001
NPTRACE row 1882 329649336 329652783
NPTRACE row 1883 329661924 329669241
NPTRACE row 1884 329681928 329686226
NPTRACE row 1885 329694377 329702239
NPTRACE row 1886 329711708 329719521
NPTRACE row 1887 329728004 329735689
NPTRACE row 1888 329745281 329752491
NPTRACE row 1889 329762415 329769407
NPTRACE row 1890 329778534 329785641
NPTRACE row 1891 329791036 329794038
NPTRACE row 1892 329808114 329810705
NPTRACE row 1893 329826963 329827588
NPTRACE row 1894 329844781 329852956
NPTRACE row 1895 329861495 329869137
NPTRACE row 1896 329882292 329886477
NPTRACE row 1897 329894368 329902384
NPTRACE row 1898 329911915 329919534
NPTRACE row 1899 329927066 329927542
NPTRACE row 1900 329947478 329952874
NPTRACE row 1901 329962070 329969598
NPTRACE row 1902 329980164 329985751
NPTRACE row 1903 329994481 330002346
NPTRACE row 1904 330015418 330019617
NPTRACE row 1905 330027743 330035613
NPTRACE row 1906 330047504 330052897
NPTRACE row 1907 330061481 330069243
NPTRACE row 1908 330078658 330085741
NPTRACE row 1909 330091220 330094053
NPTRACE row 1910 330113422 330119478
NPTRACE row 1911 330127833 330135599
NPTRACE row 1912 330145507 330168944
NPTRACE row 1913 330174843 330177550
NPTRACE row 1914 330186937 330194071
NPTRACE row 1915 330200146 330202546
NPTRACE row 1916 330212338 330218995
NPTRACE row 1917 330223981 330227335
NPTRACE row 1918 330240953 330243996
NPTRACE row 1919 330266414 330269377
NPTRACE row 1920 330280823 330298033
NPTRACE row 1921 330305728 330310730
NPTRACE row 1922 330318754 330319449
NPTRACE row 1923 330332853 330335902
NPTRACE row 1924 330346300 330352822
NPTRACE row 1925 330361508 330369184
NPTRACE row 1926 330379037 330385674
NPTRACE row 1927 330390943 330394120
NPTRACE row 1928 330419188 330427212
NPTRACE row 1929 330425417 330429395
NPTRACE row 1930 330441005 330444015
NPTRACE row 1931 330457674 330460813
NPTRACE row 1932 330474670 330477393
NPTRACE row 1933 330495948 330502354
NPTRACE row 1934 330507631 330510692
NPTRACE row 1935 330524225 330527542
NPTRACE row 1936 330540976 330544024
NPTRACE row 1937 330560423 330561058
NPTRACE row 1938 330578400 330597249
NPTRACE row 1939 330605878 330610763
NPTRACE row 1940 330618154 330619135
NPTRACE row 1941 330631158 330635741
NPTRACE row 1942 330648014 330652433
NPTRACE row 1943 330657370 330660831
NPTRACE row 1944 330674284 330677491
NPTRACE row 1945 330698311 330703283
NPTRACE row 1946 330709569 330710702
NPTRACE row 1947 330725888 330727474
NPTRACE row 1948 330744649 330752490
NPTRACE row 1949 330761324 330769216
NPTRACE row 1950 330778152 330786340
NPTRACE row 1951 330793168 330794276
NPTRACE row 1952 330811948 330819269
NPTRACE row 1953 330826624 330827710
NPTRACE row 1954 330845498 330853160
NPTRACE row 1955 330860513 330861268
NPTRACE row 1956 330880608 330886462
NPTRACE row 1957 330893404 330894305
NPTRACE row 1958 330912051 330919277
NPTRACE row 1959 330926887 330927765
NPTRACE row 1960 330945356 330952538
NPTRACE row 1961 330958549 330960987
NPTRACE row 1962 330975457 330977517
NPTRACE row 1963 330992561 330994369
NPTRACE row 1964 331015336 331019286
NPTRACE row 1965 331028070 331035866
NPTRACE row 1966 331048635 331060375
NPTRACE row 1967 331070545 331077464
NPTRACE row 1968 331082325 331086324
NPTRACE row 1969 331094913 331102749
NPTRACE row 1970 331115552 331119853
NPTRACE row 1971 331128423 331136123
NPTRACE row 1972 331148825 331160391
NPTRACE row 1973 331170831 331177618
NPTRACE row 1974 331180299 331185849
NPTRACE row 1975 331191088 331194168
NPTRACE row 1976 331207831 331210830
NPTRACE row 1977 331224054 331227492
NPTRACE row 1978 331243416 331244356
NPTRACE row 1979 331262523 331269306
NPTRACE row 1980 331276412 331277674
NPTRACE row 1981 331295248 331303176
NPTRACE row 1982 331311332 331319248
NPTRACE row 1983 331328817 331336036
NPTRACE row 1984 331341032 331344173
NPTRACE row 1985 331357618 331360972
NPTRACE row 1986 331376460 331377670
NPTRACE row 1987 331394872 331403130
NPTRACE row 1988 331409854 331411030
NPTRACE row 1989 331428221 331436468
NPTRACE row 1990 331442934 331444354
NPTRACE row 1991 331461696 331469767
NPTRACE row 1992 331486265 331494158
NPTRACE row 1993 331497905 331518640
NPTRACE row 1994 331524096 331527517
NPTRACE row 1995 331535360 331536556
NPTRACE row 1996 331550607 331552798
NPTRACE row 1997 331563185 331569299
NPTRACE row 1998 331574423 331577526
NPTRACE row 1999 331590952 331594265
NPTRACE row 2000 331622964 331627544
NPTRACE row 2001 331634091 331636464
NPTRACE row 2002 331647926 331653363
NPTRACE row 2003 331669980 331677549
NPTRACE row 2004 331683236 331686211
NPTRACE row 2005 331696850 331702538
NPTRACE row 2006 331707265 331710880
NPTRACE row 2007 331723570 331727743
NPTRACE row 2008 331740634 331744202
NPTRACE row 2009 331760254 331761203
NPTRACE row 2010 331778202 331786525
NPTRACE row 2011 331792629 331794335
NPTRACE row 2012 331811818 331819741
NPTRACE row 2013 331827951 331835887
NPTRACE row 2014 331844882 331852583
NPTRACE row 2015 331857347 331861089
NPTRACE row 2016 331874493 331877668
NPTRACE row 2017 331893259 331894398
NPTRACE row 2018 331911830 331919851
NPTRACE row 2019 331927903 331935760
NPTRACE row 2020 331945100 331953103
NPTRACE row 2021 331960105 331961253
NPTRACE row 2022 331978355 331986576
NPTRACE row 2023 331994550 332002435
NPTRACE row 2024 332011507 332019858
NPTRACE row 2025 332027261 332027735
NPTRACE row 2026 332044776 332052577
NPTRACE row 2027 332056975 332061033
NPTRACE row 2028 332073654 332077561
NPTRACE row 2029 332092654 332094358
NPTRACE row 2030 332111382 332119632
NPTRACE row 2031 332126002 332127835
NPTRACE row 2032 332144698 332152609
NPTRACE row 2033 332156901 332161040
NPTRACE row 2034 332173552 332177572
NPTRACE row 2035 332193931 332194624
NPTRACE row 2036 332211229 332231407
NPTRACE row 2037 332239492 332244304
NPTRACE row 2038 332250903 332253213
NPTRACE row 2039 332264734 332269817
NPTRACE row 2040 332280561 332286603
NPTRACE row 2041 332295251 332302910
NPTRACE row 2042 332315333 332319798
NPTRACE row 2043 332328165 332336149
NPTRACE row 2044 332345524 332353143
NPTRACE row 2045 332360073 332361247
NPTRACE row 2046 332378105 332385963
NPTRACE row 2047 332390572 332394429
NPTRACE row 2048 332406862 332410927
NPTRACE row 2049 332439011 332444269
NPTRACE row 2050 332450649 332453139
NPTRACE row 2051 332464452 332469715
NPTRACE row 2052 332479282 332485944
NPTRACE row 2053 332489930 332494269
NPTRACE row 2054 332506856 332510937
NPTRACE row 2055 332524871 332527800
NPTRACE row 2056 332545292 332553176
NPTRACE row 2057 332560215 332561252
NPTRACE row 2058 332577981 332585942
NPTRACE row 2059 332606121 332610982
NPTRACE row 2060 332617012 332619838
NPTRACE row 2061 332630366 332636320
NPTRACE row 2062 332647426 332653151
NPTRACE row 2063 332661487 332669683
NPTRACE row 2064 332685503 332703484
NPTRACE row 2065 332714047 332719619
NPTRACE row 2066 332729420 332736827
NPTRACE row 2067 332744808 332753156
NPTRACE row 2068 332760385 332761109
NPTRACE row 2069 332775792 332777789
NPTRACE row 2070 332789629 332794456
NPTRACE row 2071 332803728 332811023
NPTRACE row 2072 332814784 332819294
NPTRACE row 2073 332823580 332827616
NPTRACE row 2074 332839577 332844360
NPTRACE row 2075 332874476 332877755
NPTRACE row 2076 332887046 332894450
NPTRACE row 2077 332899494 332902878
NPTRACE row 2078 332912971 332919282
NPTRACE row 2079 332922772 332927737
NPTRACE row 2080 332939280 332944289
NPTRACE row 2081 332973397 332977736
NPTRACE row 2082 332984052 332993626
NPTRACE row 2083 333008631 333011472
NPTRACE row 2084 333021447 333027791
NPTRACE row 2085 333035023 333036230
NPTRACE row 2086 333047016 333052628
NPTRACE row 2087 333056193 333061088
NPTRACE row 2088 333073264 333077751
NPTRACE row 2089 333092455 333094478
NPTRACE row 2090 333111178 333129097
NPTRACE row 2091 333137080 333144174
NPTRACE row 2092 333143966 333146425
NPTRACE row 2093 333156255 333161086
NPTRACE row 2094 333172984 333177625
NPTRACE row 2095 333189928 333194414
NPTRACE row 2096 333209758 333211134
NPTRACE row 2097 333226633 333227704
NPTRACE row 2098 333239276 333244372
NPTRACE row 2099 333256197 333261099
NPTRACE row 2100 333276128 333277790
NPTRACE row 2101 333292877 333294375
NPTRACE row 2102 333323396 333327648
NPTRACE row 2103 333334478 333336547
NPTRACE row 2104 333347480 333352908
NPTRACE row 2105 333362549 333369984
NPTRACE row 2106 333374857 333377905
NPTRACE row 2107 333393039 333394384
NPTRACE row 2108 333408438 333411173
NPTRACE row 2109 333426041 333427778
NPTRACE row 2110 333443754 333444458
NPTRACE row 2111 333460484 333461347
NPTRACE row 2112 333472954 333477779
NPTRACE row 2113 333489027 333494319
NPTRACE row 2114 333522425 333527733
NPTRACE row 2115 333533522 333536070
NPTRACE row 2116 333546576 333552981
NPTRACE row 2117 333562581 333569523
NPTRACE row 2118 333582808 333586985
NPTRACE row 2119 333593711 333594509
NPTRACE row 2120 333609107 333611177
NPTRACE row 2121 333626120 333627738
NPTRACE row 2122 333642703 333644585
NPTRACE row 2123 333660238 333661174
NPTRACE row 2124 333676652 333677854
NPTRACE row 2125 333700639 333703283
NPTRACE row 2126 333721722 333727693
NPTRACE row 2127 333731604 333736616
NPTRACE row 2128 333744061 333744400
NPTRACE row 2129 333759545 333761137
NPTRACE row 2130 333776684 333777824
NPTRACE row 2131 333792388 333794375
NPTRACE row 2132 333805225 333810967
NPTRACE row 2133 333821829 333827633
NPTRACE row 2134 333855312 333860969
NPTRACE row 2135 333866665 333869982
NPTRACE row 2136 333880342 333886442
NPTRACE row 2137 333894721 333903266
NPTRACE row 2138 333909135 333911223
NPTRACE row 2139 333925604 333927718
NPTRACE row 2140 333938793 333944310
NPTRACE row 2141 333955506 333961106
NPTRACE row 2142 333975381 333977806
NPTRACE row 2143 333992899 333994462
NPTRACE row 2144 334016086 334019483
NPTRACE row 2145 334026101 334028067
NPTRACE row 2146 334055596 334061074
NPTRACE row 2147 334067026 334070042
NPTRACE row 2148 334080034 334086231
NPTRACE row 2149 334093791 334094396
NPTRACE row 2150 334121539 334127667
NPTRACE row 2151 334130546 334136246
NPTRACE row 2152 334142694 334144447
NPTRACE row 2153 334158700 334161173
NPTRACE row 2154 334171970 334177734
NPTRACE row 2155 334188516 334194333
NPTRACE row 2156 334221589 334227672
NPTRACE row 2157 334230513 334236225
NPTRACE row 2158 334242479 334244450
NPTRACE row 2159 334259257 334261253
NPTRACE row 2160 334276985 334277964
NPTRACE row 2161 334291355 334294422
NPTRACE row 2162 334308579 334311282
NPTRACE row 2163 334325310 334327760
NPTRACE row 2164 334343333 334344509
NPTRACE row 2165 334359386 334361187
NPTRACE row 2166 334384897 334386330
NPTRACE row 2167 334395265 334403083
NPTRACE row 2168 334409643 334411169
NPTRACE row 2169 334424897 334427771
NPTRACE row 2170 334455644 334461123
NPTRACE row 2171 334467139 334470149
NPTRACE row 2172 334479859 334486231
NPTRACE row 2173 334493539 334494427
NPTRACE row 2174 334507552 334511160
NPTRACE row 2175 334526001 334527955
NPTRACE row 2176 334538577 334544431
NPTRACE row 2177 334555620 334561159
NPTRACE row 2178 334575397 334578060
NPTRACE row 2179 334591825 334594520
NPTRACE row 2180 334613659 334619521
NPTRACE row 2181 334624549 334627805
NPTRACE row 2182 334641369 334644564
NPTRACE row 2183 334659162 334661288
NPTRACE row 2184 334676671 334678103
NPTRACE row 2185 334691768 334694718
NPTRACE row 2186 334708871 334711190
NPTRACE row 2187 334721998 334727711
NPTRACE row 2188 334752359 334752860
NPTRACE row 2189 334759158 334763574
NPTRACE row 2190 334777099 334777936
NPTRACE row 2191 334791956 334794616
NPTRACE row 2192 334805228 334811046
NPTRACE row 2193 334821889 334827660
NPTRACE row 2194 334841206 334844730
NPTRACE row 2195 334858906 334861306
NPTRACE row 2196 334883457 334886448
NPTRACE row 2197 334893051 334894998
NPTRACE row 2198 334908781 334911297
NPTRACE row 2199 334925002 334927868
NPTRACE row 2200 334938563 334944389
NPTRACE row 2201 334955629 334961202
NPTRACE row 2202 334976999 334978069
NPTRACE row 2203 334991452 334994532
NPTRACE row 2204 335007833 335011299
NPTRACE row 2205 335024901 335027878
NPTRACE row 2206 335042863 335044670
NPTRACE row 2207 335059713 335061395
NPTRACE row 2208 335072250 335077928
NPTRACE row 2209 335088653 335094402
NPTRACE row 2210 335109062 335111397
NPTRACE row 2211 335125778 335127882
NPTRACE row 2212 335138570 335144405
NPTRACE row 2213 335155975 335161203
NPTRACE row 2214 335181830 335186241
NPTRACE row 2215 335192526 335194857
NPTRACE row 2216 335208265 335211256
NPTRACE row 2217 335225108 335227893
NPTRACE row 2218 335238769 335244486
NPTRACE row 2219 335255579 335261196
NPTRACE row 2220 335274680 335278022
NPTRACE row 2221 335291458 335294562
NPTRACE row 2222 335308055 335311348
NPTRACE row 2223 335325323 335327977
NPTRACE row 2224 335341089 335344628
NPTRACE row 2225 335358708 335361327
NPTRACE row 2226 335372058 335377837
NPTRACE row 2227 335387206 335394345
NPTRACE row 2228 335408175 335411542
NPTRACE row 2229 335425616 335427905
NPTRACE row 2230 335437308 335444415
NPTRACE row 2231 335454148 335461145
NPTRACE row 2232 335476762 335478464
NPTRACE row 2233 335492785 335494568
NPTRACE row 2234 335504159 335511174
NPTRACE row 2235 335520550 335527697
NPTRACE row 2236 335541135 335544708
NPTRACE row 2237 335559632 335561345
NPTRACE row 2238 335574324 335577973
NPTRACE row 2239 335594007 335594762
NPTRACE row 2240 335608124 335611381
NPTRACE row 2241 335625805 335627917
NPTRACE row 2242 335637471 335644503
NPTRACE row 2243 335654163 335661156
NPTRACE row 2244 335674632 335678027
NPTRACE row 2245 335691911 335694584
NPTRACE row 2246 335703889 335711384
NPTRACE row 2247 335722139 335727728
NPTRACE row 2248 335740725 335744703
NPTRACE row 2249 335759833 335761354
NPTRACE row 2250 335772832 335778198
NPTRACE row 2251 335792037 335794594
NPTRACE row 2252 335804356 335811253
NPTRACE row 2253 335820496 335827717
NPTRACE row 2254 335840145 335844706
NPTRACE row 2255 335859520 335861445
NPTRACE row 2256 335870894 335877910
NPTRACE row 2257 335887197 335894455
NPTRACE row 2258 335908287 335911460
NPTRACE row 2259 335926105 335927944
NPTRACE row 2260 335940510 335944697
NPTRACE row 2261 335959876 335961367
NPTRACE row 2262 335970922 335977797
NPTRACE row 2263 335987175 335994461
NPTRACE row 2264 336005913 336011376
NPTRACE row 2265 336025891 336027946
NPTRACE row 2266 336041555 336044810
NPTRACE row 2267 336059604 336061377
NPTRACE row 2268 336076069 336078134
NPTRACE row 2269 336092018 336094608
NPTRACE row 2270 336105659 336112117
NPTRACE row 2271 336125614 336128036
NPTRACE row 2272 336149768 336152985
NPTRACE row 2273 336159994 336162023
NPTRACE row 2274 336174157 336178134
NPTRACE row 2275 336191947 336194613
NPTRACE row 2276 336203760 336211074
NPTRACE row 2277 336220228 336227680
NPTRACE row 2278 336238262 336245453
NPTRACE row 2279 336258905 336261375
NPTRACE row 2280 336276296 336278249
NPTRACE row 2281 336292245 336294600
NPTRACE row 2282 336303874 336311156
NPTRACE row 2283 336320376 336327898
NPTRACE row 2284 336337095 336344420
NPTRACE row 2285 336355592 336361548
NPTRACE row 2286 336375261 336377935
NPTRACE row 2287 336387010 336394424
NPTRACE row 2288 336402576 336403471
NPTRACE row 2289 336422119 336427971
NPTRACE row 2290 336441774 336444669
NPTRACE row 2291 336452590 336453587
NPTRACE row 2292 336469304 336470207
NPTRACE row 2293 336485374 336503301
NPTRACE row 2294 336509870 336513539
NPTRACE row 2295 336523932 336533076
NPTRACE row 2296 336542352 336546977
NPTRACE row 2297 336556428 336561496
NPTRACE row 2298 336574801 336578020
NPTRACE row 2299 336585430 336586737
NPTRACE row 2300 336602620 336603392
NPTRACE row 2301 336622078 336628012
NPTRACE row 2302 336641100 336644612
NPTRACE row 2303 336673657 336677833
NPTRACE row 2304 336683055 336686449
NPTRACE row 2305 336692011 336694716
NPTRACE row 2306 336703835 336711179
NPTRACE row 2307 336720355 336727941
NPTRACE row 2308 336750222 336753278
NPTRACE row 2309 336766012 336785187
NPTRACE row 2310 336791111 336794625
NPTRACE row 2311 336802372 336803527
NPTRACE row 2312 336815464 336819991
NPTRACE row 2313 336828863 336836262
NPTRACE row 2314 336838858 336844486
NPTRACE row 2315 336853640 336861065
NPTRACE row 2316 336872541 336878165
NPTRACE row 2317 336890431 336894708
NPTRACE row 2318 336902623 336903457
NPTRACE row 2319 336919120 336920157
NPTRACE row 2320 336935953 336936789
NPTRACE row 2321 336952620 336969617
NPTRACE row 2322 336976560 336980481
NPTRACE row 2323 336990639 336994852
NPTRACE row 2324 337007360 337011384
NPTRACE row 2325 337021964 337028166
NPTRACE row 2326 337041130 337044718
NPTRACE row 2327 337053804 337061205
NPTRACE row 2328 337070553 337077948
NPTRACE row 2329 337087679 337095128
NPTRACE row 2330 337108133 337111459
NPTRACE row 2331 337119229 337120041
NPTRACE row 2332 337136917 337144486
NPTRACE row 2333 337156588 337161655
NPTRACE row 2334 337174374 337177985
NPTRACE row 2335 337184692 337186786
NPTRACE row 2336 337201129 337203283
NPTRACE row 2337 337218432 337220572
NPTRACE row 2338 337240508 337244715
NPTRACE row 2339 337251165 337253416
NPTRACE row 2340 337267780 337269911
NPTRACE row 2341 337285649 337287058
NPTRACE row 2342 337306687 337311320
NPTRACE row 2343 337317107 337319964
NPTRACE row 2344 337334103 337336577
NPTRACE row 2345 337354962 337361579
NPTRACE row 2346 337373494 337378066
NPTRACE row 2347 337385563 337386759
NPTRACE row 2348 337410498 337411597
NPTRACE row 2349 337421885 337428053
NPTRACE row 2350 337440121 337444666
NPTRACE row 2351 337451172 337453415
NPTRACE row 2352 337468271 337470111
NPTRACE row 2353 337485824 337487055
NPTRACE row 2354 337507081 337511401
NPTRACE row 2355 337517431 337519984
NPTRACE row 2356 337534773 337536512
NPTRACE row 2357 337555373 337561523
NPTRACE row 2358 337574149 337578015
NPTRACE row 2359 337584353 337586651
NPTRACE row 2360 337601003 337603180
NPTRACE row 2361 337618240 337620476
NPTRACE row 2362 337640050 337644752
NPTRACE row 2363 337651009 337653362
NPTRACE row 2364 337667672 337669855
NPTRACE row 2365 337685512 337686757
NPTRACE row 2366 337708708 337711580
NPTRACE row 2367 337718312 337720085
NPTRACE row 2368 337735037 337736507
NPTRACE row 2369 337754440 337761518
NPTRACE row 2370 337773359 337778092
NPTRACE row 2371 337784621 337786569
NPTRACE row 2372 337801687 337803141
NPTRACE row 2373 337818157 337835650
NPTRACE row 2374 337842529 337847047
NPTRACE row 2375 337872100 337878383
NPTRACE row 2376 337885278 337888362
NPTRACE row 2377 337900955 337903138
NPTRACE row 2378 337916198 337920357
NPTRACE row 2379 337928404 337936343
NPTRACE row 2380 337942709 337944698
NPTRACE row 2381 337954237 337962487
NPTRACE row 2382 337972590 337978040
NPTRACE row 2383 337984190 337986751
NPTRACE row 2384 338000941 338003159
NPTRACE row 2385 338016850 338019790
NPTRACE row 2386 338035086 338036568
NPTRACE row 2387 338060134 338061590
NPTRACE row 2388 338068427 338070310
NPTRACE row 2389 338083430 338086408
NPTRACE row 2390 338100356 338103077
NPTRACE row 2391 338117649 338133621
NPTRACE row 2392 338143376 338145526
NPTRACE row 2393 338158741 338161815
NPTRACE row 2394 338174048 338178099
NPTRACE row 2395 338183299 338186425
NPTRACE row 2396 338200550 338203042
NPTRACE row 2397 338217416 338220286
NPTRACE row 2398 338239373 338244726
NPTRACE row 2399 338250884 338251532
NPTRACE end 3b99148e810e715b
