NPTRACE begin f651e6aa1036ba63 2400 2400 2 0
NPTRACE row 0 32547020 32556255
NPTRACE row 1 32554540 32558763
NPTRACE row 2 32565876 32573967
NPTRACE row 3 32581133 32590618
NPTRACE row 4 32597533 32607243
NPTRACE row 5 32614969 32624173
NPTRACE row 6 32631134 32640590
NPTRACE row 7 32647618 32657279
NPTRACE row 8 32665197 32674238
NPTRACE row 9 32681756 32690603
NPTRACE row 10 32698065 32707257
NPTRACE row 11 32715231 32724262
NPTRACE row 12 32731576 32740650
NPTRACE row 13 32748134 32757296
NPTRACE row 14 32764624 32773991
NPTRACE row 15 32782195 32790895
NPTRACE row 16 32798498 32807275
NPTRACE row 17 32815738 32824221
NPTRACE row 18 32831913 32840692
NPTRACE row 19 32848544 32857270
NPTRACE row 20 32865075 32873987
NPTRACE row 21 32881923 32890606
NPTRACE row 22 32899194 32907527
NPTRACE row 23 32916342 32924261
NPTRACE row 24 32932471 32940706
NPTRACE row 25 32948878 32957276
NPTRACE row 26 32965326 32974009
NPTRACE row 27 32982110 32990728
NPTRACE row 28 32998787 33007291
NPTRACE row 29 33016066 33024242
NPTRACE row 30 33032477 33040699
NPTRACE row 31 33048919 33057301
NPTRACE row 32 33065513 33074010
NPTRACE row 33 33082141 33090704
NPTRACE row 34 33098886 33107319
NPTRACE row 35 33116251 33124288
NPTRACE row 36 33133147 33140864
NPTRACE row 37 33148962 33157297
NPTRACE row 38 33165370 33174034
NPTRACE row 39 33182192 33190643
NPTRACE row 40 33198859 33207280
NPTRACE row 41 33216203 33224257
NPTRACE row 42 33232485 33240698
NPTRACE row 43 33249465 33257513
NPTRACE row 44 33265606 33273995
NPTRACE row 45 33282240 33290721
NPTRACE row 46 33299000 33307337
NPTRACE row 47 33316141 33324202
NPTRACE row 48 33332627 33340856
NPTRACE row 49 33349207 33357463
NPTRACE row 50 33366455 33374409
NPTRACE row 51 33382963 33390831
NPTRACE row 52 33399356 33407435
NPTRACE row 53 33416562 33424385
NPTRACE row 54 33432942 33440836
NPTRACE row 55 33449294 33457406
NPTRACE row 56 33466022 33474193
NPTRACE row 57 33483350 33491038
NPTRACE row 58 33499451 33507382
NPTRACE row 59 33516417 33524363
NPTRACE row 60 33532813 33540888
NPTRACE row 61 33549318 33557433
NPTRACE row 62 33565982 33574133
NPTRACE row 63 33583371 33591052
NPTRACE row 64 33600201 33607707
NPTRACE row 65 33616829 33624334
NPTRACE row 66 33632930 33640780
NPTRACE row 67 33649268 33657376
NPTRACE row 68 33665859 33674083
NPTRACE row 69 33682440 33690718
NPTRACE row 70 33699112 33707379
NPTRACE row 71 33716505 33724369
NPTRACE row 72 33732941 33740795
NPTRACE row 73 33749574 33757431
NPTRACE row 74 33766294 33774230
NPTRACE row 75 33783000 33790907
NPTRACE row 76 33799637 33807529
NPTRACE row 77 33817062 33824463
NPTRACE row 78 33833902 33841123
NPTRACE row 79 33849859 33857485
NPTRACE row 80 33866364 33874245
NPTRACE row 81 33882615 33890856
NPTRACE row 82 33899307 33907478
NPTRACE row 83 33916479 33924426
NPTRACE row 84 33932972 33940834
NPTRACE row 85 33950021 33957761
NPTRACE row 86 33966521 33974254
NPTRACE row 87 33983264 33990918
NPTRACE row 88 33999187 34007422
NPTRACE row 89 34016546 34024372
NPTRACE row 90 34032564 34040887
NPTRACE row 91 34049220 34057478
NPTRACE row 92 34066741 34074410
NPTRACE row 93 34083232 34090926
NPTRACE row 94 34099941 34107469
NPTRACE row 95 34116367 34124413
NPTRACE row 96 34132467 34140690
NPTRACE row 97 34148778 34157388
NPTRACE row 98 34165463 34174189
NPTRACE row 99 34183371 34191005
NPTRACE row 100 34199750 34207439
NPTRACE row 101 34216985 34224406
NPTRACE row 102 34232734 34240846
NPTRACE row 103 34249330 34257386
NPTRACE row 104 34265800 34274148
NPTRACE row 105 34282795 34290834
NPTRACE row 106 34300020 34307709
NPTRACE row 107 34317240 34324374
NPTRACE row 108 34333221 34340872
NPTRACE row 109 34349505 34357434
NPTRACE row 110 34366149 34374166
NPTRACE row 111 34382916 34390840
NPTRACE row 112 34399556 34407485
NPTRACE row 113 34417074 34424451
NPTRACE row 114 34433338 34440835
NPTRACE row 115 34449949 34457528
NPTRACE row 116 34466613 34474328
NPTRACE row 117 34483404 34491003
NPTRACE row 118 34500159 34507571
NPTRACE row 119 34518055 34524509
NPTRACE row 120 34534194 34541220
NPTRACE row 121 34550379 34557604
NPTRACE row 122 34566581 34574284
NPTRACE row 123 34583469 34590981
NPTRACE row 124 34600102 34607572
NPTRACE row 125 34617356 34624528
NPTRACE row 126 34633646 34641002
NPTRACE row 127 34651351 34658084
NPTRACE row 128 34667280 34674368
NPTRACE row 129 34684268 34690972
NPTRACE row 130 34700007 34707541
NPTRACE row 131 34717298 34724545
NPTRACE row 132 34733545 34741000
NPTRACE row 133 34750135 34757571
NPTRACE row 134 34767385 34774542
NPTRACE row 135 34783642 34790988
NPTRACE row 136 34800045 34807621
NPTRACE row 137 34817429 34824495
NPTRACE row 138 34833638 34841005
NPTRACE row 139 34850189 34857596
NPTRACE row 140 34866595 34874306
NPTRACE row 141 34883989 34891192
NPTRACE row 142 34900267 34907629
NPTRACE row 143 34917823 34924589
NPTRACE row 144 34933728 34940957
NPTRACE row 145 34950113 34957524
NPTRACE row 146 34966634 34974296
NPTRACE row 147 34983419 34990930
NPTRACE row 148 35000648 35007787
NPTRACE row 149 35017540 35024497
NPTRACE row 150 35033505 35040920
NPTRACE row 151 35049956 35057519
NPTRACE row 152 35066502 35074240
NPTRACE row 153 35083325 35090970
NPTRACE row 154 35100090 35107577
NPTRACE row 155 35117417 35124493
NPTRACE row 156 35133623 35140897
NPTRACE row 157 35149944 35157567
NPTRACE row 158 35166620 35174269
NPTRACE row 159 35183478 35190934
NPTRACE row 160 35200090 35207499
NPTRACE row 161 35217148 35224435
NPTRACE row 162 35233407 35240916
NPTRACE row 163 35249977 35257508
NPTRACE row 164 35266833 35274186
NPTRACE row 165 35282872 35290849
NPTRACE row 166 35299566 35307471
NPTRACE row 167 35316844 35324398
NPTRACE row 168 35334103 35341139
NPTRACE row 169 35350178 35357557
NPTRACE row 170 35366833 35374223
NPTRACE row 171 35383326 35390811
NPTRACE row 172 35399421 35407465
NPTRACE row 173 35416616 35424451
NPTRACE row 174 35433158 35440849
NPTRACE row 175 35449517 35457451
NPTRACE row 176 35466306 35474201
NPTRACE row 177 35483039 35490775
NPTRACE row 178 35499615 35507382
NPTRACE row 179 35516174 35524389
NPTRACE row 180 35532984 35540835
NPTRACE row 181 35548887 35557410
NPTRACE row 182 35565769 35574069
NPTRACE row 183 35582211 35590832
NPTRACE row 184 35599175 35607460
NPTRACE row 185 35616392 35624351
NPTRACE row 186 35632481 35640781
NPTRACE row 187 35648578 35657398
NPTRACE row 188 35665370 35674111
NPTRACE row 189 35681959 35690778
NPTRACE row 190 35698828 35707385
NPTRACE row 191 35716577 35724530
NPTRACE row 192 35734199 35741047
NPTRACE row 193 35749179 35757408
NPTRACE row 194 35765928 35774139
NPTRACE row 195 35782340 35790803
NPTRACE row 196 35799303 35807413
NPTRACE row 197 35816252 35824320
NPTRACE row 198 35833814 35840826
NPTRACE row 199 35849109 35857362
NPTRACE row 200 35865628 35874028
NPTRACE row 201 35881957 35890590
NPTRACE row 202 35898766 35907297
NPTRACE row 203 35915610 35924231
NPTRACE row 204 35932647 35940821
NPTRACE row 205 35948906 35957439
NPTRACE row 206 35966031 35974171
NPTRACE row 207 35982378 35990822
NPTRACE row 208 35999313 36007459
NPTRACE row 209 36016274 36024409
NPTRACE row 210 36033002 36040877
NPTRACE row 211 36049634 36057478
NPTRACE row 212 36066009 36074130
NPTRACE row 213 36082262 36090825
NPTRACE row 214 36100182 36107479
NPTRACE row 215 36116195 36124434
NPTRACE row 216 36133915 36141078
NPTRACE row 217 36149631 36157520
NPTRACE row 218 36166530 36174208
NPTRACE row 219 36182645 36190911
NPTRACE row 220 36199973 36207470
NPTRACE row 221 36216634 36224445
NPTRACE row 222 36233406 36240892
NPTRACE row 223 36249244 36257440
NPTRACE row 224 36266875 36274164
NPTRACE row 225 36282568 36290873
NPTRACE row 226 36299939 36307448
NPTRACE row 227 36316573 36324345
NPTRACE row 228 36333636 36340778
NPTRACE row 229 36349528 36357340
NPTRACE row 230 36365987 36374020
NPTRACE row 231 36382301 36390639
NPTRACE row 232 36399376 36407331
NPTRACE row 233 36416053 36424222
NPTRACE row 234 36432810 36440646
NPTRACE row 235 36448778 36457293
NPTRACE row 236 36466016 36474040
NPTRACE row 237 36482575 36490749
NPTRACE row 238 36500523 36507423
NPTRACE row 239 36516542 36524369
NPTRACE row 240 36534224 36541019
NPTRACE row 241 36549883 36557497
NPTRACE row 242 36566928 36574136
NPTRACE row 243 36582900 36590812
NPTRACE row 244 36600126 36607427
NPTRACE row 245 36616785 36624409
NPTRACE row 246 36633803 36640768
NPTRACE row 247 36649605 36657419
NPTRACE row 248 36666383 36674116
NPTRACE row 249 36682793 36690771
NPTRACE row 250 36699808 36707295
NPTRACE row 251 36716141 36724238
NPTRACE row 252 36732962 36740617
NPTRACE row 253 36748857 36757242
NPTRACE row 254 36765829 36773912
NPTRACE row 255 36782538 36790838
NPTRACE row 256 36799349 36807306
NPTRACE row 257 36816099 36824185
NPTRACE row 258 36832944 36840602
NPTRACE row 259 36848849 36857259
NPTRACE row 260 36865878 36873978
NPTRACE row 261 36882173 36890536
NPTRACE row 262 36899271 36907283
NPTRACE row 263 36916145 36924181
NPTRACE row 264 36933612 36940829
NPTRACE row 265 36949148 36957248
NPTRACE row 266 36966298 36974033
NPTRACE row 267 36982427 36990606
NPTRACE row 268 36999744 37007276
NPTRACE row 269 37016852 37024332
NPTRACE row 270 37034343 37040811
NPTRACE row 271 37049639 37057389
NPTRACE row 272 37066455 37074101
NPTRACE row 273 37082607 37090756
NPTRACE row 274 37099595 37107376
NPTRACE row 275 37116346 37124307
NPTRACE row 276 37133178 37140726
NPTRACE row 277 37149338 37157434
NPTRACE row 278 37166383 37174105
NPTRACE row 279 37182861 37190621
NPTRACE row 280 37199334 37207259
NPTRACE row 281 37216049 37224231
NPTRACE row 282 37232924 37240591
NPTRACE row 283 37248845 37257270
NPTRACE row 284 37265881 37273920
NPTRACE row 285 37282089 37290578
NPTRACE row 286 37299165 37307267
NPTRACE row 287 37315962 37324197
NPTRACE row 288 37333867 37340919
NPTRACE row 289 37349420 37357390
NPTRACE row 290 37366525 37374034
NPTRACE row 291 37382478 37390641
NPTRACE row 292 37399829 37407366
NPTRACE row 293 37416608 37424288
NPTRACE row 294 37433367 37440640
NPTRACE row 295 37449199 37457278
NPTRACE row 296 37465871 37473989
NPTRACE row 297 37482039 37490593
NPTRACE row 298 37499171 37507303
NPTRACE row 299 37516186 37524246
NPTRACE row 300 37532992 37540612
NPTRACE row 301 37548943 37557317
NPTRACE row 302 37565976 37573975
NPTRACE row 303 37582160 37590623
NPTRACE row 304 37599376 37607300
NPTRACE row 305 37616079 37624154
NPTRACE row 306 37632763 37640493
NPTRACE row 307 37648616 37657282
NPTRACE row 308 37666080 37673900
NPTRACE row 309 37681812 37690433
NPTRACE row 310 37698876 37707109
NPTRACE row 311 37715761 37724079
NPTRACE row 312 37733584 37740802
NPTRACE row 313 37749282 37757315
NPTRACE row 314 37766496 37773968
NPTRACE row 315 37782394 37790585
NPTRACE row 316 37799562 37807276
NPTRACE row 317 37816256 37824187
NPTRACE row 318 37833333 37840612
NPTRACE row 319 37849919 37857536
NPTRACE row 320 37866352 37873981
NPTRACE row 321 37882854 37890509
NPTRACE row 322 37899135 37907272
NPTRACE row 323 37916022 37924183
NPTRACE row 324 37932956 37940587
NPTRACE row 325 37948757 37957225
NPTRACE row 326 37965837 37973895
NPTRACE row 327 37981917 37990505
NPTRACE row 328 37999143 38007258
NPTRACE row 329 38016042 38024174
NPTRACE row 330 38032906 38040525
NPTRACE row 331 38048787 38057248
NPTRACE row 332 38065970 38073889
NPTRACE row 333 38081995 38090529
NPTRACE row 334 38099216 38107290
NPTRACE row 335 38116163 38124152
NPTRACE row 336 38133823 38140756
NPTRACE row 337 38149150 38157277
NPTRACE row 338 38166318 38173991
NPTRACE row 339 38182335 38190586
NPTRACE row 340 38199648 38207259
NPTRACE row 341 38216410 38224191
NPTRACE row 342 38233353 38240573
NPTRACE row 343 38249121 38257219
NPTRACE row 344 38265972 38273897
NPTRACE row 345 38282424 38290610
NPTRACE row 346 38299510 38307361
NPTRACE row 347 38316313 38324189
NPTRACE row 348 38333263 38340573
NPTRACE row 349 38348608 38357273
NPTRACE row 350 38365900 38373924
NPTRACE row 351 38382133 38390490
NPTRACE row 352 38399246 38407247
NPTRACE row 353 38416153 38424164
NPTRACE row 354 38432852 38440528
NPTRACE row 355 38448819 38457224
NPTRACE row 356 38465959 38473912
NPTRACE row 357 38481992 38490505
NPTRACE row 358 38499028 38507181
NPTRACE row 359 38515955 38524197
NPTRACE row 360 38533787 38540836
NPTRACE row 361 38549406 38557275
NPTRACE row 362 38566951 38573912
NPTRACE row 363 38582351 38590564
NPTRACE row 364 38599598 38607268
NPTRACE row 365 38616397 38624214
NPTRACE row 366 38633364 38640530
NPTRACE row 367 38649179 38657218
NPTRACE row 368 38665812 38673868
NPTRACE row 369 38682079 38690490
NPTRACE row 370 38699124 38707201
NPTRACE row 371 38716099 38724124
NPTRACE row 372 38732914 38740475
NPTRACE row 373 38748640 38757156
NPTRACE row 374 38765799 38773821
NPTRACE row 375 38781978 38790458
NPTRACE row 376 38799162 38807195
NPTRACE row 377 38816102 38824003
NPTRACE row 378 38832553 38840370
NPTRACE row 379 38848472 38857139
NPTRACE row 380 38865745 38873829
NPTRACE row 381 38882108 38890287
NPTRACE row 382 38898635 38906989
NPTRACE row 383 38916124 38924148
NPTRACE row 384 38933462 38940572
NPTRACE row 385 38949042 38956980
NPTRACE row 386 38966337 38973719
NPTRACE row 387 38981898 38990279
NPTRACE row 388 38999005 39006943
NPTRACE row 389 39015553 39023843
NPTRACE row 390 39032512 39040321
NPTRACE row 391 39048570 39056982
NPTRACE row 392 39065342 39073556
NPTRACE row 393 39081477 39090204
NPTRACE row 394 39098573 39106961
NPTRACE row 395 39115358 39123867
NPTRACE row 396 39132243 39140237
NPTRACE row 397 39148165 39156957
NPTRACE row 398 39165235 39173566
NPTRACE row 399 39181315 39190213
NPTRACE row 400 39198439 39206971
NPTRACE row 401 39215297 39223927
NPTRACE row 402 39232216 39240261
NPTRACE row 403 39248203 39256946
NPTRACE row 404 39265286 39273577
NPTRACE row 405 39281343 39290266
NPTRACE row 406 39298549 39306984
NPTRACE row 407 39315451 39323842
NPTRACE row 408 39333081 39340497
NPTRACE row 409 39348527 39357000
NPTRACE row 410 39365599 39373645
NPTRACE row 411 39381761 39390271
NPTRACE row 412 39399017 39407013
NPTRACE row 413 39415875 39423924
NPTRACE row 414 39432744 39440287
NPTRACE row 415 39448530 39456965
NPTRACE row 416 39465240 39473585
NPTRACE row 417 39481472 39490256
NPTRACE row 418 39498539 39506902
NPTRACE row 419 39515241 39523754
NPTRACE row 420 39531991 39540188
NPTRACE row 421 39547965 39556934
NPTRACE row 422 39565203 39573550
NPTRACE row 423 39583086 39590922
NPTRACE row 424 39599234 39606920
NPTRACE row 425 39615311 39623831
NPTRACE row 426 39632085 39640181
NPTRACE row 427 39648398 39656947
NPTRACE row 428 39665651 39673547
NPTRACE row 429 39681283 39690183
NPTRACE row 430 39698130 39706842
NPTRACE row 431 39716547 39724503
NPTRACE row 432 39733454 39740478
NPTRACE row 433 39748416 39756971
NPTRACE row 434 39765508 39773577
NPTRACE row 435 39781428 39790261
NPTRACE row 436 39798772 39806950
NPTRACE row 437 39815449 39823859
NPTRACE row 438 39832435 39840239
NPTRACE row 439 39849901 39857572
NPTRACE row 440 39865591 39873542
NPTRACE row 441 39881072 39890189
NPTRACE row 442 39898233 39906962
NPTRACE row 443 39915162 39923848
NPTRACE row 444 39932004 39940219
NPTRACE row 445 39947904 39956890
NPTRACE row 446 39964908 39973582
NPTRACE row 447 39983360 39991175
NPTRACE row 448 39999368 40006976
NPTRACE row 449 40015185 40023782
NPTRACE row 450 40031769 40040215
NPTRACE row 451 40047789 40056919
NPTRACE row 452 40064921 40073539
NPTRACE row 453 40081113 40090171
NPTRACE row 454 40098328 40106901
NPTRACE row 455 40116836 40124497
NPTRACE row 456 40133489 40140454
NPTRACE row 457 40148320 40156966
NPTRACE row 458 40165513 40173601
NPTRACE row 459 40181507 40190244
NPTRACE row 460 40198752 40206898
NPTRACE row 461 40215286 40223827
NPTRACE row 462 40232226 40240259
NPTRACE row 463 40249871 40257615
NPTRACE row 464 40265804 40273514
NPTRACE row 465 40281168 40290167
NPTRACE row 466 40298267 40306888
NPTRACE row 467 40315020 40323775
NPTRACE row 468 40331858 40340189
NPTRACE row 469 40347898 40356899
NPTRACE row 470 40364944 40373528
NPTRACE row 471 40382598 40390816
NPTRACE row 472 40398769 40406878
NPTRACE row 473 40414978 40423820
NPTRACE row 474 40431822 40440204
NPTRACE row 475 40447878 40456837
NPTRACE row 476 40464933 40473512
NPTRACE row 477 40481143 40490206
NPTRACE row 478 40498232 40506862
NPTRACE row 479 40516776 40524458
NPTRACE row 480 40533463 40540425
NPTRACE row 481 40548196 40556878
NPTRACE row 482 40565243 40573463
NPTRACE row 483 40581233 40590201
NPTRACE row 484 40598738 40606910
NPTRACE row 485 40615377 40623803
NPTRACE row 486 40632321 40640167
NPTRACE row 487 40649921 40657526
NPTRACE row 488 40666425 40673493
NPTRACE row 489 40681033 40690195
NPTRACE row 490 40698305 40706833
NPTRACE row 491 40714931 40723760
NPTRACE row 492 40731725 40740142
NPTRACE row 493 40747894 40756961
NPTRACE row 494 40765384 40773605
NPTRACE row 495 40783492 40791114
NPTRACE row 496 40799838 40806986
NPTRACE row 497 40815790 40823892
NPTRACE row 498 40832362 40840313
NPTRACE row 499 40848366 40857009
NPTRACE row 500 40865583 40873636
NPTRACE row 501 40881796 40890252
NPTRACE row 502 40898786 40906960
NPTRACE row 503 40917176 40924523
NPTRACE row 504 40933973 40940584
NPTRACE row 505 40948936 40956993
NPTRACE row 506 40966072 40973727
NPTRACE row 507 40982146 40990319
NPTRACE row 508 40999352 41007058
NPTRACE row 509 41016015 41023909
NPTRACE row 510 41032950 41040365
NPTRACE row 511 41051503 41058102
NPTRACE row 512 41066650 41073619
NPTRACE row 513 41081514 41090237
NPTRACE row 514 41098753 41106987
NPTRACE row 515 41115537 41123908
NPTRACE row 516 41132388 41140268
NPTRACE row 517 41148309 41156973
NPTRACE row 518 41165480 41173605
NPTRACE row 519 41183175 41190985
NPTRACE row 520 41199456 41206963
NPTRACE row 521 41215737 41223904
NPTRACE row 522 41232360 41240324
NPTRACE row 523 41248258 41256991
NPTRACE row 524 41265346 41273554
NPTRACE row 525 41281478 41290314
NPTRACE row 526 41298758 41307012
NPTRACE row 527 41317599 41324642
NPTRACE row 528 41334200 41340534
NPTRACE row 529 41348929 41357039
NPTRACE row 530 41366010 41373695
NPTRACE row 531 41382064 41390284
NPTRACE row 532 41399334 41407026
NPTRACE row 533 41415973 41423889
NPTRACE row 534 41432771 41440297
NPTRACE row 535 41450310 41457606
NPTRACE row 536 41466143 41473635
NPTRACE row 537 41481610 41490278
NPTRACE row 538 41498861 41506968
NPTRACE row 539 41515573 41523857
NPTRACE row 540 41532323 41540284
NPTRACE row 541 41548297 41556961
NPTRACE row 542 41565523 41573599
NPTRACE row 543 41583511 41591099
NPTRACE row 544 41599804 41606943
NPTRACE row 545 41615432 41623814
NPTRACE row 546 41632227 41640244
NPTRACE row 547 41648256 41656952
NPTRACE row 548 41665418 41673571
NPTRACE row 549 41681649 41690288
NPTRACE row 550 41698897 41706917
NPTRACE row 551 41717170 41724531
NPTRACE row 552 41734887 41740523
NPTRACE row 553 41748919 41757003
NPTRACE row 554 41765900 41773543
NPTRACE row 555 41781802 41790302
NPTRACE row 556 41799165 41807012
NPTRACE row 557 41815957 41823845
NPTRACE row 558 41832836 41840253
NPTRACE row 559 41850784 41857784
NPTRACE row 560 41866300 41873552
NPTRACE row 561 41881541 41890220
NPTRACE row 562 41898781 41906952
NPTRACE row 563 41915632 41923822
NPTRACE row 564 41932308 41940245
NPTRACE row 565 41948213 41956875
NPTRACE row 566 41965241 41973542
NPTRACE row 567 41983141 41990940
NPTRACE row 568 41999412 42006944
NPTRACE row 569 42015597 42023780
NPTRACE row 570 42032360 42040239
NPTRACE row 571 42048296 42056961
NPTRACE row 572 42065392 42073500
NPTRACE row 573 42081545 42090211
NPTRACE row 574 42098872 42106938
NPTRACE row 575 42118049 42124822
NPTRACE row 576 42134216 42140470
NPTRACE row 577 42148805 42156990
NPTRACE row 578 42165893 42173578
NPTRACE row 579 42181984 42190253
NPTRACE row 580 42199527 42207015
NPTRACE row 581 42216533 42223966
NPTRACE row 582 42233359 42240429
NPTRACE row 583 42251029 42257776
NPTRACE row 584 42267600 42273631
NPTRACE row 585 42282128 42290339
NPTRACE row 586 42299221 42307035
NPTRACE row 587 42316096 42323913
NPTRACE row 588 42332925 42340368
NPTRACE row 589 42348937 42357075
NPTRACE row 590 42366123 42373708
NPTRACE row 591 42384163 42391153
NPTRACE row 592 42400217 42407054
NPTRACE row 593 42416208 42423927
NPTRACE row 594 42433011 42440378
NPTRACE row 595 42448931 42456998
NPTRACE row 596 42465972 42473620
NPTRACE row 597 42482076 42490336
NPTRACE row 598 42499255 42507047
NPTRACE row 599 42517849 42524576
NPTRACE row 600 42534493 42540574
NPTRACE row 601 42549447 42557097
NPTRACE row 602 42566550 42573692
NPTRACE row 603 42582435 42590357
NPTRACE row 604 42599869 42607084
NPTRACE row 605 42616585 42623946
NPTRACE row 606 42633365 42640359
NPTRACE row 607 42651158 42657833
NPTRACE row 608 42666805 42673573
NPTRACE row 609 42683071 42690378
NPTRACE row 610 42699398 42706985
NPTRACE row 611 42716260 42723894
NPTRACE row 612 42732947 42740294
NPTRACE row 613 42748859 42756975
NPTRACE row 614 42765986 42773543
NPTRACE row 615 42783929 42791027
NPTRACE row 616 42800442 42806973
NPTRACE row 617 42816025 42823778
NPTRACE row 618 42833316 42840269
NPTRACE row 619 42848832 42856988
NPTRACE row 620 42865961 42873615
NPTRACE row 621 42882240 42890304
NPTRACE row 622 42899385 42907008
NPTRACE row 623 42918902 42924716
NPTRACE row 624 42934637 42940535
NPTRACE row 625 42949397 42956991
NPTRACE row 626 42966429 42973596
NPTRACE row 627 42982268 42990295
NPTRACE row 628 42999564 43006966
NPTRACE row 629 43016322 43023836
NPTRACE row 630 43033211 43040332
NPTRACE row 631 43050956 43057605
NPTRACE row 632 43066620 43073499
NPTRACE row 633 43082031 43090237
NPTRACE row 634 43099251 43106935
NPTRACE row 635 43116045 43123823
NPTRACE row 636 43132852 43140254
NPTRACE row 637 43148787 43156932
NPTRACE row 638 43165802 43173520
NPTRACE row 639 43184440 43191338
NPTRACE row 640 43200330 43206934
NPTRACE row 641 43216119 43223826
NPTRACE row 642 43232876 43240272
NPTRACE row 643 43248866 43256915
NPTRACE row 644 43265863 43273503
NPTRACE row 645 43282019 43290261
NPTRACE row 646 43299411 43306953
NPTRACE row 647 43317733 43324430
NPTRACE row 648 43334299 43340516
NPTRACE row 649 43349223 43356947
NPTRACE row 650 43366306 43373594
NPTRACE row 651 43382318 43390291
NPTRACE row 652 43399802 43406960
NPTRACE row 653 43416403 43423853
NPTRACE row 654 43433272 43440354
NPTRACE row 655 43451191 43457752
NPTRACE row 656 43466807 43473615
NPTRACE row 657 43482198 43490314
NPTRACE row 658 43499223 43506944
NPTRACE row 659 43515962 43523774
NPTRACE row 660 43532642 43540319
NPTRACE row 661 43548781 43556984
NPTRACE row 662 43565944 43573537
NPTRACE row 663 43583747 43590974
NPTRACE row 664 43600019 43606954
NPTRACE row 665 43616013 43623856
NPTRACE row 666 43632794 43640289
NPTRACE row 667 43648893 43656987
NPTRACE row 668 43665979 43673560
NPTRACE row 669 43682978 43690265
NPTRACE row 670 43699161 43706905
NPTRACE row 671 43717844 43724705
NPTRACE row 672 43734555 43740530
NPTRACE row 673 43749362 43756953
NPTRACE row 674 43766790 43773615
NPTRACE row 675 43783035 43790417
NPTRACE row 676 43800288 43807086
NPTRACE row 677 43817095 43823955
NPTRACE row 678 43834104 43840396
NPTRACE row 679 43851432 43857730
NPTRACE row 680 43867071 43873617
NPTRACE row 681 43882542 43890376
NPTRACE row 682 43899858 43907073
NPTRACE row 683 43916740 43923902
NPTRACE row 684 43933373 43940362
NPTRACE row 685 43949379 43956991
NPTRACE row 686 43966418 43973646
NPTRACE row 687 43984495 43991249
NPTRACE row 688 44000909 44007064
NPTRACE row 689 44016640 44023850
NPTRACE row 690 44033221 44040345
NPTRACE row 691 44049229 44057032
NPTRACE row 692 44066399 44073645
NPTRACE row 693 44082549 44090318
NPTRACE row 694 44099902 44107010
NPTRACE row 695 44118326 44124558
NPTRACE row 696 44135069 44140582
NPTRACE row 697 44149912 44157084
NPTRACE row 698 44167102 44173723
NPTRACE row 699 44183046 44190396
NPTRACE row 700 44200264 44207004
NPTRACE row 701 44216866 44223900
NPTRACE row 702 44233731 44240436
NPTRACE row 703 44252326 44258129
NPTRACE row 704 44268295 44273615
NPTRACE row 705 44282648 44290331
NPTRACE row 706 44299863 44307000
NPTRACE row 707 44316521 44323880
NPTRACE row 708 44333842 44340329
NPTRACE row 709 44349386 44357017
NPTRACE row 710 44367365 44373607
NPTRACE row 711 44384116 44390960
NPTRACE row 712 44400347 44407036
NPTRACE row 713 44416576 44423901
NPTRACE row 714 44433334 44440369
NPTRACE row 715 44449375 44456979
NPTRACE row 716 44466472 44473590
NPTRACE row 717 44482524 44490376
NPTRACE row 718 44499818 44507014
NPTRACE row 719 44518582 44524704
NPTRACE row 720 44535116 44540618
NPTRACE row 721 44549876 44557032
NPTRACE row 722 44566900 44573617
NPTRACE row 723 44582913 44590358
NPTRACE row 724 44601090 44607075
NPTRACE row 725 44617019 44623900
NPTRACE row 726 44633925 44640327
NPTRACE row 727 44651409 44657696
NPTRACE row 728 44667148 44673588
NPTRACE row 729 44682538 44690344
NPTRACE row 730 44699940 44706991
NPTRACE row 731 44716585 44723838
NPTRACE row 732 44733198 44740304
NPTRACE row 733 44749210 44757012
NPTRACE row 734 44766468 44773581
NPTRACE row 735 44784409 44791112
NPTRACE row 736 44800747 44806971
NPTRACE row 737 44816554 44823890
NPTRACE row 738 44833323 44840334
NPTRACE row 739 44849328 44857030
NPTRACE row 740 44867446 44873605
NPTRACE row 741 44882590 44890277
NPTRACE row 742 44899631 44906972
NPTRACE row 743 44918036 44924197
NPTRACE row 744 44934496 44940599
NPTRACE row 745 44949866 44956989
NPTRACE row 746 44966937 44973616
NPTRACE row 747 44983022 44990354
NPTRACE row 748 45000259 45007050
NPTRACE row 749 45017009 45023866
NPTRACE row 750 45033841 45040395
NPTRACE row 751 45051918 45057282
NPTRACE row 752 45066787 45073601
NPTRACE row 753 45082475 45090294
NPTRACE row 754 45099760 45107021
NPTRACE row 755 45116584 45123903
NPTRACE row 756 45133335 45140304
NPTRACE row 757 45149374 45156986
NPTRACE row 758 45166434 45173592
NPTRACE row 759 45184132 45190432
NPTRACE row 760 45199987 45206973
NPTRACE row 761 45216738 45223869
NPTRACE row 762 45233280 45240344
NPTRACE row 763 45249285 45256974
NPTRACE row 764 45266332 45273547
NPTRACE row 765 45282479 45290350
NPTRACE row 766 45299756 45307015
NPTRACE row 767 45319261 45324342
NPTRACE row 768 45334869 45340607
NPTRACE row 769 45349865 45357042
NPTRACE row 770 45367904 45373636
NPTRACE row 771 45382994 45390338
NPTRACE row 772 45400318 45407038
NPTRACE row 773 45416922 45423891
NPTRACE row 774 45433734 45440348
NPTRACE row 775 45451918 45457342
NPTRACE row 776 45466859 45473603
NPTRACE row 777 45482566 45490307
NPTRACE row 778 45499845 45506984
NPTRACE row 779 45516584 45523831
NPTRACE row 780 45533277 45540342
NPTRACE row 781 45549280 45557014
NPTRACE row 782 45566550 45573643
NPTRACE row 783 45585028 45590792
NPTRACE row 784 45600180 45606967
NPTRACE row 785 45616460 45623885
NPTRACE row 786 45633294 45640332
NPTRACE row 787 45649359 45656979
NPTRACE row 788 45666480 45673607
NPTRACE row 789 45682584 45690296
NPTRACE row 790 45699747 45706945
NPTRACE row 791 45718726 45724231
NPTRACE row 792 45734780 45740577
NPTRACE row 793 45749937 45757010
NPTRACE row 794 45766929 45773598
NPTRACE row 795 45782854 45790356
NPTRACE row 796 45800221 45807025
NPTRACE row 797 45816973 45823917
NPTRACE row 798 45833933 45840301
NPTRACE row 799 45850610 45857322
NPTRACE row 800 45866898 45873628
NPTRACE row 801 45883370 45890280
NPTRACE row 802 45899832 45907002
NPTRACE row 803 45916734 45923887
NPTRACE row 804 45933323 45940314
NPTRACE row 805 45949740 45956923
NPTRACE row 806 45966314 45973619
NPTRACE row 807 45983157 45990555
NPTRACE row 808 46000035 46006961
NPTRACE row 809 46017042 46023836
NPTRACE row 810 46033360 46040303
NPTRACE row 811 46049280 46056998
NPTRACE row 812 46066382 46073598
NPTRACE row 813 46083594 46090294
NPTRACE row 814 46099874 46106976
NPTRACE row 815 46117336 46124093
NPTRACE row 816 46134773 46140615
NPTRACE row 817 46150166 46157147
NPTRACE row 818 46167325 46173781
NPTRACE row 819 46183341 46190449
NPTRACE row 820 46200784 46207065
NPTRACE row 821 46217346 46223992
NPTRACE row 822 46234190 46240421
NPTRACE row 823 46250768 46257309
NPTRACE row 824 46267205 46273702
NPTRACE row 825 46282974 46290364
NPTRACE row 826 46300032 46307026
NPTRACE row 827 46316868 46323938
NPTRACE row 828 46333636 46340362
NPTRACE row 829 46349628 46357032
NPTRACE row 830 46367312 46373698
NPTRACE row 831 46384752 46390954
NPTRACE row 832 46400768 46407073
NPTRACE row 833 46417008 46423927
NPTRACE row 834 46433801 46440384
NPTRACE row 835 46449594 46456971
NPTRACE row 836 46466587 46473631
NPTRACE row 837 46483068 46490449
NPTRACE row 838 46500413 46507191
NPTRACE row 839 46518009 46524261
NPTRACE row 840 46535525 46540764
NPTRACE row 841 46550640 46557179
NPTRACE row 842 46567730 46573849
NPTRACE row 843 46583637 46590527
NPTRACE row 844 46601119 46607217
NPTRACE row 845 46617892 46624094
NPTRACE row 846 46634565 46640502
NPTRACE row 847 46651532 46657522
NPTRACE row 848 46667548 46673826
NPTRACE row 849 46683342 46690446
NPTRACE row 850 46700566 46707110
NPTRACE row 851 46717425 46724010
NPTRACE row 852 46734045 46740494
NPTRACE row 853 46750185 46757161
NPTRACE row 854 46767366 46773757
NPTRACE row 855 46783900 46790701
NPTRACE row 856 46800632 46807117
NPTRACE row 857 46817285 46824017
NPTRACE row 858 46834089 46840481
NPTRACE row 859 46850085 46857125
NPTRACE row 860 46867644 46873763
NPTRACE row 861 46883463 46890403
NPTRACE row 862 46900433 46907099
NPTRACE row 863 46918103 46924370
NPTRACE row 864 46935446 46940706
NPTRACE row 865 46950569 46957027
NPTRACE row 866 46967508 46973722
NPTRACE row 867 46983372 46990414
NPTRACE row 868 47001157 47007169
NPTRACE row 869 47018100 47024128
NPTRACE row 870 47035006 47040525
NPTRACE row 871 47051475 47057359
NPTRACE row 872 47067769 47073838
NPTRACE row 873 47083600 47090472
NPTRACE row 874 47100879 47107139
NPTRACE row 875 47117733 47124028
NPTRACE row 876 47134363 47140446
NPTRACE row 877 47150314 47157099
NPTRACE row 878 47167349 47173852
NPTRACE row 879 47184444 47190940
NPTRACE row 880 47201346 47207094
NPTRACE row 881 47217738 47224073
NPTRACE row 882 47234413 47240539
NPTRACE row 883 47250369 47257135
NPTRACE row 884 47267621 47273813
NPTRACE row 885 47283807 47290536
NPTRACE row 886 47300864 47307105
NPTRACE row 887 47318052 47324213
NPTRACE row 888 47335423 47340804
NPTRACE row 889 47350884 47357176
NPTRACE row 890 47368072 47373865
NPTRACE row 891 47384079 47390468
NPTRACE row 892 47401435 47407183
NPTRACE row 893 47418082 47424108
NPTRACE row 894 47434983 47440565
NPTRACE row 895 47452436 47457804
NPTRACE row 896 47468124 47473806
NPTRACE row 897 47483458 47490443
NPTRACE row 898 47500761 47507124
NPTRACE row 899 47517611 47524019
NPTRACE row 900 47534467 47540461
NPTRACE row 901 47550450 47557107
NPTRACE row 902 47567545 47573789
NPTRACE row 903 47584107 47590725
NPTRACE row 904 47601852 47607110
NPTRACE row 905 47617625 47624047
NPTRACE row 906 47634408 47640417
NPTRACE row 907 47652094 47657325
NPTRACE row 908 47667620 47673829
NPTRACE row 909 47683570 47690475
NPTRACE row 910 47700881 47707057
NPTRACE row 911 47718457 47724370
NPTRACE row 912 47736050 47740836
NPTRACE row 913 47751259 47757277
NPTRACE row 914 47768399 47773950
NPTRACE row 915 47784460 47790716
NPTRACE row 916 47801983 47807241
NPTRACE row 917 47818294 47824155
NPTRACE row 918 47835257 47840646
NPTRACE row 919 47851800 47857454
NPTRACE row 920 47868211 47873925
NPTRACE row 921 47884152 47890565
NPTRACE row 922 47901302 47907240
NPTRACE row 923 47918013 47924215
NPTRACE row 924 47935215 47940531
NPTRACE row 925 47950500 47957115
NPTRACE row 926 47967541 47973831
NPTRACE row 927 47984345 47990845
NPTRACE row 928 48001229 48007124
NPTRACE row 929 48017555 48024012
NPTRACE row 930 48034352 48040452
NPTRACE row 931 48050339 48057087
NPTRACE row 932 48067559 48073788
NPTRACE row 933 48083614 48090473
NPTRACE row 934 48100821 48107075
NPTRACE row 935 48118223 48124266
NPTRACE row 936 48135738 48140741
NPTRACE row 937 48151125 48157192
NPTRACE row 938 48168213 48173935
NPTRACE row 939 48184355 48190623
NPTRACE row 940 48201727 48207210
NPTRACE row 941 48218380 48224178
NPTRACE row 942 48235863 48240589
NPTRACE row 943 48252104 48257562
NPTRACE row 944 48268316 48273864
NPTRACE row 945 48284225 48290566
NPTRACE row 946 48301234 48307191
NPTRACE row 947 48318162 48324017
NPTRACE row 948 48334301 48340369
NPTRACE row 949 48350193 48357082
NPTRACE row 950 48367905 48373803
NPTRACE row 951 48384239 48390694
NPTRACE row 952 48401209 48407041
NPTRACE row 953 48417620 48424010
NPTRACE row 954 48434375 48440429
NPTRACE row 955 48450342 48457011
NPTRACE row 956 48467454 48473784
NPTRACE row 957 48483548 48490386
NPTRACE row 958 48500727 48507013
NPTRACE row 959 48518911 48524589
NPTRACE row 960 48536902 48540818
NPTRACE row 961 48551154 48557150
NPTRACE row 962 48568142 48573864
NPTRACE row 963 48585222 48590779
NPTRACE row 964 48601877 48607225
NPTRACE row 965 48618469 48624206
NPTRACE row 966 48635493 48640638
NPTRACE row 967 48651906 48657426
NPTRACE row 968 48668016 48673899
NPTRACE row 969 48684074 48690559
NPTRACE row 970 48701231 48707188
NPTRACE row 971 48718107 48724201
NPTRACE row 972 48735139 48740588
NPTRACE row 973 48750879 48757249
NPTRACE row 974 48767943 48773925
NPTRACE row 975 48784974 48790963
NPTRACE row 976 48801771 48807189
NPTRACE row 977 48818182 48823997
NPTRACE row 978 48834356 48840352
NPTRACE row 979 48850177 48857063
NPTRACE row 980 48867441 48873796
NPTRACE row 981 48883627 48890399
NPTRACE row 982 48900840 48907039
NPTRACE row 983 48918147 48924231
NPTRACE row 984 48936508 48940738
NPTRACE row 985 48950943 48957067
NPTRACE row 986 48968032 48973838
NPTRACE row 987 48983947 48990464
NPTRACE row 988 49001325 49007074
NPTRACE row 989 49017861 49024010
NPTRACE row 990 49034840 49040475
NPTRACE row 991 49051631 49057430
NPTRACE row 992 49067957 49073824
NPTRACE row 993 49083785 49090422
NPTRACE row 994 49100833 49107107
NPTRACE row 995 49117579 49124027
NPTRACE row 996 49134607 49140479
NPTRACE row 997 49150412 49157068
NPTRACE row 998 49167388 49173759
NPTRACE row 999 49184070 49190621
NPTRACE row 1000 49200956 49207049
NPTRACE row 1001 49217542 49224035
NPTRACE row 1002 49234440 49240433
NPTRACE row 1003 49251574 49257219
NPTRACE row 1004 49267337 49273564
NPTRACE row 1005 49283297 49290277
NPTRACE row 1006 49300335 49306925
NPTRACE row 1007 49317990 49324222
NPTRACE row 1008 49335223 49340518
NPTRACE row 1009 49350269 49356919
NPTRACE row 1010 49367263 49373703
NPTRACE row 1011 49383513 49390397
NPTRACE row 1012 49401000 49406964
NPTRACE row 1013 49417457 49423931
NPTRACE row 1014 49434469 49440338
NPTRACE row 1015 49450908 49457116
NPTRACE row 1016 49467505 49473747
NPTRACE row 1017 49483586 49490442
NPTRACE row 1018 49500805 49507030
NPTRACE row 1019 49517410 49523944
NPTRACE row 1020 49534215 49540447
NPTRACE row 1021 49550241 49557079
NPTRACE row 1022 49567468 49573778
NPTRACE row 1023 49585091 49591028
NPTRACE row 1024 49601887 49607237
NPTRACE row 1025 49618047 49624120
NPTRACE row 1026 49634862 49640553
NPTRACE row 1027 49651086 49657265
NPTRACE row 1028 49668148 49674003
NPTRACE row 1029 49684326 49690630
NPTRACE row 1030 49701486 49707268
NPTRACE row 1031 49718910 49724512
NPTRACE row 1032 49741019 49755264
NPTRACE row 1033 49751847 49758723
NPTRACE row 1034 49770169 49774077
NPTRACE row 1035 49784889 49790715
NPTRACE row 1036 49802143 49807314
NPTRACE row 1037 49818763 49824273
NPTRACE row 1038 49835604 49840716
NPTRACE row 1039 49852336 49857604
NPTRACE row 1040 49868605 49873948
NPTRACE row 1041 49884408 49890580
NPTRACE row 1042 49902640 49907413
NPTRACE row 1043 49918857 49924079
NPTRACE row 1044 49934801 49940462
NPTRACE row 1045 49950580 49957009
NPTRACE row 1046 49967645 49973786
NPTRACE row 1047 49984377 49990632
NPTRACE row 1048 50001215 50007013
NPTRACE row 1049 50017730 50023981
NPTRACE row 1050 50034572 50040502
NPTRACE row 1051 50050808 50057086
NPTRACE row 1052 50068137 50073855
NPTRACE row 1053 50084359 50090548
NPTRACE row 1054 50101416 50107165
NPTRACE row 1055 50119158 50124494
NPTRACE row 1056 50136771 50140972
NPTRACE row 1057 50152003 50157370
NPTRACE row 1058 50169001 50174105
NPTRACE row 1059 50185207 50190829
NPTRACE row 1060 50202492 50207401
NPTRACE row 1061 50219200 50224370
NPTRACE row 1062 50236175 50240818
NPTRACE row 1063 50252543 50257625
NPTRACE row 1064 50268983 50274081
NPTRACE row 1065 50284950 50290770
NPTRACE row 1066 50302012 50307368
NPTRACE row 1067 50319593 50324275
NPTRACE row 1068 50335491 50340774
NPTRACE row 1069 50352494 50357593
NPTRACE row 1070 50368869 50374089
NPTRACE row 1071 50385812 50391092
NPTRACE row 1072 50402509 50407299
NPTRACE row 1073 50418626 50424263
NPTRACE row 1074 50435512 50440645
NPTRACE row 1075 50451570 50457233
NPTRACE row 1076 50468497 50473958
NPTRACE row 1077 50484924 50490763
NPTRACE row 1078 50502186 50507390
NPTRACE row 1079 50519523 50524583
NPTRACE row 1080 50541199 50555183
NPTRACE row 1081 50552591 50558821
NPTRACE row 1082 50574486 50588608
NPTRACE row 1083 50585464 50592121
NPTRACE row 1084 50607728 50621843
NPTRACE row 1085 50619492 50625525
NPTRACE row 1086 50640871 50655043
NPTRACE row 1087 50653351 50659065
NPTRACE row 1088 50675093 50688897
NPTRACE row 1089 50685752 50692351
NPTRACE row 1090 50703609 50707249
NPTRACE row 1091 50718878 50724246
NPTRACE row 1092 50735521 50740625
NPTRACE row 1093 50751366 50757283
NPTRACE row 1094 50768550 50773948
NPTRACE row 1095 50785300 50790762
NPTRACE row 1096 50802323 50807222
NPTRACE row 1097 50818235 50824113
NPTRACE row 1098 50835046 50840516
NPTRACE row 1099 50850967 50857169
NPTRACE row 1100 50868438 50873858
NPTRACE row 1101 50884351 50890504
NPTRACE row 1102 50901380 50907170
NPTRACE row 1103 50919093 50924254
NPTRACE row 1104 50936375 50940846
NPTRACE row 1105 50951602 50957171
NPTRACE row 1106 50969100 50973869
NPTRACE row 1107 50984492 50990529
NPTRACE row 1108 51001936 51007216
NPTRACE row 1109 51019158 51024158
NPTRACE row 1110 51035771 51040586
NPTRACE row 1111 51052100 51057230
NPTRACE row 1112 51068268 51073876
NPTRACE row 1113 51084375 51090532
NPTRACE row 1114 51101558 51107198
NPTRACE row 1115 51118319 51124075
NPTRACE row 1116 51135039 51140496
NPTRACE row 1117 51151033 51157202
NPTRACE row 1118 51168120 51173899
NPTRACE row 1119 51185234 51190722
NPTRACE row 1120 51201925 51207120
NPTRACE row 1121 51218418 51224004
NPTRACE row 1122 51235170 51240340
NPTRACE row 1123 51250514 51257023
NPTRACE row 1124 51267821 51273651
NPTRACE row 1125 51283932 51290360
NPTRACE row 1126 51300939 51306990
NPTRACE row 1127 51318236 51324020
NPTRACE row 1128 51335823 51340544
NPTRACE row 1129 51350783 51356921
NPTRACE row 1130 51368118 51373726
NPTRACE row 1131 51385244 51390634
NPTRACE row 1132 51401766 51407052
NPTRACE row 1133 51418320 51423976
NPTRACE row 1134 51435135 51440416
NPTRACE row 1135 51451822 51457109
NPTRACE row 1136 51467744 51473715
NPTRACE row 1137 51483802 51490399
NPTRACE row 1138 51501064 51507024
NPTRACE row 1139 51518463 51523951
NPTRACE row 1140 51534620 51540333
NPTRACE row 1141 51550522 51556999
NPTRACE row 1142 51567615 51573642
NPTRACE row 1143 51584813 51590415
NPTRACE row 1144 51601344 51607043
NPTRACE row 1145 51618073 51623960
NPTRACE row 1146 51634872 51640427
NPTRACE row 1147 51650859 51657090
NPTRACE row 1148 51668077 51673823
NPTRACE row 1149 51684387 51690481
NPTRACE row 1150 51701486 51707098
NPTRACE row 1151 51719166 51724292
NPTRACE row 1152 51736446 51740765
NPTRACE row 1153 51751788 51757098
NPTRACE row 1154 51768433 51773744
NPTRACE row 1155 51784373 51790402
NPTRACE row 1156 51801844 51807107
NPTRACE row 1157 51818592 51824073
NPTRACE row 1158 51835521 51840406
NPTRACE row 1159 51852415 51857026
NPTRACE row 1160 51868039 51873753
NPTRACE row 1161 51884204 51890371
NPTRACE row 1162 51901394 51907071
NPTRACE row 1163 51918326 51923877
NPTRACE row 1164 51935274 51940242
NPTRACE row 1165 51950339 51956882
NPTRACE row 1166 51967410 51973589
NPTRACE row 1167 51985312 51990375
NPTRACE row 1168 52001119 52006893
NPTRACE row 1169 52017749 52023783
NPTRACE row 1170 52034371 52040246
NPTRACE row 1171 52050612 52056804
NPTRACE row 1172 52067204 52073441
NPTRACE row 1173 52083289 52090081
NPTRACE row 1174 52101049 52106727
NPTRACE row 1175 52117347 52123700
NPTRACE row 1176 52135357 52140375
NPTRACE row 1177 52150496 52156756
NPTRACE row 1178 52167493 52173464
NPTRACE row 1179 52183587 52190094
NPTRACE row 1180 52200910 52206769
NPTRACE row 1181 52217470 52223749
NPTRACE row 1182 52234568 52240182
NPTRACE row 1183 52251204 52256899
NPTRACE row 1184 52267130 52273367
NPTRACE row 1185 52283339 52290085
NPTRACE row 1186 52300347 52306759
NPTRACE row 1187 52317226 52323647
NPTRACE row 1188 52334626 52340005
NPTRACE row 1189 52349985 52356742
NPTRACE row 1190 52367260 52373499
NPTRACE row 1191 52383905 52390122
NPTRACE row 1192 52400545 52406721
NPTRACE row 1193 52417123 52423600
NPTRACE row 1194 52434560 52440011
NPTRACE row 1195 52449793 52456762
NPTRACE row 1196 52467011 52473415
NPTRACE row 1197 52483267 52490047
NPTRACE row 1198 52500262 52506726
NPTRACE row 1199 52517220 52523741
NPTRACE row 1200 52535105 52540283
NPTRACE row 1201 52550199 52556775
NPTRACE row 1202 52567298 52573440
NPTRACE row 1203 52583810 52590003
NPTRACE row 1204 52600421 52606717
NPTRACE row 1205 52617072 52623645
NPTRACE row 1206 52634554 52640095
NPTRACE row 1207 52650243 52656643
NPTRACE row 1208 52666841 52673373
NPTRACE row 1209 52683913 52690022
NPTRACE row 1210 52700125 52706706
NPTRACE row 1211 52716905 52723606
NPTRACE row 1212 52733608 52740029
NPTRACE row 1213 52749575 52756698
NPTRACE row 1214 52767108 52773323
NPTRACE row 1215 52784031 52790504
NPTRACE row 1216 52800892 52806911
NPTRACE row 1217 52818136 52823802
NPTRACE row 1218 52834244 52840118
NPTRACE row 1219 52850141 52856831
NPTRACE row 1220 52867882 52873521
NPTRACE row 1221 52883373 52890146
NPTRACE row 1222 52900767 52906895
NPTRACE row 1223 52918185 52923767
NPTRACE row 1224 52934972 52940397
NPTRACE row 1225 52950528 52956894
NPTRACE row 1226 52967607 52973585
NPTRACE row 1227 52984489 52990194
NPTRACE row 1228 53001101 53006911
NPTRACE row 1229 53017852 53023809
NPTRACE row 1230 53034843 53040151
NPTRACE row 1231 53050517 53056882
NPTRACE row 1232 53067061 53073404
NPTRACE row 1233 53083087 53089986
NPTRACE row 1234 53100002 53106746
NPTRACE row 1235 53116881 53123571
NPTRACE row 1236 53133620 53140047
NPTRACE row 1237 53149599 53156709
NPTRACE row 1238 53166836 53173396
NPTRACE row 1239 53183386 53190146
NPTRACE row 1240 53200322 53206731
NPTRACE row 1241 53216925 53223622
NPTRACE row 1242 53233643 53240073
NPTRACE row 1243 53249772 53256752
NPTRACE row 1244 53267471 53273346
NPTRACE row 1245 53282888 53289979
NPTRACE row 1246 53299915 53306726
NPTRACE row 1247 53317811 53324006
NPTRACE row 1248 53335362 53340383
NPTRACE row 1249 53350755 53356863
NPTRACE row 1250 53367624 53373530
NPTRACE row 1251 53383734 53390177
NPTRACE row 1252 53401204 53406770
NPTRACE row 1253 53417299 53423630
NPTRACE row 1254 53435169 53440069
NPTRACE row 1255 53450466 53456859
NPTRACE row 1256 53466886 53473361
NPTRACE row 1257 53482851 53489996
NPTRACE row 1258 53500008 53506717
NPTRACE row 1259 53516981 53523553
NPTRACE row 1260 53533740 53540001
NPTRACE row 1261 53549481 53556717
NPTRACE row 1262 53566762 53573358
NPTRACE row 1263 53583750 53590235
NPTRACE row 1264 53600577 53606827
NPTRACE row 1265 53617162 53623695
NPTRACE row 1266 53633941 53640136
NPTRACE row 1267 53649973 53656802
NPTRACE row 1268 53667577 53673458
NPTRACE row 1269 53683364 53690093
NPTRACE row 1270 53700481 53706819
NPTRACE row 1271 53717918 53723934
NPTRACE row 1272 53735477 53740499
NPTRACE row 1273 53751075 53756992
NPTRACE row 1274 53768078 53773574
NPTRACE row 1275 53784240 53790336
NPTRACE row 1276 53801618 53807127
NPTRACE row 1277 53818444 53824025
NPTRACE row 1278 53835434 53840333
NPTRACE row 1279 53852826 53857466
NPTRACE row 1280 53868258 53873623
NPTRACE row 1281 53883829 53890224
NPTRACE row 1282 53900944 53906923
NPTRACE row 1283 53917873 53923830
NPTRACE row 1284 53934403 53940190
NPTRACE row 1285 53950288 53956887
NPTRACE row 1286 53967432 53973552
NPTRACE row 1287 53984039 53990350
NPTRACE row 1288 54001107 54006911
NPTRACE row 1289 54017826 54023765
NPTRACE row 1290 54034442 54040215
NPTRACE row 1291 54050438 54056905
NPTRACE row 1292 54067543 54073583
NPTRACE row 1293 54083824 54090160
NPTRACE row 1294 54100838 54106894
NPTRACE row 1295 54118498 54124109
NPTRACE row 1296 54135949 54140579
NPTRACE row 1297 54151365 54157073
NPTRACE row 1298 54168509 54173724
NPTRACE row 1299 54184595 54190324
NPTRACE row 1300 54201759 54207067
NPTRACE row 1301 54218470 54223940
NPTRACE row 1302 54235405 54240339
NPTRACE row 1303 54252189 54257169
NPTRACE row 1304 54268552 54273608
NPTRACE row 1305 54283962 54290252
NPTRACE row 1306 54301103 54307014
NPTRACE row 1307 54318151 54323904
NPTRACE row 1308 54334954 54340248
NPTRACE row 1309 54351255 54356965
NPTRACE row 1310 54367889 54373643
NPTRACE row 1311 54384957 54390537
NPTRACE row 1312 54401606 54406999
NPTRACE row 1313 54418037 54423870
NPTRACE row 1314 54434782 54440260
NPTRACE row 1315 54450625 54456986
NPTRACE row 1316 54467901 54473627
NPTRACE row 1317 54484108 54490238
NPTRACE row 1318 54502197 54506963
NPTRACE row 1319 54518579 54523963
NPTRACE row 1320 54535858 54540515
NPTRACE row 1321 54551338 54557022
NPTRACE row 1322 54568579 54573706
NPTRACE row 1323 54584429 54590242
NPTRACE row 1324 54601543 54606961
NPTRACE row 1325 54618518 54624015
NPTRACE row 1326 54635781 54640437
NPTRACE row 1327 54652513 54657352
NPTRACE row 1328 54668770 54673749
NPTRACE row 1329 54684539 54690365
NPTRACE row 1330 54701564 54707065
NPTRACE row 1331 54718742 54723924
NPTRACE row 1332 54734889 54740236
NPTRACE row 1333 54750809 54756910
NPTRACE row 1334 54767773 54773515
NPTRACE row 1335 54784366 54790353
NPTRACE row 1336 54801441 54806955
NPTRACE row 1337 54818104 54823863
NPTRACE row 1338 54834874 54840205
NPTRACE row 1339 54850758 54856972
NPTRACE row 1340 54868155 54873710
NPTRACE row 1341 54884622 54890381
NPTRACE row 1342 54901877 54906996
NPTRACE row 1343 54919242 54924308
NPTRACE row 1344 54936135 54940520
NPTRACE row 1345 54951245 54957013
NPTRACE row 1346 54968427 54973644
NPTRACE row 1347 54984415 54990287
NPTRACE row 1348 55001894 55006976
NPTRACE row 1349 55018385 55023878
NPTRACE row 1350 55035314 55040302
NPTRACE row 1351 55051737 55057101
NPTRACE row 1352 55068090 55073559
NPTRACE row 1353 55083944 55090145
NPTRACE row 1354 55101598 55106949
NPTRACE row 1355 55117976 55123864
NPTRACE row 1356 55134924 55140190
NPTRACE row 1357 55151028 55156765
NPTRACE row 1358 55167380 55173399
NPTRACE row 1359 55184083 55190293
NPTRACE row 1360 55200997 55206719
NPTRACE row 1361 55217541 55223579
NPTRACE row 1362 55235007 55239958
NPTRACE row 1363 55249941 55256640
NPTRACE row 1364 55267282 55273327
NPTRACE row 1365 55283497 55290015
NPTRACE row 1366 55300629 55306711
NPTRACE row 1367 55317872 55323733
NPTRACE row 1368 55335480 55340144
NPTRACE row 1369 55350297 55356573
NPTRACE row 1370 55367367 55373278
NPTRACE row 1371 55383464 55389888
NPTRACE row 1372 55400541 55406517
NPTRACE row 1373 55417294 55423469
NPTRACE row 1374 55434224 55439922
NPTRACE row 1375 55450770 55456840
NPTRACE row 1376 55467238 55473162
NPTRACE row 1377 55483288 55489825
NPTRACE row 1378 55500337 55506624
NPTRACE row 1379 55517523 55523435
NPTRACE row 1380 55533883 55539890
NPTRACE row 1381 55549640 55556513
NPTRACE row 1382 55566728 55573173
NPTRACE row 1383 55583536 55589929
NPTRACE row 1384 55600152 55606531
NPTRACE row 1385 55617000 55623439
NPTRACE row 1386 55634929 55639842
NPTRACE row 1387 55650074 55656484
NPTRACE row 1388 55667271 55673216
NPTRACE row 1389 55683041 55689864
NPTRACE row 1390 55700221 55706539
NPTRACE row 1391 55717536 55723695
NPTRACE row 1392 55734821 55740050
NPTRACE row 1393 55750956 55756582
NPTRACE row 1394 55767380 55773248
NPTRACE row 1395 55783444 55789859
NPTRACE row 1396 55801410 55806528
NPTRACE row 1397 55817338 55823443
NPTRACE row 1398 55834202 55839831
NPTRACE row 1399 55850343 55856627
NPTRACE row 1400 55867893 55873196
NPTRACE row 1401 55883008 55889808
NPTRACE row 1402 55900091 55906452
NPTRACE row 1403 55917336 55923407
NPTRACE row 1404 55933645 55939830
NPTRACE row 1405 55949599 55956490
NPTRACE row 1406 55967551 55973109
NPTRACE row 1407 55983955 55990311
NPTRACE row 1408 56000360 56006528
NPTRACE row 1409 56016863 56023390
NPTRACE row 1410 56033730 56039862
NPTRACE row 1411 56049369 56056469
NPTRACE row 1412 56066409 56073141
NPTRACE row 1413 56082736 56089836
NPTRACE row 1414 56099885 56106498
NPTRACE row 1415 56117025 56123513
NPTRACE row 1416 56134580 56140082
NPTRACE row 1417 56150221 56156488
NPTRACE row 1418 56167085 56173201
NPTRACE row 1419 56183142 56189875
NPTRACE row 1420 56201361 56206538
NPTRACE row 1421 56217119 56223410
NPTRACE row 1422 56233866 56239844
NPTRACE row 1423 56250433 56256721
NPTRACE row 1424 56266764 56273147
NPTRACE row 1425 56282808 56289822
NPTRACE row 1426 56299911 56306466
NPTRACE row 1427 56316749 56323392
NPTRACE row 1428 56333439 56339805
NPTRACE row 1429 56349364 56356462
NPTRACE row 1430 56366576 56373167
NPTRACE row 1431 56383303 56390027
NPTRACE row 1432 56400172 56406423
NPTRACE row 1433 56416500 56423378
NPTRACE row 1434 56433424 56439837
NPTRACE row 1435 56449336 56456483
NPTRACE row 1436 56466591 56473116
NPTRACE row 1437 56482830 56489801
NPTRACE row 1438 56499811 56506476
NPTRACE row 1439 56517450 56523751
NPTRACE row 1440 56535034 56540137
NPTRACE row 1441 56550101 56556535
NPTRACE row 1442 56567017 56573166
NPTRACE row 1443 56583013 56589792
NPTRACE row 1444 56600202 56606519
NPTRACE row 1445 56617010 56623446
NPTRACE row 1446 56634060 56639877
NPTRACE row 1447 56650500 56656706
NPTRACE row 1448 56666922 56673176
NPTRACE row 1449 56682790 56689793
NPTRACE row 1450 56700165 56706568
NPTRACE row 1451 56717151 56723517
NPTRACE row 1452 56733851 56739926
NPTRACE row 1453 56749620 56756585
NPTRACE row 1454 56766943 56773287
NPTRACE row 1455 56783969 56790318
NPTRACE row 1456 56800859 56806604
NPTRACE row 1457 56817214 56823471
NPTRACE row 1458 56834844 56839875
NPTRACE row 1459 56849877 56856464
NPTRACE row 1460 56866524 56873143
NPTRACE row 1461 56882913 56889793
NPTRACE row 1462 56899821 56906392
NPTRACE row 1463 56917041 56923534
NPTRACE row 1464 56934457 56940032
NPTRACE row 1465 56949938 56956542
NPTRACE row 1466 56967202 56973153
NPTRACE row 1467 56983255 56989811
NPTRACE row 1468 57000296 57006469
NPTRACE row 1469 57016939 57023400
NPTRACE row 1470 57034852 57039809
NPTRACE row 1471 57051612 57057218
NPTRACE row 1472 57067337 57073143
NPTRACE row 1473 57082732 57089725
NPTRACE row 1474 57099831 57106434
NPTRACE row 1475 57116554 57123373
NPTRACE row 1476 57133461 57139762
NPTRACE row 1477 57149411 57156390
NPTRACE row 1478 57166812 57173173
NPTRACE row 1479 57184314 57190070
NPTRACE row 1480 57200202 57206421
NPTRACE row 1481 57216748 57223319
NPTRACE row 1482 57233645 57239741
NPTRACE row 1483 57249184 57256396
NPTRACE row 1484 57266340 57273089
NPTRACE row 1485 57282608 57289752
NPTRACE row 1486 57299906 57306436
NPTRACE row 1487 57318156 57323708
NPTRACE row 1488 57334798 57339960
NPTRACE row 1489 57349842 57356485
NPTRACE row 1490 57367039 57373160
NPTRACE row 1491 57383161 57389823
NPTRACE row 1492 57400346 57406441
NPTRACE row 1493 57416939 57423298
NPTRACE row 1494 57434736 57439834
NPTRACE row 1495 57450336 57456692
NPTRACE row 1496 57466837 57473021
NPTRACE row 1497 57482762 57489750
NPTRACE row 1498 57499846 57506426
NPTRACE row 1499 57516590 57523310
NPTRACE row 1500 57533398 57539756
NPTRACE row 1501 57549384 57556439
NPTRACE row 1502 57566971 57572976
NPTRACE row 1503 57583257 57589938
NPTRACE row 1504 57599615 57606314
NPTRACE row 1505 57616184 57623191
NPTRACE row 1506 57633024 57639621
NPTRACE row 1507 57648997 57656255
NPTRACE row 1508 57666133 57672933
NPTRACE row 1509 57682203 57689590
NPTRACE row 1510 57699306 57706300
NPTRACE row 1511 57716884 57723420
NPTRACE row 1512 57734147 57739904
NPTRACE row 1513 57749394 57756316
NPTRACE row 1514 57766589 57772959
NPTRACE row 1515 57782486 57789623
NPTRACE row 1516 57799863 57806347
NPTRACE row 1517 57816598 57823233
NPTRACE row 1518 57833550 57839619
NPTRACE row 1519 57850533 57856710
NPTRACE row 1520 57866427 57872921
NPTRACE row 1521 57882228 57889599
NPTRACE row 1522 57900158 57906240
NPTRACE row 1523 57916141 57923130
NPTRACE row 1524 57932858 57939551
NPTRACE row 1525 57948789 57956283
NPTRACE row 1526 57966340 57972962
NPTRACE row 1527 57983152 57989974
NPTRACE row 1528 58000108 58006398
NPTRACE row 1529 58016726 58023285
NPTRACE row 1530 58033369 58039748
NPTRACE row 1531 58049314 58056420
NPTRACE row 1532 58066521 58073042
NPTRACE row 1533 58082645 58089649
NPTRACE row 1534 58099790 58106362
NPTRACE row 1535 58117934 58123923
NPTRACE row 1536 58134958 58140085
NPTRACE row 1537 58150093 58156413
NPTRACE row 1538 58167491 58173089
NPTRACE row 1539 58183094 58189783
NPTRACE row 1540 58200275 58206428
NPTRACE row 1541 58218999 58223537
NPTRACE row 1542 58234776 58239815
NPTRACE row 1543 58250340 58256597
NPTRACE row 1544 58266532 58272985
NPTRACE row 1545 58282491 58289791
NPTRACE row 1546 58299824 58306398
NPTRACE row 1547 58316573 58323285
NPTRACE row 1548 58333452 58339723
NPTRACE row 1549 58349353 58356392
NPTRACE row 1550 58366383 58373049
NPTRACE row 1551 58383479 58390085
NPTRACE row 1552 58400341 58406389
NPTRACE row 1553 58416637 58423261
NPTRACE row 1554 58433259 58439724
NPTRACE row 1555 58449243 58456388
NPTRACE row 1556 58466783 58473100
NPTRACE row 1557 58483078 58489926
NPTRACE row 1558 58500838 58506562
NPTRACE row 1559 58517818 58523602
NPTRACE row 1560 58534935 58540172
NPTRACE row 1561 58550424 58556614
NPTRACE row 1562 58567775 58573245
NPTRACE row 1563 58583500 58589900
NPTRACE row 1564 58600814 58606547
NPTRACE row 1565 58618394 58623727
NPTRACE row 1566 58634557 58639934
NPTRACE row 1567 58651149 58656797
NPTRACE row 1568 58667301 58673160
NPTRACE row 1569 58683131 58689874
NPTRACE row 1570 58700224 58706492
NPTRACE row 1571 58717041 58723364
NPTRACE row 1572 58733911 58739897
NPTRACE row 1573 58749824 58756508
NPTRACE row 1574 58766873 58773099
NPTRACE row 1575 58783481 58789992
NPTRACE row 1576 58800237 58806511
NPTRACE row 1577 58817022 58823368
NPTRACE row 1578 58833885 58839830
NPTRACE row 1579 58849811 58856485
NPTRACE row 1580 58866872 58873148
NPTRACE row 1581 58883204 58889790
NPTRACE row 1582 58899932 58906352
NPTRACE row 1583 58917389 58923494
NPTRACE row 1584 58934829 58940115
NPTRACE row 1585 58950262 58956520
NPTRACE row 1586 58968251 58973162
NPTRACE row 1587 58983324 58989870
NPTRACE row 1588 59000751 59006488
NPTRACE row 1589 59017360 59023368
NPTRACE row 1590 59034220 59039868
NPTRACE row 1591 59050634 59056572
NPTRACE row 1592 59067113 59073088
NPTRACE row 1593 59083348 59089746
NPTRACE row 1594 59100035 59106390
NPTRACE row 1595 59117345 59123402
NPTRACE row 1596 59134488 59139944
NPTRACE row 1597 59150146 59156461
NPTRACE row 1598 59167210 59173127
NPTRACE row 1599 59184903 59190349
NPTRACE row 1600 59201058 59206513
NPTRACE row 1601 59217311 59223335
NPTRACE row 1602 59234051 59239856
NPTRACE row 1603 59250013 59256444
NPTRACE row 1604 59267953 59273076
NPTRACE row 1605 59283389 59289795
NPTRACE row 1606 59300071 59306380
NPTRACE row 1607 59317444 59323330
NPTRACE row 1608 59335426 59339914
NPTRACE row 1609 59350125 59356361
NPTRACE row 1610 59367110 59373000
NPTRACE row 1611 59383260 59389792
NPTRACE row 1612 59400579 59406333
NPTRACE row 1613 59417086 59423221
NPTRACE row 1614 59433944 59439739
NPTRACE row 1615 59450524 59456590
NPTRACE row 1616 59466963 59472901
NPTRACE row 1617 59482806 59489591
NPTRACE row 1618 59500962 59506270
NPTRACE row 1619 59516879 59523169
NPTRACE row 1620 59533526 59539581
NPTRACE row 1621 59549496 59556313
NPTRACE row 1622 59566916 59573003
NPTRACE row 1623 59583357 59589839
NPTRACE row 1624 59600361 59606397
NPTRACE row 1625 59617141 59623318
NPTRACE row 1626 59633963 59639779
NPTRACE row 1627 59650046 59656365
NPTRACE row 1628 59667098 59673006
NPTRACE row 1629 59683092 59689776
NPTRACE row 1630 59700447 59706419
NPTRACE row 1631 59717867 59723532
NPTRACE row 1632 59735454 59740029
NPTRACE row 1633 59750945 59756433
NPTRACE row 1634 59767410 59773107
NPTRACE row 1635 59783622 59789827
NPTRACE row 1636 59800888 59806432
NPTRACE row 1637 59818452 59823316
NPTRACE row 1638 59834561 59839818
NPTRACE row 1639 59850616 59856525
NPTRACE row 1640 59867175 59873047
NPTRACE row 1641 59883284 59889782
NPTRACE row 1642 59900364 59906349
NPTRACE row 1643 59917125 59923226
NPTRACE row 1644 59933783 59939811
NPTRACE row 1645 59949908 59956418
NPTRACE row 1646 59966923 59972978
NPTRACE row 1647 59983421 59989972
NPTRACE row 1648 60000314 60006407
NPTRACE row 1649 60016917 60023233
NPTRACE row 1650 60033643 60039766
NPTRACE row 1651 60049791 60056393
NPTRACE row 1652 60066775 60072994
NPTRACE row 1653 60082825 60089630
NPTRACE row 1654 60100020 60106404
NPTRACE row 1655 60117169 60123384
NPTRACE row 1656 60134744 60139967
NPTRACE row 1657 60150232 60156382
NPTRACE row 1658 60168154 60173061
NPTRACE row 1659 60183306 60189768
NPTRACE row 1660 60200848 60206472
NPTRACE row 1661 60217636 60223377
NPTRACE row 1662 60234556 60239891
NPTRACE row 1663 60252491 60256973
NPTRACE row 1664 60267568 60273120
NPTRACE row 1665 60283324 60289827
NPTRACE row 1666 60300374 60306447
NPTRACE row 1667 60318397 60323323
NPTRACE row 1668 60335243 60340036
NPTRACE row 1669 60350226 60356448
NPTRACE row 1670 60367138 60373103
NPTRACE row 1671 60383767 60389947
NPTRACE row 1672 60400561 60406400
NPTRACE row 1673 60417130 60423281
NPTRACE row 1674 60433855 60439817
NPTRACE row 1675 60449917 60456461
NPTRACE row 1676 60467196 60473059
NPTRACE row 1677 60483307 60489839
NPTRACE row 1678 60500555 60506477
NPTRACE row 1679 60518357 60523576
NPTRACE row 1680 60535191 60540053
NPTRACE row 1681 60550745 60556502
NPTRACE row 1682 60567622 60573111
NPTRACE row 1683 60583525 60589811
NPTRACE row 1684 60600970 60606473
NPTRACE row 1685 60617525 60623375
NPTRACE row 1686 60634543 60639882
NPTRACE row 1687 60650939 60656555
NPTRACE row 1688 60668406 60673337
NPTRACE row 1689 60683510 60689820
NPTRACE row 1690 60700775 60706435
NPTRACE row 1691 60717321 60723327
NPTRACE row 1692 60734143 60739826
NPTRACE row 1693 60750177 60756499
NPTRACE row 1694 60767910 60773171
NPTRACE row 1695 60784132 60790164
NPTRACE row 1696 60801162 60806630
NPTRACE row 1697 60817892 60823468
NPTRACE row 1698 60834541 60839974
NPTRACE row 1699 60850519 60856575
NPTRACE row 1700 60867529 60873201
NPTRACE row 1701 60883860 60889922
NPTRACE row 1702 60900995 60906534
NPTRACE row 1703 60917992 60923532
NPTRACE row 1704 60935841 60940209
NPTRACE row 1705 60950984 60956627
NPTRACE row 1706 60968099 60973290
NPTRACE row 1707 60984106 60989978
NPTRACE row 1708 61001761 61006550
NPTRACE row 1709 61017856 61023392
NPTRACE row 1710 61035387 61039909
NPTRACE row 1711 61051107 61056760
NPTRACE row 1712 61067554 61073159
NPTRACE row 1713 61083401 61089841
NPTRACE row 1714 61100373 61106461
NPTRACE row 1715 61117179 61123347
NPTRACE row 1716 61134148 61139788
NPTRACE row 1717 61149813 61156338
NPTRACE row 1718 61166846 61173023
NPTRACE row 1719 61183245 61189826
NPTRACE row 1720 61200164 61206344
NPTRACE row 1721 61216999 61223202
NPTRACE row 1722 61233758 61239714
NPTRACE row 1723 61249576 61256321
NPTRACE row 1724 61266790 61272976
NPTRACE row 1725 61282889 61289602
NPTRACE row 1726 61299955 61306329
NPTRACE row 1727 61318039 61323756
NPTRACE row 1728 61335335 61339884
NPTRACE row 1729 61349865 61356235
NPTRACE row 1730 61366795 61372909
NPTRACE row 1731 61382766 61389554
NPTRACE row 1732 61400156 61406216
NPTRACE row 1733 61416902 61423147
NPTRACE row 1734 61433589 61439555
NPTRACE row 1735 61449781 61456297
NPTRACE row 1736 61466314 61472831
NPTRACE row 1737 61482358 61489546
NPTRACE row 1738 61499631 61506192
NPTRACE row 1739 61516476 61523096
NPTRACE row 1740 61533825 61539507
NPTRACE row 1741 61550154 61556433
NPTRACE row 1742 61566478 61572869
NPTRACE row 1743 61583297 61589908
NPTRACE row 1744 61600275 61606270
NPTRACE row 1745 61616542 61623122
NPTRACE row 1746 61633428 61639601
NPTRACE row 1747 61649769 61656324
NPTRACE row 1748 61667072 61673073
NPTRACE row 1749 61683309 61689761
NPTRACE row 1750 61700426 61706395
NPTRACE row 1751 61717480 61723345
NPTRACE row 1752 61735004 61740023
NPTRACE row 1753 61750490 61756422
NPTRACE row 1754 61767457 61773075
NPTRACE row 1755 61783546 61789782
NPTRACE row 1756 61800769 61806436
NPTRACE row 1757 61817505 61823375
NPTRACE row 1758 61834540 61839813
NPTRACE row 1759 61851343 61856713
NPTRACE row 1760 61867348 61873042
NPTRACE row 1761 61883213 61889739
NPTRACE row 1762 61900639 61906337
NPTRACE row 1763 61917232 61923255
NPTRACE row 1764 61933845 61939642
NPTRACE row 1765 61949640 61956353
NPTRACE row 1766 61967482 61972988
NPTRACE row 1767 61983409 61989726
NPTRACE row 1768 62000380 62006349
NPTRACE row 1769 62018152 62023242
NPTRACE row 1770 62033940 62039739
NPTRACE row 1771 62049989 62056363
NPTRACE row 1772 62067083 62073018
NPTRACE row 1773 62083231 62089641
NPTRACE row 1774 62100223 62106290
NPTRACE row 1775 62118112 62123544
NPTRACE row 1776 62135402 62140176
NPTRACE row 1777 62151073 62156508
NPTRACE row 1778 62167992 62173197
NPTRACE row 1779 62184108 62189914
NPTRACE row 1780 62201265 62206517
NPTRACE row 1781 62218105 62223334
NPTRACE row 1782 62235861 62240096
NPTRACE row 1783 62251353 62256506
NPTRACE row 1784 62267347 62273131
NPTRACE row 1785 62284190 62289874
NPTRACE row 1786 62300730 62306516
NPTRACE row 1787 62317616 62323372
NPTRACE row 1788 62334397 62339872
NPTRACE row 1789 62351035 62356492
NPTRACE row 1790 62367448 62373146
NPTRACE row 1791 62385237 62390263
NPTRACE row 1792 62401326 62406450
NPTRACE row 1793 62417487 62423312
NPTRACE row 1794 62434256 62439851
NPTRACE row 1795 62450293 62456484
NPTRACE row 1796 62467458 62473091
NPTRACE row 1797 62483757 62489838
NPTRACE row 1798 62500970 62506455
NPTRACE row 1799 62517954 62523401
NPTRACE row 1800 62535352 62540132
NPTRACE row 1801 62551068 62556544
NPTRACE row 1802 62568029 62573174
NPTRACE row 1803 62583978 62589884
NPTRACE row 1804 62601216 62606514
NPTRACE row 1805 62617952 62623433
NPTRACE row 1806 62635016 62639902
NPTRACE row 1807 62651560 62656589
NPTRACE row 1808 62668766 62673325
NPTRACE row 1809 62683753 62689802
NPTRACE row 1810 62700775 62706394
NPTRACE row 1811 62717528 62723293
NPTRACE row 1812 62734147 62739746
NPTRACE row 1813 62750068 62756332
NPTRACE row 1814 62767185 62773033
NPTRACE row 1815 62783498 62789779
NPTRACE row 1816 62800772 62806382
NPTRACE row 1817 62817572 62823296
NPTRACE row 1818 62834276 62839764
NPTRACE row 1819 62850162 62856346
NPTRACE row 1820 62867281 62873047
NPTRACE row 1821 62883588 62889767
NPTRACE row 1822 62900793 62906218
NPTRACE row 1823 62917551 62923290
NPTRACE row 1824 62934811 62939946
NPTRACE row 1825 62951302 62956477
NPTRACE row 1826 62968286 62973185
NPTRACE row 1827 62984320 62989931
NPTRACE row 1828 63001561 63006529
NPTRACE row 1829 63018201 63023461
NPTRACE row 1830 63035257 63039934
NPTRACE row 1831 63051205 63056492
NPTRACE row 1832 63067595 63073158
NPTRACE row 1833 63084049 63089903
NPTRACE row 1834 63101067 63106504
NPTRACE row 1835 63117939 63123450
NPTRACE row 1836 63134811 63139921
NPTRACE row 1837 63150774 63156488
NPTRACE row 1838 63167733 63173230
NPTRACE row 1839 63184648 63190013
NPTRACE row 1840 63202448 63206764
NPTRACE row 1841 63218265 63223384
NPTRACE row 1842 63234519 63239863
NPTRACE row 1843 63250505 63256450
NPTRACE row 1844 63267729 63273179
NPTRACE row 1845 63284039 63289861
NPTRACE row 1846 63301136 63306462
NPTRACE row 1847 63318035 63323395
NPTRACE row 1848 63335741 63340068
NPTRACE row 1849 63351002 63356422
NPTRACE row 1850 63367956 63373120
NPTRACE row 1851 63383943 63389769
NPTRACE row 1852 63401230 63406241
NPTRACE row 1853 63417243 63423212
NPTRACE row 1854 63435194 63439704
NPTRACE row 1855 63451275 63456613
NPTRACE row 1856 63467354 63472961
NPTRACE row 1857 63483219 63489608
NPTRACE row 1858 63500310 63506228
NPTRACE row 1859 63517097 63523181
NPTRACE row 1860 63534259 63539622
NPTRACE row 1861 63550075 63556313
NPTRACE row 1862 63567168 63573015
NPTRACE row 1863 63583450 63589738
NPTRACE row 1864 63600584 63606340
NPTRACE row 1865 63617544 63623275
NPTRACE row 1866 63634323 63639754
NPTRACE row 1867 63651337 63656538
NPTRACE row 1868 63667461 63673034
NPTRACE row 1869 63683591 63689764
NPTRACE row 1870 63700748 63706329
NPTRACE row 1871 63718084 63723365
NPTRACE row 1872 63735154 63739953
NPTRACE row 1873 63750767 63756369
NPTRACE row 1874 63767801 63773023
NPTRACE row 1875 63783917 63789764
NPTRACE row 1876 63801218 63806351
NPTRACE row 1877 63817863 63823282
NPTRACE row 1878 63834634 63839741
NPTRACE row 1879 63851073 63856405
NPTRACE row 1880 63867858 63873041
NPTRACE row 1881 63883501 63889633
NPTRACE row 1882 63900481 63906261
NPTRACE row 1883 63917374 63923298
NPTRACE row 1884 63934241 63939720
NPTRACE row 1885 63950225 63956338
NPTRACE row 1886 63967336 63973031
NPTRACE row 1887 63983843 63989833
NPTRACE row 1888 64000789 64006311
NPTRACE row 1889 64017525 64023269
NPTRACE row 1890 64034197 64039592
NPTRACE row 1891 64049956 64056255
NPTRACE row 1892 64067121 64073034
NPTRACE row 1893 64083429 64089710
NPTRACE row 1894 64100631 64106286
NPTRACE row 1895 64117486 64123296
NPTRACE row 1896 64135393 64139885
NPTRACE row 1897 64150317 64156173
NPTRACE row 1898 64167292 64172951
NPTRACE row 1899 64183426 64189583
NPTRACE row 1900 64200930 64206252
NPTRACE row 1901 64218552 64223480
NPTRACE row 1902 64234831 64239786
NPTRACE row 1903 64251009 64256398
NPTRACE row 1904 64267436 64273017
NPTRACE row 1905 64283940 64289779
NPTRACE row 1906 64301029 64306376
NPTRACE row 1907 64317952 64323250
NPTRACE row 1908 64334291 64339620
NPTRACE row 1909 64350228 64356287
NPTRACE row 1910 64367162 64372948
NPTRACE row 1911 64383344 64389569
NPTRACE row 1912 64400418 64406236
NPTRACE row 1913 64417364 64423223
NPTRACE row 1914 64434288 64439609
NPTRACE row 1915 64450164 64456246
NPTRACE row 1916 64467267 64472918
NPTRACE row 1917 64483332 64489595
NPTRACE row 1918 64500536 64506257
NPTRACE row 1919 64518358 64523531
NPTRACE row 1920 64535393 64539916
NPTRACE row 1921 64550618 64556290
NPTRACE row 1922 64567631 64573032
NPTRACE row 1923 64583853 64589642
NPTRACE row 1924 64601606 64606288
NPTRACE row 1925 64617802 64623255
NPTRACE row 1926 64634737 64639695
NPTRACE row 1927 64650772 64656256
NPTRACE row 1928 64667335 64672977
NPTRACE row 1929 64683508 64689586
NPTRACE row 1930 64700788 64706301
NPTRACE row 1931 64717593 64723315
NPTRACE row 1932 64734457 64739786
NPTRACE row 1933 64750467 64756334
NPTRACE row 1934 64767651 64773043
NPTRACE row 1935 64785187 64789877
NPTRACE row 1936 64801093 64806361
NPTRACE row 1937 64817869 64823300
NPTRACE row 1938 64834759 64839771
NPTRACE row 1939 64850487 64856328
NPTRACE row 1940 64867408 64873025
NPTRACE row 1941 64884221 64889615
NPTRACE row 1942 64900552 64906226
NPTRACE row 1943 64917516 64923083
NPTRACE row 1944 64934786 64939741
NPTRACE row 1945 64950316 64956131
NPTRACE row 1946 64967490 64972816
NPTRACE row 1947 64983223 64989510
NPTRACE row 1948 65000758 65006154
NPTRACE row 1949 65017281 65023066
NPTRACE row 1950 65034077 65039429
NPTRACE row 1951 65050245 65056231
NPTRACE row 1952 65067399 65073071
NPTRACE row 1953 65083985 65089734
NPTRACE row 1954 65101102 65106291
NPTRACE row 1955 65117993 65123262
NPTRACE row 1956 65135509 65139811
NPTRACE row 1957 65150900 65156452
NPTRACE row 1958 65167993 65173133
NPTRACE row 1959 65184073 65189778
NPTRACE row 1960 65201148 65206424
NPTRACE row 1961 65218146 65223396
NPTRACE row 1962 65235347 65239892
NPTRACE row 1963 65251250 65256541
NPTRACE row 1964 65269442 65273275
NPTRACE row 1965 65284644 65289966
NPTRACE row 1966 65301758 65306452
NPTRACE row 1967 65318122 65323449
NPTRACE row 1968 65335880 65340096
NPTRACE row 1969 65351413 65356520
NPTRACE row 1970 65368623 65373256
NPTRACE row 1971 65384736 65389911
NPTRACE row 1972 65402038 65406513
NPTRACE row 1973 65418501 65423489
NPTRACE row 1974 65435445 65439953
NPTRACE row 1975 65451477 65456498
NPTRACE row 1976 65468150 65473164
NPTRACE row 1977 65484190 65489868
NPTRACE row 1978 65501933 65506489
NPTRACE row 1979 65518147 65523433
NPTRACE row 1980 65535101 65539860
NPTRACE row 1981 65550977 65556453
NPTRACE row 1982 65568122 65573199
NPTRACE row 1983 65585181 65590227
NPTRACE row 1984 65601891 65606444
NPTRACE row 1985 65618235 65623367
NPTRACE row 1986 65635121 65639790
NPTRACE row 1987 65650645 65656361
NPTRACE row 1988 65667945 65673164
NPTRACE row 1989 65684376 65689746
NPTRACE row 1990 65701041 65706284
NPTRACE row 1991 65717799 65723213
NPTRACE row 1992 65735455 65739953
NPTRACE row 1993 65751003 65756330
NPTRACE row 1994 65768220 65773096
NPTRACE row 1995 65784498 65789708
NPTRACE row 1996 65801532 65806359
NPTRACE row 1997 65818165 65823383
NPTRACE row 1998 65835276 65839863
NPTRACE row 1999 65851558 65856516
NPTRACE row 2000 65868161 65873119
NPTRACE row 2001 65884184 65889793
NPTRACE row 2002 65901265 65906386
NPTRACE row 2003 65918083 65923363
NPTRACE row 2004 65935124 65939800
NPTRACE row 2005 65950772 65956361
NPTRACE row 2006 65967845 65973088
NPTRACE row 2007 65984106 65989844
NPTRACE row 2008 66001411 66006375
NPTRACE row 2009 66018125 66023347
NPTRACE row 2010 66035068 66039820
NPTRACE row 2011 66050823 66056388
NPTRACE row 2012 66068093 66073113
NPTRACE row 2013 66084448 66089702
NPTRACE row 2014 66101193 66106309
NPTRACE row 2015 66118183 66123402
NPTRACE row 2016 66135875 66140020
NPTRACE row 2017 66151347 66156421
NPTRACE row 2018 66168571 66173120
NPTRACE row 2019 66184569 66189787
NPTRACE row 2020 66201871 66206441
NPTRACE row 2021 66218394 66223385
NPTRACE row 2022 66235521 66239826
NPTRACE row 2023 66251296 66256374
NPTRACE row 2024 66267907 66273036
NPTRACE row 2025 66284004 66289768
NPTRACE row 2026 66301269 66306398
NPTRACE row 2027 66318279 66323338
NPTRACE row 2028 66335424 66339733
NPTRACE row 2029 66350870 66356387
NPTRACE row 2030 66367978 66373102
NPTRACE row 2031 66384444 66389913
NPTRACE row 2032 66401557 66406388
NPTRACE row 2033 66418014 66423261
NPTRACE row 2034 66434850 66439766
NPTRACE row 2035 66451830 66456614
NPTRACE row 2036 66468243 66473020
NPTRACE row 2037 66484508 66489723
NPTRACE row 2038 66501378 66506362
NPTRACE row 2039 66518169 66523297
NPTRACE row 2040 66535930 66540029
NPTRACE row 2041 66551861 66556533
NPTRACE row 2042 66569007 66573146
NPTRACE row 2043 66584425 66589769
NPTRACE row 2044 66601728 66606387
NPTRACE row 2045 66618305 66623354
NPTRACE row 2046 66635488 66639798
NPTRACE row 2047 66652272 66656796
NPTRACE row 2048 66668744 66673225
NPTRACE row 2049 66684750 66689931
NPTRACE row 2050 66701915 66706569
NPTRACE row 2051 66718561 66723511
NPTRACE row 2052 66735386 66739928
NPTRACE row 2053 66751206 66756576
NPTRACE row 2054 66768451 66773304
NPTRACE row 2055 66785036 66789944
NPTRACE row 2056 66801962 66806584
NPTRACE row 2057 66818747 66823544
NPTRACE row 2058 66835405 66839933
NPTRACE row 2059 66851373 66856572
NPTRACE row 2060 66868561 66873285
NPTRACE row 2061 66884608 66889905
NPTRACE row 2062 66901737 66906552
NPTRACE row 2063 66918826 66923544
NPTRACE row 2064 66940351 66954370
NPTRACE row 2065 66952223 66958021
NPTRACE row 2066 66975633 66988790
NPTRACE row 2067 67000103 67006372
NPTRACE row 2068 67017994 67023041
NPTRACE row 2069 67034794 67039908
NPTRACE row 2070 67051472 67056211
NPTRACE row 2071 67066857 67072874
NPTRACE row 2072 67084108 67089529
NPTRACE row 2073 67100477 67106182
NPTRACE row 2074 67117850 67122946
NPTRACE row 2075 67134521 67139710
NPTRACE row 2076 67150588 67156025
NPTRACE row 2077 67166487 67172721
NPTRACE row 2078 67183643 67189375
NPTRACE row 2079 67200342 67206121
NPTRACE row 2080 67217077 67222576
NPTRACE row 2081 67233581 67239585
NPTRACE row 2082 67251771 67256134
NPTRACE row 2083 67266630 67272645
NPTRACE row 2084 67283595 67289294
NPTRACE row 2085 67300006 67306094
NPTRACE row 2086 67317311 67322812
NPTRACE row 2087 67334215 67339745
NPTRACE row 2088 67351926 67356346
NPTRACE row 2089 67367347 67372834
NPTRACE row 2090 67384621 67389582
NPTRACE row 2091 67400532 67406175
NPTRACE row 2092 67417961 67422852
NPTRACE row 2093 67434623 67439792
NPTRACE row 2094 67451814 67456247
NPTRACE row 2095 67468450 67472961
NPTRACE row 2096 67484257 67489451
NPTRACE row 2097 67500250 67506092
NPTRACE row 2098 67517489 67522863
NPTRACE row 2099 67534116 67539754
NPTRACE row 2100 67550905 67556106
NPTRACE row 2101 67567005 67572804
NPTRACE row 2102 67584131 67589370
NPTRACE row 2103 67600304 67605973
NPTRACE row 2104 67616838 67622638
NPTRACE row 2105 67633763 67639564
NPTRACE row 2106 67650904 67656091
NPTRACE row 2107 67666456 67672614
NPTRACE row 2108 67683408 67689264
NPTRACE row 2109 67699604 67705979
NPTRACE row 2110 67716975 67722599
NPTRACE row 2111 67734592 67739891
NPTRACE row 2112 67752118 67756219
NPTRACE row 2113 67767953 67772712
NPTRACE row 2114 67784338 67789371
NPTRACE row 2115 67800235 67805990
NPTRACE row 2116 67817287 67822643
NPTRACE row 2117 67834006 67839494
NPTRACE row 2118 67850900 67855975
NPTRACE row 2119 67867243 67872706
NPTRACE row 2120 67883993 67889340
NPTRACE row 2121 67900157 67906070
NPTRACE row 2122 67917545 67922905
NPTRACE row 2123 67934194 67939589
NPTRACE row 2124 67950928 67956092
NPTRACE row 2125 67966952 67972740
NPTRACE row 2126 67983877 67989246
NPTRACE row 2127 67999894 68006142
NPTRACE row 2128 68017177 68022795
NPTRACE row 2129 68033900 68039571
NPTRACE row 2130 68050886 68056190
NPTRACE row 2131 68066773 68072779
NPTRACE row 2132 68083738 68089383
NPTRACE row 2133 68099951 68105993
NPTRACE row 2134 68117167 68122777
NPTRACE row 2135 68133952 68139570
NPTRACE row 2136 68151423 68156300
NPTRACE row 2137 68167042 68172831
NPTRACE row 2138 68184399 68189523
NPTRACE row 2139 68200420 68206132
NPTRACE row 2140 68217604 68222769
NPTRACE row 2141 68234236 68239649
NPTRACE row 2142 68251189 68256102
NPTRACE row 2143 68267455 68272901
NPTRACE row 2144 68284071 68289381
NPTRACE row 2145 68299915 68306091
NPTRACE row 2146 68318010 68322859
NPTRACE row 2147 68333892 68339637
NPTRACE row 2148 68350807 68355994
NPTRACE row 2149 68366249 68372633
NPTRACE row 2150 68384339 68389288
NPTRACE row 2151 68399578 68405979
NPTRACE row 2152 68416771 68422648
NPTRACE row 2153 68433484 68439529
NPTRACE row 2154 68450547 68456110
NPTRACE row 2155 68466285 68472600
NPTRACE row 2156 68483176 68489265
NPTRACE row 2157 68499340 68506021
NPTRACE row 2158 68516743 68522721
NPTRACE row 2159 68534028 68539579
NPTRACE row 2160 68551512 68556162
NPTRACE row 2161 68566347 68572550
NPTRACE row 2162 68584295 68589381
NPTRACE row 2163 68600038 68605985
NPTRACE row 2164 68617419 68622785
NPTRACE row 2165 68634150 68639605
NPTRACE row 2166 68651004 68656158
NPTRACE row 2167 68667282 68672799
NPTRACE row 2168 68683837 68689410
NPTRACE row 2169 68700023 68706119
NPTRACE row 2170 68717510 68722889
NPTRACE row 2171 68734146 68739556
NPTRACE row 2172 68750371 68756007
NPTRACE row 2173 68766290 68772638
NPTRACE row 2174 68783355 68789216
NPTRACE row 2175 68800230 68806279
NPTRACE row 2176 68817201 68822752
NPTRACE row 2177 68833799 68839622
NPTRACE row 2178 68851021 68856183
NPTRACE row 2179 68866769 68872761
NPTRACE row 2180 68883873 68889344
NPTRACE row 2181 68899805 68906022
NPTRACE row 2182 68917046 68922744
NPTRACE row 2183 68933848 68939547
NPTRACE row 2184 68952175 68956294
NPTRACE row 2185 68967387 68972804
NPTRACE row 2186 68984411 68989509
NPTRACE row 2187 69000420 69006003
NPTRACE row 2188 69017167 69022593
NPTRACE row 2189 69033644 69039432
NPTRACE row 2190 69050504 69055977
NPTRACE row 2191 69066916 69072764
NPTRACE row 2192 69083458 69089194
NPTRACE row 2193 69099309 69105832
NPTRACE row 2194 69116608 69122620
NPTRACE row 2195 69133253 69139474
NPTRACE row 2196 69150157 69155930
NPTRACE row 2197 69166148 69172527
NPTRACE row 2198 69183508 69189261
NPTRACE row 2199 69199815 69206030
NPTRACE row 2200 69216992 69222641
NPTRACE row 2201 69233823 69239532
NPTRACE row 2202 69250849 69256121
NPTRACE row 2203 69266457 69272614
NPTRACE row 2204 69283448 69289253
NPTRACE row 2205 69299775 69306042
NPTRACE row 2206 69317419 69322784
NPTRACE row 2207 69334478 69339801
NPTRACE row 2208 69351992 69356403
NPTRACE row 2209 69367562 69372752
NPTRACE row 2210 69384484 69389419
NPTRACE row 2211 69400182 69406016
NPTRACE row 2212 69417364 69422616
NPTRACE row 2213 69433893 69439514
NPTRACE row 2214 69451062 69456073
NPTRACE row 2215 69467079 69472637
NPTRACE row 2216 69483633 69489276
NPTRACE row 2217 69500037 69506075
NPTRACE row 2218 69517581 69522887
NPTRACE row 2219 69534802 69539616
NPTRACE row 2220 69550947 69556120
NPTRACE row 2221 69566838 69572766
NPTRACE row 2222 69584039 69589383
NPTRACE row 2223 69601348 69606245
NPTRACE row 2224 69617461 69622782
NPTRACE row 2225 69634283 69639623
NPTRACE row 2226 69651222 69656218
NPTRACE row 2227 69666992 69672785
NPTRACE row 2228 69685082 69689601
NPTRACE row 2229 69700422 69706106
NPTRACE row 2230 69717486 69722729
NPTRACE row 2231 69734419 69739557
NPTRACE row 2232 69751622 69756354
NPTRACE row 2233 69767395 69772824
NPTRACE row 2234 69784806 69789460
NPTRACE row 2235 69800545 69806131
NPTRACE row 2236 69817866 69822828
NPTRACE row 2237 69834427 69839621
NPTRACE row 2238 69852031 69856217
NPTRACE row 2239 69868641 69873261
NPTRACE row 2240 69885746 69889457
NPTRACE row 2241 69900423 69906211
NPTRACE row 2242 69918157 69922913
NPTRACE row 2243 69934309 69939581
NPTRACE row 2244 69950926 69956111
NPTRACE row 2245 69966972 69972794
NPTRACE row 2246 69984113 69989347
NPTRACE row 2247 70000475 70006107
NPTRACE row 2248 70017739 70022856
NPTRACE row 2249 70034398 70039744
NPTRACE row 2250 70051424 70056368
NPTRACE row 2251 70067354 70072918
NPTRACE row 2252 70085494 70089773
NPTRACE row 2253 70100906 70106228
NPTRACE row 2254 70118022 70122905
NPTRACE row 2255 70135368 70139871
NPTRACE row 2256 70152387 70156487
NPTRACE row 2257 70168979 70173016
NPTRACE row 2258 70189901 70204028
NPTRACE row 2259 70201388 70207774
NPTRACE row 2260 70224332 70237585
NPTRACE row 2261 70242225 70254222
NPTRACE row 2262 70259936 70271016
NPTRACE row 2263 70277643 70287511
NPTRACE row 2264 70299371 70306361
NPTRACE row 2265 70318201 70323012
NPTRACE row 2266 70339934 70354044
NPTRACE row 2267 70358085 70370788
NPTRACE row 2268 70374971 70387360
NPTRACE row 2269 70391096 70403886
NPTRACE row 2270 70407748 70420470
NPTRACE row 2271 70419065 70424219
NPTRACE row 2272 70439713 70453775
NPTRACE row 2273 70451150 70457472
NPTRACE row 2274 70468983 70472869
NPTRACE row 2275 70484191 70489396
NPTRACE row 2276 70500648 70506039
NPTRACE row 2277 70516818 70522640
NPTRACE row 2278 70533908 70539274
NPTRACE row 2279 70550548 70556276
NPTRACE row 2280 70568620 70572953
NPTRACE row 2281 70584501 70589307
NPTRACE row 2282 70601793 70606092
NPTRACE row 2283 70617323 70622548
NPTRACE row 2284 70634013 70639189
NPTRACE row 2285 70650601 70656104
NPTRACE row 2286 70667436 70672491
NPTRACE row 2287 70683511 70689205
NPTRACE row 2288 70700108 70705767
NPTRACE row 2289 70716247 70722409
NPTRACE row 2290 70733650 70739135
NPTRACE row 2291 70750246 70755966
NPTRACE row 2292 70766998 70772314
NPTRACE row 2293 70782431 70788865
NPTRACE row 2294 70799475 70805588
NPTRACE row 2295 70815576 70822253
NPTRACE row 2296 70832844 70838860
NPTRACE row 2297 70849533 70855842
NPTRACE row 2298 70866906 70872472
NPTRACE row 2299 70882971 70889050
NPTRACE row 2300 70900332 70905711
NPTRACE row 2301 70916568 70922370
NPTRACE row 2302 70933276 70938994
NPTRACE row 2303 70951079 70956344
NPTRACE row 2304 70968485 70972778
NPTRACE row 2305 70983795 70989213
NPTRACE row 2306 71001233 71006030
NPTRACE row 2307 71017045 71022604
NPTRACE row 2308 71034434 71039060
NPTRACE row 2309 71050499 71055995
NPTRACE row 2310 71067363 71072440
NPTRACE row 2311 71083315 71088995
NPTRACE row 2312 71099989 71105704
NPTRACE row 2313 71116114 71122352
NPTRACE row 2314 71133461 71139117
NPTRACE row 2315 71150109 71155947
NPTRACE row 2316 71166779 71172386
NPTRACE row 2317 71182886 71189009
NPTRACE row 2318 71200000 71205743
NPTRACE row 2319 71216368 71222511
NPTRACE row 2320 71233450 71239004
NPTRACE row 2321 71250138 71255956
NPTRACE row 2322 71267166 71272460
NPTRACE row 2323 71282821 71288916
NPTRACE row 2324 71299730 71305726
NPTRACE row 2325 71316325 71322447
NPTRACE row 2326 71334043 71339109
NPTRACE row 2327 71351042 71356010
NPTRACE row 2328 71368207 71372775
NPTRACE row 2329 71383803 71389148
NPTRACE row 2330 71401286 71405978
NPTRACE row 2331 71416958 71422425
NPTRACE row 2332 71434640 71439098
NPTRACE row 2333 71450810 71456140
NPTRACE row 2334 71467293 71472501
NPTRACE row 2335 71483478 71489189
NPTRACE row 2336 71499972 71505773
NPTRACE row 2337 71516508 71522438
NPTRACE row 2338 71533405 71539089
NPTRACE row 2339 71550027 71555990
NPTRACE row 2340 71566546 71572389
NPTRACE row 2341 71582490 71589043
NPTRACE row 2342 71599856 71605593
NPTRACE row 2343 71615371 71622276
NPTRACE row 2344 71633044 71638917
NPTRACE row 2345 71649422 71655827
NPTRACE row 2346 71666427 71672313
NPTRACE row 2347 71683096 71688926
NPTRACE row 2348 71699165 71705576
NPTRACE row 2349 71715582 71722287
NPTRACE row 2350 71732943 71739018
NPTRACE row 2351 71750002 71756062
NPTRACE row 2352 71767551 71772739
NPTRACE row 2353 71783147 71789104
NPTRACE row 2354 71801168 71805939
NPTRACE row 2355 71816385 71822457
NPTRACE row 2356 71833940 71839197
NPTRACE row 2357 71850614 71856173
NPTRACE row 2358 71867730 71872595
NPTRACE row 2359 71883545 71889237
NPTRACE row 2360 71900637 71905870
NPTRACE row 2361 71916259 71922523
NPTRACE row 2362 71933577 71939311
NPTRACE row 2363 71950353 71956182
NPTRACE row 2364 71967256 71972537
NPTRACE row 2365 71983127 71989173
NPTRACE row 2366 72000248 72005876
NPTRACE row 2367 72017175 72022898
NPTRACE row 2368 72033915 72039135
NPTRACE row 2369 72050349 72056065
NPTRACE row 2370 72067289 72072564
NPTRACE row 2371 72082998 72089106
NPTRACE row 2372 72100105 72105810
NPTRACE row 2373 72116282 72122490
NPTRACE row 2374 72133803 72139128
NPTRACE row 2375 72158749 72170944
NPTRACE row 2376 72178964 72189343
NPTRACE row 2377 72196562 72203794
NPTRACE row 2378 72214927 72222560
NPTRACE row 2379 72233821 72239085
NPTRACE row 2380 72250022 72255847
NPTRACE row 2381 72266995 72272748
NPTRACE row 2382 72283840 72289106
NPTRACE row 2383 72299964 72305919
NPTRACE row 2384 72317324 72322502
NPTRACE row 2385 72332754 72339015
NPTRACE row 2386 72350080 72355795
NPTRACE row 2387 72366564 72372563
NPTRACE row 2388 72383286 72388999
NPTRACE row 2389 72399159 72405642
NPTRACE row 2390 72416299 72422318
NPTRACE row 2391 72432462 72439001
NPTRACE row 2392 72450019 72455817
NPTRACE row 2393 72466614 72472584
NPTRACE row 2394 72483529 72489066
NPTRACE row 2395 72499621 72505650
NPTRACE row 2396 72516851 72522452
NPTRACE row 2397 72533071 72539104
NPTRACE row 2398 72550010 72555834
NPTRACE row 2399 72567253 72571107
NPTRACE end f651e6aa1036ba63
NPTRACE begin 686a2e4a55f9372f 2400 2400 2 0
NPTRACE row 0 32597241 32607907
NPTRACE row 1 32615436 32624004
NPTRACE row 2 32631086 32640410
NPTRACE row 3 32647541 32657085
NPTRACE row 4 32664054 32673759
NPTRACE row 5 32681407 32690580
NPTRACE row 6 32697456 32707074
NPTRACE row 7 32714151 32723810
NPTRACE row 8 32731605 32740638
NPTRACE row 9 32748117 32757017
NPTRACE row 10 32764456 32773753
NPTRACE row 11 32781737 32790711
NPTRACE row 12 32798088 32807074
NPTRACE row 13 32814516 32823780
NPTRACE row 14 32831117 32840381
NPTRACE row 15 32848596 32857251
NPTRACE row 16 32864923 32873728
NPTRACE row 17 32882163 32890589
NPTRACE row 18 32898195 32907016
NPTRACE row 19 32914951 32923726
NPTRACE row 20 32931482 32940321
NPTRACE row 21 32948236 32956961
NPTRACE row 22 32965521 32973961
NPTRACE row 23 32982791 32990601
NPTRACE row 24 32998860 33006988
NPTRACE row 25 33015143 33023684
NPTRACE row 26 33031795 33040345
NPTRACE row 27 33048404 33056994
NPTRACE row 28 33065087 33073694
NPTRACE row 29 33082417 33090568
NPTRACE row 30 33098855 33106997
NPTRACE row 31 33115268 33123717
NPTRACE row 32 33131950 33140342
NPTRACE row 33 33148492 33156993
NPTRACE row 34 33165193 33173736
NPTRACE row 35 33182612 33190566
NPTRACE row 36 33199392 33207172
NPTRACE row 37 33215313 33223701
NPTRACE row 38 33231796 33240354
NPTRACE row 39 33248485 33256965
NPTRACE row 40 33265102 33273642
NPTRACE row 41 33282524 33290567
NPTRACE row 42 33298881 33306999
NPTRACE row 43 33315876 33323926
NPTRACE row 44 33332077 33340318
NPTRACE row 45 33348547 33357017
NPTRACE row 46 33365325 33373746
NPTRACE row 47 33382471 33390521
NPTRACE row 48 33398953 33407151
NPTRACE row 49 33415548 33423887
NPTRACE row 50 33432896 33440742
NPTRACE row 51 33449259 33457119
NPTRACE row 52 33465800 33473853
NPTRACE row 53 33483018 33490754
NPTRACE row 54 33499251 33507105
NPTRACE row 55 33515597 33523817
NPTRACE row 56 33532414 33540528
NPTRACE row 57 33549765 33557334
NPTRACE row 58 33565789 33573792
NPTRACE row 59 33582859 33590737
NPTRACE row 60 33599167 33607132
NPTRACE row 61 33615588 33623850
NPTRACE row 62 33632360 33640442
NPTRACE row 63 33649748 33657343
NPTRACE row 64 33666483 33674097
NPTRACE row 65 33683238 33690624
NPTRACE row 66 33699247 33707078
NPTRACE row 67 33715615 33723786
NPTRACE row 68 33732193 33740413
NPTRACE row 69 33748791 33757004
NPTRACE row 70 33765402 33773780
NPTRACE row 71 33782907 33790729
NPTRACE row 72 33799262 33807091
NPTRACE row 73 33815995 33823750
NPTRACE row 74 33832531 33840404
NPTRACE row 75 33849225 33857095
NPTRACE row 76 33865976 33873826
NPTRACE row 77 33883296 33890708
NPTRACE row 78 33900159 33907302
NPTRACE row 79 33916000 33923778
NPTRACE row 80 33932586 33940429
NPTRACE row 81 33948773 33957049
NPTRACE row 82 33965550 33973813
NPTRACE row 83 33982884 33990726
NPTRACE row 84 33999221 34007030
NPTRACE row 85 34016232 34023988
NPTRACE row 86 34032830 34040461
NPTRACE row 87 34049461 34057100
NPTRACE row 88 34065403 34073766
NPTRACE row 89 34082893 34090638
NPTRACE row 90 34098912 34107102
NPTRACE row 91 34115504 34123806
NPTRACE row 92 34132990 34140631
NPTRACE row 93 34149485 34157085
NPTRACE row 94 34166112 34173797
NPTRACE row 95 34182633 34190607
NPTRACE row 96 34199128 34207054
NPTRACE row 97 34215617 34223801
NPTRACE row 98 34232273 34240410
NPTRACE row 99 34249547 34257198
NPTRACE row 100 34265925 34273724
NPTRACE row 101 34283225 34290625
NPTRACE row 102 34298962 34307056
NPTRACE row 103 34315599 34323717
NPTRACE row 104 34332080 34340366
NPTRACE row 105 34349018 34357060
NPTRACE row 106 34366268 34373975
NPTRACE row 107 34383406 34390581
NPTRACE row 108 34399427 34407031
NPTRACE row 109 34415828 34423729
NPTRACE row 110 34432388 34440337
NPTRACE row 111 34449034 34457014
NPTRACE row 112 34465862 34473763
NPTRACE row 113 34483289 34490636
NPTRACE row 114 34499516 34507000
NPTRACE row 115 34516121 34523719
NPTRACE row 116 34532886 34540420
NPTRACE row 117 34549531 34557041
NPTRACE row 118 34566260 34573737
NPTRACE row 119 34583491 34590580
NPTRACE row 120 34600199 34607227
NPTRACE row 121 34616378 34623765
NPTRACE row 122 34632763 34640374
NPTRACE row 123 34649593 34657028
NPTRACE row 124 34666180 34673756
NPTRACE row 125 34683520 34690578
NPTRACE row 126 34699604 34707016
NPTRACE row 127 34717400 34724200
NPTRACE row 128 34733445 34740449
NPTRACE row 129 34749624 34757031
NPTRACE row 130 34766087 34773716
NPTRACE row 131 34783474 34790626
NPTRACE row 132 34799723 34807031
NPTRACE row 133 34816193 34823737
NPTRACE row 134 34833505 34840626
NPTRACE row 135 34849830 34857033
NPTRACE row 136 34866200 34873786
NPTRACE row 137 34883554 34890577
NPTRACE row 138 34899795 34907068
NPTRACE row 139 34916305 34923778
NPTRACE row 140 34932789 34940364
NPTRACE row 141 34950039 34957228
NPTRACE row 142 34966327 34973810
NPTRACE row 143 34983963 34990643
NPTRACE row 144 34999855 35006985
NPTRACE row 145 35016141 35023638
NPTRACE row 146 35032837 35040365
NPTRACE row 147 35049507 35056992
NPTRACE row 148 35066751 35073922
NPTRACE row 149 35083795 35090593
NPTRACE row 150 35099581 35106966
NPTRACE row 151 35116019 35123689
NPTRACE row 152 35132631 35140320
NPTRACE row 153 35149385 35156997
NPTRACE row 154 35166083 35173707
NPTRACE row 155 35183535 35190582
NPTRACE row 156 35199767 35206971
NPTRACE row 157 35216049 35223704
NPTRACE row 158 35232834 35240355
NPTRACE row 159 35249570 35256994
NPTRACE row 160 35266099 35273604
NPTRACE row 161 35283257 35290521
NPTRACE row 162 35299515 35306996
NPTRACE row 163 35316144 35323607
NPTRACE row 164 35332926 35340270
NPTRACE row 165 35348994 35356976
NPTRACE row 166 35365800 35373616
NPTRACE row 167 35382971 35390521
NPTRACE row 168 35400230 35407214
NPTRACE row 169 35416294 35423704
NPTRACE row 170 35432950 35440308
NPTRACE row 171 35449382 35456914
NPTRACE row 172 35465535 35473609
NPTRACE row 173 35482827 35490537
NPTRACE row 174 35499280 35506942
NPTRACE row 175 35515621 35523593
NPTRACE row 176 35532445 35540321
NPTRACE row 177 35549110 35556973
NPTRACE row 178 35565903 35573595
NPTRACE row 179 35582364 35590538
NPTRACE row 180 35599118 35606980
NPTRACE row 181 35615083 35623591
NPTRACE row 182 35631944 35640257
NPTRACE row 183 35648399 35656978
NPTRACE row 184 35665351 35673618
NPTRACE row 185 35682557 35690530
NPTRACE row 186 35698632 35706938
NPTRACE row 187 35714833 35723611
NPTRACE row 188 35731592 35740320
NPTRACE row 189 35748170 35756927
NPTRACE row 190 35764983 35773598
NPTRACE row 191 35782858 35790746
NPTRACE row 192 35799549 35807192
NPTRACE row 193 35815298 35823578
NPTRACE row 194 35832091 35840257
NPTRACE row 195 35848443 35856966
NPTRACE row 196 35865498 35873595
NPTRACE row 197 35882407 35890476
NPTRACE row 198 35898975 35906979
NPTRACE row 199 35915266 35923621
NPTRACE row 200 35931935 35940320
NPTRACE row 201 35948213 35956903
NPTRACE row 202 35965096 35973587
NPTRACE row 203 35981964 35990512
NPTRACE row 204 35998975 36006951
NPTRACE row 205 36015079 36023587
NPTRACE row 206 36032122 36040312
NPTRACE row 207 36048531 36056969
NPTRACE row 208 36065466 36073633
NPTRACE row 209 36082426 36090566
NPTRACE row 210 36099187 36107033
NPTRACE row 211 36115310 36123708
NPTRACE row 212 36132262 36140292
NPTRACE row 213 36148358 36156964
NPTRACE row 214 36165374 36173715
NPTRACE row 215 36182403 36190591
NPTRACE row 216 36200075 36207168
NPTRACE row 217 36215798 36223704
NPTRACE row 218 36232789 36240324
NPTRACE row 219 36248804 36256952
NPTRACE row 220 36265976 36273615
NPTRACE row 221 36282874 36290583
NPTRACE row 222 36299520 36306979
NPTRACE row 223 36315323 36323590
NPTRACE row 224 36332462 36340264
NPTRACE row 225 36348752 36356941
NPTRACE row 226 36365990 36373598
NPTRACE row 227 36382771 36390479
NPTRACE row 228 36399863 36406957
NPTRACE row 229 36415126 36423600
NPTRACE row 230 36432209 36440284
NPTRACE row 231 36448515 36456922
NPTRACE row 232 36465592 36473583
NPTRACE row 233 36482273 36490445
NPTRACE row 234 36498983 36506860
NPTRACE row 235 36514955 36523563
NPTRACE row 236 36532301 36540259
NPTRACE row 237 36548837 36556929
NPTRACE row 238 36565954 36573569
NPTRACE row 239 36582639 36590422
NPTRACE row 240 36600315 36607124
NPTRACE row 241 36615935 36623604
NPTRACE row 242 36633104 36640183
NPTRACE row 243 36648924 36656853
NPTRACE row 244 36666195 36673545
NPTRACE row 245 36682923 36690427
NPTRACE row 246 36699751 36706862
NPTRACE row 247 36715777 36723559
NPTRACE row 248 36732550 36740223
NPTRACE row 249 36748761 36756864
NPTRACE row 250 36765898 36773512
NPTRACE row 251 36782339 36790448
NPTRACE row 252 36799163 36806893
NPTRACE row 253 36815088 36823504
NPTRACE row 254 36832086 36840160
NPTRACE row 255 36848919 36857108
NPTRACE row 256 36865738 36873565
NPTRACE row 257 36882341 36890386
NPTRACE row 258 36899166 36906851
NPTRACE row 259 36915090 36923544
NPTRACE row 260 36932190 36940201
NPTRACE row 261 36948428 36956840
NPTRACE row 262 36965537 36973563
NPTRACE row 263 36982362 36990380
NPTRACE row 264 36999897 37007015
NPTRACE row 265 37015381 37023469
NPTRACE row 266 37032477 37040200
NPTRACE row 267 37048578 37056864
NPTRACE row 268 37065995 37073504
NPTRACE row 269 37083066 37090387
NPTRACE row 270 37099921 37106890
NPTRACE row 271 37115802 37123524
NPTRACE row 272 37132530 37140182
NPTRACE row 273 37148798 37156854
NPTRACE row 274 37165767 37173528
NPTRACE row 275 37182483 37190389
NPTRACE row 276 37199241 37206866
NPTRACE row 277 37215407 37223548
NPTRACE row 278 37232499 37240192
NPTRACE row 279 37248950 37256870
NPTRACE row 280 37265524 37273517
NPTRACE row 281 37282333 37290460
NPTRACE row 282 37299152 37306911
NPTRACE row 283 37315120 37323517
NPTRACE row 284 37332176 37340144
NPTRACE row 285 37348341 37356875
NPTRACE row 286 37365356 37373513
NPTRACE row 287 37382231 37390401
NPTRACE row 288 37400082 37407149
NPTRACE row 289 37415758 37423589
NPTRACE row 290 37432779 37440219
NPTRACE row 291 37448734 37456910
NPTRACE row 292 37466027 37473572
NPTRACE row 293 37482871 37490440
NPTRACE row 294 37499503 37506895
NPTRACE row 295 37515433 37523499
NPTRACE row 296 37532098 37540193
NPTRACE row 297 37548297 37556924
NPTRACE row 298 37565484 37573519
NPTRACE row 299 37582367 37590423
NPTRACE row 300 37599206 37606949
NPTRACE row 301 37615223 37623570
NPTRACE row 302 37632184 37640198
NPTRACE row 303 37648398 37656931
NPTRACE row 304 37665632 37673554
NPTRACE row 305 37682298 37690364
NPTRACE row 306 37698952 37706814
NPTRACE row 307 37714931 37723532
NPTRACE row 308 37732342 37740182
NPTRACE row 309 37748113 37756830
NPTRACE row 310 37765206 37773483
NPTRACE row 311 37782079 37790400
NPTRACE row 312 37799932 37807086
NPTRACE row 313 37815608 37823509
NPTRACE row 314 37832800 37840168
NPTRACE row 315 37848719 37856853
NPTRACE row 316 37865882 37873489
NPTRACE row 317 37882452 37890347
NPTRACE row 318 37899435 37906846
NPTRACE row 319 37916125 37923795
NPTRACE row 320 37932586 37940216
NPTRACE row 321 37948452 37956845
NPTRACE row 322 37965380 37973512
NPTRACE row 323 37982299 37990383
NPTRACE row 324 37999163 38006850
NPTRACE row 325 38015000 38023451
NPTRACE row 326 38032061 38040118
NPTRACE row 327 38048190 38056836
NPTRACE row 328 38065446 38073469
NPTRACE row 329 38082264 38090340
NPTRACE row 330 38099093 38106862
NPTRACE row 331 38115079 38123490
NPTRACE row 332 38132186 38140112
NPTRACE row 333 38148272 38156834
NPTRACE row 334 38165504 38173520
NPTRACE row 335 38182404 38190354
NPTRACE row 336 38199988 38207007
NPTRACE row 337 38215370 38223472
NPTRACE row 338 38232478 38240170
NPTRACE row 339 38248545 38256851
NPTRACE row 340 38265948 38273449
NPTRACE row 341 38282625 38290359
NPTRACE row 342 38299505 38306865
NPTRACE row 343 38315378 38323441
NPTRACE row 344 38332189 38340109
NPTRACE row 345 38348749 38356864
NPTRACE row 346 38365826 38373469
NPTRACE row 347 38382421 38390298
NPTRACE row 348 38399346 38406821
NPTRACE row 349 38414917 38423493
NPTRACE row 350 38432117 38440138
NPTRACE row 351 38448351 38456807
NPTRACE row 352 38465500 38473476
NPTRACE row 353 38482345 38490382
NPTRACE row 354 38499091 38506817
NPTRACE row 355 38515030 38523446
NPTRACE row 356 38532178 38540116
NPTRACE row 357 38548228 38556809
NPTRACE row 358 38565303 38573414
NPTRACE row 359 38582150 38590356
NPTRACE row 360 38600016 38607097
NPTRACE row 361 38615814 38623471
NPTRACE row 362 38632630 38640093
NPTRACE row 363 38648572 38656814
NPTRACE row 364 38665916 38673463
NPTRACE row 365 38682554 38690358
NPTRACE row 366 38699492 38706819
NPTRACE row 367 38715367 38723441
NPTRACE row 368 38731988 38740084
NPTRACE row 369 38748323 38756789
NPTRACE row 370 38765328 38773417
NPTRACE row 371 38782282 38790306
NPTRACE row 372 38799068 38806797
NPTRACE row 373 38814995 38823385
NPTRACE row 374 38832061 38840021
NPTRACE row 375 38848205 38856784
NPTRACE row 376 38865442 38873421
NPTRACE row 377 38882301 38890201
NPTRACE row 378 38898843 38906693
NPTRACE row 379 38914813 38923369
NPTRACE row 380 38931984 38940039
NPTRACE row 381 38948383 38956697
NPTRACE row 382 38965074 38973352
NPTRACE row 383 38982512 38990457
NPTRACE row 384 38999763 39006934
NPTRACE row 385 39015356 39023308
NPTRACE row 386 39032771 39040032
NPTRACE row 387 39048258 39056693
NPTRACE row 388 39065355 39073282
NPTRACE row 389 39081972 39090135
NPTRACE row 390 39098950 39106703
NPTRACE row 391 39114967 39123341
NPTRACE row 392 39131759 39139925
NPTRACE row 393 39147849 39156603
NPTRACE row 394 39165030 39173332
NPTRACE row 395 39181805 39190200
NPTRACE row 396 39198591 39206640
NPTRACE row 397 39214547 39223328
NPTRACE row 398 39231580 39239943
NPTRACE row 399 39247617 39256602
NPTRACE row 400 39264889 39273338
NPTRACE row 401 39281754 39290239
NPTRACE row 402 39298557 39306715
NPTRACE row 403 39314575 39323320
NPTRACE row 404 39331620 39339950
NPTRACE row 405 39347736 39356721
NPTRACE row 406 39365037 39373359
NPTRACE row 407 39381955 39390177
NPTRACE row 408 39399427 39406909
NPTRACE row 409 39414933 39423335
NPTRACE row 410 39432059 39439997
NPTRACE row 411 39448031 39456630
NPTRACE row 412 39465389 39473341
NPTRACE row 413 39482212 39490226
NPTRACE row 414 39499119 39506690
NPTRACE row 415 39514976 39523320
NPTRACE row 416 39531595 39539955
NPTRACE row 417 39547882 39556641
NPTRACE row 418 39564993 39573256
NPTRACE row 419 39581577 39590116
NPTRACE row 420 39598361 39606589
NPTRACE row 421 39614303 39623299
NPTRACE row 422 39631560 39639919
NPTRACE row 423 39649413 39657318
NPTRACE row 424 39665637 39673283
NPTRACE row 425 39681748 39690168
NPTRACE row 426 39698448 39706582
NPTRACE row 427 39714819 39723315
NPTRACE row 428 39732134 39739922
NPTRACE row 429 39747588 39756581
NPTRACE row 430 39764443 39773207
NPTRACE row 431 39783030 39790867
NPTRACE row 432 39799860 39806895
NPTRACE row 433 39814854 39823272
NPTRACE row 434 39831905 39839911
NPTRACE row 435 39847836 39856624
NPTRACE row 436 39865148 39873285
NPTRACE row 437 39881861 39890132
NPTRACE row 438 39898834 39906597
NPTRACE row 439 39916240 39923972
NPTRACE row 440 39932475 39939909
NPTRACE row 441 39947403 39956588
NPTRACE row 442 39964556 39973304
NPTRACE row 443 39981518 39990182
NPTRACE row 444 39998367 40006622
NPTRACE row 445 40014271 40023260
NPTRACE row 446 40031298 40039980
NPTRACE row 447 40049861 40057574
NPTRACE row 448 40065764 40073315
NPTRACE row 449 40081523 40090124
NPTRACE row 450 40098141 40106593
NPTRACE row 451 40114093 40123281
NPTRACE row 452 40131305 40139926
NPTRACE row 453 40147411 40156567
NPTRACE row 454 40164754 40173279
NPTRACE row 455 40183185 40190863
NPTRACE row 456 40199825 40206841
NPTRACE row 457 40214633 40223259
NPTRACE row 458 40231937 40239951
NPTRACE row 459 40247892 40256604
NPTRACE row 460 40265125 40273236
NPTRACE row 461 40281625 40290121
NPTRACE row 462 40298553 40306607
NPTRACE row 463 40316223 40323951
NPTRACE row 464 40332548 40339881
NPTRACE row 465 40347453 40356568
NPTRACE row 466 40364625 40373253
NPTRACE row 467 40381378 40390146
NPTRACE row 468 40398228 40406558
NPTRACE row 469 40414224 40423262
NPTRACE row 470 40431307 40439918
NPTRACE row 471 40448978 40457206
NPTRACE row 472 40465171 40473203
NPTRACE row 473 40481418 40490161
NPTRACE row 474 40498203 40506579
NPTRACE row 475 40514197 40523205
NPTRACE row 476 40531324 40539905
NPTRACE row 477 40547429 40556578
NPTRACE row 478 40564517 40573202
NPTRACE row 479 40583198 40590871
NPTRACE row 480 40599892 40606808
NPTRACE row 481 40614506 40623212
NPTRACE row 482 40631584 40639824
NPTRACE row 483 40647516 40656513
NPTRACE row 484 40665015 40673232
NPTRACE row 485 40681828 40690137
NPTRACE row 486 40698751 40706505
NPTRACE row 487 40716238 40723919
NPTRACE row 488 40731893 40739884
NPTRACE row 489 40747382 40756545
NPTRACE row 490 40764623 40773195
NPTRACE row 491 40781356 40790125
NPTRACE row 492 40798089 40806519
NPTRACE row 493 40814264 40823184
NPTRACE row 494 40831829 40839871
NPTRACE row 495 40849814 40857365
NPTRACE row 496 40866062 40873223
NPTRACE row 497 40882040 40890117
NPTRACE row 498 40898734 40906554
NPTRACE row 499 40914587 40923254
NPTRACE row 500 40931936 40939896
NPTRACE row 501 40947998 40956492
NPTRACE row 502 40965019 40973173
NPTRACE row 503 40983449 40990761
NPTRACE row 504 41000152 41006826
NPTRACE row 505 41015138 41023196
NPTRACE row 506 41032325 41039886
NPTRACE row 507 41048290 41056525
NPTRACE row 508 41065565 41073219
NPTRACE row 509 41082182 41090103
NPTRACE row 510 41099195 41106577
NPTRACE row 511 41117751 41124313
NPTRACE row 512 41132930 41139895
NPTRACE row 513 41147810 41156486
NPTRACE row 514 41164973 41173242
NPTRACE row 515 41181923 41190131
NPTRACE row 516 41198631 41206492
NPTRACE row 517 41214554 41223180
NPTRACE row 518 41231849 41239899
NPTRACE row 519 41249434 41257250
NPTRACE row 520 41265828 41273192
NPTRACE row 521 41282032 41290128
NPTRACE row 522 41298729 41306537
NPTRACE row 523 41314510 41323197
NPTRACE row 524 41331596 41339826
NPTRACE row 525 41347762 41356544
NPTRACE row 526 41365024 41373221
NPTRACE row 527 41383895 41390898
NPTRACE row 528 41400423 41406765
NPTRACE row 529 41415136 41423244
NPTRACE row 530 41432156 41439858
NPTRACE row 531 41448171 41456502
NPTRACE row 532 41465592 41473199
NPTRACE row 533 41482201 41490062
NPTRACE row 534 41498978 41506512
NPTRACE row 535 41516541 41523875
NPTRACE row 536 41532308 41539876
NPTRACE row 537 41547889 41556530
NPTRACE row 538 41565129 41573180
NPTRACE row 539 41581933 41590062
NPTRACE row 540 41598560 41606538
NPTRACE row 541 41614512 41623212
NPTRACE row 542 41631889 41639838
NPTRACE row 543 41649791 41657355
NPTRACE row 544 41665925 41673179
NPTRACE row 545 41681837 41690090
NPTRACE row 546 41698560 41706491
NPTRACE row 547 41714463 41723118
NPTRACE row 548 41731734 41739842
NPTRACE row 549 41747912 41756511
NPTRACE row 550 41765131 41773152
NPTRACE row 551 41783428 41790809
NPTRACE row 552 41801270 41806787
NPTRACE row 553 41815157 41823153
NPTRACE row 554 41832133 41839790
NPTRACE row 555 41847974 41856494
NPTRACE row 556 41865401 41873171
NPTRACE row 557 41882146 41890039
NPTRACE row 558 41899112 41906470
NPTRACE row 559 41917001 41923967
NPTRACE row 560 41932487 41939841
NPTRACE row 561 41947831 41956481
NPTRACE row 562 41964997 41973131
NPTRACE row 563 41981983 41990061
NPTRACE row 564 41998573 42006506
NPTRACE row 565 42014467 42023088
NPTRACE row 566 42031510 42039836
NPTRACE row 567 42049374 42057205
NPTRACE row 568 42065793 42073111
NPTRACE row 569 42081889 42090021
NPTRACE row 570 42098597 42106497
NPTRACE row 571 42114523 42123167
NPTRACE row 572 42131733 42139781
NPTRACE row 573 42147861 42156472
NPTRACE row 574 42165102 42173150
NPTRACE row 575 42184324 42191052
NPTRACE row 576 42200482 42206747
NPTRACE row 577 42215037 42223107
NPTRACE row 578 42232121 42239829
NPTRACE row 579 42248181 42256476
NPTRACE row 580 42265853 42273084
NPTRACE row 581 42282739 42290040
NPTRACE row 582 42299487 42306486
NPTRACE row 583 42317155 42323795
NPTRACE row 584 42332906 42339823
NPTRACE row 585 42348247 42356465
NPTRACE row 586 42365340 42373108
NPTRACE row 587 42382202 42390035
NPTRACE row 588 42399028 42406443
NPTRACE row 589 42415009 42423131
NPTRACE row 590 42432193 42439829
NPTRACE row 591 42450304 42457271
NPTRACE row 592 42466365 42473097
NPTRACE row 593 42482288 42490074
NPTRACE row 594 42499204 42506492
NPTRACE row 595 42515088 42523077
NPTRACE row 596 42532083 42539799
NPTRACE row 597 42548225 42556443
NPTRACE row 598 42565390 42573095
NPTRACE row 599 42583902 42590734
NPTRACE row 600 42600730 42606709
NPTRACE row 601 42615558 42623108
NPTRACE row 602 42632577 42639764
NPTRACE row 603 42648487 42656416
NPTRACE row 604 42665950 42673116
NPTRACE row 605 42682771 42690043
NPTRACE row 606 42699504 42706419
NPTRACE row 607 42717196 42723891
NPTRACE row 608 42732910 42739782
NPTRACE row 609 42748258 42756454
NPTRACE row 610 42765507 42773050
NPTRACE row 611 42782401 42790077
NPTRACE row 612 42799209 42806405
NPTRACE row 613 42814952 42823015
NPTRACE row 614 42832116 42839722
NPTRACE row 615 42850076 42857134
NPTRACE row 616 42866214 42873040
NPTRACE row 617 42882169 42889915
NPTRACE row 618 42898885 42906371
NPTRACE row 619 42914930 42923061
NPTRACE row 620 42932063 42939784
NPTRACE row 621 42948360 42956397
NPTRACE row 622 42965513 42973052
NPTRACE row 623 42984247 42990847
NPTRACE row 624 43000851 43006607
NPTRACE row 625 43015506 43023021
NPTRACE row 626 43032524 43039739
NPTRACE row 627 43048433 43056363
NPTRACE row 628 43065733 43072960
NPTRACE row 629 43082275 43089920
NPTRACE row 630 43099334 43106370
NPTRACE row 631 43117015 43123697
NPTRACE row 632 43132784 43139693
NPTRACE row 633 43148214 43156330
NPTRACE row 634 43165337 43173010
NPTRACE row 635 43182162 43189971
NPTRACE row 636 43198984 43206348
NPTRACE row 637 43214878 43222973
NPTRACE row 638 43231932 43239718
NPTRACE row 639 43250545 43257434
NPTRACE row 640 43266400 43273000
NPTRACE row 641 43282119 43289964
NPTRACE row 642 43299017 43306359
NPTRACE row 643 43314955 43322970
NPTRACE row 644 43331963 43339721
NPTRACE row 645 43348174 43356355
NPTRACE row 646 43365393 43373017
NPTRACE row 647 43383879 43390581
NPTRACE row 648 43400417 43406504
NPTRACE row 649 43415267 43422975
NPTRACE row 650 43432332 43439777
NPTRACE row 651 43448459 43456330
NPTRACE row 652 43465892 43472952
NPTRACE row 653 43482484 43489955
NPTRACE row 654 43499409 43506351
NPTRACE row 655 43517200 43523779
NPTRACE row 656 43532845 43539810
NPTRACE row 657 43548351 43556413
NPTRACE row 658 43565350 43573015
NPTRACE row 659 43582089 43589920
NPTRACE row 660 43598877 43606404
NPTRACE row 661 43614896 43623034
NPTRACE row 662 43632024 43639715
NPTRACE row 663 43649895 43657085
NPTRACE row 664 43666189 43673029
NPTRACE row 665 43682151 43689990
NPTRACE row 666 43698929 43706363
NPTRACE row 667 43714988 43723021
NPTRACE row 668 43732096 43739759
NPTRACE row 669 43748141 43756370
NPTRACE row 670 43765260 43772977
NPTRACE row 671 43783977 43790841
NPTRACE row 672 43800759 43806586
NPTRACE row 673 43815409 43822982
NPTRACE row 674 43832855 43839626
NPTRACE row 675 43849136 43856344
NPTRACE row 676 43866267 43872973
NPTRACE row 677 43882949 43889931
NPTRACE row 678 43899985 43906320
NPTRACE row 679 43917377 43923621
NPTRACE row 680 43932992 43939637
NPTRACE row 681 43948543 43956314
NPTRACE row 682 43965815 43972944
NPTRACE row 683 43982575 43989947
NPTRACE row 684 43999444 44006331
NPTRACE row 685 44015367 44022927
NPTRACE row 686 44032371 44039631
NPTRACE row 687 44050564 44057201
NPTRACE row 688 44066843 44072998
NPTRACE row 689 44082549 44089867
NPTRACE row 690 44099251 44106318
NPTRACE row 691 44115252 44122970
NPTRACE row 692 44132331 44139624
NPTRACE row 693 44148542 44156289
NPTRACE row 694 44165868 44172955
NPTRACE row 695 44184273 44190582
NPTRACE row 696 44201217 44206519
NPTRACE row 697 44215888 44222923
NPTRACE row 698 44232958 44239705
NPTRACE row 699 44249027 44256328
NPTRACE row 700 44266196 44272899
NPTRACE row 701 44282738 44289869
NPTRACE row 702 44299752 44306344
NPTRACE row 703 44318280 44324029
NPTRACE row 704 44334541 44339633
NPTRACE row 705 44348749 44356314
NPTRACE row 706 44365845 44372947
NPTRACE row 707 44382469 44389868
NPTRACE row 708 44399366 44406303
NPTRACE row 709 44415397 44422970
NPTRACE row 710 44432426 44439632
NPTRACE row 711 44450199 44456946
NPTRACE row 712 44466367 44472937
NPTRACE row 713 44482495 44489924
NPTRACE row 714 44499327 44506311
NPTRACE row 715 44515367 44522916
NPTRACE row 716 44532417 44539579
NPTRACE row 717 44548581 44556339
NPTRACE row 718 44565804 44572958
NPTRACE row 719 44584526 44590732
NPTRACE row 720 44601145 44606524
NPTRACE row 721 44615778 44622923
NPTRACE row 722 44632759 44639575
NPTRACE row 723 44648823 44656294
NPTRACE row 724 44666250 44672944
NPTRACE row 725 44682905 44689887
NPTRACE row 726 44699900 44706253
NPTRACE row 727 44717364 44723584
NPTRACE row 728 44733023 44739607
NPTRACE row 729 44748592 44756315
NPTRACE row 730 44765924 44772912
NPTRACE row 731 44782488 44789851
NPTRACE row 732 44799237 44806276
NPTRACE row 733 44815201 44822943
NPTRACE row 734 44832343 44839595
NPTRACE row 735 44850430 44857084
NPTRACE row 736 44866642 44872908
NPTRACE row 737 44882536 44889874
NPTRACE row 738 44899313 44906304
NPTRACE row 739 44915305 44922970
NPTRACE row 740 44932496 44939631
NPTRACE row 741 44948639 44956247
NPTRACE row 742 44965631 44972874
NPTRACE row 743 44984030 44990248
NPTRACE row 744 45000520 45006531
NPTRACE row 745 45015826 45022885
NPTRACE row 746 45032881 45039562
NPTRACE row 747 45048989 45056274
NPTRACE row 748 45066223 45072953
NPTRACE row 749 45082879 45089875
NPTRACE row 750 45099870 45106341
NPTRACE row 751 45117881 45123216
NPTRACE row 752 45132762 45139587
NPTRACE row 753 45148476 45156250
NPTRACE row 754 45165730 45172986
NPTRACE row 755 45182522 45189933
NPTRACE row 756 45199381 45206285
NPTRACE row 757 45215351 45222893
NPTRACE row 758 45232408 45239619
NPTRACE row 759 45250201 45256415
NPTRACE row 760 45265931 45272913
NPTRACE row 761 45282627 45289884
NPTRACE row 762 45299319 45306304
NPTRACE row 763 45315289 45322924
NPTRACE row 764 45332283 45339561
NPTRACE row 765 45348525 45356304
NPTRACE row 766 45365730 45372948
NPTRACE row 767 45385185 45390333
NPTRACE row 768 45400875 45406503
NPTRACE row 769 45415854 45422950
NPTRACE row 770 45432852 45439614
NPTRACE row 771 45449009 45456276
NPTRACE row 772 45466291 45472899
NPTRACE row 773 45482830 45489863
NPTRACE row 774 45499598 45506268
NPTRACE row 775 45517867 45523269
NPTRACE row 776 45532827 45539589
NPTRACE row 777 45548588 45556290
NPTRACE row 778 45565851 45572933
NPTRACE row 779 45582513 45589858
NPTRACE row 780 45599310 45606297
NPTRACE row 781 45615276 45622943
NPTRACE row 782 45632452 45639591
NPTRACE row 783 45651030 45656730
NPTRACE row 784 45666220 45672920
NPTRACE row 785 45682437 45689885
NPTRACE row 786 45699297 45706269
NPTRACE row 787 45715305 45722891
NPTRACE row 788 45732432 45739606
NPTRACE row 789 45748641 45756264
NPTRACE row 790 45765773 45772930
NPTRACE row 791 45784739 45790233
NPTRACE row 792 45800810 45806511
NPTRACE row 793 45815849 45822941
NPTRACE row 794 45832868 45839546
NPTRACE row 795 45848848 45856282
NPTRACE row 796 45866218 45872949
NPTRACE row 797 45882864 45889831
NPTRACE row 798 45899858 45906228
NPTRACE row 799 45916620 45923285
NPTRACE row 800 45932849 45939623
NPTRACE row 801 45948594 45956247
NPTRACE row 802 45965844 45972922
NPTRACE row 803 45982752 45989871
NPTRACE row 804 45999319 46006280
NPTRACE row 805 46015222 46022893
NPTRACE row 806 46032285 46039583
NPTRACE row 807 46049151 46056517
NPTRACE row 808 46066003 46072937
NPTRACE row 809 46082590 46089853
NPTRACE row 810 46099412 46106274
NPTRACE row 811 46115271 46122962
NPTRACE row 812 46132401 46139560
NPTRACE row 813 46148614 46156250
NPTRACE row 814 46165852 46172945
NPTRACE row 815 46183345 46190110
NPTRACE row 816 46200829 46206547
NPTRACE row 817 46216134 46223024
NPTRACE row 818 46233247 46239742
NPTRACE row 819 46249353 46256362
NPTRACE row 820 46266622 46272972
NPTRACE row 821 46283244 46289947
NPTRACE row 822 46300211 46306355
NPTRACE row 823 46316746 46323262
NPTRACE row 824 46333198 46339699
NPTRACE row 825 46349000 46356345
NPTRACE row 826 46366024 46372988
NPTRACE row 827 46382783 46389895
NPTRACE row 828 46399552 46406318
NPTRACE row 829 46415636 46423015
NPTRACE row 830 46432854 46439700
NPTRACE row 831 46450782 46456936
NPTRACE row 832 46466759 46473005
NPTRACE row 833 46482980 46489921
NPTRACE row 834 46499810 46506362
NPTRACE row 835 46515603 46522939
NPTRACE row 836 46532579 46539594
NPTRACE row 837 46549096 46556330
NPTRACE row 838 46566339 46573026
NPTRACE row 839 46583852 46590108
NPTRACE row 840 46601247 46606549
NPTRACE row 841 46616467 46622970
NPTRACE row 842 46633407 46639624
NPTRACE row 843 46649526 46656324
NPTRACE row 844 46666987 46673008
NPTRACE row 845 46683591 46689904
NPTRACE row 846 46700343 46706288
NPTRACE row 847 46717367 46723349
NPTRACE row 848 46733396 46739740
NPTRACE row 849 46749302 46756302
NPTRACE row 850 46766479 46772927
NPTRACE row 851 46783226 46789879
NPTRACE row 852 46799928 46806329
NPTRACE row 853 46816070 46822963
NPTRACE row 854 46833255 46839617
NPTRACE row 855 46849877 46856526
NPTRACE row 856 46866538 46872941
NPTRACE row 857 46883076 46889851
NPTRACE row 858 46899845 46906284
NPTRACE row 859 46915923 46922954
NPTRACE row 860 46933064 46939610
NPTRACE row 861 46949338 46956254
NPTRACE row 862 46966398 46972933
NPTRACE row 863 46983977 46990254
NPTRACE row 864 47001383 47006466
NPTRACE row 865 47016415 47022858
NPTRACE row 866 47033278 47039487
NPTRACE row 867 47049330 47056226
NPTRACE row 868 47066983 47072893
NPTRACE row 869 47083832 47089803
NPTRACE row 870 47100842 47106231
NPTRACE row 871 47117220 47123112
NPTRACE row 872 47133516 47139537
NPTRACE row 873 47149395 47156185
NPTRACE row 874 47166643 47172890
NPTRACE row 875 47183426 47189814
NPTRACE row 876 47200169 47206132
NPTRACE row 877 47216098 47222809
NPTRACE row 878 47233117 47239567
NPTRACE row 879 47250182 47256546
NPTRACE row 880 47267029 47272840
NPTRACE row 881 47283409 47289851
NPTRACE row 882 47300238 47306233
NPTRACE row 883 47316179 47322895
NPTRACE row 884 47333368 47339534
NPTRACE row 885 47349577 47356207
NPTRACE row 886 47366590 47372856
NPTRACE row 887 47383787 47389950
NPTRACE row 888 47401180 47406389
NPTRACE row 889 47416562 47422887
NPTRACE row 890 47433763 47439545
NPTRACE row 891 47449868 47456141
NPTRACE row 892 47467177 47472843
NPTRACE row 893 47483762 47489821
NPTRACE row 894 47500721 47506223
NPTRACE row 895 47518242 47523454
NPTRACE row 896 47533911 47539498
NPTRACE row 897 47549310 47556143
NPTRACE row 898 47566462 47572870
NPTRACE row 899 47583307 47589765
NPTRACE row 900 47600239 47606170
NPTRACE row 901 47616260 47622846
NPTRACE row 902 47633364 47639487
NPTRACE row 903 47649917 47656356
NPTRACE row 904 47666803 47672874
NPTRACE row 905 47683377 47689803
NPTRACE row 906 47700135 47706114
NPTRACE row 907 47717038 47723035
NPTRACE row 908 47733544 47739538
NPTRACE row 909 47749432 47756173
NPTRACE row 910 47766594 47772823
NPTRACE row 911 47784292 47790139
NPTRACE row 912 47801943 47806374
NPTRACE row 913 47816941 47822888
NPTRACE row 914 47834092 47839512
NPTRACE row 915 47850210 47856207
NPTRACE row 916 47867443 47872850
NPTRACE row 917 47883865 47889723
NPTRACE row 918 47900807 47906141
NPTRACE row 919 47917316 47923122
NPTRACE row 920 47933888 47939507
NPTRACE row 921 47949821 47956115
NPTRACE row 922 47966923 47972829
NPTRACE row 923 47983549 47989792
NPTRACE row 924 48000527 48006172
NPTRACE row 925 48016201 48022872
NPTRACE row 926 48033260 48039474
NPTRACE row 927 48050164 48056495
NPTRACE row 928 48066975 48072848
NPTRACE row 929 48083357 48089759
NPTRACE row 930 48100112 48106137
NPTRACE row 931 48116117 48122841
NPTRACE row 932 48133236 48139472
NPTRACE row 933 48149374 48156117
NPTRACE row 934 48166489 48172849
NPTRACE row 935 48183986 48189982
NPTRACE row 936 48201402 48206301
NPTRACE row 937 48216773 48222757
NPTRACE row 938 48233862 48239463
NPTRACE row 939 48249934 48256168
NPTRACE row 940 48267308 48272804
NPTRACE row 941 48284016 48289765
NPTRACE row 942 48301020 48306133
NPTRACE row 943 48317755 48323195
NPTRACE row 944 48334041 48339438
NPTRACE row 945 48349942 48356139
NPTRACE row 946 48366906 48372839
NPTRACE row 947 48383786 48389725
NPTRACE row 948 48400009 48406061
NPTRACE row 949 48415938 48422851
NPTRACE row 950 48433123 48439482
NPTRACE row 951 48449994 48456304
NPTRACE row 952 48466902 48472769
NPTRACE row 953 48483413 48489750
NPTRACE row 954 48500124 48506125
NPTRACE row 955 48516045 48522807
NPTRACE row 956 48533227 48539440
NPTRACE row 957 48549342 48556094
NPTRACE row 958 48566335 48572803
NPTRACE row 959 48584615 48590297
NPTRACE row 960 48601780 48606448
NPTRACE row 961 48616932 48622890
NPTRACE row 962 48633866 48639521
NPTRACE row 963 48650971 48656364
NPTRACE row 964 48667532 48672893
NPTRACE row 965 48684108 48689789
NPTRACE row 966 48701125 48706157
NPTRACE row 967 48717476 48723059
NPTRACE row 968 48733815 48739495
NPTRACE row 969 48749795 48756172
NPTRACE row 970 48766984 48772859
NPTRACE row 971 48783818 48789800
NPTRACE row 972 48800561 48806159
NPTRACE row 973 48816456 48822900
NPTRACE row 974 48833578 48839491
NPTRACE row 975 48850557 48856511
NPTRACE row 976 48867273 48872841
NPTRACE row 977 48883815 48889689
NPTRACE row 978 48900004 48906031
NPTRACE row 979 48915910 48922826
NPTRACE row 980 48933197 48939459
NPTRACE row 981 48949444 48956056
NPTRACE row 982 48966494 48972774
NPTRACE row 983 48983922 48989935
NPTRACE row 984 49001222 49006318
NPTRACE row 985 49016517 49022784
NPTRACE row 986 49033740 49039432
NPTRACE row 987 49049608 49056094
NPTRACE row 988 49067060 49072786
NPTRACE row 989 49083446 49089607
NPTRACE row 990 49100417 49106065
NPTRACE row 991 49117259 49123169
NPTRACE row 992 49133740 49139483
NPTRACE row 993 49149452 49156090
NPTRACE row 994 49166514 49172870
NPTRACE row 995 49183327 49189753
NPTRACE row 996 49200331 49206130
NPTRACE row 997 49216258 49222815
NPTRACE row 998 49233135 49239474
NPTRACE row 999 49249841 49256338
NPTRACE row 1000 49266620 49272839
NPTRACE row 1001 49283315 49289772
NPTRACE row 1002 49300187 49306131
NPTRACE row 1003 49317384 49323088
NPTRACE row 1004 49333292 49339440
NPTRACE row 1005 49349091 49356115
NPTRACE row 1006 49366312 49372851
NPTRACE row 1007 49384061 49390119
NPTRACE row 1008 49401192 49406270
NPTRACE row 1009 49416156 49422807
NPTRACE row 1010 49433199 49439495
NPTRACE row 1011 49449365 49456096
NPTRACE row 1012 49466726 49472807
NPTRACE row 1013 49483352 49489765
NPTRACE row 1014 49500325 49506110
NPTRACE row 1015 49516741 49523011
NPTRACE row 1016 49533431 49539458
NPTRACE row 1017 49549421 49556138
NPTRACE row 1018 49566451 49572822
NPTRACE row 1019 49583221 49589614
NPTRACE row 1020 49599975 49606143
NPTRACE row 1021 49616022 49622853
NPTRACE row 1022 49633169 49639461
NPTRACE row 1023 49650887 49656635
NPTRACE row 1024 49667568 49672991
NPTRACE row 1025 49683641 49689840
NPTRACE row 1026 49700476 49706189
NPTRACE row 1027 49716823 49722896
NPTRACE row 1028 49733854 49739557
NPTRACE row 1029 49749915 49756176
NPTRACE row 1030 49767124 49772911
NPTRACE row 1031 49784465 49790087
NPTRACE row 1032 49802149 49806417
NPTRACE row 1033 49817365 49822903
NPTRACE row 1034 49834346 49839546
NPTRACE row 1035 49850396 49856220
NPTRACE row 1036 49867630 49872927
NPTRACE row 1037 49884351 49889817
NPTRACE row 1038 49901166 49906158
NPTRACE row 1039 49917884 49923273
NPTRACE row 1040 49934354 49939517
NPTRACE row 1041 49950090 49956113
NPTRACE row 1042 49968280 49973042
NPTRACE row 1043 49984507 49989744
NPTRACE row 1044 50000408 50006140
NPTRACE row 1045 50016408 50022810
NPTRACE row 1046 50033528 50039472
NPTRACE row 1047 50050318 50056342
NPTRACE row 1048 50066982 50072807
NPTRACE row 1049 50083505 50089718
NPTRACE row 1050 50100345 50106143
NPTRACE row 1051 50116415 50122856
NPTRACE row 1052 50133914 50139476
NPTRACE row 1053 50150062 50156088
NPTRACE row 1054 50167096 50172835
NPTRACE row 1055 50184775 50190122
NPTRACE row 1056 50202436 50206354
NPTRACE row 1057 50217384 50222825
NPTRACE row 1058 50234381 50239492
NPTRACE row 1059 50250536 50256188
NPTRACE row 1060 50268033 50272874
NPTRACE row 1061 50284621 50289792
NPTRACE row 1062 50301557 50306160
NPTRACE row 1063 50318040 50323122
NPTRACE row 1064 50334444 50339476
NPTRACE row 1065 50350343 50356164
NPTRACE row 1066 50367450 50372867
NPTRACE row 1067 50384282 50389734
NPTRACE row 1068 50400986 50406125
NPTRACE row 1069 50418081 50423128
NPTRACE row 1070 50434450 50439510
NPTRACE row 1071 50451270 50456456
NPTRACE row 1072 50468002 50472786
NPTRACE row 1073 50484270 50489758
NPTRACE row 1074 50501089 50506105
NPTRACE row 1075 50517195 50522786
NPTRACE row 1076 50534094 50539404
NPTRACE row 1077 50550434 50556067
NPTRACE row 1078 50567539 50572832
NPTRACE row 1079 50584989 50589937
NPTRACE row 1080 50602596 50606302
NPTRACE row 1081 50617786 50622800
NPTRACE row 1082 50635079 50639444
NPTRACE row 1083 50650557 50656028
NPTRACE row 1084 50667813 50672808
NPTRACE row 1085 50684620 50689703
NPTRACE row 1086 50701395 50706020
NPTRACE row 1087 50718582 50723330
NPTRACE row 1088 50735885 50739750
NPTRACE row 1089 50750441 50756108
NPTRACE row 1090 50767472 50772758
NPTRACE row 1091 50784361 50789618
NPTRACE row 1092 50801057 50806083
NPTRACE row 1093 50816954 50822782
NPTRACE row 1094 50834133 50839400
NPTRACE row 1095 50850883 50856189
NPTRACE row 1096 50867639 50872767
NPTRACE row 1097 50883791 50889695
NPTRACE row 1098 50900541 50906022
NPTRACE row 1099 50916462 50922778
NPTRACE row 1100 50933781 50939406
NPTRACE row 1101 50950007 50956037
NPTRACE row 1102 50966978 50972775
NPTRACE row 1103 50984586 50989851
NPTRACE row 1104 51001948 51006342
NPTRACE row 1105 51017182 51022743
NPTRACE row 1106 51034126 51039367
NPTRACE row 1107 51050160 51056098
NPTRACE row 1108 51067495 51072800
NPTRACE row 1109 51084718 51089625
NPTRACE row 1110 51101194 51106108
NPTRACE row 1111 51117622 51122821
NPTRACE row 1112 51133855 51139422
NPTRACE row 1113 51150031 51156063
NPTRACE row 1114 51167227 51172794
NPTRACE row 1115 51183854 51189610
NPTRACE row 1116 51200499 51206012
NPTRACE row 1117 51216517 51222773
NPTRACE row 1118 51233735 51239440
NPTRACE row 1119 51250865 51256261
NPTRACE row 1120 51267450 51272765
NPTRACE row 1121 51284092 51289615
NPTRACE row 1122 51300273 51306082
NPTRACE row 1123 51316309 51322786
NPTRACE row 1124 51333468 51339383
NPTRACE row 1125 51349643 51356030
NPTRACE row 1126 51366919 51372768
NPTRACE row 1127 51384045 51389755
NPTRACE row 1128 51401459 51406280
NPTRACE row 1129 51416519 51422771
NPTRACE row 1130 51433922 51439417
NPTRACE row 1131 51451010 51456297
NPTRACE row 1132 51467424 51472731
NPTRACE row 1133 51484157 51489626
NPTRACE row 1134 51500908 51506102
NPTRACE row 1135 51517556 51522865
NPTRACE row 1136 51533471 51539386
NPTRACE row 1137 51549579 51556137
NPTRACE row 1138 51566877 51572799
NPTRACE row 1139 51583750 51589631
NPTRACE row 1140 51600423 51606013
NPTRACE row 1141 51616337 51622753
NPTRACE row 1142 51633624 51639385
NPTRACE row 1143 51650490 51656029
NPTRACE row 1144 51667055 51672703
NPTRACE row 1145 51683619 51689536
NPTRACE row 1146 51700491 51706018
NPTRACE row 1147 51716432 51722626
NPTRACE row 1148 51733625 51739388
NPTRACE row 1149 51749475 51755932
NPTRACE row 1150 51766363 51772562
NPTRACE row 1151 51784076 51789885
NPTRACE row 1152 51801910 51806259
NPTRACE row 1153 51817133 51822625
NPTRACE row 1154 51834025 51839273
NPTRACE row 1155 51849981 51855907
NPTRACE row 1156 51867241 51872636
NPTRACE row 1157 51884201 51889562
NPTRACE row 1158 51901244 51905925
NPTRACE row 1159 51917071 51922617
NPTRACE row 1160 51933550 51939314
NPTRACE row 1161 51949797 51955938
NPTRACE row 1162 51966986 51972615
NPTRACE row 1163 51983967 51989543
NPTRACE row 1164 52000449 52005936
NPTRACE row 1165 52015987 52022594
NPTRACE row 1166 52033251 52039284
NPTRACE row 1167 52050096 52056097
NPTRACE row 1168 52066854 52072615
NPTRACE row 1169 52083497 52089483
NPTRACE row 1170 52100154 52105922
NPTRACE row 1171 52116232 52122618
NPTRACE row 1172 52133093 52139301
NPTRACE row 1173 52149214 52155901
NPTRACE row 1174 52166171 52172585
NPTRACE row 1175 52183349 52189454
NPTRACE row 1176 52201324 52206185
NPTRACE row 1177 52216374 52222556
NPTRACE row 1178 52233411 52239265
NPTRACE row 1179 52249473 52255925
NPTRACE row 1180 52266633 52272559
NPTRACE row 1181 52283344 52289460
NPTRACE row 1182 52300384 52305960
NPTRACE row 1183 52316925 52322774
NPTRACE row 1184 52333022 52339212
NPTRACE row 1185 52349061 52355912
NPTRACE row 1186 52366201 52372603
NPTRACE row 1187 52383110 52389467
NPTRACE row 1188 52399912 52405881
NPTRACE row 1189 52415817 52422596
NPTRACE row 1190 52433163 52439233
NPTRACE row 1191 52449593 52455948
NPTRACE row 1192 52466384 52472566
NPTRACE row 1193 52483025 52489412
NPTRACE row 1194 52499593 52505881
NPTRACE row 1195 52515569 52522567
NPTRACE row 1196 52532851 52539186
NPTRACE row 1197 52549157 52555917
NPTRACE row 1198 52566088 52572566
NPTRACE row 1199 52583152 52589522
NPTRACE row 1200 52600504 52606120
NPTRACE row 1201 52616079 52622583
NPTRACE row 1202 52633125 52639218
NPTRACE row 1203 52649142 52655833
NPTRACE row 1204 52666237 52672530
NPTRACE row 1205 52682976 52689426
NPTRACE row 1206 52700029 52705901
NPTRACE row 1207 52716005 52722509
NPTRACE row 1208 52732638 52739199
NPTRACE row 1209 52748886 52755878
NPTRACE row 1210 52765905 52772509
NPTRACE row 1211 52782799 52789390
NPTRACE row 1212 52799554 52805890
NPTRACE row 1213 52815419 52822534
NPTRACE row 1214 52832548 52839145
NPTRACE row 1215 52849895 52856268
NPTRACE row 1216 52866600 52872600
NPTRACE row 1217 52883146 52889456
NPTRACE row 1218 52900007 52905862
NPTRACE row 1219 52915903 52922547
NPTRACE row 1220 52932951 52939219
NPTRACE row 1221 52949121 52955900
NPTRACE row 1222 52966467 52972544
NPTRACE row 1223 52983229 52989426
NPTRACE row 1224 53000597 53006108
NPTRACE row 1225 53016298 53022530
NPTRACE row 1226 53033341 53039187
NPTRACE row 1227 53049423 53055908
NPTRACE row 1228 53066776 53072563
NPTRACE row 1229 53083478 53089419
NPTRACE row 1230 53100455 53105902
NPTRACE row 1231 53116305 53122716
NPTRACE row 1232 53132918 53139231
NPTRACE row 1233 53148917 53155881
NPTRACE row 1234 53165948 53172571
NPTRACE row 1235 53182730 53189390
NPTRACE row 1236 53199387 53205934
NPTRACE row 1237 53215418 53222532
NPTRACE row 1238 53232638 53239236
NPTRACE row 1239 53249260 53256065
NPTRACE row 1240 53266189 53272526
NPTRACE row 1241 53282736 53289400
NPTRACE row 1242 53299457 53305934
NPTRACE row 1243 53315525 53322575
NPTRACE row 1244 53332548 53339165
NPTRACE row 1245 53348764 53355865
NPTRACE row 1246 53365843 53372549
NPTRACE row 1247 53383728 53389711
NPTRACE row 1248 53401121 53406104
NPTRACE row 1249 53416393 53422547
NPTRACE row 1250 53433397 53439203
NPTRACE row 1251 53449388 53455903
NPTRACE row 1252 53466935 53472521
NPTRACE row 1253 53483171 53489410
NPTRACE row 1254 53499958 53505900
NPTRACE row 1255 53516259 53522614
NPTRACE row 1256 53532583 53539164
NPTRACE row 1257 53548774 53555898
NPTRACE row 1258 53565919 53572532
NPTRACE row 1259 53582880 53589378
NPTRACE row 1260 53599531 53605861
NPTRACE row 1261 53615424 53622538
NPTRACE row 1262 53632566 53639188
NPTRACE row 1263 53649548 53656119
NPTRACE row 1264 53666515 53672695
NPTRACE row 1265 53683088 53689474
NPTRACE row 1266 53699735 53706025
NPTRACE row 1267 53715855 53722612
NPTRACE row 1268 53732962 53739278
NPTRACE row 1269 53749209 53755998
NPTRACE row 1270 53766383 53772600
NPTRACE row 1271 53783824 53789591
NPTRACE row 1272 53801238 53806247
NPTRACE row 1273 53816792 53822643
NPTRACE row 1274 53833821 53839243
NPTRACE row 1275 53849945 53855947
NPTRACE row 1276 53867275 53872641
NPTRACE row 1277 53884026 53889519
NPTRACE row 1278 53901033 53905953
NPTRACE row 1279 53918371 53923145
NPTRACE row 1280 53933961 53939318
NPTRACE row 1281 53949444 53955969
NPTRACE row 1282 53966600 53972582
NPTRACE row 1283 53983535 53989479
NPTRACE row 1284 54000131 54005956
NPTRACE row 1285 54016050 54022548
NPTRACE row 1286 54033164 54039233
NPTRACE row 1287 54049829 54056129
NPTRACE row 1288 54066981 54072604
NPTRACE row 1289 54083531 54089436
NPTRACE row 1290 54100184 54105939
NPTRACE row 1291 54116217 54122606
NPTRACE row 1292 54133283 54139280
NPTRACE row 1293 54149529 54155933
NPTRACE row 1294 54166547 54172580
NPTRACE row 1295 54184229 54189710
NPTRACE row 1296 54201489 54206182
NPTRACE row 1297 54217065 54222549
NPTRACE row 1298 54234104 54239215
NPTRACE row 1299 54250188 54255946
NPTRACE row 1300 54267348 54272543
NPTRACE row 1301 54284026 54289384
NPTRACE row 1302 54300989 54305947
NPTRACE row 1303 54317625 54322694
NPTRACE row 1304 54334087 54339142
NPTRACE row 1305 54349604 54355879
NPTRACE row 1306 54366787 54372565
NPTRACE row 1307 54383764 54389445
NPTRACE row 1308 54400491 54405881
NPTRACE row 1309 54416453 54422544
NPTRACE row 1310 54433463 54439214
NPTRACE row 1311 54450591 54456183
NPTRACE row 1312 54467422 54472531
NPTRACE row 1313 54483718 54489389
NPTRACE row 1314 54500257 54505881
NPTRACE row 1315 54516210 54522525
NPTRACE row 1316 54533438 54539160
NPTRACE row 1317 54549764 54555889
NPTRACE row 1318 54566952 54572526
NPTRACE row 1319 54584252 54589501
NPTRACE row 1320 54601385 54606125
NPTRACE row 1321 54616964 54622545
NPTRACE row 1322 54634164 54639195
NPTRACE row 1323 54649998 54655850
NPTRACE row 1324 54667189 54672516
NPTRACE row 1325 54684165 54689411
NPTRACE row 1326 54701199 54705927
NPTRACE row 1327 54718074 54722778
NPTRACE row 1328 54734238 54739172
NPTRACE row 1329 54750025 54755902
NPTRACE row 1330 54767151 54772488
NPTRACE row 1331 54784169 54789378
NPTRACE row 1332 54800429 54805891
NPTRACE row 1333 54816351 54822493
NPTRACE row 1334 54833377 54839096
NPTRACE row 1335 54850009 54855985
NPTRACE row 1336 54866961 54872526
NPTRACE row 1337 54883817 54889387
NPTRACE row 1338 54900462 54905844
NPTRACE row 1339 54916324 54922545
NPTRACE row 1340 54933789 54939164
NPTRACE row 1341 54950181 54955898
NPTRACE row 1342 54967343 54972473
NPTRACE row 1343 54984837 54989894
NPTRACE row 1344 55001851 55006172
NPTRACE row 1345 55016964 55022520
NPTRACE row 1346 55033966 55039154
NPTRACE row 1347 55050057 55055893
NPTRACE row 1348 55067392 55072516
NPTRACE row 1349 55084069 55089368
NPTRACE row 1350 55100898 55105852
NPTRACE row 1351 55117325 55122690
NPTRACE row 1352 55133605 55139132
NPTRACE row 1353 55149515 55155797
NPTRACE row 1354 55166624 55172516
NPTRACE row 1355 55183520 55189373
NPTRACE row 1356 55200465 55205834
NPTRACE row 1357 55216626 55222424
NPTRACE row 1358 55233132 55239100
NPTRACE row 1359 55249799 55256079
NPTRACE row 1360 55266856 55272391
NPTRACE row 1361 55283280 55289234
NPTRACE row 1362 55299885 55305736
NPTRACE row 1363 55315785 55322382
NPTRACE row 1364 55333115 55339014
NPTRACE row 1365 55349233 55355740
NPTRACE row 1366 55366441 55372395
NPTRACE row 1367 55383560 55389371
NPTRACE row 1368 55401191 55405941
NPTRACE row 1369 55416077 55422366
NPTRACE row 1370 55433266 55439041
NPTRACE row 1371 55449274 55455755
NPTRACE row 1372 55466462 55472326
NPTRACE row 1373 55483162 55489231
NPTRACE row 1374 55500070 55505762
NPTRACE row 1375 55516530 55522610
NPTRACE row 1376 55533078 55538967
NPTRACE row 1377 55548949 55555731
NPTRACE row 1378 55566299 55572408
NPTRACE row 1379 55583345 55589223
NPTRACE row 1380 55599725 55605727
NPTRACE row 1381 55615561 55622362
NPTRACE row 1382 55632589 55638982
NPTRACE row 1383 55648983 55655829
NPTRACE row 1384 55666130 55672342
NPTRACE row 1385 55682862 55689262
NPTRACE row 1386 55699743 55705731
NPTRACE row 1387 55715951 55722338
NPTRACE row 1388 55733173 55739023
NPTRACE row 1389 55748877 55755749
NPTRACE row 1390 55766162 55772362
NPTRACE row 1391 55783396 55789422
NPTRACE row 1392 55800546 55805904
NPTRACE row 1393 55815965 55822372
NPTRACE row 1394 55833228 55838973
NPTRACE row 1395 55849212 55855642
NPTRACE row 1396 55866508 55872351
NPTRACE row 1397 55883191 55889230
NPTRACE row 1398 55900067 55905693
NPTRACE row 1399 55916273 55922450
NPTRACE row 1400 55932949 55939020
NPTRACE row 1401 55948871 55955708
NPTRACE row 1402 55966007 55972295
NPTRACE row 1403 55982761 55989228
NPTRACE row 1404 55999516 56005717
NPTRACE row 1405 56015538 56022322
NPTRACE row 1406 56032453 56038920
NPTRACE row 1407 56049764 56056167
NPTRACE row 1408 56066288 56072380
NPTRACE row 1409 56082751 56089208
NPTRACE row 1410 56099546 56105698
NPTRACE row 1411 56115245 56122321
NPTRACE row 1412 56132254 56138960
NPTRACE row 1413 56148378 56155633
NPTRACE row 1414 56165641 56172315
NPTRACE row 1415 56182864 56189367
NPTRACE row 1416 56200416 56205918
NPTRACE row 1417 56215865 56222300
NPTRACE row 1418 56232883 56238992
NPTRACE row 1419 56248856 56255713
NPTRACE row 1420 56266344 56272338
NPTRACE row 1421 56282912 56289165
NPTRACE row 1422 56299747 56305637
NPTRACE row 1423 56316345 56322575
NPTRACE row 1424 56332553 56338966
NPTRACE row 1425 56348535 56355613
NPTRACE row 1426 56365834 56372329
NPTRACE row 1427 56382549 56389245
NPTRACE row 1428 56399324 56405630
NPTRACE row 1429 56415295 56422297
NPTRACE row 1430 56432503 56439011
NPTRACE row 1431 56449182 56455910
NPTRACE row 1432 56466028 56472267
NPTRACE row 1433 56482408 56489214
NPTRACE row 1434 56499273 56505701
NPTRACE row 1435 56515250 56522337
NPTRACE row 1436 56532507 56538949
NPTRACE row 1437 56548593 56555630
NPTRACE row 1438 56565733 56572324
NPTRACE row 1439 56583356 56589526
NPTRACE row 1440 56600845 56605893
NPTRACE row 1441 56615873 56622349
NPTRACE row 1442 56632810 56638971
NPTRACE row 1443 56648820 56655593
NPTRACE row 1444 56666058 56672296
NPTRACE row 1445 56682871 56689250
NPTRACE row 1446 56699905 56705633
NPTRACE row 1447 56716329 56722507
NPTRACE row 1448 56732742 56738994
NPTRACE row 1449 56748493 56755629
NPTRACE row 1450 56766073 56772328
NPTRACE row 1451 56782950 56789207
NPTRACE row 1452 56799736 56805630
NPTRACE row 1453 56815391 56822307
NPTRACE row 1454 56832578 56838964
NPTRACE row 1455 56849591 56856018
NPTRACE row 1456 56866596 56872328
NPTRACE row 1457 56882945 56889200
NPTRACE row 1458 56899763 56905583
NPTRACE row 1459 56915560 56922261
NPTRACE row 1460 56932351 56938973
NPTRACE row 1461 56948571 56955617
NPTRACE row 1462 56965642 56972249
NPTRACE row 1463 56982983 56989357
NPTRACE row 1464 57000299 57005860
NPTRACE row 1465 57015612 57022325
NPTRACE row 1466 57032966 57038915
NPTRACE row 1467 57048908 57055603
NPTRACE row 1468 57066147 57072289
NPTRACE row 1469 57082838 57089152
NPTRACE row 1470 57099791 57105572
NPTRACE row 1471 57117418 57123064
NPTRACE row 1472 57133198 57138959
NPTRACE row 1473 57148388 57155547
NPTRACE row 1474 57165627 57172269
NPTRACE row 1475 57182436 57189191
NPTRACE row 1476 57199320 57205604
NPTRACE row 1477 57215266 57222246
NPTRACE row 1478 57232731 57238930
NPTRACE row 1479 57249422 57255875
NPTRACE row 1480 57265925 57272296
NPTRACE row 1481 57282554 57289123
NPTRACE row 1482 57299268 57305597
NPTRACE row 1483 57315103 57322263
NPTRACE row 1484 57332204 57338898
NPTRACE row 1485 57348404 57355566
NPTRACE row 1486 57365725 57372283
NPTRACE row 1487 57383640 57389519
NPTRACE row 1488 57400564 57405822
NPTRACE row 1489 57415788 57422259
NPTRACE row 1490 57432904 57438954
NPTRACE row 1491 57448959 57455635
NPTRACE row 1492 57466243 57472241
NPTRACE row 1493 57482802 57489126
NPTRACE row 1494 57499755 57505605
NPTRACE row 1495 57516381 57522479
NPTRACE row 1496 57532586 57538889
NPTRACE row 1497 57548531 57555593
NPTRACE row 1498 57565736 57572247
NPTRACE row 1499 57582460 57589143
NPTRACE row 1500 57599243 57605569
NPTRACE row 1501 57615306 57622265
NPTRACE row 1502 57632546 57638924
NPTRACE row 1503 57649241 57655944
NPTRACE row 1504 57665629 57672235
NPTRACE row 1505 57682176 57689185
NPTRACE row 1506 57698997 57705617
NPTRACE row 1507 57715022 57722200
NPTRACE row 1508 57732147 57738924
NPTRACE row 1509 57748212 57755605
NPTRACE row 1510 57765376 57772240
NPTRACE row 1511 57782876 57789371
NPTRACE row 1512 57800149 57805841
NPTRACE row 1513 57815350 57822212
NPTRACE row 1514 57832378 57838878
NPTRACE row 1515 57848419 57855581
NPTRACE row 1516 57865882 57872247
NPTRACE row 1517 57882555 57889174
NPTRACE row 1518 57899518 57905568
NPTRACE row 1519 57916434 57922609
NPTRACE row 1520 57932409 57938916
NPTRACE row 1521 57948227 57955585
NPTRACE row 1522 57965395 57972188
NPTRACE row 1523 57982140 57989110
NPTRACE row 1524 57998840 58005544
NPTRACE row 1525 58014814 58022236
NPTRACE row 1526 58032308 58038882
NPTRACE row 1527 58049101 58055843
NPTRACE row 1528 58065995 58072222
NPTRACE row 1529 58082488 58089106
NPTRACE row 1530 58099248 58105539
NPTRACE row 1531 58115197 58122236
NPTRACE row 1532 58132412 58138917
NPTRACE row 1533 58148457 58155534
NPTRACE row 1534 58165624 58172150
NPTRACE row 1535 58183837 58189806
NPTRACE row 1536 58200843 58205888
NPTRACE row 1537 58215886 58222195
NPTRACE row 1538 58232870 58238925
NPTRACE row 1539 58248888 58255564
NPTRACE row 1540 58266097 58272209
NPTRACE row 1541 58283895 58289325
NPTRACE row 1542 58300108 58305592
NPTRACE row 1543 58316230 58322421
NPTRACE row 1544 58332421 58338851
NPTRACE row 1545 58348432 58355551
NPTRACE row 1546 58365734 58372220
NPTRACE row 1547 58382528 58389195
NPTRACE row 1548 58399455 58405535
NPTRACE row 1549 58415323 58422190
NPTRACE row 1550 58432302 58438931
NPTRACE row 1551 58449286 58455947
NPTRACE row 1552 58466171 58472216
NPTRACE row 1553 58482505 58489154
NPTRACE row 1554 58499185 58505556
NPTRACE row 1555 58515140 58522240
NPTRACE row 1556 58532612 58538921
NPTRACE row 1557 58548883 58555585
NPTRACE row 1558 58566073 58572236
NPTRACE row 1559 58583427 58589327
NPTRACE row 1560 58600642 58605818
NPTRACE row 1561 58616077 58622251
NPTRACE row 1562 58633274 58638959
NPTRACE row 1563 58649213 58655544
NPTRACE row 1564 58666469 58672166
NPTRACE row 1565 58684113 58689376
NPTRACE row 1566 58700228 58705567
NPTRACE row 1567 58716889 58722431
NPTRACE row 1568 58733111 58738869
NPTRACE row 1569 58748943 58755550
NPTRACE row 1570 58766007 58772193
NPTRACE row 1571 58782863 58789098
NPTRACE row 1572 58799772 58805559
NPTRACE row 1573 58815552 58822203
NPTRACE row 1574 58832510 58838832
NPTRACE row 1575 58849210 58855706
NPTRACE row 1576 58865997 58872206
NPTRACE row 1577 58882756 58889143
NPTRACE row 1578 58899600 58905499
NPTRACE row 1579 58915471 58922153
NPTRACE row 1580 58932595 58938932
NPTRACE row 1581 58948981 58955541
NPTRACE row 1582 58965759 58972161
NPTRACE row 1583 58983316 58989375
NPTRACE row 1584 59000569 59005895
NPTRACE row 1585 59015976 59022292
NPTRACE row 1586 59033077 59038994
NPTRACE row 1587 59049151 59055629
NPTRACE row 1588 59066507 59072257
NPTRACE row 1589 59083160 59089166
NPTRACE row 1590 59100085 59105586
NPTRACE row 1591 59116466 59122368
NPTRACE row 1592 59132866 59138968
NPTRACE row 1593 59148850 59155534
NPTRACE row 1594 59165884 59172167
NPTRACE row 1595 59183245 59189184
NPTRACE row 1596 59200315 59205587
NPTRACE row 1597 59215880 59222172
NPTRACE row 1598 59232965 59238907
NPTRACE row 1599 59250540 59256093
NPTRACE row 1600 59266889 59272221
NPTRACE row 1601 59283150 59289095
NPTRACE row 1602 59299966 59305542
NPTRACE row 1603 59315782 59322141
NPTRACE row 1604 59332804 59338814
NPTRACE row 1605 59349114 59355494
NPTRACE row 1606 59365899 59372186
NPTRACE row 1607 59383279 59389230
NPTRACE row 1608 59400744 59405719
NPTRACE row 1609 59415968 59422105
NPTRACE row 1610 59432987 59438876
NPTRACE row 1611 59449157 59455525
NPTRACE row 1612 59466505 59472126
NPTRACE row 1613 59482944 59489074
NPTRACE row 1614 59499844 59505486
NPTRACE row 1615 59516363 59522384
NPTRACE row 1616 59532761 59538803
NPTRACE row 1617 59548636 59555446
NPTRACE row 1618 59565846 59572100
NPTRACE row 1619 59582761 59589032
NPTRACE row 1620 59599439 59605429
NPTRACE row 1621 59615428 59622130
NPTRACE row 1622 59632813 59638814
NPTRACE row 1623 59649176 59655534
NPTRACE row 1624 59666166 59672079
NPTRACE row 1625 59682873 59689086
NPTRACE row 1626 59699768 59705465
NPTRACE row 1627 59715824 59722062
NPTRACE row 1628 59732866 59738770
NPTRACE row 1629 59748884 59755475
NPTRACE row 1630 59766191 59772103
NPTRACE row 1631 59783561 59789264
NPTRACE row 1632 59801234 59805724
NPTRACE row 1633 59816542 59822093
NPTRACE row 1634 59833189 59838819
NPTRACE row 1635 59849317 59855439
NPTRACE row 1636 59866557 59872097
NPTRACE row 1637 59883271 59889058
NPTRACE row 1638 59900365 59905421
NPTRACE row 1639 59916443 59922182
NPTRACE row 1640 59932949 59938831
NPTRACE row 1641 59949092 59955478
NPTRACE row 1642 59966133 59972031
NPTRACE row 1643 59982852 59989007
NPTRACE row 1644 59999496 60005464
NPTRACE row 1645 60015534 60022097
NPTRACE row 1646 60032590 60038758
NPTRACE row 1647 60049255 60055708
NPTRACE row 1648 60066130 60072088
NPTRACE row 1649 60082560 60088996
NPTRACE row 1650 60099402 60105414
NPTRACE row 1651 60115483 60122095
NPTRACE row 1652 60132460 60138781
NPTRACE row 1653 60148510 60155363
NPTRACE row 1654 60165846 60172066
NPTRACE row 1655 60182994 60189165
NPTRACE row 1656 60200522 60205625
NPTRACE row 1657 60215933 60222021
NPTRACE row 1658 60232992 60238756
NPTRACE row 1659 60249021 60255428
NPTRACE row 1660 60266553 60272064
NPTRACE row 1661 60283313 60288964
NPTRACE row 1662 60300190 60305417
NPTRACE row 1663 60317214 60322508
NPTRACE row 1664 60334067 60338791
NPTRACE row 1665 60348921 60355370
NPTRACE row 1666 60366067 60372019
NPTRACE row 1667 60383023 60388978
NPTRACE row 1668 60400962 60405593
NPTRACE row 1669 60415816 60421998
NPTRACE row 1670 60432888 60438756
NPTRACE row 1671 60449423 60455522
NPTRACE row 1672 60466294 60471980
NPTRACE row 1673 60482824 60488954
NPTRACE row 1674 60499568 60505395
NPTRACE row 1675 60515579 60522038
NPTRACE row 1676 60532898 60538707
NPTRACE row 1677 60548980 60555381
NPTRACE row 1678 60566190 60572025
NPTRACE row 1679 60583407 60589236
NPTRACE row 1680 60601630 60605565
NPTRACE row 1681 60616261 60622034
NPTRACE row 1682 60633225 60638734
NPTRACE row 1683 60649167 60655326
NPTRACE row 1684 60666495 60671945
NPTRACE row 1685 60683041 60688968
NPTRACE row 1686 60700169 60705381
NPTRACE row 1687 60716544 60722104
NPTRACE row 1688 60734032 60738967
NPTRACE row 1689 60749211 60755387
NPTRACE row 1690 60766113 60772007
NPTRACE row 1691 60782991 60788939
NPTRACE row 1692 60799867 60805383
NPTRACE row 1693 60816003 60822001
NPTRACE row 1694 60832996 60838711
NPTRACE row 1695 60849791 60855567
NPTRACE row 1696 60866615 60872029
NPTRACE row 1697 60883257 60888983
NPTRACE row 1698 60900060 60905360
NPTRACE row 1699 60915997 60921987
NPTRACE row 1700 60933099 60938750
NPTRACE row 1701 60949331 60955394
NPTRACE row 1702 60966504 60972001
NPTRACE row 1703 60983493 60989079
NPTRACE row 1704 61000989 61005573
NPTRACE row 1705 61016369 61022030
NPTRACE row 1706 61033470 61038732
NPTRACE row 1707 61049589 61055389
NPTRACE row 1708 61067231 61072026
NPTRACE row 1709 61083353 61088983
NPTRACE row 1710 61100230 61105361
NPTRACE row 1711 61116602 61122273
NPTRACE row 1712 61133102 61138792
NPTRACE row 1713 61148987 61155366
NPTRACE row 1714 61166027 61171989
NPTRACE row 1715 61182756 61188985
NPTRACE row 1716 61199750 61205406
NPTRACE row 1717 61215380 61221998
NPTRACE row 1718 61232434 61238717
NPTRACE row 1719 61248975 61255498
NPTRACE row 1720 61265940 61272039
NPTRACE row 1721 61282547 61288941
NPTRACE row 1722 61299413 61305409
NPTRACE row 1723 61315313 61322017
NPTRACE row 1724 61332317 61338737
NPTRACE row 1725 61348593 61355331
NPTRACE row 1726 61365799 61372032
NPTRACE row 1727 61383818 61389478
NPTRACE row 1728 61401094 61405584
NPTRACE row 1729 61415538 61422003
NPTRACE row 1730 61432522 61438752
NPTRACE row 1731 61448558 61455378
NPTRACE row 1732 61465986 61472019
NPTRACE row 1733 61482774 61488958
NPTRACE row 1734 61499397 61505359
NPTRACE row 1735 61515530 61522134
NPTRACE row 1736 61532175 61538716
NPTRACE row 1737 61548248 61555386
NPTRACE row 1738 61565472 61572026
NPTRACE row 1739 61582303 61588969
NPTRACE row 1740 61600082 61605352
NPTRACE row 1741 61616022 61622281
NPTRACE row 1742 61632350 61638749
NPTRACE row 1743 61649326 61655731
NPTRACE row 1744 61666181 61672102
NPTRACE row 1745 61682528 61689005
NPTRACE row 1746 61700360 61705474
NPTRACE row 1747 61715730 61722102
NPTRACE row 1748 61732947 61738786
NPTRACE row 1749 61749100 61755453
NPTRACE row 1750 61766159 61772135
NPTRACE row 1751 61783248 61789075
NPTRACE row 1752 61800836 61805735
NPTRACE row 1753 61816246 61822119
NPTRACE row 1754 61833221 61838782
NPTRACE row 1755 61849232 61855399
NPTRACE row 1756 61866466 61872124
NPTRACE row 1757 61883222 61889059
NPTRACE row 1758 61900636 61905408
NPTRACE row 1759 61917026 61922325
NPTRACE row 1760 61933114 61938783
NPTRACE row 1761 61948901 61955412
NPTRACE row 1762 61966191 61972034
NPTRACE row 1763 61983004 61988948
NPTRACE row 1764 61999524 62005371
NPTRACE row 1765 62015404 62022064
NPTRACE row 1766 62032726 62038736
NPTRACE row 1767 62049214 62055407
NPTRACE row 1768 62066090 62072065
NPTRACE row 1769 62082990 62088967
NPTRACE row 1770 62099564 62105355
NPTRACE row 1771 62115633 62122058
NPTRACE row 1772 62132800 62138750
NPTRACE row 1773 62148957 62155336
NPTRACE row 1774 62165943 62171978
NPTRACE row 1775 62183823 62189228
NPTRACE row 1776 62201163 62205715
NPTRACE row 1777 62216532 62222067
NPTRACE row 1778 62233544 62238755
NPTRACE row 1779 62249636 62255456
NPTRACE row 1780 62266997 62272086
NPTRACE row 1781 62283749 62288962
NPTRACE row 1782 62301492 62305708
NPTRACE row 1783 62316958 62322076
NPTRACE row 1784 62333021 62338776
NPTRACE row 1785 62349215 62355416
NPTRACE row 1786 62366387 62372119
NPTRACE row 1787 62383344 62389023
NPTRACE row 1788 62400172 62405417
NPTRACE row 1789 62416001 62422062
NPTRACE row 1790 62433186 62438784
NPTRACE row 1791 62450928 62455848
NPTRACE row 1792 62466949 62472063
NPTRACE row 1793 62483162 62488953
NPTRACE row 1794 62499849 62505419
NPTRACE row 1795 62515901 62522082
NPTRACE row 1796 62533093 62538749
NPTRACE row 1797 62549336 62555409
NPTRACE row 1798 62566513 62572076
NPTRACE row 1799 62583611 62589021
NPTRACE row 1800 62601087 62605615
NPTRACE row 1801 62616550 62622098
NPTRACE row 1802 62633547 62638759
NPTRACE row 1803 62649429 62655351
NPTRACE row 1804 62666755 62672032
NPTRACE row 1805 62683413 62689020
NPTRACE row 1806 62700737 62705413
NPTRACE row 1807 62717135 62722160
NPTRACE row 1808 62734330 62738946
NPTRACE row 1809 62749360 62755304
NPTRACE row 1810 62766363 62772011
NPTRACE row 1811 62783247 62788882
NPTRACE row 1812 62799889 62805250
NPTRACE row 1813 62815761 62821944
NPTRACE row 1814 62832863 62838721
NPTRACE row 1815 62849286 62855263
NPTRACE row 1816 62866379 62871995
NPTRACE row 1817 62883138 62888947
NPTRACE row 1818 62899950 62905263
NPTRACE row 1819 62915772 62921932
NPTRACE row 1820 62932940 62938712
NPTRACE row 1821 62949214 62955302
NPTRACE row 1822 62966371 62971932
NPTRACE row 1823 62983224 62989013
NPTRACE row 1824 63000479 63005533
NPTRACE row 1825 63016564 63022002
NPTRACE row 1826 63033857 63038610
NPTRACE row 1827 63049825 63055253
NPTRACE row 1828 63067058 63071979
NPTRACE row 1829 63083630 63088901
NPTRACE row 1830 63100738 63105269
NPTRACE row 1831 63116587 63121965
NPTRACE row 1832 63133112 63138613
NPTRACE row 1833 63149506 63155253
NPTRACE row 1834 63166479 63171946
NPTRACE row 1835 63183360 63188939
NPTRACE row 1836 63200267 63205290
NPTRACE row 1837 63216182 63221955
NPTRACE row 1838 63233184 63238615
NPTRACE row 1839 63249882 63255417
NPTRACE row 1840 63267911 63272260
NPTRACE row 1841 63283831 63288871
NPTRACE row 1842 63300156 63305243
NPTRACE row 1843 63316105 63322005
NPTRACE row 1844 63333321 63338717
NPTRACE row 1845 63349565 63355266
NPTRACE row 1846 63366760 63371978
NPTRACE row 1847 63383617 63388917
NPTRACE row 1848 63401310 63405474
NPTRACE row 1849 63416367 63421954
NPTRACE row 1850 63433447 63438706
NPTRACE row 1851 63449426 63455274
NPTRACE row 1852 63466830 63471943
NPTRACE row 1853 63482961 63488863
NPTRACE row 1854 63499970 63505303
NPTRACE row 1855 63516949 63522370
NPTRACE row 1856 63533125 63538628
NPTRACE row 1857 63548981 63555250
NPTRACE row 1858 63565969 63572001
NPTRACE row 1859 63582909 63588893
NPTRACE row 1860 63599937 63605225
NPTRACE row 1861 63615721 63621922
NPTRACE row 1862 63632762 63638590
NPTRACE row 1863 63648962 63655245
NPTRACE row 1864 63666202 63671958
NPTRACE row 1865 63683250 63688889
NPTRACE row 1866 63699974 63705261
NPTRACE row 1867 63716960 63722177
NPTRACE row 1868 63733210 63738588
NPTRACE row 1869 63749243 63755273
NPTRACE row 1870 63766347 63771984
NPTRACE row 1871 63783359 63788928
NPTRACE row 1872 63800849 63805472
NPTRACE row 1873 63816329 63821981
NPTRACE row 1874 63833444 63838594
NPTRACE row 1875 63849470 63855221
NPTRACE row 1876 63866785 63871952
NPTRACE row 1877 63883278 63888865
NPTRACE row 1878 63900289 63905221
NPTRACE row 1879 63916622 63921917
NPTRACE row 1880 63933333 63938579
NPTRACE row 1881 63949035 63955226
NPTRACE row 1882 63966126 63971922
NPTRACE row 1883 63982960 63988823
NPTRACE row 1884 63999768 64005247
NPTRACE row 1885 64015842 64021963
NPTRACE row 1886 64032978 64038559
NPTRACE row 1887 64049393 64055362
NPTRACE row 1888 64066300 64071936
NPTRACE row 1889 64083192 64088832
NPTRACE row 1890 64099772 64105158
NPTRACE row 1891 64115525 64121877
NPTRACE row 1892 64132634 64138584
NPTRACE row 1893 64148980 64155209
NPTRACE row 1894 64166195 64171894
NPTRACE row 1895 64183176 64188865
NPTRACE row 1896 64200948 64205439
NPTRACE row 1897 64215931 64221885
NPTRACE row 1898 64233063 64238544
NPTRACE row 1899 64249159 64255254
NPTRACE row 1900 64266611 64271919
NPTRACE row 1901 64284244 64289002
NPTRACE row 1902 64300296 64305229
NPTRACE row 1903 64316567 64322068
NPTRACE row 1904 64333188 64338601
NPTRACE row 1905 64349499 64355201
NPTRACE row 1906 64366582 64371930
NPTRACE row 1907 64383519 64388831
NPTRACE row 1908 64399908 64405219
NPTRACE row 1909 64415894 64421892
NPTRACE row 1910 64432850 64438527
NPTRACE row 1911 64449005 64455152
NPTRACE row 1912 64466111 64471876
NPTRACE row 1913 64483001 64488773
NPTRACE row 1914 64499805 64505183
NPTRACE row 1915 64515792 64521891
NPTRACE row 1916 64532910 64538493
NPTRACE row 1917 64548992 64555131
NPTRACE row 1918 64566227 64571889
NPTRACE row 1919 64584033 64589111
NPTRACE row 1920 64601001 64605362
NPTRACE row 1921 64616200 64621906
NPTRACE row 1922 64633208 64638530
NPTRACE row 1923 64649321 64655185
NPTRACE row 1924 64666781 64671869
NPTRACE row 1925 64683393 64688797
NPTRACE row 1926 64700194 64705178
NPTRACE row 1927 64716258 64721849
NPTRACE row 1928 64732922 64738488
NPTRACE row 1929 64749112 64755159
NPTRACE row 1930 64766380 64771854
NPTRACE row 1931 64783231 64788743
NPTRACE row 1932 64799985 64805129
NPTRACE row 1933 64815987 64821871
NPTRACE row 1934 64833219 64838517
NPTRACE row 1935 64849816 64855241
NPTRACE row 1936 64866542 64871887
NPTRACE row 1937 64883350 64888803
NPTRACE row 1938 64900264 64905185
NPTRACE row 1939 64916061 64921830
NPTRACE row 1940 64932982 64938481
NPTRACE row 1941 64949325 64955163
NPTRACE row 1942 64966123 64971839
NPTRACE row 1943 64983155 64988731
NPTRACE row 1944 65000410 65005365
NPTRACE row 1945 65015999 65021863
NPTRACE row 1946 65033040 65038478
NPTRACE row 1947 65048989 65055130
NPTRACE row 1948 65066357 65071882
NPTRACE row 1949 65082978 65088737
NPTRACE row 1950 65099780 65105084
NPTRACE row 1951 65116005 65122004
NPTRACE row 1952 65133096 65138784
NPTRACE row 1953 65149598 65155368
NPTRACE row 1954 65166799 65172035
NPTRACE row 1955 65183824 65188988
NPTRACE row 1956 65200997 65205363
NPTRACE row 1957 65216490 65222060
NPTRACE row 1958 65233625 65238706
NPTRACE row 1959 65249630 65255315
NPTRACE row 1960 65266791 65272101
NPTRACE row 1961 65283901 65288952
NPTRACE row 1962 65300910 65305361
NPTRACE row 1963 65316823 65322093
NPTRACE row 1964 65334073 65338765
NPTRACE row 1965 65350123 65355336
NPTRACE row 1966 65367169 65372073
NPTRACE row 1967 65383821 65389028
NPTRACE row 1968 65401450 65405478
NPTRACE row 1969 65416864 65421985
NPTRACE row 1970 65434154 65438690
NPTRACE row 1971 65450228 65455281
NPTRACE row 1972 65467456 65471973
NPTRACE row 1973 65484076 65488908
NPTRACE row 1974 65500934 65505294
NPTRACE row 1975 65516956 65522006
NPTRACE row 1976 65533763 65538589
NPTRACE row 1977 65549580 65555224
NPTRACE row 1978 65566988 65572008
NPTRACE row 1979 65584495 65588915
NPTRACE row 1980 65600514 65605235
NPTRACE row 1981 65616431 65621985
NPTRACE row 1982 65633602 65638624
NPTRACE row 1983 65650631 65655607
NPTRACE row 1984 65667321 65671957
NPTRACE row 1985 65683814 65688839
NPTRACE row 1986 65700517 65705189
NPTRACE row 1987 65716195 65721858
NPTRACE row 1988 65733419 65738558
NPTRACE row 1989 65749852 65755235
NPTRACE row 1990 65766572 65771940
NPTRACE row 1991 65783410 65788812
NPTRACE row 1992 65801071 65805433
NPTRACE row 1993 65816455 65821930
NPTRACE row 1994 65833895 65838584
NPTRACE row 1995 65849759 65855159
NPTRACE row 1996 65867211 65871883
NPTRACE row 1997 65883861 65888829
NPTRACE row 1998 65900824 65905205
NPTRACE row 1999 65917134 65921995
NPTRACE row 2000 65933753 65938566
NPTRACE row 2001 65949723 65955200
NPTRACE row 2002 65966921 65971884
NPTRACE row 2003 65983587 65988806
NPTRACE row 2004 66000733 66005210
NPTRACE row 2005 66016281 66021892
NPTRACE row 2006 66033323 66038524
NPTRACE row 2007 66049546 66055179
NPTRACE row 2008 66066904 66071915
NPTRACE row 2009 66083610 66088825
NPTRACE row 2010 66100513 66105188
NPTRACE row 2011 66116383 66121919
NPTRACE row 2012 66133595 66138555
NPTRACE row 2013 66149928 66155206
NPTRACE row 2014 66166781 66171849
NPTRACE row 2015 66183618 66188881
NPTRACE row 2016 66201327 66205427
NPTRACE row 2017 66216811 66221892
NPTRACE row 2018 66234067 66238493
NPTRACE row 2019 66249971 66255179
NPTRACE row 2020 66267338 66271921
NPTRACE row 2021 66283922 66288769
NPTRACE row 2022 66300957 66305170
NPTRACE row 2023 66316779 66321890
NPTRACE row 2024 66333385 66338493
NPTRACE row 2025 66349454 66355154
NPTRACE row 2026 66366837 66371916
NPTRACE row 2027 66383728 66388826
NPTRACE row 2028 66400743 66405170
NPTRACE row 2029 66416332 66421884
NPTRACE row 2030 66433450 66438530
NPTRACE row 2031 66449991 66455330
NPTRACE row 2032 66467079 66471862
NPTRACE row 2033 66483439 66488712
NPTRACE row 2034 66500242 66505155
NPTRACE row 2035 66517295 66522144
NPTRACE row 2036 66533860 66538493
NPTRACE row 2037 66549776 66555134
NPTRACE row 2038 66566932 66571892
NPTRACE row 2039 66583551 66588783
NPTRACE row 2040 66601409 66605365
NPTRACE row 2041 66617230 66621904
NPTRACE row 2042 66634398 66638501
NPTRACE row 2043 66649883 66655171
NPTRACE row 2044 66667237 66671864
NPTRACE row 2045 66683800 66688809
NPTRACE row 2046 66700975 66705204
NPTRACE row 2047 66717818 66722196
NPTRACE row 2048 66734183 66738562
NPTRACE row 2049 66750097 66755255
NPTRACE row 2050 66767271 66771973
NPTRACE row 2051 66783929 66788804
NPTRACE row 2052 66800534 66805195
NPTRACE row 2053 66816482 66821951
NPTRACE row 2054 66833814 66838584
NPTRACE row 2055 66849971 66855213
NPTRACE row 2056 66867211 66871959
NPTRACE row 2057 66884103 66888847
NPTRACE row 2058 66900583 66905242
NPTRACE row 2059 66916736 66921903
NPTRACE row 2060 66933947 66938573
NPTRACE row 2061 66949916 66955207
NPTRACE row 2062 66967114 66971884
NPTRACE row 2063 66984157 66988850
NPTRACE row 2064 67002116 67005394
NPTRACE row 2065 67017427 67021856
NPTRACE row 2066 67036095 67039726
NPTRACE row 2067 67051040 67055122
NPTRACE row 2068 67066837 67071867
NPTRACE row 2069 67083574 67088732
NPTRACE row 2070 67100394 67105068
NPTRACE row 2071 67115795 67121816
NPTRACE row 2072 67133001 67138446
NPTRACE row 2073 67149317 67155108
NPTRACE row 2074 67166818 67171856
NPTRACE row 2075 67183462 67188725
NPTRACE row 2076 67199595 67205097
NPTRACE row 2077 67215577 67221744
NPTRACE row 2078 67232823 67238390
NPTRACE row 2079 67249358 67255187
NPTRACE row 2080 67266117 67271719
NPTRACE row 2081 67282810 67288602
NPTRACE row 2082 67299815 67305157
NPTRACE row 2083 67315780 67321778
NPTRACE row 2084 67332751 67338387
NPTRACE row 2085 67349165 67355021
NPTRACE row 2086 67366242 67371746
NPTRACE row 2087 67383197 67388632
NPTRACE row 2088 67400910 67405254
NPTRACE row 2089 67416355 67421688
NPTRACE row 2090 67433548 67438491
NPTRACE row 2091 67449470 67455082
NPTRACE row 2092 67466887 67471707
NPTRACE row 2093 67483523 67488602
NPTRACE row 2094 67500733 67505074
NPTRACE row 2095 67517314 67521876
NPTRACE row 2096 67533202 67538358
NPTRACE row 2097 67549261 67554988
NPTRACE row 2098 67566367 67571810
NPTRACE row 2099 67583066 67588595
NPTRACE row 2100 67599844 67604989
NPTRACE row 2101 67615905 67621743
NPTRACE row 2102 67633123 67638366
NPTRACE row 2103 67649350 67655029
NPTRACE row 2104 67665981 67671695
NPTRACE row 2105 67682827 67688614
NPTRACE row 2106 67699948 67705138
NPTRACE row 2107 67715546 67721635
NPTRACE row 2108 67732457 67738307
NPTRACE row 2109 67748781 67755016
NPTRACE row 2110 67766034 67771733
NPTRACE row 2111 67783821 67788941
NPTRACE row 2112 67801554 67805202
NPTRACE row 2113 67817155 67821725
NPTRACE row 2114 67833375 67838466
NPTRACE row 2115 67849368 67854982
NPTRACE row 2116 67866339 67871618
NPTRACE row 2117 67883018 67888538
NPTRACE row 2118 67900035 67905026
NPTRACE row 2119 67915950 67921643
NPTRACE row 2120 67932981 67938343
NPTRACE row 2121 67949151 67955011
NPTRACE row 2122 67966491 67971805
NPTRACE row 2123 67983179 67988498
NPTRACE row 2124 67999896 68005016
NPTRACE row 2125 68015844 68021702
NPTRACE row 2126 68032849 68038227
NPTRACE row 2127 68048931 68055082
NPTRACE row 2128 68066131 68071708
NPTRACE row 2129 68082885 68088552
NPTRACE row 2130 68100844 68105073
NPTRACE row 2131 68115627 68121642
NPTRACE row 2132 68132601 68138320
NPTRACE row 2133 68148847 68154989
NPTRACE row 2134 68166164 68171632
NPTRACE row 2135 68182916 68188492
NPTRACE row 2136 68200433 68205180
NPTRACE row 2137 68215965 68221643
NPTRACE row 2138 68233373 68238367
NPTRACE row 2139 68249256 68255007
NPTRACE row 2140 68266495 68271701
NPTRACE row 2141 68283222 68288497
NPTRACE row 2142 68300119 68304956
NPTRACE row 2143 68316344 68321827
NPTRACE row 2144 68333023 68338343
NPTRACE row 2145 68348867 68354970
NPTRACE row 2146 68366138 68371806
NPTRACE row 2147 68382844 68388575
NPTRACE row 2148 68399739 68405039
NPTRACE row 2149 68415361 68421712
NPTRACE row 2150 68432461 68438346
NPTRACE row 2151 68448631 68455017
NPTRACE row 2152 68465869 68471713
NPTRACE row 2153 68482543 68488531
NPTRACE row 2154 68499917 68505132
NPTRACE row 2155 68515317 68521724
NPTRACE row 2156 68532328 68538284
NPTRACE row 2157 68548413 68554992
NPTRACE row 2158 68565634 68571754
NPTRACE row 2159 68583072 68588721
NPTRACE row 2160 68600639 68605211
NPTRACE row 2161 68615433 68621643
NPTRACE row 2162 68633101 68638427
NPTRACE row 2163 68649101 68655036
NPTRACE row 2164 68666522 68671632
NPTRACE row 2165 68683076 68688498
NPTRACE row 2166 68699918 68705026
NPTRACE row 2167 68716006 68721714
NPTRACE row 2168 68732832 68738291
NPTRACE row 2169 68748976 68755025
NPTRACE row 2170 68766466 68771814
NPTRACE row 2171 68783112 68788510
NPTRACE row 2172 68799305 68805008
NPTRACE row 2173 68815343 68821736
NPTRACE row 2174 68832386 68838297
NPTRACE row 2175 68849335 68855304
NPTRACE row 2176 68866562 68871807
NPTRACE row 2177 68882810 68888708
NPTRACE row 2178 68900107 68905245
NPTRACE row 2179 68915866 68921761
NPTRACE row 2180 68932852 68938401
NPTRACE row 2181 68948880 68955111
NPTRACE row 2182 68966179 68971803
NPTRACE row 2183 68982894 68988557
NPTRACE row 2184 69000370 69005308
NPTRACE row 2185 69016007 69021801
NPTRACE row 2186 69033445 69038450
NPTRACE row 2187 69049422 69055036
NPTRACE row 2188 69066282 69071780
NPTRACE row 2189 69082937 69088605
NPTRACE row 2190 69099788 69105064
NPTRACE row 2191 69116058 69121920
NPTRACE row 2192 69132572 69138373
NPTRACE row 2193 69148415 69155031
NPTRACE row 2194 69165958 69171810
NPTRACE row 2195 69182475 69188608
NPTRACE row 2196 69199262 69205097
NPTRACE row 2197 69215316 69221744
NPTRACE row 2198 69232814 69238320
NPTRACE row 2199 69248857 69255083
NPTRACE row 2200 69266024 69271742
NPTRACE row 2201 69282911 69288545
NPTRACE row 2202 69299927 69305119
NPTRACE row 2203 69315480 69321723
NPTRACE row 2204 69332492 69338359
NPTRACE row 2205 69348839 69355066
NPTRACE row 2206 69366440 69371741
NPTRACE row 2207 69383470 69388739
NPTRACE row 2208 69400989 69405302
NPTRACE row 2209 69416554 69421689
NPTRACE row 2210 69433446 69438441
NPTRACE row 2211 69449180 69455033
NPTRACE row 2212 69466401 69471685
NPTRACE row 2213 69482986 69488506
NPTRACE row 2214 69500078 69505085
NPTRACE row 2215 69516100 69521708
NPTRACE row 2216 69532773 69538286
NPTRACE row 2217 69549122 69554994
NPTRACE row 2218 69566504 69571813
NPTRACE row 2219 69583252 69588587
NPTRACE row 2220 69599917 69605000
NPTRACE row 2221 69615747 69621619
NPTRACE row 2222 69632993 69638321
NPTRACE row 2223 69649297 69655176
NPTRACE row 2224 69666433 69671643
NPTRACE row 2225 69683240 69688570
NPTRACE row 2226 69700137 69705150
NPTRACE row 2227 69715954 69721720
NPTRACE row 2228 69734141 69738501
NPTRACE row 2229 69749423 69755043
NPTRACE row 2230 69766521 69771689
NPTRACE row 2231 69783066 69788448
NPTRACE row 2232 69800789 69805231
NPTRACE row 2233 69816369 69821706
NPTRACE row 2234 69833826 69838387
NPTRACE row 2235 69849619 69854979
NPTRACE row 2236 69866772 69871626
NPTRACE row 2237 69883319 69888514
NPTRACE row 2238 69900889 69905044
NPTRACE row 2239 69917529 69922002
NPTRACE row 2240 69933933 69938292
NPTRACE row 2241 69949251 69955030
NPTRACE row 2242 69967030 69971794
NPTRACE row 2243 69983210 69988497
NPTRACE row 2244 69999881 70005003
NPTRACE row 2245 70015804 70021691
NPTRACE row 2246 70033070 70038245
NPTRACE row 2247 70049147 70054974
NPTRACE row 2248 70066552 70071630
NPTRACE row 2249 70083279 70088473
NPTRACE row 2250 70100206 70105096
NPTRACE row 2251 70116149 70121605
NPTRACE row 2252 70134303 70138512
NPTRACE row 2253 70149728 70155005
NPTRACE row 2254 70166897 70171620
NPTRACE row 2255 70183748 70188639
NPTRACE row 2256 70201322 70205262
NPTRACE row 2257 70217114 70221692
NPTRACE row 2258 70234341 70238336
NPTRACE row 2259 70250029 70254989
NPTRACE row 2260 70267307 70271705
NPTRACE row 2261 70284098 70288499
NPTRACE row 2262 70301210 70304977
NPTRACE row 2263 70316949 70321697
NPTRACE row 2264 70333550 70338323
NPTRACE row 2265 70349849 70354976
NPTRACE row 2266 70367206 70371810
NPTRACE row 2267 70383862 70388481
NPTRACE row 2268 70400447 70404964
NPTRACE row 2269 70415989 70421617
NPTRACE row 2270 70433349 70438296
NPTRACE row 2271 70449643 70455128
NPTRACE row 2272 70466996 70471609
NPTRACE row 2273 70483199 70488513
NPTRACE row 2274 70500075 70505116
NPTRACE row 2275 70516022 70521724
NPTRACE row 2276 70532986 70538195
NPTRACE row 2277 70548929 70554882
NPTRACE row 2278 70566113 70571589
NPTRACE row 2279 70582962 70588440
NPTRACE row 2280 70600611 70605113
NPTRACE row 2281 70616419 70621486
NPTRACE row 2282 70634055 70638281
NPTRACE row 2283 70649479 70654876
NPTRACE row 2284 70666303 70671513
NPTRACE row 2285 70682987 70688387
NPTRACE row 2286 70699772 70704859
NPTRACE row 2287 70715956 70721609
NPTRACE row 2288 70732534 70738060
NPTRACE row 2289 70748594 70754818
NPTRACE row 2290 70766029 70771538
NPTRACE row 2291 70782725 70788274
NPTRACE row 2292 70799367 70804764
NPTRACE row 2293 70814911 70821451
NPTRACE row 2294 70832173 70838102
NPTRACE row 2295 70848232 70854760
NPTRACE row 2296 70865243 70871385
NPTRACE row 2297 70882164 70888303
NPTRACE row 2298 70899405 70904892
NPTRACE row 2299 70915353 70921402
NPTRACE row 2300 70932188 70937948
NPTRACE row 2301 70948315 70954680
NPTRACE row 2302 70964980 70971421
NPTRACE row 2303 70983467 70988625
NPTRACE row 2304 71000904 71005117
NPTRACE row 2305 71016143 71021574
NPTRACE row 2306 71033508 71038288
NPTRACE row 2307 71049285 71054929
NPTRACE row 2308 71066837 71071537
NPTRACE row 2309 71083009 71088402
NPTRACE row 2310 71099816 71104883
NPTRACE row 2311 71115782 71121498
NPTRACE row 2312 71132510 71138196
NPTRACE row 2313 71148610 71154884
NPTRACE row 2314 71166082 71171594
NPTRACE row 2315 71182551 71188402
NPTRACE row 2316 71199193 71204947
NPTRACE row 2317 71215745 71221554
NPTRACE row 2318 71232509 71238172
NPTRACE row 2319 71248970 71255064
NPTRACE row 2320 71266013 71271536
NPTRACE row 2321 71282752 71288373
NPTRACE row 2322 71299596 71304934
NPTRACE row 2323 71315238 71321495
NPTRACE row 2324 71332277 71338185
NPTRACE row 2325 71348969 71354866
NPTRACE row 2326 71366404 71371472
NPTRACE row 2327 71383475 71388378
NPTRACE row 2328 71400557 71405102
NPTRACE row 2329 71416196 71421474
NPTRACE row 2330 71433588 71438282
NPTRACE row 2331 71449239 71454843
NPTRACE row 2332 71466346 71471476
NPTRACE row 2333 71483159 71488358
NPTRACE row 2334 71499518 71504873
NPTRACE row 2335 71515877 71521589
NPTRACE row 2336 71532285 71538068
NPTRACE row 2337 71548310 71554801
NPTRACE row 2338 71565823 71571536
NPTRACE row 2339 71582400 71588318
NPTRACE row 2340 71599017 71604751
NPTRACE row 2341 71615022 71621382
NPTRACE row 2342 71632336 71638095
NPTRACE row 2343 71647911 71654814
NPTRACE row 2344 71665178 71671408
NPTRACE row 2345 71682008 71688306
NPTRACE row 2346 71698967 71704892
NPTRACE row 2347 71714733 71721458
NPTRACE row 2348 71731806 71738039
NPTRACE row 2349 71748114 71754817
NPTRACE row 2350 71765401 71771434
NPTRACE row 2351 71782415 71788343
NPTRACE row 2352 71799899 71805036
NPTRACE row 2353 71815492 71821472
NPTRACE row 2354 71832940 71838254
NPTRACE row 2355 71848876 71854801
NPTRACE row 2356 71866206 71871427
NPTRACE row 2357 71882993 71888396
NPTRACE row 2358 71900109 71904837
NPTRACE row 2359 71915874 71921449
NPTRACE row 2360 71932404 71938124
NPTRACE row 2361 71948524 71954820
NPTRACE row 2362 71965931 71971582
NPTRACE row 2363 71982589 71988359
NPTRACE row 2364 71999432 72004836
NPTRACE row 2365 72015376 72021457
NPTRACE row 2366 72032518 72038107
NPTRACE row 2367 72049485 72055134
NPTRACE row 2368 72066215 72071454
NPTRACE row 2369 72082560 72088295
NPTRACE row 2370 72099523 72104817
NPTRACE row 2371 72115206 72121352
NPTRACE row 2372 72132338 72138091
NPTRACE row 2373 72148722 72154792
NPTRACE row 2374 72166134 72171365
NPTRACE row 2375 72190385 72202848
NPTRACE row 2376 72208610 72220921
NPTRACE row 2377 72223547 72235913
NPTRACE row 2378 72234616 72238235
NPTRACE row 2379 72248611 72254730
NPTRACE row 2380 72265720 72271422
NPTRACE row 2381 72282573 72288287
NPTRACE row 2382 72299377 72304733
NPTRACE row 2383 72315481 72321505
NPTRACE row 2384 72333019 72338187
NPTRACE row 2385 72348424 72354756
NPTRACE row 2386 72365785 72371486
NPTRACE row 2387 72382398 72388298
NPTRACE row 2388 72399086 72404751
NPTRACE row 2389 72414996 72421357
NPTRACE row 2390 72432194 72438041
NPTRACE row 2391 72448245 72454770
NPTRACE row 2392 72465815 72471509
NPTRACE row 2393 72482398 72488291
NPTRACE row 2394 72499325 72504827
NPTRACE row 2395 72514962 72521411
NPTRACE row 2396 72532544 72538075
NPTRACE row 2397 72548740 72554724
NPTRACE row 2398 72565607 72571389
NPTRACE row 2399 72582907 72585616
NPTRACE end 686a2e4a55f9372f
