NPTRACE begin a46c637a0c64fb7d 2400 2400 1 0
NPTRACE row 0 91043833 91045930
NPTRACE row 1 91058524 91062363
NPTRACE row 2 91076034 91078952
NPTRACE row 3 91091795 91095698
NPTRACE row 4 91108986 91112291
NPTRACE row 5 91125941 91129219
NPTRACE row 6 91142591 91145624
NPTRACE row 7 91171411 91171889
NPTRACE row 8 91178228 91179353
NPTRACE row 9 91201461 91204041
NPTRACE row 10 91209701 91212308
NPTRACE row 11 91235259 91237515
NPTRACE row 12 91243114 91245643
NPTRACE row 13 91257609 91258148
NPTRACE row 14 91276185 91278984
NPTRACE row 15 91292690 91295857
NPTRACE row 16 91309542 91312326
NPTRACE row 17 91323215 91324903
NPTRACE row 18 91339475 91341474
NPTRACE row 19 91358417 91362389
NPTRACE row 20 91375400 91378995
NPTRACE row 21 91396687 91399924
NPTRACE row 22 91410095 91412432
NPTRACE row 23 91436165 91437535
NPTRACE row 24 91450213 91454791
NPTRACE row 25 91459013 91462440
NPTRACE row 26 91476560 91479015
NPTRACE row 27 91492800 91495739
NPTRACE row 28 91509834 91512353
NPTRACE row 29 91527001 91529210
NPTRACE row 30 91543181 91545694
NPTRACE row 31 91557349 91562447
NPTRACE row 32 91576902 91579034
NPTRACE row 33 91592896 91595713
NPTRACE row 34 91609911 91612359
NPTRACE row 35 91630086 91633374
NPTRACE row 36 91643644 91645795
NPTRACE row 37 91658163 91662380
NPTRACE row 38 91676554 91679031
NPTRACE row 39 91692784 91695806
NPTRACE row 40 91709878 91712369
NPTRACE row 41 91726685 91729276
NPTRACE row 42 91743053 91745712
NPTRACE row 43 91760066 91762578
NPTRACE row 44 91776295 91779042
NPTRACE row 45 91792852 91795807
NPTRACE row 46 91809589 91812379
NPTRACE row 47 91823138 91824950
NPTRACE row 48 91839576 91841590
NPTRACE row 49 91858779 91862611
NPTRACE row 50 91876201 91879206
NPTRACE row 51 91893186 91895885
NPTRACE row 52 91909745 91912449
NPTRACE row 53 91923194 91925021
NPTRACE row 54 91939165 91941593
NPTRACE row 55 91959538 91962555
NPTRACE row 56 91975340 91979123
NPTRACE row 57 91993513 91996061
NPTRACE row 58 92009627 92012456
NPTRACE row 59 92022832 92025025
NPTRACE row 60 92039069 92041602
NPTRACE row 61 92059703 92062557
NPTRACE row 62 92075453 92079124
NPTRACE row 63 92093517 92096084
NPTRACE row 64 92109972 92112558
NPTRACE row 65 92122719 92125030
NPTRACE row 66 92139068 92141609
NPTRACE row 67 92159600 92162576
NPTRACE row 68 92175251 92179147
NPTRACE row 69 92192493 92195914
NPTRACE row 70 92209331 92212473
NPTRACE row 71 92236166 92237726
NPTRACE row 72 92244351 92245890
NPTRACE row 73 92255895 92258306
NPTRACE row 74 92272505 92274978
NPTRACE row 75 92293212 92295926
NPTRACE row 76 92308861 92312506
NPTRACE row 77 92327142 92329439
NPTRACE row 78 92343037 92345940
NPTRACE row 79 92355917 92358319
NPTRACE row 80 92372582 92374978
NPTRACE row 81 92391849 92395979
NPTRACE row 82 92409139 92412503
NPTRACE row 83 92427027 92429444
NPTRACE row 84 92442489 92445842
NPTRACE row 85 92458856 92462611
NPTRACE row 86 92472590 92474994
NPTRACE row 87 92493188 92495985
NPTRACE row 88 92508709 92512512
NPTRACE row 89 92525731 92529310
NPTRACE row 90 92542439 92545847
NPTRACE row 91 92555580 92558327
NPTRACE row 92 92572543 92575090
NPTRACE row 93 92593295 92595951
NPTRACE row 94 92609067 92612521
NPTRACE row 95 92626886 92629392
NPTRACE row 96 92642360 92645852
NPTRACE row 97 92655424 92658338
NPTRACE row 98 92672014 92675001
NPTRACE row 99 92693504 92696121
NPTRACE row 100 92708935 92712537
NPTRACE row 101 92727506 92729468
NPTRACE row 102 92742203 92745860
NPTRACE row 103 92755410 92758340
NPTRACE row 104 92771852 92775012
NPTRACE row 105 92793061 92795980
NPTRACE row 106 92809254 92812644
NPTRACE row 107 92827269 92829474
NPTRACE row 108 92842081 92845820
NPTRACE row 109 92855541 92858358
NPTRACE row 110 92872068 92875028
NPTRACE row 111 92893290 92895979
NPTRACE row 112 92908756 92912565
NPTRACE row 113 92927478 92929554
NPTRACE row 114 92942429 92945889
NPTRACE row 115 92955615 92958385
NPTRACE row 116 92972203 92975059
NPTRACE row 117 92993589 92996080
NPTRACE row 118 93009269 93012582
NPTRACE row 119 93027791 93029510
NPTRACE row 120 93042454 93045948
NPTRACE row 121 93055610 93058401
NPTRACE row 122 93072103 93075066
NPTRACE row 123 93093796 93096017
NPTRACE row 124 93109015 93112615
NPTRACE row 125 93126616 93129526
NPTRACE row 126 93142565 93145932
NPTRACE row 127 93160996 93163006
NPTRACE row 128 93175666 93179266
NPTRACE row 129 93194412 93196041
NPTRACE row 130 93208871 93212599
NPTRACE row 131 93224269 93226339
NPTRACE row 132 93242915 93245938
NPTRACE row 133 93258810 93262790
NPTRACE row 134 93276294 93279362
NPTRACE row 135 93288693 93291758
NPTRACE row 136 93305274 93308421
NPTRACE row 137 93335535 93337939
NPTRACE row 138 93344439 93345968
NPTRACE row 139 93355302 93358425
NPTRACE row 140 93371900 93375091
NPTRACE row 141 93393227 93396242
NPTRACE row 142 93409114 93412616
NPTRACE row 143 93428164 93429554
NPTRACE row 144 93441972 93445888
NPTRACE row 145 93455207 93458430
NPTRACE row 146 93473554 93475233
NPTRACE row 147 93498855 93500290
NPTRACE row 148 93510033 93512725
NPTRACE row 149 93526688 93529565
NPTRACE row 150 93542960 93545963
NPTRACE row 151 93560051 93562791
NPTRACE row 152 93577221 93579297
NPTRACE row 153 93588340 93591781
NPTRACE row 154 93605010 93608446
NPTRACE row 155 93627294 93629584
NPTRACE row 156 93642159 93645912
NPTRACE row 157 93655003 93658450
NPTRACE row 158 93671628 93675114
NPTRACE row 159 93693967 93696118
NPTRACE row 160 93708825 93712641
NPTRACE row 161 93726621 93729555
NPTRACE row 162 93742268 93745976
NPTRACE row 163 93760258 93762804
NPTRACE row 164 93775659 93779303
NPTRACE row 165 93790928 93791889
NPTRACE row 166 93808175 93808681
NPTRACE row 167 93827475 93829559
NPTRACE row 168 93841482 93842023
NPTRACE row 169 93854752 93858462
NPTRACE row 170 93871507 93875131
NPTRACE row 171 93896266 93900172
NPTRACE row 172 93908145 93908582
NPTRACE row 173 93925867 93929604
NPTRACE row 174 93940622 93941930
NPTRACE row 175 93954064 93954585
NPTRACE row 176 93970675 93971251
NPTRACE row 177 93993621 93996063
NPTRACE row 178 94008186 94008508
NPTRACE row 179 94024450 94026553
NPTRACE row 180 94041156 94042097
NPTRACE row 181 94070555 94071255
NPTRACE row 182 94078404 94079362
NPTRACE row 183 94092719 94096126
NPTRACE row 184 94107728 94108641
NPTRACE row 185 94120607 94121302
NPTRACE row 186 94136808 94137879
NPTRACE row 187 94159152 94162772
NPTRACE row 188 94174120 94175186
NPTRACE row 189 94192681 94196089
NPTRACE row 190 94207340 94208600
NPTRACE row 191 94220618 94221355
NPTRACE row 192 94237125 94237941
NPTRACE row 193 94259456 94262823
NPTRACE row 194 94274523 94275203
NPTRACE row 195 94293409 94296090
NPTRACE row 196 94307487 94308609
NPTRACE row 197 94326458 94329586
NPTRACE row 198 94340584 94341916
NPTRACE row 199 94359126 94362765
NPTRACE row 200 94373926 94375215
NPTRACE row 201 94392243 94396070
NPTRACE row 202 94407358 94408605
NPTRACE row 203 94420138 94421224
NPTRACE row 204 94436828 94437825
NPTRACE row 205 94459631 94462831
NPTRACE row 206 94474443 94475232
NPTRACE row 207 94491146 94492066
NPTRACE row 208 94507519 94508799
NPTRACE row 209 94524740 94525457
NPTRACE row 210 94540575 94541940
NPTRACE row 211 94553305 94554457
NPTRACE row 212 94570143 94571128
NPTRACE row 213 94592851 94596104
NPTRACE row 214 94607523 94608558
NPTRACE row 215 94626065 94629489
NPTRACE row 216 94641636 94642032
NPTRACE row 217 94661289 94662857
NPTRACE row 218 94674561 94675277
NPTRACE row 219 94692511 94696188
NPTRACE row 220 94707827 94708610
NPTRACE row 221 94720352 94721203
NPTRACE row 222 94736943 94737786
NPTRACE row 223 94759743 94762880
NPTRACE row 224 94774380 94775248
NPTRACE row 225 94793617 94796148
NPTRACE row 226 94807843 94808628
NPTRACE row 227 94820259 94821205
NPTRACE row 228 94837028 94837744
NPTRACE row 229 94859204 94862802
NPTRACE row 230 94874760 94875307
NPTRACE row 231 94892820 94896154
NPTRACE row 232 94907376 94908591
NPTRACE row 233 94926986 94929630
NPTRACE row 234 94940569 94941944
NPTRACE row 235 94957723 94958737
NPTRACE row 236 94974037 94975266
NPTRACE row 237 94993457 94996151
NPTRACE row 238 95007362 95008631
NPTRACE row 239 95027252 95029663
NPTRACE row 240 95041460 95042070
NPTRACE row 241 95057540 95058729
NPTRACE row 242 95074766 95075347
NPTRACE row 243 95092331 95096148
NPTRACE row 244 95107943 95108736
NPTRACE row 245 95128209 95129707
NPTRACE row 246 95141066 95142034
NPTRACE row 247 95157557 95158740
NPTRACE row 248 95174037 95175361
NPTRACE row 249 95193448 95196230
NPTRACE row 250 95207353 95208654
NPTRACE row 251 95224249 95225476
NPTRACE row 252 95240254 95241962
NPTRACE row 253 95257599 95258706
NPTRACE row 254 95273449 95275305
NPTRACE row 255 95301309 95304578
NPTRACE row 256 95310105 95312742
NPTRACE row 257 95326420 95329618
NPTRACE row 258 95339967 95341981
NPTRACE row 259 95357515 95358735
NPTRACE row 260 95373469 95375303
NPTRACE row 261 95397242 95400322
NPTRACE row 262 95407885 95408738
NPTRACE row 263 95419585 95421147
NPTRACE row 264 95436713 95437825
NPTRACE row 265 95459056 95462775
NPTRACE row 266 95474176 95475313
NPTRACE row 267 95492894 95496259
NPTRACE row 268 95507412 95509218
NPTRACE row 269 95520157 95521188
NPTRACE row 270 95536732 95537775
NPTRACE row 271 95572798 95575272
NPTRACE row 272 95579994 95583953
NPTRACE row 273 95593397 95596222
NPTRACE row 274 95607330 95608692
NPTRACE row 275 95626432 95629643
NPTRACE row 276 95640244 95642021
NPTRACE row 277 95657026 95658814
NPTRACE row 278 95677216 95679470
NPTRACE row 279 95686191 95687759
NPTRACE row 280 95702756 95704411
NPTRACE row 281 95724616 95725549
NPTRACE row 282 95740014 95742009
NPTRACE row 283 95756963 95758682
NPTRACE row 284 95773362 95775344
NPTRACE row 285 95791639 95792314
NPTRACE row 286 95806735 95808678
NPTRACE row 287 95824229 95825519
NPTRACE row 288 95840536 95842118
NPTRACE row 289 95868694 95871302
NPTRACE row 290 95877621 95879456
NPTRACE row 291 95891718 95892300
NPTRACE row 292 95906863 95908708
NPTRACE row 293 95926245 95929664
NPTRACE row 294 95939800 95942020
NPTRACE row 295 95952615 95954435
NPTRACE row 296 95969222 95971099
NPTRACE row 297 95991091 95992167
NPTRACE row 298 96006550 96008687
NPTRACE row 299 96025042 96025771
NPTRACE row 300 96039470 96042036
NPTRACE row 301 96063623 96067310
NPTRACE row 302 96073995 96075371
NPTRACE row 303 96091197 96092163
NPTRACE row 304 96106155 96108715
NPTRACE row 305 96125055 96125728
NPTRACE row 306 96139561 96142050
NPTRACE row 307 96156947 96158779
NPTRACE row 308 96176639 96179462
NPTRACE row 309 96185081 96187766
NPTRACE row 310 96201916 96204426
NPTRACE row 311 96220051 96221486
NPTRACE row 312 96239216 96242135
NPTRACE row 313 96252281 96254468
NPTRACE row 314 96268999 96271131
NPTRACE row 315 96291269 96292086
NPTRACE row 316 96306511 96308706
NPTRACE row 317 96320711 96321578
NPTRACE row 318 96340512 96342103
NPTRACE row 319 96352588 96354553
NPTRACE row 320 96368711 96371133
NPTRACE row 321 96390709 96392127
NPTRACE row 322 96407631 96408811
NPTRACE row 323 96424703 96425569
NPTRACE row 324 96439482 96442031
NPTRACE row 325 96455989 96458806
NPTRACE row 326 96473202 96475363
NPTRACE row 327 96490914 96492103
NPTRACE row 328 96506235 96508699
NPTRACE row 329 96522546 96525587
NPTRACE row 330 96540106 96542209
NPTRACE row 331 96557438 96558809
NPTRACE row 332 96573091 96575360
NPTRACE row 333 96590887 96592074
NPTRACE row 334 96606143 96608716
NPTRACE row 335 96624496 96625535
NPTRACE row 336 96640200 96642157
NPTRACE row 337 96653912 96655670
NPTRACE row 338 96672924 96675397
NPTRACE row 339 96691021 96692170
NPTRACE row 340 96706114 96708740
NPTRACE row 341 96724789 96725584
NPTRACE row 342 96739621 96742072
NPTRACE row 343 96756184 96758839
NPTRACE row 344 96772560 96775385
NPTRACE row 345 96789872 96792124
NPTRACE row 346 96807314 96808784
NPTRACE row 347 96824814 96825550
NPTRACE row 348 96839586 96842050
NPTRACE row 349 96853526 96863528
NPTRACE row 350 96873838 96875416
NPTRACE row 351 96884785 96887839
NPTRACE row 352 96901646 96904506
NPTRACE row 353 96923780 96925622
NPTRACE row 354 96939108 96942053
NPTRACE row 355 96954263 96954975
NPTRACE row 356 96972278 96975391
NPTRACE row 357 96986373 96992345
NPTRACE row 358 97005995 97008768
NPTRACE row 359 97024235 97025588
NPTRACE row 360 97039703 97042166
NPTRACE row 361 97053603 97054820
NPTRACE row 362 97072988 97075442
NPTRACE row 363 97090628 97092139
NPTRACE row 364 97106483 97108737
NPTRACE row 365 97124457 97125574
NPTRACE row 366 97139320 97142072
NPTRACE row 367 97153816 97156748
NPTRACE row 368 97172334 97175416
NPTRACE row 369 97190195 97192142
NPTRACE row 370 97205436 97208738
NPTRACE row 371 97222805 97225510
NPTRACE row 372 97238575 97242093
NPTRACE row 373 97253443 97256728
NPTRACE row 374 97272146 97275412
NPTRACE row 375 97287397 97288425
NPTRACE row 376 97305337 97308762
NPTRACE row 377 97324079 97325576
NPTRACE row 378 97338561 97342055
NPTRACE row 379 97353293 97354852
NPTRACE row 380 97372122 97375423
NPTRACE row 381 97389944 97392121
NPTRACE row 382 97404338 97405055
NPTRACE row 383 97422610 97425491
NPTRACE row 384 97438361 97442126
NPTRACE row 385 97453450 97456579
NPTRACE row 386 97471534 97475517
NPTRACE row 387 97489961 97492112
NPTRACE row 388 97505331 97508705
NPTRACE row 389 97520904 97521801
NPTRACE row 390 97544242 97546222
NPTRACE row 391 97555779 97558775
NPTRACE row 392 97571749 97575488
NPTRACE row 393 97587121 97589102
NPTRACE row 394 97604283 97604593
NPTRACE row 395 97620717 97621503
NPTRACE row 396 97638578 97642111
NPTRACE row 397 97653034 97656594
NPTRACE row 398 97672564 97675443
NPTRACE row 399 97686939 97689007
NPTRACE row 400 97704233 97704904
NPTRACE row 401 97720693 97722628
NPTRACE row 402 97738183 97742067
NPTRACE row 403 97750027 97750790
NPTRACE row 404 97766836 97767436
NPTRACE row 405 97802929 97804860
NPTRACE row 406 97810314 97812890
NPTRACE row 407 97819012 97821856
NPTRACE row 408 97838979 97842202
NPTRACE row 409 97853338 97854706
NPTRACE row 410 97871011 97871624
NPTRACE row 411 97885848 97887939
NPTRACE row 412 97905113 97908707
NPTRACE row 413 97920507 97922533
NPTRACE row 414 97937290 97938180
NPTRACE row 415 97953868 97954903
NPTRACE row 416 97970703 97971758
NPTRACE row 417 97987074 97988067
NPTRACE row 418 98003881 98004863
NPTRACE row 419 98018839 98021870
NPTRACE row 420 98036638 98038047
NPTRACE row 421 98052660 98054753
NPTRACE row 422 98077372 98079581
NPTRACE row 423 98087751 98092044
NPTRACE row 424 98104038 98105090
NPTRACE row 425 98120344 98121492
NPTRACE row 426 98137060 98138168
NPTRACE row 427 98153607 98154667
NPTRACE row 428 98170960 98171572
NPTRACE row 429 98186418 98188921
NPTRACE row 430 98203604 98204746
NPTRACE row 431 98219363 98222380
NPTRACE row 432 98237555 98238140
NPTRACE row 433 98253247 98254555
NPTRACE row 434 98270671 98271379
NPTRACE row 435 98286512 98287965
NPTRACE row 436 98305278 98308786
NPTRACE row 437 98320107 98321471
NPTRACE row 438 98337201 98338129
NPTRACE row 439 98355475 98358995
NPTRACE row 440 98370102 98371395
NPTRACE row 441 98386358 98388016
NPTRACE row 442 98403451 98404890
NPTRACE row 443 98418163 98421830
NPTRACE row 444 98436426 98437984
NPTRACE row 445 98452947 98454641
NPTRACE row 446 98470245 98471466
NPTRACE row 447 98488731 98492248
NPTRACE row 448 98504046 98504731
NPTRACE row 449 98520283 98521643
NPTRACE row 450 98536565 98538148
NPTRACE row 451 98552725 98554655
NPTRACE row 452 98571029 98571270
NPTRACE row 453 98590963 98592326
NPTRACE row 454 98603466 98604904
NPTRACE row 455 98622884 98625661
NPTRACE row 456 98637159 98638325
NPTRACE row 457 98652717 98654664
NPTRACE row 458 98670480 98671418
NPTRACE row 459 98686692 98688109
NPTRACE row 460 98703548 98704779
NPTRACE row 461 98718209 98721888
NPTRACE row 462 98737226 98737996
NPTRACE row 463 98754387 98755258
NPTRACE row 464 98769955 98771327
NPTRACE row 465 98785994 98787938
NPTRACE row 466 98803244 98804785
NPTRACE row 467 98819414 98822237
NPTRACE row 468 98836169 98838002
NPTRACE row 469 98852331 98854592
NPTRACE row 470 98869957 98871460
NPTRACE row 471 98887570 98888546
NPTRACE row 472 98903027 98904688
NPTRACE row 473 98919342 98922124
NPTRACE row 474 98936077 98938029
NPTRACE row 475 98952031 98954690
NPTRACE row 476 98969911 98971472
NPTRACE row 477 98985948 98987963
NPTRACE row 478 99006397 99008777
NPTRACE row 479 99019935 99030630
NPTRACE row 480 99041610 99042255
NPTRACE row 481 99049107 99050484
NPTRACE row 482 99066074 99067170
NPTRACE row 483 99083339 99084006
NPTRACE row 484 99104044 99105064
NPTRACE row 485 99119459 99121498
NPTRACE row 486 99136583 99138148
NPTRACE row 487 99153609 99155251
NPTRACE row 488 99169611 99171365
NPTRACE row 489 99183630 99183916
NPTRACE row 490 99203151 99204896
NPTRACE row 491 99219257 99221471
NPTRACE row 492 99236337 99238144
NPTRACE row 493 99250747 99254721
NPTRACE row 494 99270229 99271566
NPTRACE row 495 99285432 99289271
NPTRACE row 496 99303183 99304762
NPTRACE row 497 99319343 99321523
NPTRACE row 498 99336851 99338268
NPTRACE row 499 99350597 99354701
NPTRACE row 500 99370077 99371403
NPTRACE row 501 99385454 99388025
NPTRACE row 502 99403406 99404773
NPTRACE row 503 99419127 99422163
NPTRACE row 504 99437253 99438269
NPTRACE row 505 99450694 99454716
NPTRACE row 506 99470458 99471445
NPTRACE row 507 99485073 99488576
NPTRACE row 508 99503754 99504800
NPTRACE row 509 99517812 99521995
NPTRACE row 510 99536619 99538098
NPTRACE row 511 99552385 99556044
NPTRACE row 512 99573547 99575582
NPTRACE row 513 99598219 99600883
NPTRACE row 514 99607446 99609030
NPTRACE row 515 99616392 99617387
NPTRACE row 516 99632337 99633833
NPTRACE row 517 99649003 99650595
NPTRACE row 518 99670049 99671440
NPTRACE row 519 99685670 99689127
NPTRACE row 520 99703047 99704778
NPTRACE row 521 99717483 99722101
NPTRACE row 522 99736313 99738110
NPTRACE row 523 99750033 99750565
NPTRACE row 524 99769841 99771437
NPTRACE row 525 99784731 99788566
NPTRACE row 526 99802933 99804787
NPTRACE row 527 99818973 99828004
NPTRACE row 528 99840128 99842372
NPTRACE row 529 99850538 99854755
NPTRACE row 530 99870092 99871445
NPTRACE row 531 99885186 99888068
NPTRACE row 532 99903539 99904795
NPTRACE row 533 99917798 99922030
NPTRACE row 534 99936577 99938118
NPTRACE row 535 99951614 99955262
NPTRACE row 536 99969362 99971466
NPTRACE row 537 99984430 99988595
NPTRACE row 538 100002756 100004812
NPTRACE row 539 100018568 100022112
NPTRACE row 540 100036198 100038146
NPTRACE row 541 100049799 100050565
NPTRACE row 542 100069399 100071474
NPTRACE row 543 100085572 100089224
NPTRACE row 544 100102774 100104829
NPTRACE row 545 100117007 100117352
NPTRACE row 546 100136605 100138151
NPTRACE row 547 100149947 100150562
NPTRACE row 548 100170546 100171473
NPTRACE row 549 100184279 100188530
NPTRACE row 550 100202633 100204840
NPTRACE row 551 100219278 100221945
NPTRACE row 552 100241017 100242393
NPTRACE row 553 100250071 100250587
NPTRACE row 554 100269785 100271510
NPTRACE row 555 100284506 100288637
NPTRACE row 556 100303377 100304850
NPTRACE row 557 100317440 100321495
NPTRACE row 558 100336295 100338191
NPTRACE row 559 100352327 100355992
NPTRACE row 560 100369380 100371487
NPTRACE row 561 100384303 100388628
NPTRACE row 562 100402603 100404862
NPTRACE row 563 100416563 100417386
NPTRACE row 564 100435841 100438175
NPTRACE row 565 100449389 100450595
NPTRACE row 566 100469376 100471525
NPTRACE row 567 100485195 100489291
NPTRACE row 568 100502496 100504869
NPTRACE row 569 100517451 100521898
NPTRACE row 570 100535817 100538200
NPTRACE row 571 100550701 100554870
NPTRACE row 572 100569248 100571534
NPTRACE row 573 100583506 100584038
NPTRACE row 574 100602543 100604868
NPTRACE row 575 100619243 100621882
NPTRACE row 576 100637627 100638298
NPTRACE row 577 100653493 100654875
NPTRACE row 578 100669889 100671534
NPTRACE row 579 100681819 100684021
NPTRACE row 580 100703490 100704904
NPTRACE row 581 100717814 100730151
NPTRACE row 582 100741773 100742377
NPTRACE row 583 100750104 100751010
NPTRACE row 584 100765111 100767287
NPTRACE row 585 100784581 100788319
NPTRACE row 586 100802969 100804924
NPTRACE row 587 100817489 100821611
NPTRACE row 588 100841082 100842372
NPTRACE row 589 100848728 100850708
NPTRACE row 590 100869451 100871589
NPTRACE row 591 100885692 100888712
NPTRACE row 592 100902568 100904921
NPTRACE row 593 100917458 100921612
NPTRACE row 594 100941035 100942380
NPTRACE row 595 100949278 100950704
NPTRACE row 596 100969454 100971581
NPTRACE row 597 100983526 100984077
NPTRACE row 598 101003051 101004922
NPTRACE row 599 101018282 101021751
NPTRACE row 600 101036529 101038373
NPTRACE row 601 101048608 101050724
NPTRACE row 602 101069816 101071612
NPTRACE row 603 101083055 101084182
NPTRACE row 604 101103287 101104914
NPTRACE row 605 101117494 101122239
NPTRACE row 606 101136067 101138254
NPTRACE row 607 101149530 101151106
NPTRACE row 608 101164779 101167316
NPTRACE row 609 101196780 101200737
NPTRACE row 610 101208053 101209000
NPTRACE row 611 101217431 101222168
NPTRACE row 612 101235709 101238256
NPTRACE row 613 101251485 101254951
NPTRACE row 614 101269319 101271621
NPTRACE row 615 101293385 101296951
NPTRACE row 616 101305635 101309010
NPTRACE row 617 101318347 101321802
NPTRACE row 618 101335875 101338272
NPTRACE row 619 101348037 101350853
NPTRACE row 620 101369232 101371626
NPTRACE row 621 101381364 101384089
NPTRACE row 622 101402619 101404962
NPTRACE row 623 101431471 101434452
NPTRACE row 624 101443333 101446637
NPTRACE row 625 101451955 101454961
NPTRACE row 626 101469197 101471628
NPTRACE row 627 101481460 101484200
NPTRACE row 628 101502837 101504987
NPTRACE row 629 101518508 101521781
NPTRACE row 630 101536200 101538316
NPTRACE row 631 101553042 101555529
NPTRACE row 632 101569056 101571642
NPTRACE row 633 101582882 101596795
NPTRACE row 634 101608006 101609055
NPTRACE row 635 101618454 101622200
NPTRACE row 636 101635765 101638289
NPTRACE row 637 101648059 101663451
NPTRACE row 638 101678633 101679890
NPTRACE row 639 101690792 101693232
NPTRACE row 640 101703310 101704969
NPTRACE row 641 101717917 101721791
NPTRACE row 642 101735507 101738314
NPTRACE row 643 101750534 101759272
NPTRACE row 644 101770898 101771798
NPTRACE row 645 101782832 101784235
NPTRACE row 646 101802206 101805000
NPTRACE row 647 101833329 101834861
NPTRACE row 648 101843871 101846670
NPTRACE row 649 101852668 101855479
NPTRACE row 650 101870847 101871661
NPTRACE row 651 101880963 101884050
NPTRACE row 652 101897686 101900725
NPTRACE row 653 101914727 101917544
NPTRACE row 654 101935951 101938349
NPTRACE row 655 101967209 101968138
NPTRACE row 656 101977072 101979922
NPTRACE row 657 101987484 101988667
NPTRACE row 658 102001679 102005019
NPTRACE row 659 102016096 102017763
NPTRACE row 660 102035437 102038353
NPTRACE row 661 102050391 102050930
NPTRACE row 662 102068788 102071687
NPTRACE row 663 102083570 102093994
NPTRACE row 664 102105502 102109095
NPTRACE row 665 102114163 102117489
NPTRACE row 666 102130533 102134062
NPTRACE row 667 102147607 102151008
NPTRACE row 668 102168733 102171662
NPTRACE row 669 102180403 102184064
NPTRACE row 670 102197113 102200743
NPTRACE row 671 102218561 102221685
NPTRACE row 672 102238807 102242657
NPTRACE row 673 102252099 102255118
NPTRACE row 674 102269103 102271748
NPTRACE row 675 102281259 102284318
NPTRACE row 676 102302597 102305077
NPTRACE row 677 102316593 102317833
NPTRACE row 678 102335941 102338409
NPTRACE row 679 102352440 102355694
NPTRACE row 680 102368864 102371715
NPTRACE row 681 102382510 102384317
NPTRACE row 682 102402202 102405079
NPTRACE row 683 102417919 102421726
NPTRACE row 684 102435187 102438391
NPTRACE row 685 102450335 102450841
NPTRACE row 686 102468607 102471759
NPTRACE row 687 102483773 102485005
NPTRACE row 688 102501859 102505067
NPTRACE row 689 102514817 102517795
NPTRACE row 690 102535463 102538397
NPTRACE row 691 102550168 102551021
NPTRACE row 692 102568472 102571762
NPTRACE row 693 102582304 102584322
NPTRACE row 694 102601768 102605075
NPTRACE row 695 102619426 102622287
NPTRACE row 696 102635710 102638556
NPTRACE row 697 102650182 102651074
NPTRACE row 698 102668758 102671769
NPTRACE row 699 102684496 102688975
NPTRACE row 700 102703773 102705109
NPTRACE row 701 102718659 102721945
NPTRACE row 702 102735169 102738415
NPTRACE row 703 102759967 102763467
NPTRACE row 704 102772211 102775833
NPTRACE row 705 102782569 102784202
NPTRACE row 706 102801707 102805092
NPTRACE row 707 102815915 102817858
NPTRACE row 708 102835050 102838425
NPTRACE row 709 102850043 102851020
NPTRACE row 710 102868277 102871770
NPTRACE row 711 102883339 102884556
NPTRACE row 712 102901717 102905124
NPTRACE row 713 102915818 102917860
NPTRACE row 714 102934893 102938435
NPTRACE row 715 102946426 102946893
NPTRACE row 716 102968222 102971795
NPTRACE row 717 102979746 102980200
NPTRACE row 718 103001642 103005109
NPTRACE row 719 103019509 103022216
NPTRACE row 720 103035231 103038618
NPTRACE row 721 103050000 103063578
NPTRACE row 722 103075411 103075861
NPTRACE row 723 103085128 103088471
NPTRACE row 724 103101771 103105146
NPTRACE row 725 103117173 103117904
NPTRACE row 726 103135021 103138477
NPTRACE row 727 103152011 103155380
NPTRACE row 728 103167751 103171795
NPTRACE row 729 103179572 103180174
NPTRACE row 730 103201461 103205143
NPTRACE row 731 103216724 103217716
NPTRACE row 732 103234571 103238455
NPTRACE row 733 103246178 103246810
NPTRACE row 734 103267936 103271824
NPTRACE row 735 103283319 103289079
NPTRACE row 736 103301007 103305156
NPTRACE row 737 103313131 103313631
NPTRACE row 738 103334660 103338486
NPTRACE row 739 103346098 103346817
NPTRACE row 740 103367959 103371809
NPTRACE row 741 103379436 103380147
NPTRACE row 742 103401245 103405153
NPTRACE row 743 103418431 103421966
NPTRACE row 744 103435000 103438626
NPTRACE row 745 103446287 103446822
NPTRACE row 746 103468193 103471823
NPTRACE row 747 103479554 103480160
NPTRACE row 748 103501359 103505175
NPTRACE row 749 103515396 103517806
NPTRACE row 750 103534775 103538519
NPTRACE row 751 103551798 103555271
NPTRACE row 752 103567526 103571829
NPTRACE row 753 103579334 103580111
NPTRACE row 754 103601168 103605169
NPTRACE row 755 103612963 103613578
NPTRACE row 756 103634385 103638490
NPTRACE row 757 103646101 103646799
NPTRACE row 758 103667781 103671851
NPTRACE row 759 103683944 103684606
NPTRACE row 760 103700894 103705162
NPTRACE row 761 103712988 103713513
NPTRACE row 762 103735515 103738632
NPTRACE row 763 103749936 103751134
NPTRACE row 764 103767519 103771826
NPTRACE row 765 103779279 103780084
NPTRACE row 766 103800957 103805191
NPTRACE row 767 103816803 103817975
NPTRACE row 768 103834812 103838684
NPTRACE row 769 103846251 103846884
NPTRACE row 770 103868057 103871870
NPTRACE row 771 103879468 103880113
NPTRACE row 772 103901210 103905219
NPTRACE row 773 103913146 103913590
NPTRACE row 774 103942253 103942613
NPTRACE row 775 103952991 103955819
NPTRACE row 776 103968008 103971892
NPTRACE row 777 103979419 103980174
NPTRACE row 778 104000887 104005218
NPTRACE row 779 104012947 104013615
NPTRACE row 780 104034797 104038591
NPTRACE row 781 104046142 104046845
NPTRACE row 782 104067502 104071913
NPTRACE row 783 104085243 104088745
NPTRACE row 784 104101026 104105218
NPTRACE row 785 104112978 104113727
NPTRACE row 786 104133119 104134532
NPTRACE row 787 104145681 104146797
NPTRACE row 788 104167355 104167616
NPTRACE row 789 104179178 104180124
NPTRACE row 790 104201740 104205204
NPTRACE row 791 104214458 104217833
NPTRACE row 792 104229796 104230192
NPTRACE row 793 104245722 104246779
NPTRACE row 794 104267677 104271889
NPTRACE row 795 104279506 104280131
NPTRACE row 796 104301126 104305221
NPTRACE row 797 104313053 104313567
NPTRACE row 798 104334336 104338573
NPTRACE row 799 104350415 104351062
NPTRACE row 800 104365849 104367641
NPTRACE row 801 104379058 104380153
NPTRACE row 802 104401118 104405221
NPTRACE row 803 104412934 104413716
NPTRACE row 804 104442043 104442677
NPTRACE row 805 104450332 104451041
NPTRACE row 806 104465991 104467640
NPTRACE row 807 104479502 104480339
NPTRACE row 808 104500708 104500974
NPTRACE row 809 104512584 104513729
NPTRACE row 810 104531345 104534324
NPTRACE row 811 104545276 104546867
NPTRACE row 812 104561864 104563515
NPTRACE row 813 104582997 104584344
NPTRACE row 814 104595584 104596930
NPTRACE row 815 104618135 104622039
NPTRACE row 816 104630793 104634644
NPTRACE row 817 104649414 104651372
NPTRACE row 818 104662808 104663542
NPTRACE row 819 104678986 104680203
NPTRACE row 820 104696099 104696978
NPTRACE row 821 104726863 104730313
NPTRACE row 822 104734827 104738546
NPTRACE row 823 104748462 104751091
NPTRACE row 824 104762356 104763568
NPTRACE row 825 104787201 104788679
NPTRACE row 826 104795674 104796954
NPTRACE row 827 104826187 104830242
NPTRACE row 828 104837235 104838775
NPTRACE row 829 104849205 104851186
NPTRACE row 830 104862369 104863741
NPTRACE row 831 104885194 104888572
NPTRACE row 832 104895913 104897188
NPTRACE row 833 104920828 104921984
NPTRACE row 834 104928993 104930301
NPTRACE row 835 104949370 104951148
NPTRACE row 836 104962280 104963761
NPTRACE row 837 104982707 104984694
NPTRACE row 838 104995900 104997187
NPTRACE row 839 105027416 105031017
NPTRACE row 840 105039337 105042983
NPTRACE row 841 105052111 105055419
NPTRACE row 842 105064343 105068436
NPTRACE row 843 105083018 105084617
NPTRACE row 844 105096509 105097264
NPTRACE row 845 105127360 105130680
NPTRACE row 846 105146099 105147174
NPTRACE row 847 105157678 105159662
NPTRACE row 848 105166902 105168044
NPTRACE row 849 105182324 105184504
NPTRACE row 850 105196144 105197220
NPTRACE row 851 105216391 105218061
NPTRACE row 852 105229141 105230271
NPTRACE row 853 105245176 105246935
NPTRACE row 854 105262108 105263702
NPTRACE row 855 105288206 105288734
NPTRACE row 856 105296217 105297025
NPTRACE row 857 105317089 105317977
NPTRACE row 858 105329156 105330508
NPTRACE row 859 105360121 105363869
NPTRACE row 860 105388846 105392850
NPTRACE row 861 105397412 105413839
NPTRACE row 862 105422237 105426108
NPTRACE row 863 105431012 105450753
NPTRACE row 864 105460924 105464023
NPTRACE row 865 105473882 105476292
NPTRACE row 866 105487137 105488821
NPTRACE row 867 105495983 105497308
NPTRACE row 868 105520599 105521980
NPTRACE row 869 105529211 105530523
NPTRACE row 870 105558383 105559489
NPTRACE row 871 105585285 105588581
NPTRACE row 872 105593617 105597070
NPTRACE row 873 105603355 105605478
NPTRACE row 874 105616918 105617896
NPTRACE row 875 105627564 105630730
NPTRACE row 876 105640712 105643060
NPTRACE row 877 105653733 105655472
NPTRACE row 878 105662944 105663708
NPTRACE row 879 105678815 105680516
NPTRACE row 880 105695251 105697088
NPTRACE row 881 105723980 105726249
NPTRACE row 882 105733944 105734808
NPTRACE row 883 105748645 105751253
NPTRACE row 884 105766643 105767893
NPTRACE row 885 105787747 105788675
NPTRACE row 886 105795935 105797039
NPTRACE row 887 105818336 105822036
NPTRACE row 888 105829720 105830739
NPTRACE row 889 105849453 105851358
NPTRACE row 890 105862507 105863991
NPTRACE row 891 105882521 105884771
NPTRACE row 892 105896013 105897268
NPTRACE row 893 105918166 105922078
NPTRACE row 894 105929912 105930639
NPTRACE row 895 105961116 105964061
NPTRACE row 896 105984111 105984533
NPTRACE row 897 105991911 105992850
NPTRACE row 898 106002072 106017829
NPTRACE row 899 106024632 106026270
NPTRACE row 900 106053051 106055435
NPTRACE row 901 106061603 106063943
NPTRACE row 902 106075457 106076319
NPTRACE row 903 106088373 106089085
NPTRACE row 904 106097450 106101184
NPTRACE row 905 106111604 106113787
NPTRACE row 906 106128236 106130357
NPTRACE row 907 106150461 106151420
NPTRACE row 908 106162598 106163955
NPTRACE row 909 106187676 106188698
NPTRACE row 910 106195867 106197076
NPTRACE row 911 106218463 106222113
NPTRACE row 912 106229376 106230795
NPTRACE row 913 106249078 106251309
NPTRACE row 914 106263047 106264035
NPTRACE row 915 106294634 106297347
NPTRACE row 916 106324573 106326242
NPTRACE row 917 106336385 106339047
NPTRACE row 918 106351484 106355471
NPTRACE row 919 106362501 106364153
NPTRACE row 920 106392465 106392913
NPTRACE row 921 106404082 106405623
NPTRACE row 922 106418701 106422290
NPTRACE row 923 106428864 106431071
NPTRACE row 924 106443330 106447275
NPTRACE row 925 106456646 106459598
NPTRACE row 926 106468748 106472278
NPTRACE row 927 106482770 106484891
NPTRACE row 928 106495425 106497227
NPTRACE row 929 106516234 106518077
NPTRACE row 930 106528569 106530558
NPTRACE row 931 106548533 106551288
NPTRACE row 932 106561756 106563964
NPTRACE row 933 106593321 106597189
NPTRACE row 934 106620267 106622261
NPTRACE row 935 106630999 106651080
NPTRACE row 936 106661249 106664147
NPTRACE row 937 106672402 106676459
NPTRACE row 938 106686624 106688992
NPTRACE row 939 106696479 106697360
NPTRACE row 940 106712655 106713970
NPTRACE row 941 106726703 106730484
NPTRACE row 942 106735164 106738779
NPTRACE row 943 106745050 106747293
NPTRACE row 944 106761258 106763857
NPTRACE row 945 106782175 106784789
NPTRACE row 946 106797223 106817669
NPTRACE row 947 106827765 106830721
NPTRACE row 948 106839167 106843014
NPTRACE row 949 106852124 106855614
NPTRACE row 950 106862410 106863986
NPTRACE row 951 106881919 106884807
NPTRACE row 952 106895049 106897242
NPTRACE row 953 106915459 106918147
NPTRACE row 954 106927983 106930583
NPTRACE row 955 106947599 106951379
NPTRACE row 956 106962047 106963984
NPTRACE row 957 106981505 106984685
NPTRACE row 958 106994919 106997224
NPTRACE row 959 107027900 107031033
NPTRACE row 960 107051747 107055468
NPTRACE row 961 107059723 107063898
NPTRACE row 962 107086765 107088897
NPTRACE row 963 107096321 107097380
NPTRACE row 964 107109882 107114012
NPTRACE row 965 107124364 107126409
NPTRACE row 966 107137042 107139047
NPTRACE row 967 107152188 107155851
NPTRACE row 968 107162272 107163982
NPTRACE row 969 107181343 107184746
NPTRACE row 970 107195076 107197253
NPTRACE row 971 107214809 107218222
NPTRACE row 972 107228875 107230624
NPTRACE row 973 107247756 107251397
NPTRACE row 974 107262008 107263977
NPTRACE row 975 107281573 107285043
NPTRACE row 976 107295532 107297279
NPTRACE row 977 107315118 107318157
NPTRACE row 978 107328112 107330584
NPTRACE row 979 107347225 107351381
NPTRACE row 980 107361970 107363941
NPTRACE row 981 107380823 107384602
NPTRACE row 982 107395262 107397218
NPTRACE row 983 107415107 107418350
NPTRACE row 984 107428731 107430748
NPTRACE row 985 107460766 107463999
NPTRACE row 986 107488393 107488995
NPTRACE row 987 107500461 107501637
NPTRACE row 988 107514006 107518080
NPTRACE row 989 107526992 107530827
NPTRACE row 990 107538078 107539025
NPTRACE row 991 107552433 107556013
NPTRACE row 992 107562897 107563986
NPTRACE row 993 107580840 107584630
NPTRACE row 994 107595155 107597263
NPTRACE row 995 107614655 107618111
NPTRACE row 996 107628443 107630639
NPTRACE row 997 107647189 107651344
NPTRACE row 998 107661268 107663925
NPTRACE row 999 107681105 107684722
NPTRACE row 1000 107695098 107697269
NPTRACE row 1001 107714582 107718098
NPTRACE row 1002 107728254 107730681
NPTRACE row 1003 107761040 107764004
NPTRACE row 1004 107771096 107772289
NPTRACE row 1005 107782942 107784697
NPTRACE row 1006 107794934 107797226
NPTRACE row 1007 107814935 107819296
NPTRACE row 1008 107832075 107834741
NPTRACE row 1009 107842976 107847145
NPTRACE row 1010 107860065 107864584
NPTRACE row 1011 107884131 107884875
NPTRACE row 1012 107894000 107897223
NPTRACE row 1013 107927038 107930761
NPTRACE row 1014 107937665 107938924
NPTRACE row 1015 107950678 107951634
NPTRACE row 1016 107961827 107963981
NPTRACE row 1017 107993577 107997267
NPTRACE row 1018 108019113 108022197
NPTRACE row 1019 108027583 108030684
NPTRACE row 1020 108055911 108059744
NPTRACE row 1021 108064535 108084449
NPTRACE row 1022 108094359 108097352
NPTRACE row 1023 108106824 108109987
NPTRACE row 1024 108120913 108122436
NPTRACE row 1025 108131315 108135089
NPTRACE row 1026 108147741 108151441
NPTRACE row 1027 108159795 108164126
NPTRACE row 1028 108170395 108172521
NPTRACE row 1029 108185142 108189029
NPTRACE row 1030 108195959 108197367
NPTRACE row 1031 108220404 108222555
NPTRACE row 1032 108230070 108230874
NPTRACE row 1033 108246082 108247574
NPTRACE row 1034 108262061 108264099
NPTRACE row 1035 108281168 108284908
NPTRACE row 1036 108295498 108297437
NPTRACE row 1037 108327966 108330901
NPTRACE row 1038 108340149 108343325
NPTRACE row 1039 108356278 108359692
NPTRACE row 1040 108366607 108368347
NPTRACE row 1041 108381163 108384837
NPTRACE row 1042 108395703 108397874
NPTRACE row 1043 108414868 108418134
NPTRACE row 1044 108428425 108430759
NPTRACE row 1045 108446779 108447578
NPTRACE row 1046 108461226 108464095
NPTRACE row 1047 108481275 108485028
NPTRACE row 1048 108494970 108497382
NPTRACE row 1049 108515007 108518161
NPTRACE row 1050 108528358 108530738
NPTRACE row 1051 108546637 108547573
NPTRACE row 1052 108561484 108564093
NPTRACE row 1053 108594120 108597392
NPTRACE row 1054 108606084 108609911
NPTRACE row 1055 108621117 108622988
NPTRACE row 1056 108633356 108650729
NPTRACE row 1057 108662063 108664169
NPTRACE row 1058 108675406 108676787
NPTRACE row 1059 108690237 108693261
NPTRACE row 1060 108704070 108706007
NPTRACE row 1061 108720053 108722671
NPTRACE row 1062 108733317 108734933
NPTRACE row 1063 108746861 108747805
NPTRACE row 1064 108761719 108764175
NPTRACE row 1065 108781115 108784880
NPTRACE row 1066 108794804 108797518
NPTRACE row 1067 108828177 108830903
NPTRACE row 1068 108849537 108851901
NPTRACE row 1069 108862129 108864209
NPTRACE row 1070 108881827 108885067
NPTRACE row 1071 108893437 108897301
NPTRACE row 1072 108905058 108905967
NPTRACE row 1073 108923251 108926701
NPTRACE row 1074 108933626 108935132
NPTRACE row 1075 108956332 108959861
NPTRACE row 1076 108965215 108968193
NPTRACE row 1077 108976766 108980659
NPTRACE row 1078 108993659 108997368
NPTRACE row 1079 109028597 109031112
NPTRACE row 1080 109044301 109047619
NPTRACE row 1081 109058781 109059939
NPTRACE row 1082 109074359 109076831
NPTRACE row 1083 109089584 109093155
NPTRACE row 1084 109119391 109122481
NPTRACE row 1085 109129596 109130995
NPTRACE row 1086 109143849 109147661
NPTRACE row 1087 109159104 109160182
NPTRACE row 1088 109191368 109193308
NPTRACE row 1089 109210299 109214168
NPTRACE row 1090 109223098 109226547
NPTRACE row 1091 109232050 109234978
NPTRACE row 1092 109240917 109243212
NPTRACE row 1093 109249436 109251548
NPTRACE row 1094 109260124 109264070
NPTRACE row 1095 109280307 109281198
NPTRACE row 1096 109294569 109297491
NPTRACE row 1097 109327480 109330978
NPTRACE row 1098 109339610 109343451
NPTRACE row 1099 109353428 109355911
NPTRACE row 1100 109365409 109368558
NPTRACE row 1101 109387618 109389214
NPTRACE row 1102 109413754 109418379
NPTRACE row 1103 109426875 109430892
NPTRACE row 1104 109440152 109443416
NPTRACE row 1105 109452302 109455853
NPTRACE row 1106 109464375 109468217
NPTRACE row 1107 109475993 109476548
NPTRACE row 1108 109493410 109497331
NPTRACE row 1109 109510288 109514203
NPTRACE row 1110 109530257 109530965
NPTRACE row 1111 109544612 109547567
NPTRACE row 1112 109564612 109568228
NPTRACE row 1113 109577775 109580893
NPTRACE row 1114 109595906 109597661
NPTRACE row 1115 109611681 109614294
NPTRACE row 1116 109644479 109647515
NPTRACE row 1117 109672740 109676634
NPTRACE row 1118 109685492 109689107
NPTRACE row 1119 109699416 109701795
NPTRACE row 1120 109711460 109714094
NPTRACE row 1121 109720228 109722468
NPTRACE row 1122 109728644 109730718
NPTRACE row 1123 109741894 109743200
NPTRACE row 1124 109763475 109764245
NPTRACE row 1125 109777248 109780864
NPTRACE row 1126 109795518 109797608
NPTRACE row 1127 109811356 109814313
NPTRACE row 1128 109829385 109831085
NPTRACE row 1129 109844242 109847506
NPTRACE row 1130 109862769 109864381
NPTRACE row 1131 109885748 109889279
NPTRACE row 1132 109900273 109901706
NPTRACE row 1133 109911584 109914280
NPTRACE row 1134 109928974 109930942
NPTRACE row 1135 109944968 109947659
NPTRACE row 1136 109963695 109964262
NPTRACE row 1137 109977445 109980905
NPTRACE row 1138 109995852 109997578
NPTRACE row 1139 110011336 110014315
NPTRACE row 1140 110040860 110043225
NPTRACE row 1141 110067050 110068392
NPTRACE row 1142 110078195 110080893
NPTRACE row 1143 110089814 110093596
NPTRACE row 1144 110104313 110105913
NPTRACE row 1145 110115582 110134196
NPTRACE row 1146 110144794 110147556
NPTRACE row 1147 110173986 110176608
NPTRACE row 1148 110184341 110185249
NPTRACE row 1149 110197952 110201655
NPTRACE row 1150 110210609 110214272
NPTRACE row 1151 110240710 110243427
NPTRACE row 1152 110270743 110272791
NPTRACE row 1153 110285405 110289381
NPTRACE row 1154 110299912 110301768
NPTRACE row 1155 110310950 110314207
NPTRACE row 1156 110339924 110343328
NPTRACE row 1157 110352812 110356011
NPTRACE row 1158 110367673 110368381
NPTRACE row 1159 110378771 110380949
NPTRACE row 1160 110406013 110410008
NPTRACE row 1161 110416288 110431152
NPTRACE row 1162 110440552 110443264
NPTRACE row 1163 110459229 110460335
NPTRACE row 1164 110471589 110472446
NPTRACE row 1165 110479638 110480767
NPTRACE row 1166 110495106 110497608
NPTRACE row 1167 110508153 110510025
NPTRACE row 1168 110517028 110518242
NPTRACE row 1169 110525324 110526772
NPTRACE row 1170 110533729 110534917
NPTRACE row 1171 110541806 110543232
NPTRACE row 1172 110575571 110576559
NPTRACE row 1173 110603873 110605829
NPTRACE row 1174 110612599 110614172
NPTRACE row 1175 110631515 110635210
NPTRACE row 1176 110642599 110643327
NPTRACE row 1177 110656166 110660193
NPTRACE row 1178 110670409 110672474
NPTRACE row 1179 110678814 110680757
NPTRACE row 1180 110691393 110693241
NPTRACE row 1181 110708180 110710010
NPTRACE row 1182 110735141 110739122
NPTRACE row 1183 110743672 110747580
NPTRACE row 1184 110761959 110764253
NPTRACE row 1185 110776878 110780703
NPTRACE row 1186 110795823 110797549
NPTRACE row 1187 110810447 110814217
NPTRACE row 1188 110840562 110843250
NPTRACE row 1189 110848315 110851579
NPTRACE row 1190 110857764 110859938
NPTRACE row 1191 110874213 110876590
NPTRACE row 1192 110906359 110909946
NPTRACE row 1193 110915148 110918344
NPTRACE row 1194 110924146 110926584
NPTRACE row 1195 110940440 110943252
NPTRACE row 1196 110962026 110964278
NPTRACE row 1197 110976031 110976683
NPTRACE row 1198 110996246 110997568
NPTRACE row 1199 111010365 111014098
NPTRACE row 1200 111023953 111026762
NPTRACE row 1201 111039833 111043231
NPTRACE row 1202 111068405 111072464
NPTRACE row 1203 111077974 111080753
NPTRACE row 1204 111090254 111093236
NPTRACE row 1205 111106861 111110002
NPTRACE row 1206 111129509 111130878
NPTRACE row 1207 111143512 111147536
NPTRACE row 1208 111163135 111164255
NPTRACE row 1209 111176188 111176591
NPTRACE row 1210 111210284 111214178
NPTRACE row 1211 111220325 111222725
NPTRACE row 1212 111232662 111234983
NPTRACE row 1213 111244021 111247472
NPTRACE row 1214 111276838 111280881
NPTRACE row 1215 111296591 111297982
NPTRACE row 1216 111307870 111309944
NPTRACE row 1217 111335349 111339226
NPTRACE row 1218 111344682 111347554
NPTRACE row 1219 111357750 111360124
NPTRACE row 1220 111371482 111372595
NPTRACE row 1221 111383705 111385012
NPTRACE row 1222 111396086 111397642
NPTRACE row 1223 111410472 111414161
NPTRACE row 1224 111423845 111426719
NPTRACE row 1225 111439722 111443287
NPTRACE row 1226 111463552 111464344
NPTRACE row 1227 111476716 111480748
NPTRACE row 1228 111490144 111493291
NPTRACE row 1229 111506747 111510053
NPTRACE row 1230 111541446 111543283
NPTRACE row 1231 111567390 111568542
NPTRACE row 1232 111577381 111580973
NPTRACE row 1233 111587134 111589278
NPTRACE row 1234 111599355 111601671
NPTRACE row 1235 111611169 111614303
NPTRACE row 1236 111644104 111647511
NPTRACE row 1237 111671178 111672580
NPTRACE row 1238 111681221 111684992
NPTRACE row 1239 111695557 111697793
NPTRACE row 1240 111708159 111709944
NPTRACE row 1241 111716233 111718370
NPTRACE row 1242 111724188 111726609
NPTRACE row 1243 111739264 111743214
NPTRACE row 1244 111774770 111776615
NPTRACE row 1245 111803204 111805911
NPTRACE row 1246 111812041 111814197
NPTRACE row 1247 111842037 111843532
NPTRACE row 1248 111856564 111860365
NPTRACE row 1249 111870132 111872680
NPTRACE row 1250 111879831 111880844
NPTRACE row 1251 111887896 111889157
NPTRACE row 1252 111896431 111897482
NPTRACE row 1253 111906308 111910062
NPTRACE row 1254 111931286 111936096
NPTRACE row 1255 111946084 111947589
NPTRACE row 1256 111975723 111976635
NPTRACE row 1257 112004672 112005933
NPTRACE row 1258 112013232 112014196
NPTRACE row 1259 112042056 112043433
NPTRACE row 1260 112063216 112064297
NPTRACE row 1261 112073542 112076638
NPTRACE row 1262 112082799 112085344
NPTRACE row 1263 112093982 112097854
NPTRACE row 1264 112106874 112110043
NPTRACE row 1265 112119743 112122829
NPTRACE row 1266 112132396 112135152
NPTRACE row 1267 112143794 112147555
NPTRACE row 1268 112156488 112159977
NPTRACE row 1269 112172787 112176659
NPTRACE row 1270 112191430 112193625
NPTRACE row 1271 112210288 112214120
NPTRACE row 1272 112223958 112226839
NPTRACE row 1273 112240099 112243351
NPTRACE row 1274 112268912 112272604
NPTRACE row 1275 112277588 112281008
NPTRACE row 1276 112302710 112305970
NPTRACE row 1277 112311622 112314454
NPTRACE row 1278 112336307 112339290
NPTRACE row 1279 112345873 112347902
NPTRACE row 1280 112374319 112376762
NPTRACE row 1281 112386601 112389484
NPTRACE row 1282 112400927 112401882
NPTRACE row 1283 112410839 112414356
NPTRACE row 1284 112423145 112426832
NPTRACE row 1285 112439466 112443358
NPTRACE row 1286 112462112 112464511
NPTRACE row 1287 112477182 112481029
NPTRACE row 1288 112500006 112502015
NPTRACE row 1289 112509551 112510265
NPTRACE row 1290 112532404 112535216
NPTRACE row 1291 112542316 112543428
NPTRACE row 1292 112558426 112560369
NPTRACE row 1293 112575925 112576794
NPTRACE row 1294 112589673 112593368
NPTRACE row 1295 112606967 112610225
NPTRACE row 1296 112624806 112627162
NPTRACE row 1297 112642710 112643526
NPTRACE row 1298 112662477 112664522
NPTRACE row 1299 112676871 112681014
NPTRACE row 1300 112690183 112693473
NPTRACE row 1301 112706761 112710171
NPTRACE row 1302 112729547 112731258
NPTRACE row 1303 112743795 112747681
NPTRACE row 1304 112756804 112760141
NPTRACE row 1305 112772866 112776846
NPTRACE row 1306 112792564 112793697
NPTRACE row 1307 112809462 112810239
NPTRACE row 1308 112844379 112847699
NPTRACE row 1309 112873773 112876844
NPTRACE row 1310 112886789 112889530
NPTRACE row 1311 112902290 112905970
NPTRACE row 1312 112912794 112914376
NPTRACE row 1313 112940161 112943582
NPTRACE row 1314 112951253 112951837
NPTRACE row 1315 112959600 112960156
NPTRACE row 1316 112967923 112968488
NPTRACE row 1317 112976005 112976830
NPTRACE row 1318 112998360 113001909
NPTRACE row 1319 113009097 113010315
NPTRACE row 1320 113023501 113026924
NPTRACE row 1321 113039543 113043439
NPTRACE row 1322 113062886 113064622
NPTRACE row 1323 113075893 113076852
NPTRACE row 1324 113089829 113093443
NPTRACE row 1325 113106610 113110228
NPTRACE row 1326 113130042 113131335
NPTRACE row 1327 113143948 113147724
NPTRACE row 1328 113156294 113160129
NPTRACE row 1329 113172918 113176812
NPTRACE row 1330 113194163 113197989
NPTRACE row 1331 113210703 113214627
NPTRACE row 1332 113229029 113231205
NPTRACE row 1333 113242965 113243534
NPTRACE row 1334 113256252 113260113
NPTRACE row 1335 113272932 113276878
NPTRACE row 1336 113304084 113306030
NPTRACE row 1337 113312865 113314499
NPTRACE row 1338 113325184 113328044
NPTRACE row 1339 113341998 113343531
NPTRACE row 1340 113356269 113360145
NPTRACE row 1341 113372824 113376805
NPTRACE row 1342 113409199 113410208
NPTRACE row 1343 113424773 113427635
NPTRACE row 1344 113440264 113443687
NPTRACE row 1345 113448979 113451889
NPTRACE row 1346 113457913 113460195
NPTRACE row 1347 113472747 113476753
NPTRACE row 1348 113496373 113497982
NPTRACE row 1349 113509293 113510296
NPTRACE row 1350 113522937 113526918
NPTRACE row 1351 113539608 113543470
NPTRACE row 1352 113565031 113568735
NPTRACE row 1353 113575781 113576863
NPTRACE row 1354 113591905 113593719
NPTRACE row 1355 113609283 113610284
NPTRACE row 1356 113642973 113643524
NPTRACE row 1357 113671922 113672686
NPTRACE row 1358 113700228 113701974
NPTRACE row 1359 113710593 113714387
NPTRACE row 1360 113721827 113722939
NPTRACE row 1361 113736015 113739579
NPTRACE row 1362 113746151 113748057
NPTRACE row 1363 113760376 113764531
NPTRACE row 1364 113773706 113776988
NPTRACE row 1365 113783332 113800773
NPTRACE row 1366 113811373 113814403
NPTRACE row 1367 113832038 113835398
NPTRACE row 1368 113843004 113843590
NPTRACE row 1369 113850866 113851839
NPTRACE row 1370 113859233 113860162
NPTRACE row 1371 113871463 113872674
NPTRACE row 1372 113900110 113901896
NPTRACE row 1373 113909580 113910264
NPTRACE row 1374 113934318 113935203
NPTRACE row 1375 113942969 113943632
NPTRACE row 1376 113954831 113955994
NPTRACE row 1377 113971798 113972682
NPTRACE row 1378 113991094 113993714
NPTRACE row 1379 114008202 114010267
NPTRACE row 1380 114021434 114022671
NPTRACE row 1381 114037774 114039334
NPTRACE row 1382 114074088 114076846
NPTRACE row 1383 114099638 114101982
NPTRACE row 1384 114109228 114110174
NPTRACE row 1385 114117277 114118600
NPTRACE row 1386 114125391 114126850
NPTRACE row 1387 114137863 114139342
NPTRACE row 1388 114174189 114176856
NPTRACE row 1389 114181983 114185180
NPTRACE row 1390 114190027 114193512
NPTRACE row 1391 114204978 114206235
NPTRACE row 1392 114241427 114243624
NPTRACE row 1393 114252553 114256232
NPTRACE row 1394 114265870 114268698
NPTRACE row 1395 114277504 114281045
NPTRACE row 1396 114288236 114289368
NPTRACE row 1397 114304820 114306125
NPTRACE row 1398 114338303 114339392
NPTRACE row 1399 114349579 114352304
NPTRACE row 1400 114361998 114364561
NPTRACE row 1401 114373986 114376870
NPTRACE row 1402 114387864 114389365
NPTRACE row 1403 114404478 114406123
NPTRACE row 1404 114424961 114427053
NPTRACE row 1405 114440634 114443535
NPTRACE row 1406 114458286 114460319
NPTRACE row 1407 114475406 114477086
NPTRACE row 1408 114501515 114501962
NPTRACE row 1409 114510658 114514524
NPTRACE row 1410 114520635 114522679
NPTRACE row 1411 114536535 114539333
NPTRACE row 1412 114568641 114572774
NPTRACE row 1413 114577579 114581149
NPTRACE row 1414 114608069 114610182
NPTRACE row 1415 114620837 114623139
NPTRACE row 1416 114635699 114639481
NPTRACE row 1417 114644700 114647705
NPTRACE row 1418 114653887 114656022
NPTRACE row 1419 114670012 114672696
NPTRACE row 1420 114691045 114693722
NPTRACE row 1421 114707822 114710285
NPTRACE row 1422 114720446 114722701
NPTRACE row 1423 114737315 114739464
NPTRACE row 1424 114757497 114760358
NPTRACE row 1425 114773625 114776990
NPTRACE row 1426 114800386 114802074
NPTRACE row 1427 114809298 114810347
NPTRACE row 1428 114820126 114822698
NPTRACE row 1429 114836420 114839357
NPTRACE row 1430 114873522 114876870
NPTRACE row 1431 114902360 114906122
NPTRACE row 1432 114911434 114914424
NPTRACE row 1433 114940565 114943570
NPTRACE row 1434 114964948 114968542
NPTRACE row 1435 114974533 114976911
NPTRACE row 1436 114995027 114997846
NPTRACE row 1437 115005756 115006427
NPTRACE row 1438 115013851 115014378
NPTRACE row 1439 115022038 115022997
NPTRACE row 1440 115030681 115031161
NPTRACE row 1441 115038330 115039385
NPTRACE row 1442 115071711 115072729
NPTRACE row 1443 115079511 115081174
NPTRACE row 1444 115108354 115110225
NPTRACE row 1445 115121397 115123083
NPTRACE row 1446 115135298 115139491
NPTRACE row 1447 115144829 115147864
NPTRACE row 1448 115153217 115156053
NPTRACE row 1449 115169468 115172724
NPTRACE row 1450 115207095 115210241
NPTRACE row 1451 115233779 115235457
NPTRACE row 1452 115242996 115243583
NPTRACE row 1453 115269522 115272763
NPTRACE row 1454 115277783 115281124
NPTRACE row 1455 115290155 115294044
NPTRACE row 1456 115303950 115306187
NPTRACE row 1457 115312944 115314581
NPTRACE row 1458 115329260 115331269
NPTRACE row 1459 115341514 115343576
NPTRACE row 1460 115371257 115372902
NPTRACE row 1461 115379903 115381433
NPTRACE row 1462 115400502 115402229
NPTRACE row 1463 115409761 115410538
NPTRACE row 1464 115421441 115423903
NPTRACE row 1465 115440479 115443587
NPTRACE row 1466 115453386 115456090
NPTRACE row 1467 115469489 115472758
NPTRACE row 1468 115490138 115493778
NPTRACE row 1469 115507102 115510349
NPTRACE row 1470 115519880 115522762
NPTRACE row 1471 115537262 115539887
NPTRACE row 1472 115555324 115556257
NPTRACE row 1473 115573201 115576969
NPTRACE row 1474 115590082 115593776
NPTRACE row 1475 115607202 115610339
NPTRACE row 1476 115638915 115639680
NPTRACE row 1477 115647911 115652134
NPTRACE row 1478 115659950 115660446
NPTRACE row 1479 115673413 115676935
NPTRACE row 1480 115689598 115693786
NPTRACE row 1481 115707138 115710354
NPTRACE row 1482 115740064 115743602
NPTRACE row 1483 115768182 115768728
NPTRACE row 1484 115777530 115781280
NPTRACE row 1485 115788616 115789602
NPTRACE row 1486 115802154 115806149
NPTRACE row 1487 115812398 115814781
NPTRACE row 1488 115821123 115822872
NPTRACE row 1489 115835827 115839451
NPTRACE row 1490 115873004 115877002
NPTRACE row 1491 115884501 115885787
NPTRACE row 1492 115897401 115897994
NPTRACE row 1493 115909144 115910382
NPTRACE row 1494 115919589 115922797
NPTRACE row 1495 115936117 115939507
NPTRACE row 1496 115955682 115956301
NPTRACE row 1497 115971813 115972947
NPTRACE row 1498 116006996 116010290
NPTRACE row 1499 116035673 116039503
NPTRACE row 1500 116043643 116047739
NPTRACE row 1501 116050861 116051955
NPTRACE row 1502 116058803 116060273
NPTRACE row 1503 116069208 116072901
NPTRACE row 1504 116089671 116093785
NPTRACE row 1505 116105382 116106285
NPTRACE row 1506 116122048 116122901
NPTRACE row 1507 116138792 116139613
NPTRACE row 1508 116157958 116160396
NPTRACE row 1509 116171980 116172859
NPTRACE row 1510 116188539 116189624
NPTRACE row 1511 116206882 116210308
NPTRACE row 1512 116223107 116227157
NPTRACE row 1513 116238634 116239604
NPTRACE row 1514 116256185 116260385
NPTRACE row 1515 116271882 116272971
NPTRACE row 1516 116303272 116306130
NPTRACE row 1517 116311142 116314632
NPTRACE row 1518 116330547 116331254
NPTRACE row 1519 116340875 116343861
NPTRACE row 1520 116371164 116372875
NPTRACE row 1521 116379022 116381263
NPTRACE row 1522 116407521 116410297
NPTRACE row 1523 116434309 116435567
NPTRACE row 1524 116444226 116447855
NPTRACE row 1525 116454589 116456313
NPTRACE row 1526 116466848 116468761
NPTRACE row 1527 116477566 116481309
NPTRACE row 1528 116505399 116506328
NPTRACE row 1529 116514960 116532822
NPTRACE row 1530 116542525 116543679
NPTRACE row 1531 116565398 116568681
NPTRACE row 1532 116575258 116576997
NPTRACE row 1533 116584506 116585481
NPTRACE row 1534 116596828 116598017
NPTRACE row 1535 116609132 116610734
NPTRACE row 1536 116623543 116627283
NPTRACE row 1537 116638957 116639728
NPTRACE row 1538 116654941 116656361
NPTRACE row 1539 116671627 116673010
NPTRACE row 1540 116685481 116689520
NPTRACE row 1541 116702815 116706302
NPTRACE row 1542 116721635 116723033
NPTRACE row 1543 116738483 116739785
NPTRACE row 1544 116751722 116752007
NPTRACE row 1545 116767965 116768682
NPTRACE row 1546 116787688 116789959
NPTRACE row 1547 116805622 116806458
NPTRACE row 1548 116821334 116823037
NPTRACE row 1549 116838325 116839694
NPTRACE row 1550 116855612 116856358
NPTRACE row 1551 116872114 116873139
NPTRACE row 1552 116884883 116885354
NPTRACE row 1553 116901603 116902118
NPTRACE row 1554 116921673 116923026
NPTRACE row 1555 116938261 116939704
NPTRACE row 1556 116954199 116956404
NPTRACE row 1557 116971993 116973067
NPTRACE row 1558 116988233 116989744
NPTRACE row 1559 117007011 117010429
NPTRACE row 1560 117023628 117027432
NPTRACE row 1561 117039152 117039747
NPTRACE row 1562 117056335 117060609
NPTRACE row 1563 117072588 117073081
NPTRACE row 1564 117085538 117089516
NPTRACE row 1565 117102758 117106365
NPTRACE row 1566 117124887 117127194
NPTRACE row 1567 117140077 117143747
NPTRACE row 1568 117151523 117152069
NPTRACE row 1569 117167818 117168742
NPTRACE row 1570 117188008 117189754
NPTRACE row 1571 117204631 117206426
NPTRACE row 1572 117218141 117218746
NPTRACE row 1573 117234446 117235409
NPTRACE row 1574 117254088 117256378
NPTRACE row 1575 117271063 117273121
NPTRACE row 1576 117284775 117285410
NPTRACE row 1577 117301469 117302168
NPTRACE row 1578 117335059 117335434
NPTRACE row 1579 117342933 117343755
NPTRACE row 1580 117370767 117372927
NPTRACE row 1581 117378683 117381325
NPTRACE row 1582 117391711 117393913
NPTRACE row 1583 117406926 117410443
NPTRACE row 1584 117438037 117439844
NPTRACE row 1585 117448341 117466781
NPTRACE row 1586 117476547 117477145
NPTRACE row 1587 117503561 117506312
NPTRACE row 1588 117512047 117514756
NPTRACE row 1589 117540262 117543843
NPTRACE row 1590 117550324 117552740
NPTRACE row 1591 117563225 117565016
NPTRACE row 1592 117575274 117577134
NPTRACE row 1593 117583241 117585461
NPTRACE row 1594 117591315 117593802
NPTRACE row 1595 117602349 117606317
NPTRACE row 1596 117623428 117627373
NPTRACE row 1597 117639931 117643720
NPTRACE row 1598 117656519 117660660
NPTRACE row 1599 117674055 117677272
NPTRACE row 1600 117706645 117710460
NPTRACE row 1601 117734472 117735547
NPTRACE row 1602 117744885 117748026
NPTRACE row 1603 117771336 117772995
NPTRACE row 1604 117781664 117785980
NPTRACE row 1605 117792667 117794076
NPTRACE row 1606 117805948 117806388
NPTRACE row 1607 117836514 117839709
NPTRACE row 1608 117845725 117848253
NPTRACE row 1609 117872560 117873113
NPTRACE row 1610 117882659 117898224
NPTRACE row 1611 117905416 117906444
NPTRACE row 1612 117931913 117935404
NPTRACE row 1613 117941754 117943926
NPTRACE row 1614 117961753 117964877
NPTRACE row 1615 117973340 117977048
NPTRACE row 1616 117982874 117986137
NPTRACE row 1617 117994522 117998175
NPTRACE row 1618 118007230 118010489
NPTRACE row 1619 118015644 118018924
NPTRACE row 1620 118023750 118027155
NPTRACE row 1621 118034098 118035488
NPTRACE row 1622 118059338 118060763
NPTRACE row 1623 118073741 118077249
NPTRACE row 1624 118084633 118085515
NPTRACE row 1625 118101343 118102277
NPTRACE row 1626 118129078 118131574
NPTRACE row 1627 118140311 118143860
NPTRACE row 1628 118166534 118169045
NPTRACE row 1629 118176438 118177232
NPTRACE row 1630 118205545 118206469
NPTRACE row 1631 118216306 118233930
NPTRACE row 1632 118245340 118248234
NPTRACE row 1633 118259059 118260733
NPTRACE row 1634 118273297 118277257
NPTRACE row 1635 118282147 118285544
NPTRACE row 1636 118290789 118293884
NPTRACE row 1637 118301409 118302305
NPTRACE row 1638 118325867 118327490
NPTRACE row 1639 118340090 118343884
NPTRACE row 1640 118351049 118352204
NPTRACE row 1641 118367347 118368879
NPTRACE row 1642 118387008 118389956
NPTRACE row 1643 118405154 118406561
NPTRACE row 1644 118428304 118431672
NPTRACE row 1645 118440135 118443782
NPTRACE row 1646 118463371 118464887
NPTRACE row 1647 118474455 118477303
NPTRACE row 1648 118503717 118506344
NPTRACE row 1649 118511933 118514886
NPTRACE row 1650 118539039 118539693
NPTRACE row 1651 118548482 118552717
NPTRACE row 1652 118559722 118560707
NPTRACE row 1653 118571340 118573112
NPTRACE row 1654 118602355 118606359
NPTRACE row 1655 118611030 118614834
NPTRACE row 1656 118638281 118639794
NPTRACE row 1657 118648144 118657531
NPTRACE row 1658 118664294 118664835
NPTRACE row 1659 118674747 118677203
NPTRACE row 1660 118704981 118706468
NPTRACE row 1661 118715810 118719288
NPTRACE row 1662 118729389 118731600
NPTRACE row 1663 118742422 118744126
NPTRACE row 1664 118773278 118777172
NPTRACE row 1665 118783319 118786032
NPTRACE row 1666 118796014 118798235
NPTRACE row 1667 118808971 118810665
NPTRACE row 1668 118818189 118818995
NPTRACE row 1669 118833104 118835558
NPTRACE row 1670 118852384 118857379
NPTRACE row 1671 118871152 118873233
NPTRACE row 1672 118885939 118889983
NPTRACE row 1673 118905020 118906589
NPTRACE row 1674 118930228 118931640
NPTRACE row 1675 118940940 118943906
NPTRACE row 1676 118959895 118960787
NPTRACE row 1677 118971690 118973069
NPTRACE row 1678 118985121 118986219
NPTRACE row 1679 119005098 119006723
NPTRACE row 1680 119019899 119023296
NPTRACE row 1681 119037942 119039855
NPTRACE row 1682 119051595 119052745
NPTRACE row 1683 119074472 119077542
NPTRACE row 1684 119105945 119106522
NPTRACE row 1685 119116861 119119322
NPTRACE row 1686 119130646 119131691
NPTRACE row 1687 119143330 119144010
NPTRACE row 1688 119157216 119160858
NPTRACE row 1689 119171190 119173189
NPTRACE row 1690 119204059 119206523
NPTRACE row 1691 119216915 119219450
NPTRACE row 1692 119229993 119231629
NPTRACE row 1693 119242224 119243952
NPTRACE row 1694 119253959 119256644
NPTRACE row 1695 119271113 119273348
NPTRACE row 1696 119283278 119285630
NPTRACE row 1697 119299953 119302383
NPTRACE row 1698 119318413 119319517
NPTRACE row 1699 119337574 119339881
NPTRACE row 1700 119353772 119356752
NPTRACE row 1701 119371220 119373221
NPTRACE row 1702 119388468 119390097
NPTRACE row 1703 119405279 119406694
NPTRACE row 1704 119420322 119423534
NPTRACE row 1705 119437615 119439922
NPTRACE row 1706 119453769 119456734
NPTRACE row 1707 119471700 119473246
NPTRACE row 1708 119504824 119506570
NPTRACE row 1709 119517710 119527794
NPTRACE row 1710 119539176 119539807
NPTRACE row 1711 119558102 119561019
NPTRACE row 1712 119571023 119573125
NPTRACE row 1713 119579159 119581573
NPTRACE row 1714 119592020 119594163
NPTRACE row 1715 119605935 119606631
NPTRACE row 1716 119629692 119631708
NPTRACE row 1717 119640694 119643947
NPTRACE row 1718 119669160 119673188
NPTRACE row 1719 119677923 119681594
NPTRACE row 1720 119705821 119706561
NPTRACE row 1721 119718110 119719615
NPTRACE row 1722 119731801 119735596
NPTRACE row 1723 119742585 119743950
NPTRACE row 1724 119765892 119768974
NPTRACE row 1725 119774993 119777283
NPTRACE row 1726 119804037 119806532
NPTRACE row 1727 119816032 119833454
NPTRACE row 1728 119844286 119848352
NPTRACE row 1729 119873464 119877274
NPTRACE row 1730 119902970 119906526
NPTRACE row 1731 119911626 119914941
NPTRACE row 1732 119925359 119927396
NPTRACE row 1733 119939005 119939976
NPTRACE row 1734 119969069 119973050
NPTRACE row 1735 119977453 119981450
NPTRACE row 1736 119992671 119994055
NPTRACE row 1737 120004737 120006458
NPTRACE row 1738 120013008 120014928
NPTRACE row 1739 120039330 120040126
NPTRACE row 1740 120049469 120065086
NPTRACE row 1741 120072425 120073286
NPTRACE row 1742 120080974 120081861
NPTRACE row 1743 120097830 120098662
NPTRACE row 1744 120110206 120110694
NPTRACE row 1745 120123689 120127486
NPTRACE row 1746 120136545 120139942
NPTRACE row 1747 120145560 120148287
NPTRACE row 1748 120158893 120160980
NPTRACE row 1749 120172202 120173319
NPTRACE row 1750 120185972 120195588
NPTRACE row 1751 120207355 120210853
NPTRACE row 1752 120232573 120235722
NPTRACE row 1753 120242224 120244051
NPTRACE row 1754 120250915 120252386
NPTRACE row 1755 120265982 120269055
NPTRACE row 1756 120284559 120286329
NPTRACE row 1757 120303643 120306743
NPTRACE row 1758 120334400 120335979
NPTRACE row 1759 120345203 120348577
NPTRACE row 1760 120359638 120360894
NPTRACE row 1761 120373567 120377335
NPTRACE row 1762 120385090 120385831
NPTRACE row 1763 120408289 120410836
NPTRACE row 1764 120437979 120439957
NPTRACE row 1765 120449841 120452794
NPTRACE row 1766 120462776 120465183
NPTRACE row 1767 120475218 120477446
NPTRACE row 1768 120489421 120490116
NPTRACE row 1769 120503464 120506786
NPTRACE row 1770 120533816 120535664
NPTRACE row 1771 120544501 120548657
NPTRACE row 1772 120569199 120573182
NPTRACE row 1773 120577501 120581583
NPTRACE row 1774 120590555 120594260
NPTRACE row 1775 120604916 120606939
NPTRACE row 1776 120620519 120623580
NPTRACE row 1777 120636934 120640056
NPTRACE row 1778 120650626 120652968
NPTRACE row 1779 120670133 120673384
NPTRACE row 1780 120703250 120706736
NPTRACE row 1781 120715270 120719396
NPTRACE row 1782 120728375 120731994
NPTRACE row 1783 120741429 120744157
NPTRACE row 1784 120753286 120756726
NPTRACE row 1785 120769779 120773401
NPTRACE row 1786 120782437 120785780
NPTRACE row 1787 120799128 120802471
NPTRACE row 1788 120816816 120819323
NPTRACE row 1789 120836344 120839984
NPTRACE row 1790 120850224 120852524
NPTRACE row 1791 120870988 120873665
NPTRACE row 1792 120886567 120890183
NPTRACE row 1793 120903958 120906830
NPTRACE row 1794 120915625 120919121
NPTRACE row 1795 120931919 120935735
NPTRACE row 1796 120951616 120952999
NPTRACE row 1797 120969519 120973376
NPTRACE row 1798 120982303 120985809
NPTRACE row 1799 120999177 121002496
NPTRACE row 1800 121035081 121035974
NPTRACE row 1801 121043544 121044145
NPTRACE row 1802 121062280 121065296
NPTRACE row 1803 121074393 121077482
NPTRACE row 1804 121083401 121085824
NPTRACE row 1805 121100067 121102885
NPTRACE row 1806 121117301 121119637
NPTRACE row 1807 121136936 121140220
NPTRACE row 1808 121151105 121153165
NPTRACE row 1809 121169613 121173352
NPTRACE row 1810 121181936 121185819
NPTRACE row 1811 121198824 121202507
NPTRACE row 1812 121224635 121227766
NPTRACE row 1813 121237351 121239990
NPTRACE row 1814 121249847 121253150
NPTRACE row 1815 121269553 121273251
NPTRACE row 1816 121284975 121286422
NPTRACE row 1817 121303193 121306839
NPTRACE row 1818 121336274 121340011
NPTRACE row 1819 121345261 121348473
NPTRACE row 1820 121359716 121361076
NPTRACE row 1821 121373811 121377434
NPTRACE row 1822 121385172 121386393
NPTRACE row 1823 121403809 121406834
NPTRACE row 1824 121417445 121419838
NPTRACE row 1825 121436140 121440139
NPTRACE row 1826 121448976 121452535
NPTRACE row 1827 121465271 121469143
NPTRACE row 1828 121482277 121485879
NPTRACE row 1829 121500172 121503326
NPTRACE row 1830 121519948 121523482
NPTRACE row 1831 121534330 121536468
NPTRACE row 1832 121552966 121556815
NPTRACE row 1833 121567265 121569261
NPTRACE row 1834 121586202 121590151
NPTRACE row 1835 121620028 121623569
NPTRACE row 1836 121629639 121631863
NPTRACE row 1837 121643462 121644433
NPTRACE row 1838 121657159 121660835
NPTRACE row 1839 121666188 121669279
NPTRACE row 1840 121682448 121685908
NPTRACE row 1841 121718225 121719562
NPTRACE row 1842 121728767 121731862
NPTRACE row 1843 121757090 121760885
NPTRACE row 1844 121774763 121777873
NPTRACE row 1845 121787799 121790055
NPTRACE row 1846 121796707 121798384
NPTRACE row 1847 121805563 121806812
NPTRACE row 1848 121815835 121819301
NPTRACE row 1849 121832944 121848750
NPTRACE row 1850 121859091 121860883
NPTRACE row 1851 121867604 121869208
NPTRACE row 1852 121881942 121885796
NPTRACE row 1853 121916349 121919289
NPTRACE row 1854 121927070 121927524
NPTRACE row 1855 121945209 121948573
NPTRACE row 1856 121956962 121960799
NPTRACE row 1857 121984085 121986072
NPTRACE row 1858 121994553 121998413
NPTRACE row 1859 122024737 122027624
NPTRACE row 1860 122037002 122040253
NPTRACE row 1861 122050976 122052709
NPTRACE row 1862 122062096 122065180
NPTRACE row 1863 122076815 122077755
NPTRACE row 1864 122090577 122094282
NPTRACE row 1865 122123844 122127550
NPTRACE row 1866 122151345 122152623
NPTRACE row 1867 122161077 122164941
NPTRACE row 1868 122169273 122173392
NPTRACE row 1869 122177636 122181622
NPTRACE row 1870 122185868 122190056
NPTRACE row 1871 122217032 122219545
NPTRACE row 1872 122228228 122232065
NPTRACE row 1873 122242056 122244441
NPTRACE row 1874 122256325 122256817
NPTRACE row 1875 122267332 122274859
NPTRACE row 1876 122289208 122290075
NPTRACE row 1877 122300686 122308905
NPTRACE row 1878 122325630 122327577
NPTRACE row 1879 122334432 122335922
NPTRACE row 1880 122347879 122348413
NPTRACE row 1881 122374828 122377556
NPTRACE row 1882 122384208 122387585
NPTRACE row 1883 122399015 122403356
NPTRACE row 1884 122418507 122419482
NPTRACE row 1885 122451068 122452739
NPTRACE row 1886 122461531 122465234
NPTRACE row 1887 122473899 122477927
NPTRACE row 1888 122488250 122490186
NPTRACE row 1889 122501490 122515226
NPTRACE row 1890 122525641 122527588
NPTRACE row 1891 122537769 122540270
NPTRACE row 1892 122552049 122552795
NPTRACE row 1893 122563619 122565101
NPTRACE row 1894 122580626 122581770
NPTRACE row 1895 122616747 122619398
NPTRACE row 1896 122628057 122631938
NPTRACE row 1897 122642127 122644518
NPTRACE row 1898 122656918 122660802
NPTRACE row 1899 122685253 122686145
NPTRACE row 1900 122695583 122698576
NPTRACE row 1901 122712337 122715432
NPTRACE row 1902 122725254 122727610
NPTRACE row 1903 122738098 122740353
NPTRACE row 1904 122752118 122752797
NPTRACE row 1905 122763684 122765126
NPTRACE row 1906 122780698 122781793
NPTRACE row 1907 122799094 122803145
NPTRACE row 1908 122818100 122819442
NPTRACE row 1909 122832183 122836373
NPTRACE row 1910 122851637 122852946
NPTRACE row 1911 122863414 122865116
NPTRACE row 1912 122880343 122881779
NPTRACE row 1913 122899270 122903405
NPTRACE row 1914 122924715 122927605
NPTRACE row 1915 122935332 122936118
NPTRACE row 1916 122951411 122952819
NPTRACE row 1917 122965474 122969671
NPTRACE row 1918 122985224 122986133
NPTRACE row 1919 123001383 123003578
NPTRACE row 1920 123019967 123023513
NPTRACE row 1921 123050962 123052787
NPTRACE row 1922 123061737 123065264
NPTRACE row 1923 123073704 123077840
NPTRACE row 1924 123088626 123090280
NPTRACE row 1925 123120396 123123486
NPTRACE row 1926 123132165 123150219
NPTRACE row 1927 123164425 123165312
NPTRACE row 1928 123176413 123177818
NPTRACE row 1929 123190294 123194186
NPTRACE row 1930 123218798 123219512
NPTRACE row 1931 123229085 123232138
NPTRACE row 1932 123244566 123248699
NPTRACE row 1933 123257366 123261053
NPTRACE row 1934 123268806 123269467
NPTRACE row 1935 123283391 123286242
NPTRACE row 1936 123295133 123298628
NPTRACE row 1937 123310569 123311338
NPTRACE row 1938 123324966 123327673
NPTRACE row 1939 123337522 123340379
NPTRACE row 1940 123353037 123356818
NPTRACE row 1941 123367165 123373865
NPTRACE row 1942 123387725 123390136
NPTRACE row 1943 123399318 123402714
NPTRACE row 1944 123423645 123427613
NPTRACE row 1945 123434143 123442336
NPTRACE row 1946 123455304 123456802
NPTRACE row 1947 123465529 123469738
NPTRACE row 1948 123484478 123486149
NPTRACE row 1949 123498853 123515487
NPTRACE row 1950 123526031 123527633
NPTRACE row 1951 123556433 123556927
NPTRACE row 1952 123568906 123582295
NPTRACE row 1953 123592408 123594416
NPTRACE row 1954 123606417 123607183
NPTRACE row 1955 123620854 123623729
NPTRACE row 1956 123632321 123642556
NPTRACE row 1957 123651531 123653030
NPTRACE row 1958 123661461 123665367
NPTRACE row 1959 123676291 123678059
NPTRACE row 1960 123690804 123694415
NPTRACE row 1961 123720059 123723483
NPTRACE row 1962 123729249 123731977
NPTRACE row 1963 123738178 123740307
NPTRACE row 1964 123747977 123748644
NPTRACE row 1965 123766151 123769702
NPTRACE row 1966 123784487 123786309
NPTRACE row 1967 123816934 123819286
NPTRACE row 1968 123828921 123832351
NPTRACE row 1969 123843433 123844760
NPTRACE row 1970 123857429 123861195
NPTRACE row 1971 123868915 123870160
NPTRACE row 1972 123884765 123886380
NPTRACE row 1973 123917020 123919326
NPTRACE row 1974 123929069 123932183
NPTRACE row 1975 123955224 123956986
NPTRACE row 1976 123984762 123986185
NPTRACE row 1977 123993901 123994456
NPTRACE row 1978 124009062 124011430
NPTRACE row 1979 124023970 124027706
NPTRACE row 1980 124035179 124043764
NPTRACE row 1981 124057307 124061053
NPTRACE row 1982 124067965 124069527
NPTRACE row 1983 124090998 124094513
NPTRACE row 1984 124101483 124108773
NPTRACE row 1985 124124303 124127815
NPTRACE row 1986 124135665 124136291
NPTRACE row 1987 124150714 124153028
NPTRACE row 1988 124166918 124170483
NPTRACE row 1989 124180957 124182750
NPTRACE row 1990 124193637 124194479
NPTRACE row 1991 124207985 124211343
NPTRACE row 1992 124224017 124227709
NPTRACE row 1993 124234779 124236767
NPTRACE row 1994 124251280 124253023
NPTRACE row 1995 124265700 124269314
NPTRACE row 1996 124289794 124290320
NPTRACE row 1997 124301408 124315893
NPTRACE row 1998 124326560 124327831
NPTRACE row 1999 124336336 124340129
NPTRACE row 2000 124346736 124348662
NPTRACE row 2001 124371864 124374698
NPTRACE row 2002 124386851 124390332
NPTRACE row 2003 124397809 124398888
NPTRACE row 2004 124417113 124419763
NPTRACE row 2005 124431328 124432196
NPTRACE row 2006 124450742 124453069
NPTRACE row 2007 124463417 124465521
NPTRACE row 2008 124484090 124486384
NPTRACE row 2009 124499377 124516950
NPTRACE row 2010 124528586 124532241
NPTRACE row 2011 124543550 124544789
NPTRACE row 2012 124557406 124561111
NPTRACE row 2013 124566516 124569483
NPTRACE row 2014 124579749 124582003
NPTRACE row 2015 124596762 124598986
NPTRACE row 2016 124617946 124619946
NPTRACE row 2017 124631315 124632224
NPTRACE row 2018 124650987 124653068
NPTRACE row 2019 124665897 124669903
NPTRACE row 2020 124684875 124686432
NPTRACE row 2021 124699277 124717086
NPTRACE row 2022 124729230 124732272
NPTRACE row 2023 124745163 124748762
NPTRACE row 2024 124758105 124761244
NPTRACE row 2025 124770910 124773879
NPTRACE row 2026 124786449 124790232
NPTRACE row 2027 124799329 124803286
NPTRACE row 2028 124822857 124823704
NPTRACE row 2029 124851501 124853138
NPTRACE row 2030 124862203 124865575
NPTRACE row 2031 124887759 124890452
NPTRACE row 2032 124899213 124903041
NPTRACE row 2033 124913408 124915873
NPTRACE row 2034 124926560 124927876
NPTRACE row 2035 124947729 124949204
NPTRACE row 2036 124959401 124961196
NPTRACE row 2037 124968155 124969524
NPTRACE row 2038 124979430 124982039
NPTRACE row 2039 124999387 125002969
NPTRACE row 2040 125017967 125019996
NPTRACE row 2041 125031390 125032274
NPTRACE row 2042 125061528 125065539
NPTRACE row 2043 125076862 125078175
NPTRACE row 2044 125090581 125094619
NPTRACE row 2045 125121199 125123924
NPTRACE row 2046 125133491 125142439
NPTRACE row 2047 125154466 125157238
NPTRACE row 2048 125187336 125190939
NPTRACE row 2049 125201374 125203235
NPTRACE row 2050 125217273 125219836
NPTRACE row 2051 125228758 125232450
NPTRACE row 2052 125245198 125249097
NPTRACE row 2053 125258805 125261263
NPTRACE row 2054 125272979 125274111
NPTRACE row 2055 125287850 125290511
NPTRACE row 2056 125307504 125311557
NPTRACE row 2057 125322027 125323861
NPTRACE row 2058 125334202 125336992
NPTRACE row 2059 125349169 125352939
NPTRACE row 2060 125361468 125365490
NPTRACE row 2061 125378323 125382085
NPTRACE row 2062 125392637 125394614
NPTRACE row 2063 125413947 125415927
NPTRACE row 2064 125426914 125428038
NPTRACE row 2065 125443308 125444897
NPTRACE row 2066 125459299 125461975
NPTRACE row 2067 125468965 125469611
NPTRACE row 2068 125479032 125482073
NPTRACE row 2069 125495745 125498888
NPTRACE row 2070 125516685 125519788
NPTRACE row 2071 125528819 125532236
NPTRACE row 2072 125550378 125553012
NPTRACE row 2073 125562194 125565558
NPTRACE row 2074 125591871 125594605
NPTRACE row 2075 125600824 125602960
NPTRACE row 2076 125611784 125615312
NPTRACE row 2077 125628082 125632130
NPTRACE row 2078 125654469 125657028
NPTRACE row 2079 125663115 125665463
NPTRACE row 2080 125678450 125681987
NPTRACE row 2081 125695179 125698799
NPTRACE row 2082 125716429 125719896
NPTRACE row 2083 125728285 125732207
NPTRACE row 2084 125748261 125748936
NPTRACE row 2085 125761521 125765496
NPTRACE row 2086 125794820 125798854
NPTRACE row 2087 125819709 125823660
NPTRACE row 2088 125828791 125832276
NPTRACE row 2089 125845073 125849081
NPTRACE row 2090 125858924 125861299
NPTRACE row 2091 125871970 125873971
NPTRACE row 2092 125886941 125890500
NPTRACE row 2093 125899747 125903019
NPTRACE row 2094 125917416 125919801
NPTRACE row 2095 125932723 125950313
NPTRACE row 2096 125961701 125965595
NPTRACE row 2097 125976819 125978157
NPTRACE row 2098 125990984 125994693
NPTRACE row 2099 126021190 126023933
NPTRACE row 2100 126032676 126036979
NPTRACE row 2101 126045002 126049646
NPTRACE row 2102 126058696 126061251
NPTRACE row 2103 126089403 126090490
NPTRACE row 2104 126101023 126103552
NPTRACE row 2105 126114384 126116261
NPTRACE row 2106 126126817 126127961
NPTRACE row 2107 126157320 126161190
NPTRACE row 2108 126186624 126190330
NPTRACE row 2109 126196761 126198863
NPTRACE row 2110 126211675 126215665
NPTRACE row 2111 126225974 126228166
NPTRACE row 2112 126240800 126244669
NPTRACE row 2113 126254563 126257170
NPTRACE row 2114 126284258 126286553
NPTRACE row 2115 126294954 126298853
NPTRACE row 2116 126318499 126319628
NPTRACE row 2117 126327497 126328019
NPTRACE row 2118 126341839 126344851
NPTRACE row 2119 126355846 126357127
NPTRACE row 2120 126367623 126370266
NPTRACE row 2121 126380623 126382582
NPTRACE row 2122 126393684 126394674
NPTRACE row 2123 126408201 126411588
NPTRACE row 2124 126422441 126423849
NPTRACE row 2125 126433928 126437001
NPTRACE row 2126 126449676 126452855
NPTRACE row 2127 126461482 126465504
NPTRACE row 2128 126493912 126494576
NPTRACE row 2129 126508520 126511606
NPTRACE row 2130 126523223 126523874
NPTRACE row 2131 126547073 126549051
NPTRACE row 2132 126558062 126561240
NPTRACE row 2133 126568105 126570194
NPTRACE row 2134 126582966 126586359
NPTRACE row 2135 126595120 126598983
NPTRACE row 2136 126628152 126632249
NPTRACE row 2137 126642595 126644791
NPTRACE row 2138 126657549 126661267
NPTRACE row 2139 126675745 126678257
NPTRACE row 2140 126689188 126690433
NPTRACE row 2141 126701689 126703304
NPTRACE row 2142 126716957 126719819
NPTRACE row 2143 126728421 126732259
NPTRACE row 2144 126747521 126748991
NPTRACE row 2145 126760758 126761306
NPTRACE row 2146 126793782 126794664
NPTRACE row 2147 126824135 126827905
NPTRACE row 2148 126836681 126840388
NPTRACE row 2149 126849958 126853095
NPTRACE row 2150 126860305 126861244
NPTRACE row 2151 126874103 126877959
NPTRACE row 2152 126887007 126890497
NPTRACE row 2153 126899261 126916786
NPTRACE row 2154 126928205 126932222
NPTRACE row 2155 126942015 126944777
NPTRACE row 2156 126955338 126957160
NPTRACE row 2157 126983973 126986474
NPTRACE row 2158 126994224 126994673
NPTRACE row 2159 127008232 127011528
NPTRACE row 2160 127022667 127023940
NPTRACE row 2161 127051828 127052974
NPTRACE row 2162 127061382 127065367
NPTRACE row 2163 127073154 127074009
NPTRACE row 2164 127086789 127090543
NPTRACE row 2165 127096568 127098902
NPTRACE row 2166 127110252 127111292
NPTRACE row 2167 127126554 127127957
NPTRACE row 2168 127147207 127148860
NPTRACE row 2169 127160310 127161293
NPTRACE row 2170 127187052 127190538
NPTRACE row 2171 127197233 127198966
NPTRACE row 2172 127213557 127215733
NPTRACE row 2173 127228945 127232234
NPTRACE row 2174 127246677 127249059
NPTRACE row 2175 127260696 127261435
NPTRACE row 2176 127278786 127282359
NPTRACE row 2177 127295107 127298908
NPTRACE row 2178 127326984 127328083
NPTRACE row 2179 127338693 127346002
NPTRACE row 2180 127357883 127361345
NPTRACE row 2181 127367837 127370347
NPTRACE row 2182 127381208 127382963
NPTRACE row 2183 127394057 127394783
NPTRACE row 2184 127417683 127419782
NPTRACE row 2185 127427531 127428153
NPTRACE row 2186 127453901 127457270
NPTRACE row 2187 127465884 127469589
NPTRACE row 2188 127480121 127482283
NPTRACE row 2189 127493620 127494773
NPTRACE row 2190 127511944 127515554
NPTRACE row 2191 127528304 127532221
NPTRACE row 2192 127559960 127561339
NPTRACE row 2193 127589366 127590559
NPTRACE row 2194 127618450 127619800
NPTRACE row 2195 127627151 127628104
NPTRACE row 2196 127641521 127644887
NPTRACE row 2197 127654978 127657233
NPTRACE row 2198 127674374 127678146
NPTRACE row 2199 127687313 127690542
NPTRACE row 2200 127698325 127699168
NPTRACE row 2201 127712241 127715546
NPTRACE row 2202 127725389 127728112
NPTRACE row 2203 127735563 127745237
NPTRACE row 2204 127756780 127757330
NPTRACE row 2205 127783278 127786507
NPTRACE row 2206 127794266 127794741
NPTRACE row 2207 127809662 127811781
NPTRACE row 2208 127826997 127828225
NPTRACE row 2209 127838097 127841268
NPTRACE row 2210 127851949 127853298
NPTRACE row 2211 127864377 127865586
NPTRACE row 2212 127876749 127878063
NPTRACE row 2213 127893311 127894826
NPTRACE row 2214 127910146 127911400
NPTRACE row 2215 127935639 127936415
NPTRACE row 2216 127944253 127944727
NPTRACE row 2217 127976129 127978085
NPTRACE row 2218 127989309 127991017
NPTRACE row 2219 128004099 128007319
NPTRACE row 2220 128015843 128020505
NPTRACE row 2221 128029570 128032845
NPTRACE row 2222 128043912 128044771
NPTRACE row 2223 128076737 128078164
NPTRACE row 2224 128103348 128107288
NPTRACE row 2225 128112305 128115695
NPTRACE row 2226 128121283 128123994
NPTRACE row 2227 128129824 128132269
NPTRACE row 2228 128143757 128144861
NPTRACE row 2229 128171343 128173941
NPTRACE row 2230 128183257 128186712
NPTRACE row 2231 128197237 128199290
NPTRACE row 2232 128210632 128211533
NPTRACE row 2233 128228703 128233320
NPTRACE row 2234 128252542 128253469
NPTRACE row 2235 128267226 128270012
NPTRACE row 2236 128278637 128282456
NPTRACE row 2237 128296331 128299778
NPTRACE row 2238 128311603 128315558
NPTRACE row 2239 128344257 128344979
NPTRACE row 2240 128374524 128378141
NPTRACE row 2241 128385358 128386752
NPTRACE row 2242 128401090 128403458
NPTRACE row 2243 128412048 128415773
NPTRACE row 2244 128433699 128436499
NPTRACE row 2245 128443513 128444793
NPTRACE row 2246 128452375 128453124
NPTRACE row 2247 128460729 128461458
NPTRACE row 2248 128476235 128478142
NPTRACE row 2249 128496108 128499274
NPTRACE row 2250 128510473 128511553
NPTRACE row 2251 128528800 128533192
NPTRACE row 2252 128545200 128549238
NPTRACE row 2253 128562316 128566139
NPTRACE row 2254 128577680 128578164
NPTRACE row 2255 128603728 128607232
NPTRACE row 2256 128616894 128620161
NPTRACE row 2257 128632935 128636599
NPTRACE row 2258 128645291 128665709
NPTRACE row 2259 128676257 128678198
NPTRACE row 2260 128689783 128690978
NPTRACE row 2261 128705863 128707537
NPTRACE row 2262 128718064 128720736
NPTRACE row 2263 128734141 128736731
NPTRACE row 2264 128749828 128753262
NPTRACE row 2265 128764044 128766054
NPTRACE row 2266 128778529 128782449
NPTRACE row 2267 128796468 128799446
NPTRACE row 2268 128811626 128815580
NPTRACE row 2269 128838206 128840687
NPTRACE row 2270 128850760 128853451
NPTRACE row 2271 128866302 128870006
NPTRACE row 2272 128878283 128882255
NPTRACE row 2273 128896145 128899320
NPTRACE row 2274 128910573 128911552
NPTRACE row 2275 128943113 128944827
NPTRACE row 2276 128955385 128957580
NPTRACE row 2277 128970266 128973974
NPTRACE row 2278 128983058 128987287
NPTRACE row 2279 128996190 128999504
NPTRACE row 2280 129011664 129015763
NPTRACE row 2281 129027291 129028406
NPTRACE row 2282 129045200 129049207
NPTRACE row 2283 129062481 129065826
NPTRACE row 2284 129077056 129078123
NPTRACE row 2285 129094095 129095184
NPTRACE row 2286 129110563 129111449
NPTRACE row 2287 129136562 129140483
NPTRACE row 2288 129144913 129148940
NPTRACE row 2289 129158222 129161401
NPTRACE row 2290 129175307 129178129
NPTRACE row 2291 129200814 129203266
NPTRACE row 2292 129209858 129211430
NPTRACE row 2293 129225761 129228330
NPTRACE row 2294 129243524 129244765
NPTRACE row 2295 129260613 129261601
NPTRACE row 2296 129281875 129282349
NPTRACE row 2297 129295327 129299041
NPTRACE row 2298 129309838 129311511
NPTRACE row 2299 129326429 129328382
NPTRACE row 2300 129343301 129344803
NPTRACE row 2301 129360161 129361697
NPTRACE row 2302 129376950 129378126
NPTRACE row 2303 129409361 129411720
NPTRACE row 2304 129422059 129424477
NPTRACE row 2305 129437149 129440626
NPTRACE row 2306 129450251 129454254
NPTRACE row 2307 129471174 129474050
NPTRACE row 2308 129486478 129490673
NPTRACE row 2309 129501299 129503386
NPTRACE row 2310 129510638 129511514
NPTRACE row 2311 129535139 129536547
NPTRACE row 2312 129543901 129544849
NPTRACE row 2313 129558270 129561429
NPTRACE row 2314 129575486 129578199
NPTRACE row 2315 129593403 129595331
NPTRACE row 2316 129609199 129611517
NPTRACE row 2317 129625717 129628393
NPTRACE row 2318 129643479 129644864
NPTRACE row 2319 129670080 129673887
NPTRACE row 2320 129678518 129682369
NPTRACE row 2321 129702049 129703298
NPTRACE row 2322 129710956 129711587
NPTRACE row 2323 129741038 129744791
NPTRACE row 2324 129750657 129753417
NPTRACE row 2325 129763782 129765955
NPTRACE row 2326 129776884 129778224
NPTRACE row 2327 129796166 129799340
NPTRACE row 2328 129810586 129811665
NPTRACE row 2329 129825977 129828433
NPTRACE row 2330 129844193 129844976
NPTRACE row 2331 129862152 129865800
NPTRACE row 2332 129876978 129878238
NPTRACE row 2333 129896177 129899304
NPTRACE row 2334 129910025 129911501
NPTRACE row 2335 129927394 129928415
NPTRACE row 2336 129942367 129944862
NPTRACE row 2337 129975602 129978159
NPTRACE row 2338 129988531 129990991
NPTRACE row 2339 130002204 130003460
NPTRACE row 2340 130012437 130015775
NPTRACE row 2341 130040202 130040757
NPTRACE row 2342 130049752 130053339
NPTRACE row 2343 130062084 130065671
NPTRACE row 2344 130075891 130078146
NPTRACE row 2345 130094385 130095190
NPTRACE row 2346 130109339 130111540
NPTRACE row 2347 130133802 130136544
NPTRACE row 2348 130143446 130144816
NPTRACE row 2349 130159455 130161669
NPTRACE row 2350 130175402 130178176
NPTRACE row 2351 130193627 130195368
NPTRACE row 2352 130209843 130211609
NPTRACE row 2353 130226727 130228368
NPTRACE row 2354 130243444 130244930
NPTRACE row 2355 130261130 130261725
NPTRACE row 2356 130277001 130278212
NPTRACE row 2357 130294379 130295277
NPTRACE row 2358 130311754 130316059
NPTRACE row 2359 130328448 130332466
NPTRACE row 2360 130343298 130344887
NPTRACE row 2361 130359532 130361757
NPTRACE row 2362 130376371 130378278
NPTRACE row 2363 130390282 130390813
NPTRACE row 2364 130406944 130407380
NPTRACE row 2365 130426843 130428455
NPTRACE row 2366 130442780 130444897
NPTRACE row 2367 130470934 130474216
NPTRACE row 2368 130479708 130482391
NPTRACE row 2369 130491134 130494865
NPTRACE row 2370 130507748 130511431
NPTRACE row 2371 130534367 130536582
NPTRACE row 2372 130543188 130544898
NPTRACE row 2373 130560284 130561742
NPTRACE row 2374 130575917 130578231
NPTRACE row 2375 130601077 130603457
NPTRACE row 2376 130614604 130617007
NPTRACE row 2377 130624560 130628228
NPTRACE row 2378 130640236 130640810
NPTRACE row 2379 130659564 130661771
NPTRACE row 2380 130675903 130678236
NPTRACE row 2381 130695802 130699204
NPTRACE row 2382 130709712 130711575
NPTRACE row 2383 130740197 130740815
NPTRACE row 2384 130763225 130766584
NPTRACE row 2385 130773043 130774127
NPTRACE row 2386 130783656 130786819
NPTRACE row 2387 130796922 130799326
NPTRACE row 2388 130809449 130811564
NPTRACE row 2389 130826125 130828463
NPTRACE row 2390 130842183 130844904
NPTRACE row 2391 130859091 130861784
NPTRACE row 2392 130875541 130878293
NPTRACE row 2393 130895355 130899258
NPTRACE row 2394 130909485 130911610
NPTRACE row 2395 130926110 130928480
NPTRACE row 2396 130942273 130944928
NPTRACE row 2397 130974155 130978288
NPTRACE row 2398 130985225 130986874
NPTRACE row 2399 131000400 131001234
NPTRACE end a46c637a0c64fb7d
NPTRACE begin cf612993f7623835 2400 2400 1 0
NPTRACE row 0 297853056 297854527
NPTRACE row 1 297865216 297866495
NPTRACE row 2 297881273 297882986
NPTRACE row 3 297898508 297899726
NPTRACE row 4 297913060 297916293
NPTRACE row 5 297932864 297933450
NPTRACE row 6 297948865 297950070
NPTRACE row 7 297964928 297966396
NPTRACE row 8 297983372 297987291
NPTRACE row 9 297998733 297999672
NPTRACE row 10 298015688 298016704
NPTRACE row 11 298030906 298033606
NPTRACE row 12 298047522 298049627
NPTRACE row 13 298065870 298066520
NPTRACE row 14 298082150 298083045
NPTRACE row 15 298100289 298104131
NPTRACE row 16 298115286 298116445
NPTRACE row 17 298132629 298133112
NPTRACE row 18 298148901 298149680
NPTRACE row 19 298163757 298166303
NPTRACE row 20 298184397 298187209
NPTRACE row 21 298198930 298199633
NPTRACE row 22 298216177 298216617
NPTRACE row 23 298234135 298237361
NPTRACE row 24 298249536 298249884
NPTRACE row 25 298266134 298266504
NPTRACE row 26 298280856 298283001
NPTRACE row 27 298299477 298299777
NPTRACE row 28 298316875 298320575
NPTRACE row 29 298333320 298337530
NPTRACE row 30 298350191 298353943
NPTRACE row 31 298366051 298366414
NPTRACE row 32 298382658 298383068
NPTRACE row 33 298399390 298399840
NPTRACE row 34 298413069 298416328
NPTRACE row 35 298434494 298437426
NPTRACE row 36 298450034 298453923
NPTRACE row 37 298465684 298466563
NPTRACE row 38 298483726 298487155
NPTRACE row 39 298499347 298499763
NPTRACE row 40 298516756 298520617
NPTRACE row 41 298531451 298533157
NPTRACE row 42 298548075 298549780
NPTRACE row 43 298567013 298570668
NPTRACE row 44 298582809 298583081
NPTRACE row 45 298599480 298599787
NPTRACE row 46 298616085 298616504
NPTRACE row 47 298632934 298633394
NPTRACE row 48 298650550 298654298
NPTRACE row 49 298664268 298666491
NPTRACE row 50 298684722 298687335
NPTRACE row 51 298699603 298699920
NPTRACE row 52 298716747 298720721
NPTRACE row 53 298734325 298737335
NPTRACE row 54 298749093 298749857
NPTRACE row 55 298766807 298770733
NPTRACE row 56 298782526 298783557
NPTRACE row 57 298801090 298804026
NPTRACE row 58 298817034 298820516
NPTRACE row 59 298833634 298837595
NPTRACE row 60 298849250 298849978
NPTRACE row 61 298865859 298866481
NPTRACE row 62 298882857 298883315
NPTRACE row 63 298900308 298903855
NPTRACE row 64 298914276 298916668
NPTRACE row 65 298932805 298933263
NPTRACE row 66 298948126 298949846
NPTRACE row 67 298965452 298966659
NPTRACE row 68 298983031 298983338
NPTRACE row 69 298999032 298999901
NPTRACE row 70 299015384 299016557
NPTRACE row 71 299033858 299050014
NPTRACE row 72 299065272 299066534
NPTRACE row 73 299077719 299078944
NPTRACE row 74 299090035 299091437
NPTRACE row 75 299102742 299104369
NPTRACE row 76 299116739 299120590
NPTRACE row 77 299133591 299137305
NPTRACE row 78 299150332 299153974
NPTRACE row 79 299165996 299166493
NPTRACE row 80 299180736 299183136
NPTRACE row 81 299200593 299204015
NPTRACE row 82 299216049 299216513
NPTRACE row 83 299233529 299237309
NPTRACE row 84 299249391 299249787
NPTRACE row 85 299267412 299270742
NPTRACE row 86 299283729 299287519
NPTRACE row 87 299298315 299300144
NPTRACE row 88 299312831 299316465
NPTRACE row 89 299333574 299337317
NPTRACE row 90 299349007 299349929
NPTRACE row 91 299366289 299366529
NPTRACE row 92 299384501 299387395
NPTRACE row 93 299400157 299403894
NPTRACE row 94 299416635 299420687
NPTRACE row 95 299431299 299433323
NPTRACE row 96 299455955 299458468
NPTRACE row 97 299469036 299470637
NPTRACE row 98 299482351 299483243
NPTRACE row 99 299501360 299504617
NPTRACE row 100 299516637 299520624
NPTRACE row 101 299532746 299533371
NPTRACE row 102 299548538 299549902
NPTRACE row 103 299563131 299566568
NPTRACE row 104 299583338 299587583
NPTRACE row 105 299599375 299599876
NPTRACE row 106 299616219 299616675
NPTRACE row 107 299633714 299637478
NPTRACE row 108 299648794 299649985
NPTRACE row 109 299666280 299666638
NPTRACE row 110 299682425 299683442
NPTRACE row 111 299696416 299699825
NPTRACE row 112 299717209 299720964
NPTRACE row 113 299732598 299733454
NPTRACE row 114 299748973 299749824
NPTRACE row 115 299766089 299766556
NPTRACE row 116 299783253 299787352
NPTRACE row 117 299800611 299804438
NPTRACE row 118 299837946 299841640
NPTRACE row 119 299852742 299854094
NPTRACE row 120 299866985 299870837
NPTRACE row 121 299880387 299883167
NPTRACE row 122 299893267 299895930
NPTRACE row 123 299906286 299908464
NPTRACE row 124 299920172 299920996
NPTRACE row 125 299933617 299937287
NPTRACE row 126 299946664 299949930
NPTRACE row 127 299967607 299970804
NPTRACE row 128 299985205 299987353
NPTRACE row 129 299999635 300000061
NPTRACE row 130 300015690 300016591
NPTRACE row 131 300033727 300037394
NPTRACE row 132 300049106 300049848
NPTRACE row 133 300065615 300066567
NPTRACE row 134 300101446 300104241
NPTRACE row 135 300114709 300116591
NPTRACE row 136 300127816 300129176
NPTRACE row 137 300143535 300145859
NPTRACE row 138 300156238 300158205
NPTRACE row 139 300169928 300170712
NPTRACE row 140 300183221 300187438
NPTRACE row 141 300196905 300200063
NPTRACE row 142 300217549 300220822
NPTRACE row 143 300233890 300237460
NPTRACE row 144 300249502 300249992
NPTRACE row 145 300266093 300266534
NPTRACE row 146 300282453 300283323
NPTRACE row 147 300299436 300299866
NPTRACE row 148 300317411 300320889
NPTRACE row 149 300330030 300333341
NPTRACE row 150 300350843 300354381
NPTRACE row 151 300365451 300366656
NPTRACE row 152 300382019 300383340
NPTRACE row 153 300399300 300400133
NPTRACE row 154 300415577 300416542
NPTRACE row 155 300432629 300433345
NPTRACE row 156 300449668 300450053
NPTRACE row 157 300463786 300466606
NPTRACE row 158 300482428 300483274
NPTRACE row 159 300498799 300500046
NPTRACE row 160 300516218 300516685
NPTRACE row 161 300533658 300537514
NPTRACE row 162 300549602 300550086
NPTRACE row 163 300565637 300566572
NPTRACE row 164 300578738 300583715
NPTRACE row 165 300598375 300600004
NPTRACE row 166 300617046 300620897
NPTRACE row 167 300632082 300633321
NPTRACE row 168 300648964 300650221
NPTRACE row 169 300665136 300666754
NPTRACE row 170 300682310 300683521
NPTRACE row 171 300708717 300712355
NPTRACE row 172 300721751 300724971
NPTRACE row 173 300736152 300737524
NPTRACE row 174 300749782 300750037
NPTRACE row 175 300765130 300766830
NPTRACE row 176 300781521 300783340
NPTRACE row 177 300798683 300800041
NPTRACE row 178 300814609 300816777
NPTRACE row 179 300855131 300858511
NPTRACE row 180 300868607 300870749
NPTRACE row 181 300881312 300883251
NPTRACE row 182 300893806 300895804
NPTRACE row 183 300905535 300908485
NPTRACE row 184 300918328 300921161
NPTRACE row 185 300931846 300933590
NPTRACE row 186 300944206 300945847
NPTRACE row 187 300963630 300966593
NPTRACE row 188 300980757 300983257
NPTRACE row 189 300996319 301000078
NPTRACE row 190 301013414 301016669
NPTRACE row 191 301031795 301033748
NPTRACE row 192 301047887 301050086
NPTRACE row 193 301063629 301066800
NPTRACE row 194 301078270 301079113
NPTRACE row 195 301097572 301100144
NPTRACE row 196 301114356 301116853
NPTRACE row 197 301131225 301133440
NPTRACE row 198 301147579 301150159
NPTRACE row 199 301163697 301166603
NPTRACE row 200 301181080 301183338
NPTRACE row 201 301194978 301196149
NPTRACE row 202 301213110 301216688
NPTRACE row 203 301230845 301233397
NPTRACE row 204 301247314 301250201
NPTRACE row 205 301264859 301266611
NPTRACE row 206 301280286 301283382
NPTRACE row 207 301297477 301299948
NPTRACE row 208 301312622 301316562
NPTRACE row 209 301327739 301329340
NPTRACE row 210 301348516 301350090
NPTRACE row 211 301364134 301366719
NPTRACE row 212 301381629 301383289
NPTRACE row 213 301396894 301399954
NPTRACE row 214 301413771 301416727
NPTRACE row 215 301431240 301433481
NPTRACE row 216 301447695 301450605
NPTRACE row 217 301461063 301462909
NPTRACE row 218 301481494 301483294
NPTRACE row 219 301497473 301500045
NPTRACE row 220 301514488 301516635
NPTRACE row 221 301531187 301533447
NPTRACE row 222 301547340 301549973
NPTRACE row 223 301564040 301566637
NPTRACE row 224 301580402 301583390
NPTRACE row 225 301596668 301600123
NPTRACE row 226 301615889 301616640
NPTRACE row 227 301631971 301633429
NPTRACE row 228 301647208 301650236
NPTRACE row 229 301663457 301666641
NPTRACE row 230 301680373 301683388
NPTRACE row 231 301696007 301700071
NPTRACE row 232 301711113 301712571
NPTRACE row 233 301731362 301733549
NPTRACE row 234 301747685 301750143
NPTRACE row 235 301763682 301766754
NPTRACE row 236 301780443 301783325
NPTRACE row 237 301796000 301800171
NPTRACE row 238 301813837 301816850
NPTRACE row 239 301830445 301833441
NPTRACE row 240 301847175 301850159
NPTRACE row 241 301868994 301870823
NPTRACE row 242 301882045 301883438
NPTRACE row 243 301897588 301900219
NPTRACE row 244 301915206 301916668
NPTRACE row 245 301931011 301933538
NPTRACE row 246 301948191 301950001
NPTRACE row 247 301961212 301963183
NPTRACE row 248 301979973 301983339
NPTRACE row 249 301995554 301995977
NPTRACE row 250 302014843 302016748
NPTRACE row 251 302029976 302033384
NPTRACE row 252 302046277 302050143
NPTRACE row 253 302063167 302066748
NPTRACE row 254 302080072 302083383
NPTRACE row 255 302111311 302112670
NPTRACE row 256 302124439 302125059
NPTRACE row 257 302136720 302137603
NPTRACE row 258 302149762 302150122
NPTRACE row 259 302162335 302162761
NPTRACE row 260 302179392 302183556
NPTRACE row 261 302196497 302200080
NPTRACE row 262 302231885 302233360
NPTRACE row 263 302245138 302246024
NPTRACE row 264 302258955 302262675
NPTRACE row 265 302271450 302274966
NPTRACE row 266 302284439 302287577
NPTRACE row 267 302297136 302300206
NPTRACE row 268 302313810 302316850
NPTRACE row 269 302349506 302350425
NPTRACE row 270 302363503 302366716
NPTRACE row 271 302376598 302379212
NPTRACE row 272 302389289 302391774
NPTRACE row 273 302401624 302404221
NPTRACE row 274 302414446 302416973
NPTRACE row 275 302430710 302433591
NPTRACE row 276 302446134 302450281
NPTRACE row 277 302460370 302462617
NPTRACE row 278 302481630 302483378
NPTRACE row 279 302496339 302500189
NPTRACE row 280 302513597 302516717
NPTRACE row 281 302529525 302533484
NPTRACE row 282 302545706 302546010
NPTRACE row 283 302562608 302562892
NPTRACE row 284 302578954 302579481
NPTRACE row 285 302593111 302596146
NPTRACE row 286 302614744 302616906
NPTRACE row 287 302629628 302633586
NPTRACE row 288 302647602 302650326
NPTRACE row 289 302662725 302666817
NPTRACE row 290 302679552 302683404
NPTRACE row 291 302696010 302700047
NPTRACE row 292 302731750 302733659
NPTRACE row 293 302746472 302750135
NPTRACE row 294 302759894 302762734
NPTRACE row 295 302772085 302775065
NPTRACE row 296 302784786 302788001
NPTRACE row 297 302796813 302800228
NPTRACE row 298 302813509 302816975
NPTRACE row 299 302828979 302829456
NPTRACE row 300 302843375 302848378
NPTRACE row 301 302861695 302862831
NPTRACE row 302 302883288 302883723
NPTRACE row 303 302895203 302895969
NPTRACE row 304 302913248 302916751
NPTRACE row 305 302929803 302933683
NPTRACE row 306 302946329 302950366
NPTRACE row 307 302960394 302962687
NPTRACE row 308 302978110 302979423
NPTRACE row 309 302994673 302995973
NPTRACE row 310 303012302 303012667
NPTRACE row 311 303029029 303029643
NPTRACE row 312 303046701 303050181
NPTRACE row 313 303062152 303062845
NPTRACE row 314 303080077 303083442
NPTRACE row 315 303093073 303095968
NPTRACE row 316 303113377 303116782
NPTRACE row 317 303128995 303129439
NPTRACE row 318 303146359 303150277
NPTRACE row 319 303163157 303167140
NPTRACE row 320 303179898 303183558
NPTRACE row 321 303194922 303195984
NPTRACE row 322 303212053 303212596
NPTRACE row 323 303226561 303229505
NPTRACE row 324 303245010 303246181
NPTRACE row 325 303261795 303262605
NPTRACE row 326 303278751 303279540
NPTRACE row 327 303294853 303296046
NPTRACE row 328 303311785 303312621
NPTRACE row 329 303328893 303329396
NPTRACE row 330 303343892 303346281
NPTRACE row 331 303359049 303362614
NPTRACE row 332 303377860 303379277
NPTRACE row 333 303394560 303396013
NPTRACE row 334 303411990 303412865
NPTRACE row 335 303428361 303429637
NPTRACE row 336 303446980 303450230
NPTRACE row 337 303462897 303466766
NPTRACE row 338 303477711 303479381
NPTRACE row 339 303495299 303496056
NPTRACE row 340 303513190 303516788
NPTRACE row 341 303529785 303533505
NPTRACE row 342 303546879 303550133
NPTRACE row 343 303562069 303562702
NPTRACE row 344 303578909 303579296
NPTRACE row 345 303595068 303596432
NPTRACE row 346 303609562 303612712
NPTRACE row 347 303628083 303629392
NPTRACE row 348 303645821 303646222
NPTRACE row 349 303661789 303662721
NPTRACE row 350 303678636 303679541
NPTRACE row 351 303694259 303696265
NPTRACE row 352 303712373 303712733
NPTRACE row 353 303729780 303733603
NPTRACE row 354 303742777 303745988
NPTRACE row 355 303762492 303763323
NPTRACE row 356 303778896 303779309
NPTRACE row 357 303794660 303795978
NPTRACE row 358 303811577 303812886
NPTRACE row 359 303828929 303829445
NPTRACE row 360 303846264 303850087
NPTRACE row 361 303860855 303862669
NPTRACE row 362 303884487 303887798
NPTRACE row 363 303897944 303900421
NPTRACE row 364 303912972 303916828
NPTRACE row 365 303928494 303929455
NPTRACE row 366 303946101 303950167
NPTRACE row 367 303961995 303962754
NPTRACE row 368 303978764 303979382
NPTRACE row 369 303991487 303992139
NPTRACE row 370 304012534 304012850
NPTRACE row 371 304028006 304029462
NPTRACE row 372 304044540 304046247
NPTRACE row 373 304061534 304062744
NPTRACE row 374 304078213 304079410
NPTRACE row 375 304094160 304095994
NPTRACE row 376 304111524 304112693
NPTRACE row 377 304126002 304129396
NPTRACE row 378 304145468 304146056
NPTRACE row 379 304161767 304162664
NPTRACE row 380 304177535 304179323
NPTRACE row 381 304194111 304196114
NPTRACE row 382 304211407 304212667
NPTRACE row 383 304228815 304229922
NPTRACE row 384 304242527 304246142
NPTRACE row 385 304263214 304266828
NPTRACE row 386 304279874 304283495
NPTRACE row 387 304294085 304296201
NPTRACE row 388 304311103 304312802
NPTRACE row 389 304327122 304329671
NPTRACE row 390 304344887 304346204
NPTRACE row 391 304360628 304362777
NPTRACE row 392 304374840 304375479
NPTRACE row 393 304394874 304396126
NPTRACE row 394 304410137 304412680
NPTRACE row 395 304427986 304429550
NPTRACE row 396 304444175 304446177
NPTRACE row 397 304460221 304462802
NPTRACE row 398 304477204 304479443
NPTRACE row 399 304505218 304508521
NPTRACE row 400 304518343 304521013
NPTRACE row 401 304531242 304533777
NPTRACE row 402 304544392 304546087
NPTRACE row 403 304560407 304562759
NPTRACE row 404 304577574 304579604
NPTRACE row 405 304593915 304596022
NPTRACE row 406 304612484 304612799
NPTRACE row 407 304624623 304625471
NPTRACE row 408 304645857 304646238
NPTRACE row 409 304661268 304662865
NPTRACE row 410 304677994 304679610
NPTRACE row 411 304693695 304696230
NPTRACE row 412 304710818 304712950
NPTRACE row 413 304728613 304729643
NPTRACE row 414 304741690 304742166
NPTRACE row 415 304759936 304762891
NPTRACE row 416 304778504 304779371
NPTRACE row 417 304793703 304796140
NPTRACE row 418 304810944 304812709
NPTRACE row 419 304826676 304829495
NPTRACE row 420 304844923 304846234
NPTRACE row 421 304859698 304862908
NPTRACE row 422 304874394 304875386
NPTRACE row 423 304898616 304901083
NPTRACE row 424 304911157 304912718
NPTRACE row 425 304927556 304929741
NPTRACE row 426 304944178 304946177
NPTRACE row 427 304960172 304962725
NPTRACE row 428 304978460 304979637
NPTRACE row 429 304992145 304996209
NPTRACE row 430 305007452 305008620
NPTRACE row 431 305029268 305030480
NPTRACE row 432 305045372 305046290
NPTRACE row 433 305060147 305062686
NPTRACE row 434 305077582 305079349
NPTRACE row 435 305093411 305096016
NPTRACE row 436 305110432 305112838
NPTRACE row 437 305126610 305129546
NPTRACE row 438 305144106 305146260
NPTRACE row 439 305162012 305163411
NPTRACE row 440 305176032 305179472
NPTRACE row 441 305192971 305196025
NPTRACE row 442 305209804 305212694
NPTRACE row 443 305226818 305229516
NPTRACE row 444 305243034 305246196
NPTRACE row 445 305256969 305258590
NPTRACE row 446 305278403 305279366
NPTRACE row 447 305294797 305296959
NPTRACE row 448 305309911 305312757
NPTRACE row 449 305326961 305329469
NPTRACE row 450 305342636 305346036
NPTRACE row 451 305358408 305358764
NPTRACE row 452 305376006 305379392
NPTRACE row 453 305391352 305392145
NPTRACE row 454 305411400 305412709
NPTRACE row 455 305427766 305430255
NPTRACE row 456 305444029 305446143
NPTRACE row 457 305459170 305462712
NPTRACE row 458 305477304 305479383
NPTRACE row 459 305492363 305497020
NPTRACE row 460 305507000 305508556
NPTRACE row 461 305527762 305529552
NPTRACE row 462 305543428 305546276
NPTRACE row 463 305562284 305563899
NPTRACE row 464 305576014 305579389
NPTRACE row 465 305591692 305592078
NPTRACE row 466 305609282 305612724
NPTRACE row 467 305625633 305630051
NPTRACE row 468 305640462 305642116
NPTRACE row 469 305660122 305662729
NPTRACE row 470 305676102 305679518
NPTRACE row 471 305694290 305696924
NPTRACE row 472 305710633 305712789
NPTRACE row 473 305726270 305729625
NPTRACE row 474 305742410 305746342
NPTRACE row 475 305757627 305758799
NPTRACE row 476 305777342 305779404
NPTRACE row 477 305791776 305792203
NPTRACE row 478 305809328 305812742
NPTRACE row 479 305828134 305830350
NPTRACE row 480 305843580 305846234
NPTRACE row 481 305858831 305862918
NPTRACE row 482 305877562 305879736
NPTRACE row 483 305890018 305891920
NPTRACE row 484 305913574 305917008
NPTRACE row 485 305927191 305929758
NPTRACE row 486 305942941 305946362
NPTRACE row 487 305961141 305963823
NPTRACE row 488 305976358 305979421
NPTRACE row 489 305991722 305992186
NPTRACE row 490 306009057 306012766
NPTRACE row 491 306024964 306025506
NPTRACE row 492 306042112 306046304
NPTRACE row 493 306059138 306062889
NPTRACE row 494 306076119 306079440
NPTRACE row 495 306094149 306097182
NPTRACE row 496 306109748 306112765
NPTRACE row 497 306125726 306129589
NPTRACE row 498 306140068 306141964
NPTRACE row 499 306160460 306163023
NPTRACE row 500 306176341 306179437
NPTRACE row 501 306192050 306192319
NPTRACE row 502 306209128 306212782
NPTRACE row 503 306228157 306230483
NPTRACE row 504 306244434 306246340
NPTRACE row 505 306260128 306262834
NPTRACE row 506 306273869 306275440
NPTRACE row 507 306291662 306292049
NPTRACE row 508 306309945 306312920
NPTRACE row 509 306326578 306329689
NPTRACE row 510 306343427 306346297
NPTRACE row 511 306362522 306363786
NPTRACE row 512 306376488 306379455
NPTRACE row 513 306392430 306396211
NPTRACE row 514 306408129 306408623
NPTRACE row 515 306427040 306429559
NPTRACE row 516 306442767 306446125
NPTRACE row 517 306459141 306463012
NPTRACE row 518 306476007 306479463
NPTRACE row 519 306493960 306497482
NPTRACE row 520 306509957 306514468
NPTRACE row 521 306524456 306525486
NPTRACE row 522 306544415 306546132
NPTRACE row 523 306558491 306558938
NPTRACE row 524 306575629 306579725
NPTRACE row 525 306591979 306592243
NPTRACE row 526 306609860 306612865
NPTRACE row 527 306627795 306630534
NPTRACE row 528 306650246 306650485
NPTRACE row 529 306661970 306662808
NPTRACE row 530 306677886 306679476
NPTRACE row 531 306692175 306696378
NPTRACE row 532 306710663 306712816
NPTRACE row 533 306726686 306729792
NPTRACE row 534 306742563 306746346
NPTRACE row 535 306760962 306763964
NPTRACE row 536 306796176 306800738
NPTRACE row 537 306807716 306808664
NPTRACE row 538 306819640 306821363
NPTRACE row 539 306832481 306834000
NPTRACE row 540 306843732 306846176
NPTRACE row 541 306858126 306858909
NPTRACE row 542 306876019 306879494
NPTRACE row 543 306912397 306913536
NPTRACE row 544 306927384 306929497
NPTRACE row 545 306940614 306942304
NPTRACE row 546 306953156 306954499
NPTRACE row 547 306964873 306967143
NPTRACE row 548 306977678 306979687
NPTRACE row 549 306991528 306992002
NPTRACE row 550 307008203 307008934
NPTRACE row 551 307027801 307030448
NPTRACE row 552 307044318 307046478
NPTRACE row 553 307058302 307058681
NPTRACE row 554 307076411 307079824
NPTRACE row 555 307091751 307092080
NPTRACE row 556 307108632 307108683
NPTRACE row 557 307126282 307129674
NPTRACE row 558 307140174 307142024
NPTRACE row 559 307164028 307167396
NPTRACE row 560 307176916 307179909
NPTRACE row 561 307191541 307192017
NPTRACE row 562 307208010 307208794
NPTRACE row 563 307225963 307230058
NPTRACE row 564 307241694 307242023
NPTRACE row 565 307257893 307259149
NPTRACE row 566 307273870 307275594
NPTRACE row 567 307293869 307297079
NPTRACE row 568 307309599 307313195
NPTRACE row 569 307325055 307325461
NPTRACE row 570 307342768 307346362
NPTRACE row 571 307357580 307358699
NPTRACE row 572 307375035 307375485
NPTRACE row 573 307389153 307392055
NPTRACE row 574 307409452 307413007
NPTRACE row 575 307428380 307430305
NPTRACE row 576 307443640 307446302
NPTRACE row 577 307459075 307463337
NPTRACE row 578 307476369 307479539
NPTRACE row 579 307491449 307492121
NPTRACE row 580 307509039 307513068
NPTRACE row 581 307522571 307525574
NPTRACE row 582 307544952 307546286
NPTRACE row 583 307561030 307563377
NPTRACE row 584 307576589 307579814
NPTRACE row 585 307592106 307596552
NPTRACE row 586 307609836 307613201
NPTRACE row 587 307625293 307625684
NPTRACE row 588 307642476 307646635
NPTRACE row 589 307655871 307658792
NPTRACE row 590 307676910 307679633
NPTRACE row 591 307694119 307696886
NPTRACE row 592 307709823 307712892
NPTRACE row 593 307725665 307729673
NPTRACE row 594 307742296 307746407
NPTRACE row 595 307757992 307758730
NPTRACE row 596 307773905 307775557
NPTRACE row 597 307788950 307792179
NPTRACE row 598 307810055 307812956
NPTRACE row 599 307827548 307829873
NPTRACE row 600 307843987 307846410
NPTRACE row 601 307858471 307858808
NPTRACE row 602 307876340 307879655
NPTRACE row 603 307891352 307892078
NPTRACE row 604 307906637 307908835
NPTRACE row 605 307926772 307929707
NPTRACE row 606 307946608 307950413
NPTRACE row 607 307962836 307964351
NPTRACE row 608 307977996 307979581
NPTRACE row 609 307991631 307992337
NPTRACE row 610 308008573 308008834
NPTRACE row 611 308025658 308029928
NPTRACE row 612 308040842 308042102
NPTRACE row 613 308058565 308058820
NPTRACE row 614 308075783 308079588
NPTRACE row 615 308093261 308096388
NPTRACE row 616 308108616 308108759
NPTRACE row 617 308125022 308125541
NPTRACE row 618 308142488 308146445
NPTRACE row 619 308157314 308158840
NPTRACE row 620 308172436 308175507
NPTRACE row 621 308192954 308196344
NPTRACE row 622 308208445 308208770
NPTRACE row 623 308228148 308230134
NPTRACE row 624 308242850 308246443
NPTRACE row 625 308258334 308258998
NPTRACE row 626 308275555 308279740
NPTRACE row 627 308291353 308292378
NPTRACE row 628 308305958 308308776
NPTRACE row 629 308326701 308329710
NPTRACE row 630 308342370 308346276
NPTRACE row 631 308361059 308363816
NPTRACE row 632 308375757 308379614
NPTRACE row 633 308391014 308392205
NPTRACE row 634 308409142 308413343
NPTRACE row 635 308422964 308425624
NPTRACE row 636 308441813 308442121
NPTRACE row 637 308457043 308459038
NPTRACE row 638 308475124 308475466
NPTRACE row 639 308494023 308497050
NPTRACE row 640 308508084 308508868
NPTRACE row 641 308524241 308525560
NPTRACE row 642 308541746 308542126
NPTRACE row 643 308554270 308554771
NPTRACE row 644 308576363 308579629
NPTRACE row 645 308590678 308592297
NPTRACE row 646 308608363 308608797
NPTRACE row 647 308627250 308629772
NPTRACE row 648 308642573 308646375
NPTRACE row 649 308658064 308658816
NPTRACE row 650 308675780 308679759
NPTRACE row 651 308689223 308692173
NPTRACE row 652 308710684 308713138
NPTRACE row 653 308725149 308725572
NPTRACE row 654 308741511 308742316
NPTRACE row 655 308760788 308763428
NPTRACE row 656 308776142 308780069
NPTRACE row 657 308790678 308792425
NPTRACE row 658 308809529 308813610
NPTRACE row 659 308821851 308825790
NPTRACE row 660 308842427 308846595
NPTRACE row 661 308857808 308858974
NPTRACE row 662 308875510 308879657
NPTRACE row 663 308891886 308892939
NPTRACE row 664 308907655 308908838
NPTRACE row 665 308924163 308925810
NPTRACE row 666 308952766 308954676
NPTRACE row 667 308967045 308967382
NPTRACE row 668 308979827 308983843
NPTRACE row 669 308991883 308992161
NPTRACE row 670 309008600 309009015
NPTRACE row 671 309027457 309030067
NPTRACE row 672 309041927 309042478
NPTRACE row 673 309057242 309058835
NPTRACE row 674 309074090 309075679
NPTRACE row 675 309088330 309092276
NPTRACE row 676 309109498 309113004
NPTRACE row 677 309124182 309125836
NPTRACE row 678 309142383 309146768
NPTRACE row 679 309160401 309163790
NPTRACE row 680 309176230 309179682
NPTRACE row 681 309190924 309192178
NPTRACE row 682 309206936 309208891
NPTRACE row 683 309221620 309225687
NPTRACE row 684 309242273 309246772
NPTRACE row 685 309257117 309258850
NPTRACE row 686 309274823 309275603
NPTRACE row 687 309294147 309296570
NPTRACE row 688 309308058 309308853
NPTRACE row 689 309324366 309325623
NPTRACE row 690 309340934 309342208
NPTRACE row 691 309355900 309359036
NPTRACE row 692 309374630 309375526
NPTRACE row 693 309390959 309392194
NPTRACE row 694 309407033 309409076
NPTRACE row 695 309427162 309429948
NPTRACE row 696 309442145 309442290
NPTRACE row 697 309457704 309458876
NPTRACE row 698 309472734 309475623
NPTRACE row 699 309491904 309492273
NPTRACE row 700 309508331 309508998
NPTRACE row 701 309526051 309529811
NPTRACE row 702 309541738 309542206
NPTRACE row 703 309561618 309563389
NPTRACE row 704 309575950 309579708
NPTRACE row 705 309590539 309592211
NPTRACE row 706 309606615 309608882
NPTRACE row 707 309624217 309625858
NPTRACE row 708 309641420 309642215
NPTRACE row 709 309657000 309658996
NPTRACE row 710 309674727 309675551
NPTRACE row 711 309691835 309693369
NPTRACE row 712 309707722 309708951
NPTRACE row 713 309724437 309725761
NPTRACE row 714 309737849 309738102
NPTRACE row 715 309757960 309759085
NPTRACE row 716 309774882 309775559
NPTRACE row 717 309790515 309792228
NPTRACE row 718 309808014 309809125
NPTRACE row 719 309825153 309826858
NPTRACE row 720 309842712 309846730
NPTRACE row 721 309858527 309867357
NPTRACE row 722 309881431 309883907
NPTRACE row 723 309895065 309896407
NPTRACE row 724 309910269 309913089
NPTRACE row 725 309923975 309925675
NPTRACE row 726 309941881 309942244
NPTRACE row 727 309960136 309963265
NPTRACE row 728 309973625 309975577
NPTRACE row 729 309990961 309992304
NPTRACE row 730 310004012 310004758
NPTRACE row 731 310026678 310029857
NPTRACE row 732 310040613 310042250
NPTRACE row 733 310056502 310058914
NPTRACE row 734 310074233 310075582
NPTRACE row 735 310091785 310093453
NPTRACE row 736 310107514 310109167
NPTRACE row 737 310125544 310129761
NPTRACE row 738 310137304 310138098
NPTRACE row 739 310158119 310158978
NPTRACE row 740 310173363 310175806
NPTRACE row 741 310190048 310192487
NPTRACE row 742 310206737 310209153
NPTRACE row 743 310227267 310230140
NPTRACE row 744 310242033 310242578
NPTRACE row 745 310256408 310259143
NPTRACE row 746 310271029 310271438
NPTRACE row 747 310291610 310292348
NPTRACE row 748 310307806 310308992
NPTRACE row 749 310324063 310325711
NPTRACE row 750 310341420 310342271
NPTRACE row 751 310360139 310363337
NPTRACE row 752 310374609 310375607
NPTRACE row 753 310390410 310392500
NPTRACE row 754 310403992 310404781
NPTRACE row 755 310424728 310425949
NPTRACE row 756 310440896 310442278
NPTRACE row 757 310456573 310458950
NPTRACE row 758 310473585 310475614
NPTRACE row 759 310491641 310493061
NPTRACE row 760 310506619 310509047
NPTRACE row 761 310524658 310525750
NPTRACE row 762 310540203 310542289
NPTRACE row 763 310557632 310558953
NPTRACE row 764 310573379 310575820
NPTRACE row 765 310589301 310592548
NPTRACE row 766 310606511 310608964
NPTRACE row 767 310627476 310630022
NPTRACE row 768 310642138 310642523
NPTRACE row 769 310656451 310658970
NPTRACE row 770 310672233 310675631
NPTRACE row 771 310689884 310692301
NPTRACE row 772 310707477 310709126
NPTRACE row 773 310724026 310725804
NPTRACE row 774 310741245 310742374
NPTRACE row 775 310759824 310763138
NPTRACE row 776 310773456 310775868
NPTRACE row 777 310809816 310813193
NPTRACE row 778 310824415 310825658
NPTRACE row 779 310838727 310842415
NPTRACE row 780 310852026 310854811
NPTRACE row 781 310864710 310867330
NPTRACE row 782 310878310 310880285
NPTRACE row 783 310894663 310897005
NPTRACE row 784 310908743 310909073
NPTRACE row 785 310921256 310921674
NPTRACE row 786 310940234 310942316
NPTRACE row 787 310955381 310959005
NPTRACE row 788 310973438 310975661
NPTRACE row 789 310987844 310989537
NPTRACE row 790 311006190 311009088
NPTRACE row 791 311025533 311026833
NPTRACE row 792 311041449 311042456
NPTRACE row 793 311054010 311055545
NPTRACE row 794 311070873 311072027
NPTRACE row 795 311089525 311092456
NPTRACE row 796 311107516 311109167
NPTRACE row 797 311123377 311125908
NPTRACE row 798 311141116 311142337
NPTRACE row 799 311157382 311159263
NPTRACE row 800 311172804 311175676
NPTRACE row 801 311186257 311188198
NPTRACE row 802 311207229 311209154
NPTRACE row 803 311223020 311225955
NPTRACE row 804 311239716 311242662
NPTRACE row 805 311255864 311259009
NPTRACE row 806 311272534 311275943
NPTRACE row 807 311289519 311292745
NPTRACE row 808 311308421 311309162
NPTRACE row 809 311319856 311321703
NPTRACE row 810 311341114 311342419
NPTRACE row 811 311355533 311359085
NPTRACE row 812 311372804 311375694
NPTRACE row 813 311388408 311392614
NPTRACE row 814 311405809 311409446
NPTRACE row 815 311424595 311426347
NPTRACE row 816 311441507 311442561
NPTRACE row 817 311453393 311455010
NPTRACE row 818 311474673 311475833
NPTRACE row 819 311489854 311492526
NPTRACE row 820 311506834 311509094
NPTRACE row 821 311523071 311525889
NPTRACE row 822 311540471 311542834
NPTRACE row 823 311557006 311559253
NPTRACE row 824 311572270 311576005
NPTRACE row 825 311586295 311588296
NPTRACE row 826 311608428 311609192
NPTRACE row 827 311622485 311626079
NPTRACE row 828 311640534 311642446
NPTRACE row 829 311655347 311659563
NPTRACE row 830 311672469 311675845
NPTRACE row 831 311691249 311693177
NPTRACE row 832 311707560 311709132
NPTRACE row 833 311722573 311726088
NPTRACE row 834 311741674 311742814
NPTRACE row 835 311756442 311759192
NPTRACE row 836 311773568 311775987
NPTRACE row 837 311789774 311792450
NPTRACE row 838 311806835 311809243
NPTRACE row 839 311823940 311826131
NPTRACE row 840 311841187 311842820
NPTRACE row 841 311853186 311855045
NPTRACE row 842 311875131 311875800
NPTRACE row 843 311890328 311892458
NPTRACE row 844 311907746 311909266
NPTRACE row 845 311923608 311925952
NPTRACE row 846 311941126 311942518
NPTRACE row 847 311958711 311959726
NPTRACE row 848 311973381 311976048
NPTRACE row 849 311985774 311988382
NPTRACE row 850 312010533 312013469
NPTRACE row 851 312026439 312030028
NPTRACE row 852 312040822 312042472
NPTRACE row 853 312055890 312059196
NPTRACE row 854 312073507 312076262
NPTRACE row 855 312089523 312093115
NPTRACE row 856 312106605 312109748
NPTRACE row 857 312121984 312126003
NPTRACE row 858 312141623 312142480
NPTRACE row 859 312155509 312159153
NPTRACE row 860 312173344 312175831
NPTRACE row 861 312190783 312192485
NPTRACE row 862 312205945 312209220
NPTRACE row 863 312224063 312226626
NPTRACE row 864 312241299 312242581
NPTRACE row 865 312252560 312255015
NPTRACE row 866 312275048 312275832
NPTRACE row 867 312289409 312292510
NPTRACE row 868 312307465 312309160
NPTRACE row 869 312323860 312326370
NPTRACE row 870 312341390 312342661
NPTRACE row 871 312357986 312359772
NPTRACE row 872 312373892 312376164
NPTRACE row 873 312392104 312392588
NPTRACE row 874 312409274 312413672
NPTRACE row 875 312424711 312426011
NPTRACE row 876 312440116 312442501
NPTRACE row 877 312455936 312459497
NPTRACE row 878 312473455 312476199
NPTRACE row 879 312490931 312492984
NPTRACE row 880 312506976 312509457
NPTRACE row 881 312523271 312526034
NPTRACE row 882 312541336 312542744
NPTRACE row 883 312555687 312559455
NPTRACE row 884 312573562 312575846
NPTRACE row 885 312589160 312592564
NPTRACE row 886 312605926 312609442
NPTRACE row 887 312624109 312626093
NPTRACE row 888 312641126 312642751
NPTRACE row 889 312652386 312655063
NPTRACE row 890 312675455 312676134
NPTRACE row 891 312690379 312692522
NPTRACE row 892 312706771 312709549
NPTRACE row 893 312723506 312725957
NPTRACE row 894 312741641 312742526
NPTRACE row 895 312758217 312759556
NPTRACE row 896 312773330 312775864
NPTRACE row 897 312806864 312809222
NPTRACE row 898 312823948 312825866
NPTRACE row 899 312838724 312842646
NPTRACE row 900 312854379 312855245
NPTRACE row 901 312868488 312871743
NPTRACE row 902 312883197 312884465
NPTRACE row 903 312897975 312901236
NPTRACE row 904 312909826 312913471
NPTRACE row 905 312922535 312926350
NPTRACE row 906 312941166 312942542
NPTRACE row 907 312957310 312959304
NPTRACE row 908 312972716 312975885
NPTRACE row 909 312988569 312992482
NPTRACE row 910 313008875 313009232
NPTRACE row 911 313024045 313026388
NPTRACE row 912 313041407 313043160
NPTRACE row 913 313054444 313055131
NPTRACE row 914 313075028 313075888
NPTRACE row 915 313090259 313092809
NPTRACE row 916 313107238 313109221
NPTRACE row 917 313123486 313126183
NPTRACE row 918 313140983 313142639
NPTRACE row 919 313157093 313159413
NPTRACE row 920 313172962 313176111
NPTRACE row 921 313191643 313192659
NPTRACE row 922 313208705 313209341
NPTRACE row 923 313225182 313226119
NPTRACE row 924 313240896 313242567
NPTRACE row 925 313254913 313255204
NPTRACE row 926 313272660 313276119
NPTRACE row 927 313290272 313293355
NPTRACE row 928 313307131 313309382
NPTRACE row 929 313319328 313321952
NPTRACE row 930 313338963 313342642
NPTRACE row 931 313354823 313355133
NPTRACE row 932 313372791 313375913
NPTRACE row 933 313387910 313389613
NPTRACE row 934 313406215 313409248
NPTRACE row 935 313422891 313426010
NPTRACE row 936 313440225 313442683
NPTRACE row 937 313452785 313455168
NPTRACE row 938 313473081 313476250
NPTRACE row 939 313489786 313492664
NPTRACE row 940 313505988 313509253
NPTRACE row 941 313523447 313526281
NPTRACE row 942 313540333 313542591
NPTRACE row 943 313557900 313559526
NPTRACE row 944 313574031 313576439
NPTRACE row 945 313589300 313592684
NPTRACE row 946 313603798 313605192
NPTRACE row 947 313623018 313626128
NPTRACE row 948 313638463 313642534
NPTRACE row 949 313655523 313659209
NPTRACE row 950 313671219 313671999
NPTRACE row 951 313687796 313688821
NPTRACE row 952 313705437 313709204
NPTRACE row 953 313740784 313742861
NPTRACE row 954 313755841 313759275
NPTRACE row 955 313770351 313771845
NPTRACE row 956 313785587 313788445
NPTRACE row 957 313798980 313800947
NPTRACE row 958 313813126 313813664
NPTRACE row 959 313829282 313830925
NPTRACE row 960 313845958 313846975
NPTRACE row 961 313858841 313859389
NPTRACE row 962 313870698 313871804
NPTRACE row 963 313891336 313892782
NPTRACE row 964 313907262 313909352
NPTRACE row 965 313922249 313925985
NPTRACE row 966 313939786 313942786
NPTRACE row 967 313957423 313959862
NPTRACE row 968 313974098 313976022
NPTRACE row 969 313989512 313992706
NPTRACE row 970 314001434 314005154
NPTRACE row 971 314026561 314030206
NPTRACE row 972 314042151 314042869
NPTRACE row 973 314056774 314059301
NPTRACE row 974 314072118 314076139
NPTRACE row 975 314089790 314093365
NPTRACE row 976 314105684 314109627
NPTRACE row 977 314122355 314126443
NPTRACE row 978 314138100 314138551
NPTRACE row 979 314152986 314155565
NPTRACE row 980 314172077 314175910
NPTRACE row 981 314187117 314188602
NPTRACE row 982 314204922 314205381
NPTRACE row 983 314223220 314226222
NPTRACE row 984 314239724 314242752
NPTRACE row 985 314254760 314255149
NPTRACE row 986 314269326 314271904
NPTRACE row 987 314287767 314288956
NPTRACE row 988 314305562 314309619
NPTRACE row 989 314321540 314322116
NPTRACE row 990 314339107 314342674
NPTRACE row 991 314356095 314359728
NPTRACE row 992 314371159 314372032
NPTRACE row 993 314387633 314388640
NPTRACE row 994 314402389 314405252
NPTRACE row 995 314420533 314421936
NPTRACE row 996 314438774 314442601
NPTRACE row 997 314454170 314455381
NPTRACE row 998 314472457 314475943
NPTRACE row 999 314487725 314488812
NPTRACE row 1000 314504084 314505403
NPTRACE row 1001 314522402 314526577
NPTRACE row 1002 314553604 314555408
NPTRACE row 1003 314569638 314571953
NPTRACE row 1004 314584138 314584493
NPTRACE row 1005 314598604 314601009
NPTRACE row 1006 314613117 314613578
NPTRACE row 1007 314628256 314630598
NPTRACE row 1008 314644703 314647075
NPTRACE row 1009 314657598 314659429
NPTRACE row 1010 314669432 314671866
NPTRACE row 1011 314689335 314692620
NPTRACE row 1012 314704632 314705185
NPTRACE row 1013 314720084 314722382
NPTRACE row 1014 314737757 314738521
NPTRACE row 1015 314754558 314755520
NPTRACE row 1016 314771594 314772081
NPTRACE row 1017 314787747 314788606
NPTRACE row 1018 314799397 314801119
NPTRACE row 1019 314821606 314822015
NPTRACE row 1020 314837949 314838576
NPTRACE row 1021 314853775 314855255
NPTRACE row 1022 314871161 314872040
NPTRACE row 1023 314888183 314889231
NPTRACE row 1024 314904781 314905264
NPTRACE row 1025 314921700 314922251
NPTRACE row 1026 314934202 314934538
NPTRACE row 1027 314956286 314959492
NPTRACE row 1028 314972937 314976111
NPTRACE row 1029 314988371 314988799
NPTRACE row 1030 315005088 315005406
NPTRACE row 1031 315022919 315026165
NPTRACE row 1032 315039731 315043317
NPTRACE row 1033 315055695 315059860
NPTRACE row 1034 315070087 315072526
NPTRACE row 1035 315085790 315088945
NPTRACE row 1036 315106385 315109819
NPTRACE row 1037 315122591 315126299
NPTRACE row 1038 315139962 315143113
NPTRACE row 1039 315157290 315159928
NPTRACE row 1040 315174342 315176116
NPTRACE row 1041 315189105 315192729
NPTRACE row 1042 315206486 315210426
NPTRACE row 1043 315218709 315222520
NPTRACE row 1044 315237792 315238628
NPTRACE row 1045 315253476 315255289
NPTRACE row 1046 315270545 315272017
NPTRACE row 1047 315287351 315288891
NPTRACE row 1048 315303390 315305624
NPTRACE row 1049 315320854 315322229
NPTRACE row 1050 315337424 315338657
NPTRACE row 1051 315350036 315351235
NPTRACE row 1052 315372211 315376006
NPTRACE row 1053 315386607 315388844
NPTRACE row 1054 315403594 315405411
NPTRACE row 1055 315422752 315426125
NPTRACE row 1056 315439752 315443302
NPTRACE row 1057 315456164 315459594
NPTRACE row 1058 315473943 315476300
NPTRACE row 1059 315488804 315492692
NPTRACE row 1060 315504781 315505314
NPTRACE row 1061 315521470 315522654
NPTRACE row 1062 315539637 315542820
NPTRACE row 1063 315557213 315559560
NPTRACE row 1064 315574129 315576594
NPTRACE row 1065 315590398 315592827
NPTRACE row 1066 315607506 315609870
NPTRACE row 1067 315621661 315622654
NPTRACE row 1068 315636083 315638809
NPTRACE row 1069 315655105 315655807
NPTRACE row 1070 315671672 315672037
NPTRACE row 1071 315689066 315693012
NPTRACE row 1072 315705936 315709482
NPTRACE row 1073 315721493 315722299
NPTRACE row 1074 315738842 315742765
NPTRACE row 1075 315754146 315755377
NPTRACE row 1076 315768252 315772078
NPTRACE row 1077 315789730 315793071
NPTRACE row 1078 315806418 315809586
NPTRACE row 1079 315825132 315826501
NPTRACE row 1080 315843048 315846877
NPTRACE row 1081 315860566 315864012
NPTRACE row 1082 315877239 315880473
NPTRACE row 1083 315893707 315897013
NPTRACE row 1084 315907277 315909616
NPTRACE row 1085 315923913 315926560
NPTRACE row 1086 315941091 315942841
NPTRACE row 1087 315958374 315960314
NPTRACE row 1088 315975435 315976361
NPTRACE row 1089 315991009 315993214
NPTRACE row 1090 316006935 316009852
NPTRACE row 1091 316023633 316026771
NPTRACE row 1092 316039936 316042866
NPTRACE row 1093 316051019 316055306
NPTRACE row 1094 316075575 316076214
NPTRACE row 1095 316091663 316093217
NPTRACE row 1096 316108502 316109883
NPTRACE row 1097 316124621 316126283
NPTRACE row 1098 316139728 316142876
NPTRACE row 1099 316154965 316155360
NPTRACE row 1100 316170542 316172284
NPTRACE row 1101 316185454 316188815
NPTRACE row 1102 316202613 316205433
NPTRACE row 1103 316223142 316226168
NPTRACE row 1104 316239641 316242835
NPTRACE row 1105 316255782 316259865
NPTRACE row 1106 316272526 316276309
NPTRACE row 1107 316289201 316292769
NPTRACE row 1108 316305964 316309673
NPTRACE row 1109 316320817 316322659
NPTRACE row 1110 316333972 316334786
NPTRACE row 1111 316355185 316355969
NPTRACE row 1112 316371248 316372045
NPTRACE row 1113 316385637 316388724
NPTRACE row 1114 316402723 316405524
NPTRACE row 1115 316419992 316422144
NPTRACE row 1116 316437122 316438863
NPTRACE row 1117 316453305 316455589
NPTRACE row 1118 316466359 316467997
NPTRACE row 1119 316489222 316492762
NPTRACE row 1120 316504438 316505901
NPTRACE row 1121 316521181 316522513
NPTRACE row 1122 316537052 316538919
NPTRACE row 1123 316552420 316555540
NPTRACE row 1124 316570538 316572484
NPTRACE row 1125 316586245 316589278
NPTRACE row 1126 316601494 316605350
NPTRACE row 1127 316620500 316622325
NPTRACE row 1128 316639371 316643101
NPTRACE row 1129 316654189 316655585
NPTRACE row 1130 316670437 316672442
NPTRACE row 1131 316688021 316688953
NPTRACE row 1132 316704065 316705568
NPTRACE row 1133 316720554 316723475
NPTRACE row 1134 316735249 316738855
NPTRACE row 1135 316755838 316759449
NPTRACE row 1136 316770837 316772104
NPTRACE row 1137 316786216 316789191
NPTRACE row 1138 316802918 316805844
NPTRACE row 1139 316818777 316822507
NPTRACE row 1140 316836768 316838768
NPTRACE row 1141 316852963 316855434
NPTRACE row 1142 316866388 316868010
NPTRACE row 1143 316887257 316889370
NPTRACE row 1144 316904497 316905457
NPTRACE row 1145 316920982 316922236
NPTRACE row 1146 316937054 316938817
NPTRACE row 1147 316952722 316955603
NPTRACE row 1148 316970208 316972307
NPTRACE row 1149 316987142 316988760
NPTRACE row 1150 316999148 317001337
NPTRACE row 1151 317020005 317022566
NPTRACE row 1152 317038070 317039018
NPTRACE row 1153 317054041 317055415
NPTRACE row 1154 317070573 317072167
NPTRACE row 1155 317087869 317088759
NPTRACE row 1156 317104410 317105487
NPTRACE row 1157 317121666 317122504
NPTRACE row 1158 317136889 317139285
NPTRACE row 1159 317149413 317151336
NPTRACE row 1160 317171026 317172451
NPTRACE row 1161 317186768 317189072
NPTRACE row 1162 317203590 317205830
NPTRACE row 1163 317219464 317222594
NPTRACE row 1164 317237211 317238783
NPTRACE row 1165 317251854 317255322
NPTRACE row 1166 317269328 317272430
NPTRACE row 1167 317281925 317284861
NPTRACE row 1168 317303414 317305630
NPTRACE row 1169 317318624 317322515
NPTRACE row 1170 317335571 317339041
NPTRACE row 1171 317351939 317355398
NPTRACE row 1172 317367530 317368004
NPTRACE row 1173 317384932 317388850
NPTRACE row 1174 317401526 317413983
NPTRACE row 1175 317427353 317430699
NPTRACE row 1176 317446048 317447514
NPTRACE row 1177 317460155 317463856
NPTRACE row 1178 317476014 317476278
NPTRACE row 1179 317490577 317492947
NPTRACE row 1180 317506625 317509617
NPTRACE row 1181 317521547 317522224
NPTRACE row 1182 317538968 317543153
NPTRACE row 1183 317553082 317555744
NPTRACE row 1184 317568233 317572483
NPTRACE row 1185 317585783 317589206
NPTRACE row 1186 317602384 317605540
NPTRACE row 1187 317618409 317622115
NPTRACE row 1188 317634005 317634963
NPTRACE row 1189 317650434 317651441
NPTRACE row 1190 317669328 317672489
NPTRACE row 1191 317695223 317697421
NPTRACE row 1192 317710894 317713969
NPTRACE row 1193 317724966 317726398
NPTRACE row 1194 317740090 317742966
NPTRACE row 1195 317754434 317755466
NPTRACE row 1196 317769192 317772503
NPTRACE row 1197 317784701 317788699
NPTRACE row 1198 317800709 317801268
NPTRACE row 1199 317814768 317818235
NPTRACE row 1200 317836092 317839301
NPTRACE row 1201 317851875 317855465
NPTRACE row 1202 317868372 317872105
NPTRACE row 1203 317884742 317888796
NPTRACE row 1204 317901340 317905375
NPTRACE row 1205 317918304 317922284
NPTRACE row 1206 317935491 317938922
NPTRACE row 1207 317947385 317951379
NPTRACE row 1208 317968532 317972133
NPTRACE row 1209 317984297 317984619
NPTRACE row 1210 318000786 318001282
NPTRACE row 1211 318017457 318018280
NPTRACE row 1212 318034816 318038964
NPTRACE row 1213 318050190 318051536
NPTRACE row 1214 318067238 318068069
NPTRACE row 1215 318081591 318084992
NPTRACE row 1216 318103766 318105639
NPTRACE row 1217 318119732 318122215
NPTRACE row 1218 318133822 318134697
NPTRACE row 1219 318151140 318151294
NPTRACE row 1220 318167595 318168021
NPTRACE row 1221 318184219 318184656
NPTRACE row 1222 318201638 318221020
NPTRACE row 1223 318237326 318238891
NPTRACE row 1224 318254098 318255842
NPTRACE row 1225 318269121 318272137
NPTRACE row 1226 318284096 318284891
NPTRACE row 1227 318299520 318301309
NPTRACE row 1228 318314589 318318042
NPTRACE row 1229 318330906 318334742
NPTRACE row 1230 318344534 318347232
NPTRACE row 1231 318358270 318359765
NPTRACE row 1232 318372689 318376450
NPTRACE row 1233 318386960 318389313
NPTRACE row 1234 318402390 318405485
NPTRACE row 1235 318416748 318418146
NPTRACE row 1236 318433689 318434881
NPTRACE row 1237 318449511 318451319
NPTRACE row 1238 318467381 318468042
NPTRACE row 1239 318497918 318501623
NPTRACE row 1240 318513131 318514492
NPTRACE row 1241 318528632 318530915
NPTRACE row 1242 318543408 318547135
NPTRACE row 1243 318557210 318559747
NPTRACE row 1244 318571462 318572157
NPTRACE row 1245 318585536 318588954
NPTRACE row 1246 318596772 318597741
NPTRACE row 1247 318616315 318618598
NPTRACE row 1248 318635925 318639164
NPTRACE row 1249 318651504 318655545
NPTRACE row 1250 318668867 318672167
NPTRACE row 1251 318683816 318684685
NPTRACE row 1252 318701024 318701486
NPTRACE row 1253 318717252 318718175
NPTRACE row 1254 318734331 318734801
NPTRACE row 1255 318748222 318751477
NPTRACE row 1256 318768592 318772178
NPTRACE row 1257 318782348 318784918
NPTRACE row 1258 318799886 318801393
NPTRACE row 1259 318816600 318818362
NPTRACE row 1260 318833825 318834688
NPTRACE row 1261 318849218 318851421
NPTRACE row 1262 318864893 318868126
NPTRACE row 1263 318881719 318885033
NPTRACE row 1264 318900562 318901584
NPTRACE row 1265 318916634 318918474
NPTRACE row 1266 318934042 318935014
NPTRACE row 1267 318950020 318951682
NPTRACE row 1268 318967573 318968158
NPTRACE row 1269 318983667 318984901
NPTRACE row 1270 318998096 319001533
NPTRACE row 1271 319015746 319018583
NPTRACE row 1272 319036075 319039083
NPTRACE row 1273 319051874 319055555
NPTRACE row 1274 319068352 319072602
NPTRACE row 1275 319083964 319084900
NPTRACE row 1276 319101933 319105473
NPTRACE row 1277 319118544 319122491
NPTRACE row 1278 319134514 319134807
NPTRACE row 1279 319149725 319151874
NPTRACE row 1280 319167744 319168109
NPTRACE row 1281 319183015 319184797
NPTRACE row 1282 319200913 319201503
NPTRACE row 1283 319218747 319222630
NPTRACE row 1284 319234848 319238977
NPTRACE row 1285 319249276 319251573
NPTRACE row 1286 319267327 319268199
NPTRACE row 1287 319281328 319284957
NPTRACE row 1288 319301015 319301596
NPTRACE row 1289 319317270 319318222
NPTRACE row 1290 319333390 319335119
NPTRACE row 1291 319349749 319351622
NPTRACE row 1292 319366965 319368399
NPTRACE row 1293 319383214 319385243
NPTRACE row 1294 319401831 319420516
NPTRACE row 1295 319438158 319439190
NPTRACE row 1296 319454939 319455743
NPTRACE row 1297 319471269 319472359
NPTRACE row 1298 319487639 319488960
NPTRACE row 1299 319503775 319505629
NPTRACE row 1300 319520372 319522850
NPTRACE row 1301 319537277 319539065
NPTRACE row 1302 319549001 319551569
NPTRACE row 1303 319564858 319568265
NPTRACE row 1304 319581059 319584780
NPTRACE row 1305 319595024 319597463
NPTRACE row 1306 319612194 319614070
NPTRACE row 1307 319627678 319630930
NPTRACE row 1308 319643446 319647182
NPTRACE row 1309 319657746 319660076
NPTRACE row 1310 319673135 319676665
NPTRACE row 1311 319704098 319705657
NPTRACE row 1312 319719765 319722313
NPTRACE row 1313 319736056 319738971
NPTRACE row 1314 319751016 319751596
NPTRACE row 1315 319767630 319768167
NPTRACE row 1316 319783781 319784830
NPTRACE row 1317 319799466 319801669
NPTRACE row 1318 319813404 319814073
NPTRACE row 1319 319828149 319831075
NPTRACE row 1320 319846099 319847566
NPTRACE row 1321 319862549 319864000
NPTRACE row 1322 319878807 319880738
NPTRACE row 1323 319894723 319897503
NPTRACE row 1324 319910981 319914116
NPTRACE row 1325 319927098 319930868
NPTRACE row 1326 319944198 319948271
NPTRACE row 1327 319959016 319960128
NPTRACE row 1328 319975842 319976574
NPTRACE row 1329 319990883 319993253
NPTRACE row 1330 320006291 320009917
NPTRACE row 1331 320022057 320022882
NPTRACE row 1332 320038561 320039193
NPTRACE row 1333 320053608 320055689
NPTRACE row 1334 320069860 320072342
NPTRACE row 1335 320085144 320089149
NPTRACE row 1336 320097004 320097437
NPTRACE row 1337 320115396 320118376
NPTRACE row 1338 320133732 320134848
NPTRACE row 1339 320149547 320151537
NPTRACE row 1340 320167553 320168315
NPTRACE row 1341 320183916 320185032
NPTRACE row 1342 320201805 320205588
NPTRACE row 1343 320219640 320222965
NPTRACE row 1344 320236442 320239295
NPTRACE row 1345 320250424 320251692
NPTRACE row 1346 320269048 320272357
NPTRACE row 1347 320284576 320285265
NPTRACE row 1348 320301758 320305630
NPTRACE row 1349 320318464 320322629
NPTRACE row 1350 320335276 320339232
NPTRACE row 1351 320351621 320355570
NPTRACE row 1352 320368689 320372372
NPTRACE row 1353 320380120 320380762
NPTRACE row 1354 320401109 320401682
NPTRACE row 1355 320417446 320418296
NPTRACE row 1356 320433635 320434851
NPTRACE row 1357 320449820 320451525
NPTRACE row 1358 320467102 320468496
NPTRACE row 1359 320483211 320485056
NPTRACE row 1360 320500775 320501568
NPTRACE row 1361 320512273 320514725
NPTRACE row 1362 320534166 320535032
NPTRACE row 1363 320548468 320551527
NPTRACE row 1364 320565776 320568499
NPTRACE row 1365 320582615 320584863
NPTRACE row 1366 320599784 320601532
NPTRACE row 1367 320615715 320618360
NPTRACE row 1368 320633950 320635057
NPTRACE row 1369 320668237 320672384
NPTRACE row 1370 320684947 320688931
NPTRACE row 1371 320699740 320701536
NPTRACE row 1372 320715882 320718225
NPTRACE row 1373 320731289 320735061
NPTRACE row 1374 320746995 320747497
NPTRACE row 1375 320761835 320764824
NPTRACE row 1376 320773199 320776593
NPTRACE row 1377 320786824 320789042
NPTRACE row 1378 320802890 320805861
NPTRACE row 1379 320818644 320822397
NPTRACE row 1380 320833843 320835212
NPTRACE row 1381 320848784 320851550
NPTRACE row 1382 320865596 320868293
NPTRACE row 1383 320882552 320885251
NPTRACE row 1384 320896428 320897414
NPTRACE row 1385 320913035 320914337
NPTRACE row 1386 320933337 320934957
NPTRACE row 1387 320948277 320951610
NPTRACE row 1388 320965724 320968268
NPTRACE row 1389 320981092 320984798
NPTRACE row 1390 320998529 321001631
NPTRACE row 1391 321015900 321018453
NPTRACE row 1392 321032595 321035192
NPTRACE row 1393 321044950 321047479
NPTRACE row 1394 321066692 321068237
NPTRACE row 1395 321082451 321085422
NPTRACE row 1396 321099813 321101716
NPTRACE row 1397 321115161 321118345
NPTRACE row 1398 321136902 321139133
NPTRACE row 1399 321152917 321156138
NPTRACE row 1400 321168737 321172452
NPTRACE row 1401 321179807 321180844
NPTRACE row 1402 321200300 321201579
NPTRACE row 1403 321216088 321218842
NPTRACE row 1404 321231738 321234931
NPTRACE row 1405 321248132 321251760
NPTRACE row 1406 321265353 321268212
NPTRACE row 1407 321282258 321285391
NPTRACE row 1408 321298192 321301755
NPTRACE row 1409 321312558 321314232
NPTRACE row 1410 321332978 321334882
NPTRACE row 1411 321347264 321347381
NPTRACE row 1412 321364861 321368218
NPTRACE row 1413 321379620 321380929
NPTRACE row 1414 321398118 321401805
NPTRACE row 1415 321415141 321418253
NPTRACE row 1416 321432468 321435080
NPTRACE row 1417 321444153 321447424
NPTRACE row 1418 321465304 321468227
NPTRACE row 1419 321481372 321485211
NPTRACE row 1420 321498916 321501632
NPTRACE row 1421 321515545 321518587
NPTRACE row 1422 321532003 321535139
NPTRACE row 1423 321549079 321551705
NPTRACE row 1424 321565097 321570646
NPTRACE row 1425 321580248 321580790
NPTRACE row 1426 321598168 321601680
NPTRACE row 1427 321614954 321618329
NPTRACE row 1428 321630977 321635173
NPTRACE row 1429 321646691 321647477
NPTRACE row 1430 321663489 321664360
NPTRACE row 1431 321680057 321681014
NPTRACE row 1432 321697572 321701776
NPTRACE row 1433 321710543 321714197
NPTRACE row 1434 321732219 321734916
NPTRACE row 1435 321746335 321747666
NPTRACE row 1436 321764582 321768383
NPTRACE row 1437 321780076 321780949
NPTRACE row 1438 321796788 321797667
NPTRACE row 1439 321815617 321818413
NPTRACE row 1440 321832486 321849528
NPTRACE row 1441 321861474 321864167
NPTRACE row 1442 321876795 321880700
NPTRACE row 1443 321891433 321893354
NPTRACE row 1444 321906176 321910186
NPTRACE row 1445 321920989 321922518
NPTRACE row 1446 321936349 321939110
NPTRACE row 1447 321951078 321952105
NPTRACE row 1448 321963730 321964400
NPTRACE row 1449 321976900 321980934
NPTRACE row 1450 321997811 322001603
NPTRACE row 1451 322014547 322018543
NPTRACE row 1452 322030563 322030884
NPTRACE row 1453 322047789 322051684
NPTRACE row 1454 322063588 322064402
NPTRACE row 1455 322081733 322085006
NPTRACE row 1456 322097073 322097809
NPTRACE row 1457 322110725 322114227
NPTRACE row 1458 322132068 322134946
NPTRACE row 1459 322151721 322156048
NPTRACE row 1460 322166793 322168280
NPTRACE row 1461 322181417 322185020
NPTRACE row 1462 322197740 322201553
NPTRACE row 1463 322215000 322218317
NPTRACE row 1464 322232662 322235116
NPTRACE row 1465 322242293 322243315
NPTRACE row 1466 322266433 322268699
NPTRACE row 1467 322281267 322285088
NPTRACE row 1468 322298389 322301744
NPTRACE row 1469 322314566 322318229
NPTRACE row 1470 322330923 322335143
NPTRACE row 1471 322349539 322352132
NPTRACE row 1472 322365261 322368580
NPTRACE row 1473 322375812 322376675
NPTRACE row 1474 322399076 322401638
NPTRACE row 1475 322413542 322414360
NPTRACE row 1476 322430774 322431012
NPTRACE row 1477 322446693 322447475
NPTRACE row 1478 322463317 322464220
NPTRACE row 1479 322481409 322485047
NPTRACE row 1480 322496780 322497530
NPTRACE row 1481 322532198 322535141
NPTRACE row 1482 322548508 322551654
NPTRACE row 1483 322562791 322564145
NPTRACE row 1484 322577545 322580816
NPTRACE row 1485 322591381 322593315
NPTRACE row 1486 322605607 322605862
NPTRACE row 1487 322645297 322648118
NPTRACE row 1488 322663539 322664562
NPTRACE row 1489 322678524 322680828
NPTRACE row 1490 322693568 322697457
NPTRACE row 1491 322708396 322710164
NPTRACE row 1492 322723851 322726674
NPTRACE row 1493 322739666 322743608
NPTRACE row 1494 322752907 322755882
NPTRACE row 1495 322768034 322768802
NPTRACE row 1496 322783932 322785370
NPTRACE row 1497 322799063 322801671
NPTRACE row 1498 322813738 322814172
NPTRACE row 1499 322828211 322831034
NPTRACE row 1500 322843890 322847524
NPTRACE row 1501 322858270 322860074
NPTRACE row 1502 322873527 322876818
NPTRACE row 1503 322886728 322889656
NPTRACE row 1504 322900867 322901683
NPTRACE row 1505 322915535 322918867
NPTRACE row 1506 322929857 322930843
NPTRACE row 1507 322945266 322947514
NPTRACE row 1508 322962575 322964386
NPTRACE row 1509 322978577 322980905
NPTRACE row 1510 322995703 322997513
NPTRACE row 1511 323011187 323014301
NPTRACE row 1512 323028701 323031066
NPTRACE row 1513 323046290 323047519
NPTRACE row 1514 323063137 323064254
NPTRACE row 1515 323078809 323080969
NPTRACE row 1516 323096215 323097541
NPTRACE row 1517 323112798 323114613
NPTRACE row 1518 323129116 323130861
NPTRACE row 1519 323144612 323147942
NPTRACE row 1520 323161106 323164343
NPTRACE row 1521 323179289 323180922
NPTRACE row 1522 323196265 323197530
NPTRACE row 1523 323213061 323214299
NPTRACE row 1524 323228121 323231000
NPTRACE row 1525 323245274 323247536
NPTRACE row 1526 323263128 323264466
NPTRACE row 1527 323276097 323276920
NPTRACE row 1528 323295803 323297541
NPTRACE row 1529 323313605 323314521
NPTRACE row 1530 323329381 323331134
NPTRACE row 1531 323344670 323347546
NPTRACE row 1532 323362696 323364441
NPTRACE row 1533 323377838 323380881
NPTRACE row 1534 323396556 323397557
NPTRACE row 1535 323411992 323414897
NPTRACE row 1536 323431456 323435124
NPTRACE row 1537 323445682 323447548
NPTRACE row 1538 323463768 323464515
NPTRACE row 1539 323479739 323481040
NPTRACE row 1540 323495039 323497622
NPTRACE row 1541 323513077 323514452
NPTRACE row 1542 323530441 323530891
NPTRACE row 1543 323567566 323568597
NPTRACE row 1544 323582563 323585120
NPTRACE row 1545 323596416 323597751
NPTRACE row 1546 323611179 323614368
NPTRACE row 1547 323624664 323627057
NPTRACE row 1548 323639594 323643664
NPTRACE row 1549 323653752 323655993
NPTRACE row 1550 323669671 323672677
NPTRACE row 1551 323681568 323685403
NPTRACE row 1552 323697972 323701835
NPTRACE row 1553 323712138 323714378
NPTRACE row 1554 323728514 323731144
NPTRACE row 1555 323745504 323747674
NPTRACE row 1556 323762377 323764297
NPTRACE row 1557 323778679 323780911
NPTRACE row 1558 323795893 323797625
NPTRACE row 1559 323810899 323814387
NPTRACE row 1560 323831200 323835225
NPTRACE row 1561 323846482 323847813
NPTRACE row 1562 323862770 323864585
NPTRACE row 1563 323881380 323885514
NPTRACE row 1564 323896646 323897587
NPTRACE row 1565 323914137 323914792
NPTRACE row 1566 323930993 323935200
NPTRACE row 1567 323943925 323947705
NPTRACE row 1568 323963917 323964448
NPTRACE row 1569 323978255 323981316
NPTRACE row 1570 323996290 323997593
NPTRACE row 1571 324012224 324014511
NPTRACE row 1572 324029572 324030951
NPTRACE row 1573 324044606 324047598
NPTRACE row 1574 324062725 324064289
NPTRACE row 1575 324075195 324076978
NPTRACE row 1576 324098725 324101988
NPTRACE row 1577 324113602 324114615
NPTRACE row 1578 324129185 324130938
NPTRACE row 1579 324144829 324147603
NPTRACE row 1580 324162492 324164357
NPTRACE row 1581 324181125 324185138
NPTRACE row 1582 324196460 324197684
NPTRACE row 1583 324211002 324214394
NPTRACE row 1584 324229610 324231311
NPTRACE row 1585 324245277 324247681
NPTRACE row 1586 324262870 324264438
NPTRACE row 1587 324278989 324281004
NPTRACE row 1588 324296136 324297741
NPTRACE row 1589 324313510 324314769
NPTRACE row 1590 324330679 324331075
NPTRACE row 1591 324344167 324347702
NPTRACE row 1592 324362481 324364628
NPTRACE row 1593 324378124 324381005
NPTRACE row 1594 324395119 324398186
NPTRACE row 1595 324412708 324414805
NPTRACE row 1596 324429691 324431072
NPTRACE row 1597 324445890 324447993
NPTRACE row 1598 324463300 324464429
NPTRACE row 1599 324478077 324481151
NPTRACE row 1600 324496482 324497681
NPTRACE row 1601 324512664 324514900
NPTRACE row 1602 324530766 324531515
NPTRACE row 1603 324548245 324551812
NPTRACE row 1604 324563907 324564606
NPTRACE row 1605 324579646 324581174
NPTRACE row 1606 324594607 324597840
NPTRACE row 1607 324609065 324610598
NPTRACE row 1608 324628963 324631131
NPTRACE row 1609 324645424 324647835
NPTRACE row 1610 324663461 324664355
NPTRACE row 1611 324680404 324681109
NPTRACE row 1612 324695724 324697697
NPTRACE row 1613 324712184 324714857
NPTRACE row 1614 324730471 324731124
NPTRACE row 1615 324743230 324743822
NPTRACE row 1616 324761107 324764735
NPTRACE row 1617 324778379 324781028
NPTRACE row 1618 324794809 324797706
NPTRACE row 1619 324813140 324814461
NPTRACE row 1620 324829724 324831033
NPTRACE row 1621 324844610 324847709
NPTRACE row 1622 324862192 324864588
NPTRACE row 1623 324875156 324877022
NPTRACE row 1624 324892786 324893597
NPTRACE row 1625 324913375 324914801
NPTRACE row 1626 324929437 324931283
NPTRACE row 1627 324945469 324948080
NPTRACE row 1628 324962104 324964449
NPTRACE row 1629 324978228 324981117
NPTRACE row 1630 324994904 324997853
NPTRACE row 1631 325008556 325010610
NPTRACE row 1632 325029556 325031366
NPTRACE row 1633 325047836 325051780
NPTRACE row 1634 325063884 325064523
NPTRACE row 1635 325080335 325081146
NPTRACE row 1636 325096808 325097726
NPTRACE row 1637 325113025 325114890
NPTRACE row 1638 325129485 325131057
NPTRACE row 1639 325156933 325160259
NPTRACE row 1640 325171065 325172793
NPTRACE row 1641 325189790 325193739
NPTRACE row 1642 325206401 325210321
NPTRACE row 1643 325220931 325223076
NPTRACE row 1644 325237275 325239468
NPTRACE row 1645 325251102 325252383
NPTRACE row 1646 325266524 325268546
NPTRACE row 1647 325281446 325285285
NPTRACE row 1648 325294143 325297723
NPTRACE row 1649 325313117 325314515
NPTRACE row 1650 325328418 325331162
NPTRACE row 1651 325344088 325347710
NPTRACE row 1652 325361910 325364808
NPTRACE row 1653 325377439 325381177
NPTRACE row 1654 325394973 325398004
NPTRACE row 1655 325410574 325414804
NPTRACE row 1656 325425153 325427127
NPTRACE row 1657 325444120 325447720
NPTRACE row 1658 325462514 325464443
NPTRACE row 1659 325477736 325481429
NPTRACE row 1660 325496112 325497813
NPTRACE row 1661 325512304 325514575
NPTRACE row 1662 325529047 325531049
NPTRACE row 1663 325545797 325548273
NPTRACE row 1664 325558010 325560228
NPTRACE row 1665 325579207 325581121
NPTRACE row 1666 325595264 325598154
NPTRACE row 1667 325611539 325614484
NPTRACE row 1668 325629241 325631342
NPTRACE row 1669 325644404 325647743
NPTRACE row 1670 325661344 325664714
NPTRACE row 1671 325678351 325681262
NPTRACE row 1672 325691054 325693608
NPTRACE row 1673 325713231 325714781
NPTRACE row 1674 325729882 325731491
NPTRACE row 1675 325745090 325747980
NPTRACE row 1676 325761530 325764404
NPTRACE row 1677 325777193 325781123
NPTRACE row 1678 325794969 325798034
NPTRACE row 1679 325812495 325814923
NPTRACE row 1680 325825376 325827103
NPTRACE row 1681 325846165 325847749
NPTRACE row 1682 325862589 325864769
NPTRACE row 1683 325877550 325881077
NPTRACE row 1684 325895675 325897866
NPTRACE row 1685 325911834 325914604
NPTRACE row 1686 325929281 325931131
NPTRACE row 1687 325945303 325948479
NPTRACE row 1688 325958217 325960506
NPTRACE row 1689 325977753 325981085
NPTRACE row 1690 325994383 325997933
NPTRACE row 1691 326010968 326014758
NPTRACE row 1692 326029633 326031089
NPTRACE row 1693 326045440 326047780
NPTRACE row 1694 326061121 326064434
NPTRACE row 1695 326078714 326081308
NPTRACE row 1696 326091368 326093611
NPTRACE row 1697 326110633 326114519
NPTRACE row 1698 326127862 326131098
NPTRACE row 1699 326144266 326147946
NPTRACE row 1700 326162374 326164678
NPTRACE row 1701 326179558 326181453
NPTRACE row 1702 326199101 326202087
NPTRACE row 1703 326216382 326218723
NPTRACE row 1704 326231542 326235404
NPTRACE row 1705 326245511 326247842
NPTRACE row 1706 326262141 326264441
NPTRACE row 1707 326277974 326281127
NPTRACE row 1708 326295519 326297778
NPTRACE row 1709 326310150 326310600
NPTRACE row 1710 326327578 326331113
NPTRACE row 1711 326344579 326347937
NPTRACE row 1712 326361859 326365011
NPTRACE row 1713 326373051 326377057
NPTRACE row 1714 326395965 326398093
NPTRACE row 1715 326411626 326414554
NPTRACE row 1716 326427746 326431121
NPTRACE row 1717 326442965 326443842
NPTRACE row 1718 326460588 326464704
NPTRACE row 1719 326477191 326481371
NPTRACE row 1720 326493246 326493738
NPTRACE row 1721 326506430 326510242
NPTRACE row 1722 326529617 326531134
NPTRACE row 1723 326544099 326548110
NPTRACE row 1724 326560677 326564408
NPTRACE row 1725 326577032 326581284
NPTRACE row 1726 326593948 326597804
NPTRACE row 1727 326611748 326614911
NPTRACE row 1728 326628120 326631308
NPTRACE row 1729 326642291 326643726
NPTRACE row 1730 326662170 326664674
NPTRACE row 1731 326676634 326677118
NPTRACE row 1732 326693285 326693645
NPTRACE row 1733 326710066 326710574
NPTRACE row 1734 326728027 326731146
NPTRACE row 1735 326743403 326743952
NPTRACE row 1736 326759056 326760478
NPTRACE row 1737 326773950 326777055
NPTRACE row 1738 326794660 326798197
NPTRACE row 1739 326810834 326814421
NPTRACE row 1740 326826336 326827227
NPTRACE row 1741 326843167 326843941
NPTRACE row 1742 326859679 326860571
NPTRACE row 1743 326876772 326877542
NPTRACE row 1744 326893290 326893727
NPTRACE row 1745 326905718 326906489
NPTRACE row 1746 326928249 326931711
NPTRACE row 1747 326942977 326943917
NPTRACE row 1748 326959785 326960636
NPTRACE row 1749 326977611 326981298
NPTRACE row 1750 326994125 326997835
NPTRACE row 1751 327009749 327010870
NPTRACE row 1752 327030404 327031577
NPTRACE row 1753 327042239 327043879
NPTRACE row 1754 327062579 327064858
NPTRACE row 1755 327078035 327081238
NPTRACE row 1756 327094035 327097842
NPTRACE row 1757 327109785 327110760
NPTRACE row 1758 327127605 327131242
NPTRACE row 1759 327144911 327148212
NPTRACE row 1760 327161596 327164742
NPTRACE row 1761 327172563 327173001
NPTRACE row 1762 327194002 327197932
NPTRACE row 1763 327214056 327214862
NPTRACE row 1764 327230839 327231615
NPTRACE row 1765 327246941 327247916
NPTRACE row 1766 327261965 327264604
NPTRACE row 1767 327277878 327281254
NPTRACE row 1768 327292731 327294030
NPTRACE row 1769 327308745 327310606
NPTRACE row 1770 327324275 327327299
NPTRACE row 1771 327343047 327344017
NPTRACE row 1772 327360646 327364708
NPTRACE row 1773 327375156 327377397
NPTRACE row 1774 327393092 327394027
NPTRACE row 1775 327411344 327414633
NPTRACE row 1776 327428016 327431290
NPTRACE row 1777 327442257 327444058
NPTRACE row 1778 327456774 327460628
NPTRACE row 1779 327478819 327481292
NPTRACE row 1780 327496238 327497949
NPTRACE row 1781 327512521 327514946
NPTRACE row 1782 327530691 327531593
NPTRACE row 1783 327546403 327547981
NPTRACE row 1784 327562242 327564609
NPTRACE row 1785 327578791 327581304
NPTRACE row 1786 327589323 327589702
NPTRACE row 1787 327610957 327614767
NPTRACE row 1788 327626108 327627186
NPTRACE row 1789 327642421 327643793
NPTRACE row 1790 327660253 327660722
NPTRACE row 1791 327677779 327681409
NPTRACE row 1792 327694104 327698177
NPTRACE row 1793 327710075 327710685
NPTRACE row 1794 327724587 327727249
NPTRACE row 1795 327742974 327743907
NPTRACE row 1796 327760124 327760716
NPTRACE row 1797 327775586 327777429
NPTRACE row 1798 327794489 327797897
NPTRACE row 1799 327811394 327814692
NPTRACE row 1800 327828387 327831399
NPTRACE row 1801 327844267 327847901
NPTRACE row 1802 327857987 327860544
NPTRACE row 1803 327875714 327877418
NPTRACE row 1804 327894113 327898035
NPTRACE row 1805 327909492 327910721
NPTRACE row 1806 327927906 327931458
NPTRACE row 1807 327944669 327947846
NPTRACE row 1808 327961487 327964974
NPTRACE row 1809 327977312 327981428
NPTRACE row 1810 327993226 327993944
NPTRACE row 1811 328006961 328010625
NPTRACE row 1812 328027512 328031398
NPTRACE row 1813 328042741 328044189
NPTRACE row 1814 328059220 328060628
NPTRACE row 1815 328076145 328077153
NPTRACE row 1816 328092339 328094083
NPTRACE row 1817 328109681 328110907
NPTRACE row 1818 328126474 328127563
NPTRACE row 1819 328138903 328139743
NPTRACE row 1820 328161149 328164595
NPTRACE row 1821 328176184 328177161
NPTRACE row 1822 328193470 328194028
NPTRACE row 1823 328209989 328210819
NPTRACE row 1824 328231981 328235727
NPTRACE row 1825 328247790 328248048
NPTRACE row 1826 328263664 328264971
NPTRACE row 1827 328275914 328277257
NPTRACE row 1828 328295676 328298000
NPTRACE row 1829 328311950 328315272
NPTRACE row 1830 328328847 328331349
NPTRACE row 1831 328345240 328348480
NPTRACE row 1832 328361196 328364678
NPTRACE row 1833 328377715 328381337
NPTRACE row 1834 328394632 328398103
NPTRACE row 1835 328407998 328410765
NPTRACE row 1836 328434535 328435626
NPTRACE row 1837 328451168 328452253
NPTRACE row 1838 328466982 328469054
NPTRACE row 1839 328483175 328485749
NPTRACE row 1840 328500529 328502599
NPTRACE row 1841 328517196 328519148
NPTRACE row 1842 328532677 328535518
NPTRACE row 1843 328546903 328548114
NPTRACE row 1844 328561453 328564766
NPTRACE row 1845 328578693 328581352
NPTRACE row 1846 328595659 328598500
NPTRACE row 1847 328612165 328615186
NPTRACE row 1848 328629912 328631787
NPTRACE row 1849 328645361 328648027
NPTRACE row 1850 328661372 328664961
NPTRACE row 1851 328678203 328682081
NPTRACE row 1852 328690314 328694154
NPTRACE row 1853 328711114 328715043
NPTRACE row 1854 328727832 328731440
NPTRACE row 1855 328743460 328744256
NPTRACE row 1856 328759357 328760537
NPTRACE row 1857 328775749 328777527
NPTRACE row 1858 328793122 328793882
NPTRACE row 1859 328809058 328810637
NPTRACE row 1860 328825156 328827305
NPTRACE row 1861 328843097 328843898
NPTRACE row 1862 328858671 328860947
NPTRACE row 1863 328875669 328877593
NPTRACE row 1864 328893231 328894007
NPTRACE row 1865 328908414 328910642
NPTRACE row 1866 328926039 328927238
NPTRACE row 1867 328942823 328944080
NPTRACE row 1868 328955028 328956477
NPTRACE row 1869 328976061 328977257
NPTRACE row 1870 328992514 328993888
NPTRACE row 1871 329008853 329010840
NPTRACE row 1872 329026280 329027707
NPTRACE row 1873 329042168 329043902
NPTRACE row 1874 329058979 329060883
NPTRACE row 1875 329075728 329077229
NPTRACE row 1876 329111400 329114820
NPTRACE row 1877 329127796 329131370
NPTRACE row 1878 329144593 329148008
NPTRACE row 1879 329161030 329164701
NPTRACE row 1880 329177049 329177253
NPTRACE row 1881 329192691 329193926
NPTRACE row 1882 329208625 329210570
NPTRACE row 1883 329224234 329227513
NPTRACE row 1884 329237681 329240215
NPTRACE row 1885 329254857 329256474
NPTRACE row 1886 329270727 329273101
NPTRACE row 1887 329286337 329289713
NPTRACE row 1888 329301719 329302580
NPTRACE row 1889 329317353 329319165
NPTRACE row 1890 329332714 329335744
NPTRACE row 1891 329348293 329352421
NPTRACE row 1892 329363421 329365291
NPTRACE row 1893 329375102 329379014
NPTRACE row 1894 329394081 329398460
NPTRACE row 1895 329411489 329415195
NPTRACE row 1896 329428488 329431515
NPTRACE row 1897 329443521 329444294
NPTRACE row 1898 329460286 329461074
NPTRACE row 1899 329475460 329477273
NPTRACE row 1900 329492841 329493993
NPTRACE row 1901 329508035 329510991
NPTRACE row 1902 329526606 329527320
NPTRACE row 1903 329542717 329544158
NPTRACE row 1904 329558688 329560701
NPTRACE row 1905 329575062 329577273
NPTRACE row 1906 329592659 329594068
NPTRACE row 1907 329609392 329611216
NPTRACE row 1908 329625944 329627500
NPTRACE row 1909 329639396 329640462
NPTRACE row 1910 329657066 329660482
NPTRACE row 1911 329675896 329677284
NPTRACE row 1912 329692658 329694126
NPTRACE row 1913 329708734 329710822
NPTRACE row 1914 329725921 329727628
NPTRACE row 1915 329740816 329744143
NPTRACE row 1916 329757780 329760870
NPTRACE row 1917 329771685 329791487
NPTRACE row 1918 329808836 329810600
NPTRACE row 1919 329825198 329827542
NPTRACE row 1920 329841706 329844324
NPTRACE row 1921 329857786 329860602
NPTRACE row 1922 329875743 329877269
NPTRACE row 1923 329892070 329893995
NPTRACE row 1924 329905052 329906535
NPTRACE row 1925 329920161 329923282
NPTRACE row 1926 329937007 329939806
NPTRACE row 1927 329952347 329956339
NPTRACE row 1928 329967752 329969011
NPTRACE row 1929 329982694 329985674
NPTRACE row 1930 329998239 330002176
NPTRACE row 1931 330013236 330015212
NPTRACE row 1932 330030369 330032037
NPTRACE row 1933 330042606 330044030
NPTRACE row 1934 330057223 330060935
NPTRACE row 1935 330075746 330077354
NPTRACE row 1936 330092129 330093953
NPTRACE row 1937 330108114 330110825
NPTRACE row 1938 330124356 330127448
NPTRACE row 1939 330141544 330144034
NPTRACE row 1940 330157955 330160757
NPTRACE row 1941 330174718 330177317
NPTRACE row 1942 330187077 330190080
NPTRACE row 1943 330209549 330211313
NPTRACE row 1944 330227028 330227392
NPTRACE row 1945 330242373 330244398
NPTRACE row 1946 330263372 330264871
NPTRACE row 1947 330278424 330281469
NPTRACE row 1948 330294071 330298033
NPTRACE row 1949 330310375 330310885
NPTRACE row 1950 330323474 330327361
NPTRACE row 1951 330340617 330344103
NPTRACE row 1952 330358096 330360916
NPTRACE row 1953 330372950 330373570
NPTRACE row 1954 330392120 330394523
NPTRACE row 1955 330409409 330411305
NPTRACE row 1956 330426445 330427499
NPTRACE row 1957 330443675 330444180
NPTRACE row 1958 330459923 330460942
NPTRACE row 1959 330475487 330477794
NPTRACE row 1960 330492778 330494190
NPTRACE row 1961 330509473 330510998
NPTRACE row 1962 330528434 330531863
NPTRACE row 1963 330545061 330548718
NPTRACE row 1964 330563111 330565175
NPTRACE row 1965 330580198 330581941
NPTRACE row 1966 330595342 330598353
NPTRACE row 1967 330611514 330614889
NPTRACE row 1968 330630423 330631968
NPTRACE row 1969 330646353 330648254
NPTRACE row 1970 330664525 330665208
NPTRACE row 1971 330680637 330681954
NPTRACE row 1972 330698791 330702387
NPTRACE row 1973 330715699 330719000
NPTRACE row 1974 330733037 330735958
NPTRACE row 1975 330749474 330752600
NPTRACE row 1976 330767375 330769300
NPTRACE row 1977 330782982 330786042
NPTRACE row 1978 330799229 330802571
NPTRACE row 1979 330816626 330819332
NPTRACE row 1980 330833846 330836055
NPTRACE row 1981 330849344 330852590
NPTRACE row 1982 330866550 330869184
NPTRACE row 1983 330879069 330881942
NPTRACE row 1984 330895514 330898275
NPTRACE row 1985 330912476 330915194
NPTRACE row 1986 330929569 330932040
NPTRACE row 1987 330945722 330948491
NPTRACE row 1988 330962580 330964943
NPTRACE row 1989 330978931 330981610
NPTRACE row 1990 330994928 330998573
NPTRACE row 1991 331011258 331015445
NPTRACE row 1992 331023657 331027459
NPTRACE row 1993 331041065 331044319
NPTRACE row 1994 331058684 331061049
NPTRACE row 1995 331074928 331077697
NPTRACE row 1996 331092438 331094118
NPTRACE row 1997 331109548 331111430
NPTRACE row 1998 331128185 331131801
NPTRACE row 1999 331144879 331148570
NPTRACE row 2000 331158788 331160908
NPTRACE row 2001 331174893 331177517
NPTRACE row 2002 331191794 331194474
NPTRACE row 2003 331208283 331210949
NPTRACE row 2004 331226113 331227872
NPTRACE row 2005 331242802 331244279
NPTRACE row 2006 331261597 331266080
NPTRACE row 2007 331279442 331281870
NPTRACE row 2008 331315725 331319035
NPTRACE row 2009 331333829 331336049
NPTRACE row 2010 331350888 331352743
NPTRACE row 2011 331366275 331369174
NPTRACE row 2012 331382904 331386101
NPTRACE row 2013 331398875 331402746
NPTRACE row 2014 331415269 331419135
NPTRACE row 2015 331432349 331435745
NPTRACE row 2016 331447421 331448601
NPTRACE row 2017 331464045 331465125
NPTRACE row 2018 331482466 331485633
NPTRACE row 2019 331497853 331498333
NPTRACE row 2020 331515491 331519032
NPTRACE row 2021 331532422 331535983
NPTRACE row 2022 331549577 331552834
NPTRACE row 2023 331565779 331569279
NPTRACE row 2024 331595506 331598355
NPTRACE row 2025 331612624 331615071
NPTRACE row 2026 331629630 331631795
NPTRACE row 2027 331646065 331648766
NPTRACE row 2028 331662940 331665137
NPTRACE row 2029 331679641 331681765
NPTRACE row 2030 331696893 331698599
NPTRACE row 2031 331715935 331736024
NPTRACE row 2032 331746208 331748346
NPTRACE row 2033 331764068 331765574
NPTRACE row 2034 331780126 331782002
NPTRACE row 2035 331797743 331798796
NPTRACE row 2036 331813872 331815182
NPTRACE row 2037 331829607 331831903
NPTRACE row 2038 331845066 331848978
NPTRACE row 2039 331857537 331860847
NPTRACE row 2040 331874756 331877618
NPTRACE row 2041 331892436 331894185
NPTRACE row 2042 331909865 331910854
NPTRACE row 2043 331926404 331927712
NPTRACE row 2044 331943216 331944187
NPTRACE row 2045 331959255 331961419
NPTRACE row 2046 331977893 331981506
NPTRACE row 2047 331994579 331998180
NPTRACE row 2048 332011406 332014904
NPTRACE row 2049 332028204 332031570
NPTRACE row 2050 332045038 332048710
NPTRACE row 2051 332062281 332065041
NPTRACE row 2052 332079623 332081834
NPTRACE row 2053 332095801 332098528
NPTRACE row 2054 332113260 332115200
NPTRACE row 2055 332129584 332132369
NPTRACE row 2056 332142736 332144293
NPTRACE row 2057 332161551 332165301
NPTRACE row 2058 332178661 332181583
NPTRACE row 2059 332195286 332198509
NPTRACE row 2060 332212779 332215357
NPTRACE row 2061 332228939 332231849
NPTRACE row 2062 332245541 332248679
NPTRACE row 2063 332263092 332265299
NPTRACE row 2064 332280005 332282001
NPTRACE row 2065 332298131 332298470
NPTRACE row 2066 332318403 332320829
NPTRACE row 2067 332336263 332340266
NPTRACE row 2068 332354149 332357009
NPTRACE row 2069 332370616 332373486
NPTRACE row 2070 332388524 332390523
NPTRACE row 2071 332405065 332406850
NPTRACE row 2072 332417512 332419381
NPTRACE row 2073 332432350 332435963
NPTRACE row 2074 332449559 332452828
NPTRACE row 2075 332465658 332469186
NPTRACE row 2076 332482328 332485711
NPTRACE row 2077 332496055 332498699
NPTRACE row 2078 332511596 332515164
NPTRACE row 2079 332527014 332528189
NPTRACE row 2080 332543883 332544620
NPTRACE row 2081 332576565 332577645
NPTRACE row 2082 332592422 332594543
NPTRACE row 2083 332607725 332611300
NPTRACE row 2084 332622875 332623388
NPTRACE row 2085 332638121 332640053
NPTRACE row 2086 332655148 332656841
NPTRACE row 2087 332670845 332673548
NPTRACE row 2088 332686702 332690228
NPTRACE row 2089 332700183 332702700
NPTRACE row 2090 332718302 332719418
NPTRACE row 2091 332734126 332735983
NPTRACE row 2092 332750638 332752642
NPTRACE row 2093 332767307 332769349
NPTRACE row 2094 332784952 332786010
NPTRACE row 2095 332801845 332803119
NPTRACE row 2096 332818319 332819305
NPTRACE row 2097 332841421 332844619
NPTRACE row 2098 332858275 332861112
NPTRACE row 2099 332874956 332877624
NPTRACE row 2100 332891824 332894210
NPTRACE row 2101 332907636 332910942
NPTRACE row 2102 332924025 332927515
NPTRACE row 2103 332939254 332940476
NPTRACE row 2104 332953281 332956855
NPTRACE row 2105 332965671 332969223
NPTRACE row 2106 332983884 332986241
NPTRACE row 2107 332999259 333002847
NPTRACE row 2108 333014728 333015322
NPTRACE row 2109 333028374 333031901
NPTRACE row 2110 333044924 333048536
NPTRACE row 2111 333062382 333065233
NPTRACE row 2112 333079895 333082206
NPTRACE row 2113 333093757 333094632
NPTRACE row 2114 333107138 333110835
NPTRACE row 2115 333123047 333123866
NPTRACE row 2116 333139613 333140328
NPTRACE row 2117 333157620 333160857
NPTRACE row 2118 333173951 333177668
NPTRACE row 2119 333189838 333190099
NPTRACE row 2120 333205236 333206933
NPTRACE row 2121 333221096 333223430
NPTRACE row 2122 333237502 333240277
NPTRACE row 2123 333251815 333252922
NPTRACE row 2124 333269934 333273825
NPTRACE row 2125 333286043 333289938
NPTRACE row 2126 333301412 333302694
NPTRACE row 2127 333318433 333319569
NPTRACE row 2128 333335082 333335929
NPTRACE row 2129 333350919 333352949
NPTRACE row 2130 333367155 333369354
NPTRACE row 2131 333379165 333381864
NPTRACE row 2132 333392191 333394386
NPTRACE row 2133 333408063 333411046
NPTRACE row 2134 333423192 333423407
NPTRACE row 2135 333439121 333440298
NPTRACE row 2136 333457643 333460949
NPTRACE row 2137 333474586 333477817
NPTRACE row 2138 333491254 333494433
NPTRACE row 2139 333506991 333510890
NPTRACE row 2140 333520774 333523512
NPTRACE row 2141 333536992 333540205
NPTRACE row 2142 333554225 333556759
NPTRACE row 2143 333569912 333573631
NPTRACE row 2144 333586304 333589963
NPTRACE row 2145 333601184 333602602
NPTRACE row 2146 333617315 333619464
NPTRACE row 2147 333633636 333636285
NPTRACE row 2148 333649172 333652785
NPTRACE row 2149 333660506 333661015
NPTRACE row 2150 333675831 333677792
NPTRACE row 2151 333690602 333694136
NPTRACE row 2152 333705227 333706830
NPTRACE row 2153 333720205 333723486
NPTRACE row 2154 333737230 333740167
NPTRACE row 2155 333752932 333756822
NPTRACE row 2156 333767026 333769525
NPTRACE row 2157 333783564 333785899
NPTRACE row 2158 333794547 333798475
NPTRACE row 2159 333812344 333815428
NPTRACE row 2160 333829469 333832117
NPTRACE row 2161 333844504 333848436
NPTRACE row 2162 333861623 333865102
NPTRACE row 2163 333876872 333877683
NPTRACE row 2164 333893414 333894279
NPTRACE row 2165 333910032 333911375
NPTRACE row 2166 333925977 333927743
NPTRACE row 2167 333938195 333940425
NPTRACE row 2168 333956089 333956933
NPTRACE row 2169 333971355 333973452
NPTRACE row 2170 333988834 333990344
NPTRACE row 2171 334005146 334007003
NPTRACE row 2172 334021112 334023842
NPTRACE row 2173 334036140 334040471
NPTRACE row 2174 334054359 334056877
NPTRACE row 2175 334066480 334069628
NPTRACE row 2176 334088355 334090591
NPTRACE row 2177 334104645 334107028
NPTRACE row 2178 334122372 334123738
NPTRACE row 2179 334138354 334140527
NPTRACE row 2180 334154775 334156873
NPTRACE row 2181 334170167 334173539
NPTRACE row 2182 334188311 334190559
NPTRACE row 2183 334200689 334202973
NPTRACE row 2184 334223518 334224115
NPTRACE row 2185 334239427 334240203
NPTRACE row 2186 334257797 334261503
NPTRACE row 2187 334274517 334277642
NPTRACE row 2188 334291366 334294250
NPTRACE row 2189 334307176 334310906
NPTRACE row 2190 334325774 334328111
NPTRACE row 2191 334339795 334340450
NPTRACE row 2192 334355089 334356952
NPTRACE row 2193 334369859 334373398
NPTRACE row 2194 334387096 334390244
NPTRACE row 2195 334404048 334406920
NPTRACE row 2196 334420232 334423489
NPTRACE row 2197 334436867 334440680
NPTRACE row 2198 334454213 334456908
NPTRACE row 2199 334469010 334469628
NPTRACE row 2200 334483163 334486268
NPTRACE row 2201 334504722 334507130
NPTRACE row 2202 334521510 334523689
NPTRACE row 2203 334537191 334540590
NPTRACE row 2204 334554303 334557230
NPTRACE row 2205 334570388 334573565
NPTRACE row 2206 334588126 334590394
NPTRACE row 2207 334604037 334607105
NPTRACE row 2208 334617561 334619693
NPTRACE row 2209 334637275 334640308
NPTRACE row 2210 334654700 334657115
NPTRACE row 2211 334670360 334673714
NPTRACE row 2212 334686889 334690288
NPTRACE row 2213 334703619 334706947
NPTRACE row 2214 334721030 334723587
NPTRACE row 2215 334738438 334740334
NPTRACE row 2216 334751874 334752887
NPTRACE row 2217 334770685 334773592
NPTRACE row 2218 334788299 334790828
NPTRACE row 2219 334805529 334807525
NPTRACE row 2220 334822297 334823745
NPTRACE row 2221 334838699 334840252
NPTRACE row 2222 334855767 334857250
NPTRACE row 2223 334872384 334873757
NPTRACE row 2224 334884441 334886260
NPTRACE row 2225 334905281 334906959
NPTRACE row 2226 334921669 334923921
NPTRACE row 2227 334938207 334940754
NPTRACE row 2228 334955376 334957318
NPTRACE row 2229 334970894 334973848
NPTRACE row 2230 334987317 334990387
NPTRACE row 2231 335004086 335007556
NPTRACE row 2232 335021887 335023850
NPTRACE row 2233 335038688 335040344
NPTRACE row 2234 335055878 335057069
NPTRACE row 2235 335071847 335073602
NPTRACE row 2236 335088643 335090271
NPTRACE row 2237 335105539 335107411
NPTRACE row 2238 335122578 335123607
NPTRACE row 2239 335141098 335144412
NPTRACE row 2240 335155105 335157565
NPTRACE row 2241 335167472 335169545
NPTRACE row 2242 335187558 335190474
NPTRACE row 2243 335203718 335207224
NPTRACE row 2244 335220216 335223754
NPTRACE row 2245 335236965 335240220
NPTRACE row 2246 335253579 335256941
NPTRACE row 2247 335269108 335269664
NPTRACE row 2248 335287571 335290397
NPTRACE row 2249 335300113 335303074
NPTRACE row 2250 335320639 335323711
NPTRACE row 2251 335340920 335344595
NPTRACE row 2252 335358416 335361402
NPTRACE row 2253 335374684 335377874
NPTRACE row 2254 335391983 335394666
NPTRACE row 2255 335409240 335411396
NPTRACE row 2256 335426729 335428470
NPTRACE row 2257 335439801 335440338
NPTRACE row 2258 335454895 335457521
NPTRACE row 2259 335473809 335477687
NPTRACE row 2260 335490969 335494414
NPTRACE row 2261 335508051 335511556
NPTRACE row 2262 335525591 335527887
NPTRACE row 2263 335542850 335544474
NPTRACE row 2264 335559124 335561582
NPTRACE row 2265 335575731 335578025
NPTRACE row 2266 335608052 335611219
NPTRACE row 2267 335626533 335628248
NPTRACE row 2268 335643912 335644753
NPTRACE row 2269 335659638 335661153
NPTRACE row 2270 335675953 335678035
NPTRACE row 2271 335691666 335695091
NPTRACE row 2272 335709866 335711228
NPTRACE row 2273 335722099 335723937
NPTRACE row 2274 335739284 335740919
NPTRACE row 2275 335755313 335757424
NPTRACE row 2276 335772061 335773641
NPTRACE row 2277 335787593 335790445
NPTRACE row 2278 335804012 335807114
NPTRACE row 2279 335820352 335823636
NPTRACE row 2280 335837463 335840723
NPTRACE row 2281 335852170 335853056
NPTRACE row 2282 335865873 335869596
NPTRACE row 2283 335883072 335886192
NPTRACE row 2284 335899821 335903135
NPTRACE row 2285 335916468 335919628
NPTRACE row 2286 335933093 335936427
NPTRACE row 2287 335949474 335952726
NPTRACE row 2288 335965163 335965558
NPTRACE row 2289 335981194 335982154
NPTRACE row 2290 335995949 335998866
NPTRACE row 2291 336008289 336011349
NPTRACE row 2292 336025047 336027971
NPTRACE row 2293 336039425 336040668
NPTRACE row 2294 336054658 336057379
NPTRACE row 2295 336070902 336073720
NPTRACE row 2296 336086485 336090176
NPTRACE row 2297 336102133 336103091
NPTRACE row 2298 336118539 336119739
NPTRACE row 2299 336130599 336132066
NPTRACE row 2300 336152492 336153051
NPTRACE row 2301 336169843 336173637
NPTRACE row 2302 336185122 336186291
NPTRACE row 2303 336201698 336203425
NPTRACE row 2304 336220810 336224168
NPTRACE row 2305 336237086 336240339
NPTRACE row 2306 336254558 336257127
NPTRACE row 2307 336270356 336273847
NPTRACE row 2308 336284628 336286509
NPTRACE row 2309 336303974 336306978
NPTRACE row 2310 336320042 336323581
NPTRACE row 2311 336334551 336336457
NPTRACE row 2312 336355638 336357152
NPTRACE row 2313 336370899 336373731
NPTRACE row 2314 336387626 336390546
NPTRACE row 2315 336404025 336407963
NPTRACE row 2316 336415982 336419603
NPTRACE row 2317 336436451 336440427
NPTRACE row 2318 336452578 336453037
NPTRACE row 2319 336467838 336470191
NPTRACE row 2320 336485282 336486309
NPTRACE row 2321 336501333 336503350
NPTRACE row 2322 336520507 336523808
NPTRACE row 2323 336535278 336536301
NPTRACE row 2324 336547597 336548848
NPTRACE row 2325 336568785 336570053
NPTRACE row 2326 336587244 336590496
NPTRACE row 2327 336604544 336607682
NPTRACE row 2328 336621645 336624030
NPTRACE row 2329 336638521 336640487
NPTRACE row 2330 336655918 336657625
NPTRACE row 2331 336673919 336677751
NPTRACE row 2332 336687415 336690513
NPTRACE row 2333 336703705 336707292
NPTRACE row 2334 336720937 336723769
NPTRACE row 2335 336736991 336740466
NPTRACE row 2336 336753782 336757009
NPTRACE row 2337 336768728 336769561
NPTRACE row 2338 336786766 336790454
NPTRACE row 2339 336802504 336803456
NPTRACE row 2340 336818214 336819616
NPTRACE row 2341 336830591 336832221
NPTRACE row 2342 336851977 336853164
NPTRACE row 2343 336867629 336869699
NPTRACE row 2344 336884809 336886496
NPTRACE row 2345 336901010 336903014
NPTRACE row 2346 336917765 336919774
NPTRACE row 2347 336934354 336936192
NPTRACE row 2348 336950952 336953387
NPTRACE row 2349 336963992 336965441
NPTRACE row 2350 336985854 336986501
NPTRACE row 2351 337002350 337003058
NPTRACE row 2352 337020009 337023985
NPTRACE row 2353 337035546 337036424
NPTRACE row 2354 337053116 337056968
NPTRACE row 2355 337068154 337069674
NPTRACE row 2356 337086672 337090387
NPTRACE row 2357 337099424 337103172
NPTRACE row 2358 337120818 337124005
NPTRACE row 2359 337136696 337140246
NPTRACE row 2360 337152190 337152886
NPTRACE row 2361 337167541 337169545
NPTRACE row 2362 337184891 337186669
NPTRACE row 2363 337201540 337202972
NPTRACE row 2364 337218588 337219607
NPTRACE row 2365 337231819 337232176
NPTRACE row 2366 337251976 337253352
NPTRACE row 2367 337267588 337269726
NPTRACE row 2368 337285980 337286289
NPTRACE row 2369 337301184 337303047
NPTRACE row 2370 337318570 337319682
NPTRACE row 2371 337334302 337336237
NPTRACE row 2372 337352125 337353131
NPTRACE row 2373 337365828 337369619
NPTRACE row 2374 337382717 337386231
NPTRACE row 2375 337409569 337411565
NPTRACE row 2376 337431839 337433013
NPTRACE row 2377 337447708 337449071
NPTRACE row 2378 337463311 337465688
NPTRACE row 2379 337479223 337482077
NPTRACE row 2380 337494374 337494816
NPTRACE row 2381 337507953 337511368
NPTRACE row 2382 337521376 337523870
NPTRACE row 2383 337538101 337540582
NPTRACE row 2384 337554257 337557241
NPTRACE row 2385 337568829 337569587
NPTRACE row 2386 337584425 337586365
NPTRACE row 2387 337601455 337603068
NPTRACE row 2388 337617390 337619680
NPTRACE row 2389 337634022 337636290
NPTRACE row 2390 337647062 337648846
NPTRACE row 2391 337667081 337669888
NPTRACE row 2392 337686401 337690292
NPTRACE row 2393 337701772 337703072
NPTRACE row 2394 337717362 337719721
NPTRACE row 2395 337733579 337736256
NPTRACE row 2396 337750765 337753470
NPTRACE row 2397 337767958 337769699
NPTRACE row 2398 337779924 337782183
NPTRACE row 2399 337802008 337803072
NPTRACE end cf612993f7623835
