case,variant,kind,exact,failure,bytes,encode_ms,original_cli_exact,sha256
colours,raw,raw,True,,64,0.002533333333333333,False,fdeab9acf3710362bd2658cdc9a29e8f9c757fcf9811603a8c447cd1d9151108
colours,rle2,rle2,True,,78,0.00252,False,48023b4fd9fda7d29033d9dfebc45b2446a9ceab882fdc1aaeb54f5ec41f974d
colours,szip-o0-b32768-r1-i0,szip,True,,88,0.01239,False,dd1527f3c44c043fa1be01fe59923955f40a59e74c4e88172a17625f6c4c7031
colours,szip-o0-b131072-r1-i0,szip,True,,88,0.00952,False,dd1527f3c44c043fa1be01fe59923955f40a59e74c4e88172a17625f6c4c7031
colours,szip-o0-b4259840-r1-i0,szip,True,,88,0.010113333333333334,False,dd1527f3c44c043fa1be01fe59923955f40a59e74c4e88172a17625f6c4c7031
colours,szip-o3-b32768-r1-i0,szip,True,,88,0.030409666666666665,False,a3eecf19a00c4d0df99913c0c4c50241baf1e26a2c543f2d4e17b26a37965a45
colours,szip-o3-b131072-r1-i0,szip,True,,88,0.03278333333333333,False,a3eecf19a00c4d0df99913c0c4c50241baf1e26a2c543f2d4e17b26a37965a45
colours,szip-o3-b4259840-r1-i0,szip,True,,88,0.03078,False,a3eecf19a00c4d0df99913c0c4c50241baf1e26a2c543f2d4e17b26a37965a45
colours,szip-o4-b32768-r1-i0,szip,True,,88,0.03074333333333333,False,582fcf5c6aaf9c9ecb2a30617413d46a65f0b71e4b542a087b30ae592f5f7e53
colours,szip-o4-b131072-r1-i0,szip,True,,88,0.03015,False,582fcf5c6aaf9c9ecb2a30617413d46a65f0b71e4b542a087b30ae592f5f7e53
colours,szip-o4-b4259840-r1-i0,szip,True,,88,0.030293333333333332,False,582fcf5c6aaf9c9ecb2a30617413d46a65f0b71e4b542a087b30ae592f5f7e53
colours,szip-o6-b32768-r1-i0,szip,True,,88,0.030806666666666666,False,6ebe4fe30217f2093568508bbb9df41fba13d351d4797c84c3249a9eb79c66a5
colours,szip-o6-b131072-r1-i0,szip,True,,88,0.031076666666666666,False,6ebe4fe30217f2093568508bbb9df41fba13d351d4797c84c3249a9eb79c66a5
colours,szip-o6-b4259840-r1-i0,szip,True,,88,0.03132666666666666,False,6ebe4fe30217f2093568508bbb9df41fba13d351d4797c84c3249a9eb79c66a5
colours,szip-o0-b4259840-r1-i1,szip,True,,33,0.01069,False,969ee0e12a008703a95174eb56ccbcdf90794c30a99d4d4ab7ff3d0ede0bfbf4
colours,szip-o0-b4259840-r2-i0,szip,True,,89,0.00955,False,98e38b0320efcd0b11710a78768e76f9962f4403c3f5c3ffb7825d55deec5fea
colours,szip-o0-b4259840-r2-i1,szip,True,,35,0.011753,False,96033db1d355878fa8eb0a13a641fec73b58a35b0f98813bb5776e84f6b39600
colours,szip-o0-b4259840-r3-i0,szip,True,,89,0.009646666666666666,False,9afaff874caa0fdea799ffa8bf161271fbac533d6ed16339004c5d50f4e02896
colours,szip-o0-b4259840-r3-i1,szip,True,,38,0.013126666666666667,False,67bfdeaa83bfc732d819c360be411b1fdec6698516d0edd5491dc57e0ff1e3c9
colours,szip-o0-b4259840-r4-i0,szip,True,,90,0.00974,False,211cececf02dbbcb10d0532998a050874c6e7d2780d615bfefa05bef3d73d604
colours,szip-o0-b4259840-r4-i1,szip,True,,36,0.012483000000000001,False,036774bbc157f02b16feffe883f5b32fb7460f1c8305f15098d07a9f07886c06
colours,szip-o0-b4259840-r8-i0,szip,True,,92,0.00964,False,d9693d58f91c4dff989a81187abfebf0c06f07490dbb63f904bad5907edc22b4
colours,szip-o0-b4259840-r8-i1,szip,True,,36,0.01321,False,1c9c8bcf0732b896af95e8555ad6710b3d516dc903b577d2425e256574969c0e
colours,szip-o4-b4259840-r1-i1,szip,True,,34,0.028046333333333333,False,39c023fee4ce1bdc1cfc5aea4ff69136a71102e05f0bb8b36ce3fd188aa3bdab
colours,szip-o4-b4259840-r2-i0,szip,True,,89,0.03076,False,24418b9e455663e73c6e94bc343354b6a0b1d1b3949a2dd745704140c1d49f10
colours,szip-o4-b4259840-r2-i1,szip,True,,36,0.028076666666666666,False,73b2070797f3a34e9c31dfd7cba6e51636e87811f2a91188e94dcf7d9051750e
colours,szip-o4-b4259840-r3-i0,szip,True,,89,0.030623333333333332,False,5bde97853fb495b68d88c02b176e0847f2ae271535d778c2f9071db05ab941c9
colours,szip-o4-b4259840-r3-i1,szip,True,,39,0.02817633333333333,False,9a65d00fe8d192cb10d16942c2820a257a7d71db968eac57d8f9da1663805ab7
colours,szip-o4-b4259840-r4-i0,szip,True,,90,0.030549666666666666,False,76de4d70c3948f96ddf3b654fb180da3393001f57a8bf026a798c6ebcd682bd9
colours,szip-o4-b4259840-r4-i1,szip,True,,40,0.02802,False,f95a0f2739792e411e404b9a14c0cc9f754f5a92a6af0a96559cc374dde200e6
colours,szip-o4-b4259840-r8-i0,szip,True,,92,0.03180666666666667,False,4f93c41e9d797dfe3a7f56e112817e863f75c7e3954a3f3c2fe93e82c0549f94
colours,szip-o4-b4259840-r8-i1,szip,True,,43,0.027943,False,3b4ad0a9073d184cbebaf88ade853c357d64de38b167131fe02c40818d995ce5
colours,srle2-o0-b32768-r1-i0,srle2,True,,111,0.01442,False,539e7cb138bb548af0cd40c41c725b606798741c80d87ef38a28450d08645d7f
colours,srle2-o0-b131072-r1-i0,srle2,True,,111,0.012426333333333333,False,539e7cb138bb548af0cd40c41c725b606798741c80d87ef38a28450d08645d7f
colours,srle2-o0-b4259840-r1-i0,srle2,True,,111,0.013213333333333334,False,539e7cb138bb548af0cd40c41c725b606798741c80d87ef38a28450d08645d7f
colours,srle2-o3-b32768-r1-i0,srle2,True,,111,0.033453000000000004,False,582d592ef974d82991456482ae171fb7214e0a4d05764055e55bd9bd29da90ce
colours,srle2-o3-b131072-r1-i0,srle2,True,,111,0.03313,False,582d592ef974d82991456482ae171fb7214e0a4d05764055e55bd9bd29da90ce
colours,srle2-o3-b4259840-r1-i0,srle2,True,,111,0.034659666666666665,False,582d592ef974d82991456482ae171fb7214e0a4d05764055e55bd9bd29da90ce
colours,srle2-o4-b32768-r1-i0,srle2,True,,111,0.03285333333333333,False,140acdff48c305d9a30d0f97fda785ad0b5cb5312fa5dc46a7912e718521eba9
colours,srle2-o4-b131072-r1-i0,srle2,True,,111,0.032923,False,140acdff48c305d9a30d0f97fda785ad0b5cb5312fa5dc46a7912e718521eba9
colours,srle2-o4-b4259840-r1-i0,srle2,True,,111,0.03479,False,140acdff48c305d9a30d0f97fda785ad0b5cb5312fa5dc46a7912e718521eba9
colours,srle2-o6-b32768-r1-i0,srle2,True,,111,0.03355333333333333,False,14b270239f0e91dd7f35b9fbd4b286dfac69b66f206e9f1c17c9ceb06a9a52c9
colours,srle2-o6-b131072-r1-i0,srle2,True,,111,0.03342333333333333,False,14b270239f0e91dd7f35b9fbd4b286dfac69b66f206e9f1c17c9ceb06a9a52c9
colours,srle2-o6-b4259840-r1-i0,srle2,True,,111,0.033273,False,14b270239f0e91dd7f35b9fbd4b286dfac69b66f206e9f1c17c9ceb06a9a52c9
colours,srle2-o0-b4259840-r1-i1,srle2,True,,51,0.014033,False,173f3b0964596311454402d7af3fde6f8f4fecf7f97eb99b3a5cd36574d157e8
colours,srle2-o0-b4259840-r2-i0,srle2,True,,112,0.012583333333333334,False,e07e57a94285409a14890407a8ed457f994f06be2425cd8faee0508b3892da6e
colours,srle2-o0-b4259840-r2-i1,srle2,True,,54,0.015429666666666668,False,bca4bc275d33fc5ad2a881a32c2363c46e1a17ee0ee65dc353777e102cf61dcb
colours,srle2-o0-b4259840-r3-i0,srle2,True,,112,0.012603333333333333,False,852ac0acaec69fa569fec3bb85d3da82a9215a03ccfb46def7300c277d944cc8
colours,srle2-o0-b4259840-r3-i1,srle2,True,,57,0.014666666666666666,False,50c94b65fadb0a8f5d1f50511f07b5a73bb6f39e7ce4c7ffa6ee0a5062214232
colours,srle2-o0-b4259840-r4-i0,srle2,True,,110,0.01241,False,906d2fa9d91b24f957902679105c35667c9f4f6b05b3d48a2a231ea0650d859f
colours,srle2-o0-b4259840-r4-i1,srle2,True,,57,0.013536333333333334,False,898c9af8547912d774543f6c90efa6bbd4ad7307f76ec669877faefd69c93ff1
colours,srle2-o0-b4259840-r8-i0,srle2,True,,112,0.012289666666666667,False,b97abc38576fd2a26806f02182bee0b6c1473663c31bd82392951b1d46036b80
colours,srle2-o0-b4259840-r8-i1,srle2,True,,62,0.01406,False,0c07b0beaa42462ae8b23ec7e629aaabd693e18191905d84379b286ec5a5f77b
colours,srle2-o4-b4259840-r1-i1,srle2,True,,51,0.029829666666666668,False,4a6e9c0689f311c6cbf586d4bcdd972a250740249b3e32215413e18622edf27b
colours,srle2-o4-b4259840-r2-i0,srle2,True,,112,0.03388633333333333,False,0eea992a7b56994014a2b4ea84afabb6b6d17466a818e6ac24cfea894fda7e18
colours,srle2-o4-b4259840-r2-i1,srle2,True,,56,0.030269666666666667,False,891d19efdb715e20a29a371994658eb4b3070fe4fa14cf7a42be1a25df1b28c9
colours,srle2-o4-b4259840-r3-i0,srle2,True,,112,0.033883,False,4d34abeb74add4d67e546d6c92290c36607e4cdadf4c49fde7733075b09165e2
colours,srle2-o4-b4259840-r3-i1,srle2,True,,57,0.030676666666666668,False,4a4b4f82e25f5009e93f94d05665246ad63f7a0ee2195eec8e28f05cce660393
colours,srle2-o4-b4259840-r4-i0,srle2,True,,110,0.03366333333333333,False,62beb9131d18452731a0ae29c4287ae6b29db3d984901f341f6b3692d924a9c7
colours,srle2-o4-b4259840-r4-i1,srle2,True,,60,0.030603333333333333,False,e848e281fcb83a8dac9478d36c217261eec81803abf23179416a3853a0782035
colours,srle2-o4-b4259840-r8-i0,srle2,True,,112,0.033566,False,34a0651c89911512e406a4bd4e3e67d90f5d1dbd155da367a8c62f309fd98b45
colours,srle2-o4-b4259840-r8-i1,srle2,True,,65,0.03160333333333333,False,8a92d5ac7409390342c039a52fa50c71ce0c3a04b39d1b6e26c1630b4fe2a989
colours,png-l1-s0-f0,png,True,,334,0.01271,False,da06869a00f542516a524a742a42b762af3dd937d1a2cbc9a1aac4b24921a3cd
colours,png-l1-s0-f1,png,True,,274,0.006476666666666666,False,971c8a90b8307d118f86291ade534e065fd8943f3ca46862d97b5040f2f3feb4
colours,png-l1-s0-f2,png,True,,334,0.01143,False,b9de757c1abda53538f64ad6382078e5ba33a452182d339fc103fed822d03f07
colours,png-l1-s3-f0,png,True,,334,0.009153333333333333,False,da06869a00f542516a524a742a42b762af3dd937d1a2cbc9a1aac4b24921a3cd
colours,png-l1-s3-f1,png,True,,274,0.005993333333333333,False,971c8a90b8307d118f86291ade534e065fd8943f3ca46862d97b5040f2f3feb4
colours,png-l1-s3-f2,png,True,,334,0.00893,False,b9de757c1abda53538f64ad6382078e5ba33a452182d339fc103fed822d03f07
colours,png-l1-s2-f0,png,True,,334,0.007923333333333333,False,da06869a00f542516a524a742a42b762af3dd937d1a2cbc9a1aac4b24921a3cd
colours,png-l1-s2-f1,png,True,,288,0.006606666666666667,False,c692095da39cb3f7fcafc1443b03793d7dd7ff6b67e9268f4d9a2639f300343a
colours,png-l1-s2-f2,png,True,,334,0.00841,False,b9de757c1abda53538f64ad6382078e5ba33a452182d339fc103fed822d03f07
colours,png-l3-s0-f0,png,True,,334,0.008523333333333334,False,07fad86b04a12d7cb1f0e143b39021ce124c67b6583d02652c5ea4583e5341fd
colours,png-l3-s0-f1,png,True,,274,0.005716666666666667,False,2d7d3aff01c1a9df0574e23be7b9c0887ec0a17dcd2605efdbc72a1f6fee0499
colours,png-l3-s0-f2,png,True,,334,0.008083,False,8a8c818bfe0a41a8ffefbc64c5d100cebfbc8ece82e9e77189df285b3bdecfba
colours,png-l3-s3-f0,png,True,,334,0.00817,False,da06869a00f542516a524a742a42b762af3dd937d1a2cbc9a1aac4b24921a3cd
colours,png-l3-s3-f1,png,True,,274,0.005823333333333333,False,971c8a90b8307d118f86291ade534e065fd8943f3ca46862d97b5040f2f3feb4
colours,png-l3-s3-f2,png,True,,334,0.00814,False,b9de757c1abda53538f64ad6382078e5ba33a452182d339fc103fed822d03f07
colours,png-l3-s2-f0,png,True,,334,0.007906666666666666,False,da06869a00f542516a524a742a42b762af3dd937d1a2cbc9a1aac4b24921a3cd
colours,png-l3-s2-f1,png,True,,288,0.006573333333333334,False,c692095da39cb3f7fcafc1443b03793d7dd7ff6b67e9268f4d9a2639f300343a
colours,png-l3-s2-f2,png,True,,334,0.008166666666666666,False,b9de757c1abda53538f64ad6382078e5ba33a452182d339fc103fed822d03f07
tiny,raw,raw,True,,1,0.0016733333333333333,False,2f0fd1e89b8de1d57292742ec380ea47066e307ad645f5bc3adad8a06ff58608
tiny,rle2,rle2,True,,15,0.0015933333333333333,False,6158f1ca8810876af25e261a5146b67e4c38086c3285f943bef1413dec0fcff8
tiny,szip-o0-b32768-r1-i0,szip,True,,25,0.005286333333333333,False,6e24ccc6fe5cbf3d81edf3814d6b8a998beb196e545ecc22d1e9189bc7c03265
tiny,szip-o0-b131072-r1-i0,szip,True,,25,0.0046366666666666665,False,6e24ccc6fe5cbf3d81edf3814d6b8a998beb196e545ecc22d1e9189bc7c03265
tiny,szip-o0-b4259840-r1-i0,szip,True,,25,0.0044533333333333334,False,6e24ccc6fe5cbf3d81edf3814d6b8a998beb196e545ecc22d1e9189bc7c03265
tiny,szip-o3-b32768-r1-i0,szip,True,,25,0.0043100000000000005,False,6e24ccc6fe5cbf3d81edf3814d6b8a998beb196e545ecc22d1e9189bc7c03265
tiny,szip-o3-b131072-r1-i0,szip,True,,25,0.0043,False,6e24ccc6fe5cbf3d81edf3814d6b8a998beb196e545ecc22d1e9189bc7c03265
tiny,szip-o3-b4259840-r1-i0,szip,True,,25,0.004373333333333333,False,6e24ccc6fe5cbf3d81edf3814d6b8a998beb196e545ecc22d1e9189bc7c03265
tiny,szip-o4-b32768-r1-i0,szip,True,,25,0.004333333333333333,False,6e24ccc6fe5cbf3d81edf3814d6b8a998beb196e545ecc22d1e9189bc7c03265
tiny,szip-o4-b131072-r1-i0,szip,True,,25,0.0044466666666666665,False,6e24ccc6fe5cbf3d81edf3814d6b8a998beb196e545ecc22d1e9189bc7c03265
tiny,szip-o4-b4259840-r1-i0,szip,True,,25,0.00441,False,6e24ccc6fe5cbf3d81edf3814d6b8a998beb196e545ecc22d1e9189bc7c03265
tiny,szip-o6-b32768-r1-i0,szip,True,,25,0.004426666666666666,False,6e24ccc6fe5cbf3d81edf3814d6b8a998beb196e545ecc22d1e9189bc7c03265
tiny,szip-o6-b131072-r1-i0,szip,True,,25,0.004316666666666667,False,6e24ccc6fe5cbf3d81edf3814d6b8a998beb196e545ecc22d1e9189bc7c03265
tiny,szip-o6-b4259840-r1-i0,szip,True,,25,0.00443,False,6e24ccc6fe5cbf3d81edf3814d6b8a998beb196e545ecc22d1e9189bc7c03265
tiny,szip-o0-b4259840-r1-i1,szip,True,,25,0.004346666666666667,False,6e24ccc6fe5cbf3d81edf3814d6b8a998beb196e545ecc22d1e9189bc7c03265
tiny,szip-o0-b4259840-r2-i0,szip,True,,25,0.004333333333333333,False,6e24ccc6fe5cbf3d81edf3814d6b8a998beb196e545ecc22d1e9189bc7c03265
tiny,szip-o0-b4259840-r2-i1,szip,True,,25,0.004376666666666667,False,6e24ccc6fe5cbf3d81edf3814d6b8a998beb196e545ecc22d1e9189bc7c03265
tiny,szip-o0-b4259840-r3-i0,szip,True,,25,0.004353333333333333,False,6e24ccc6fe5cbf3d81edf3814d6b8a998beb196e545ecc22d1e9189bc7c03265
tiny,szip-o0-b4259840-r3-i1,szip,True,,25,0.0042966666666666665,False,6e24ccc6fe5cbf3d81edf3814d6b8a998beb196e545ecc22d1e9189bc7c03265
tiny,szip-o0-b4259840-r4-i0,szip,True,,25,0.004236666666666666,False,6e24ccc6fe5cbf3d81edf3814d6b8a998beb196e545ecc22d1e9189bc7c03265
tiny,szip-o0-b4259840-r4-i1,szip,True,,25,0.004386666666666666,False,6e24ccc6fe5cbf3d81edf3814d6b8a998beb196e545ecc22d1e9189bc7c03265
tiny,szip-o0-b4259840-r8-i0,szip,True,,25,0.004339666666666667,False,6e24ccc6fe5cbf3d81edf3814d6b8a998beb196e545ecc22d1e9189bc7c03265
tiny,szip-o0-b4259840-r8-i1,szip,True,,25,0.00442,False,6e24ccc6fe5cbf3d81edf3814d6b8a998beb196e545ecc22d1e9189bc7c03265
tiny,szip-o4-b4259840-r1-i1,szip,True,,25,0.00488,False,6e24ccc6fe5cbf3d81edf3814d6b8a998beb196e545ecc22d1e9189bc7c03265
tiny,szip-o4-b4259840-r2-i0,szip,True,,25,0.0044466666666666665,False,6e24ccc6fe5cbf3d81edf3814d6b8a998beb196e545ecc22d1e9189bc7c03265
tiny,szip-o4-b4259840-r2-i1,szip,True,,25,0.004353333333333333,False,6e24ccc6fe5cbf3d81edf3814d6b8a998beb196e545ecc22d1e9189bc7c03265
tiny,szip-o4-b4259840-r3-i0,szip,True,,25,0.004363333333333334,False,6e24ccc6fe5cbf3d81edf3814d6b8a998beb196e545ecc22d1e9189bc7c03265
tiny,szip-o4-b4259840-r3-i1,szip,True,,25,0.00436,False,6e24ccc6fe5cbf3d81edf3814d6b8a998beb196e545ecc22d1e9189bc7c03265
tiny,szip-o4-b4259840-r4-i0,szip,True,,25,0.004403333333333334,False,6e24ccc6fe5cbf3d81edf3814d6b8a998beb196e545ecc22d1e9189bc7c03265
tiny,szip-o4-b4259840-r4-i1,szip,True,,25,0.004376666666666667,False,6e24ccc6fe5cbf3d81edf3814d6b8a998beb196e545ecc22d1e9189bc7c03265
tiny,szip-o4-b4259840-r8-i0,szip,True,,25,0.00439,False,6e24ccc6fe5cbf3d81edf3814d6b8a998beb196e545ecc22d1e9189bc7c03265
tiny,szip-o4-b4259840-r8-i1,szip,True,,25,0.004343333333333334,False,6e24ccc6fe5cbf3d81edf3814d6b8a998beb196e545ecc22d1e9189bc7c03265
tiny,srle2-o0-b32768-r1-i0,srle2,True,,46,0.009993333333333333,False,8528ed792a620b7b133f3b0ed6c2d879a891aad6b49cfde759e64ed89153d3cc
tiny,srle2-o0-b131072-r1-i0,srle2,True,,46,0.007676333333333334,False,8528ed792a620b7b133f3b0ed6c2d879a891aad6b49cfde759e64ed89153d3cc
tiny,srle2-o0-b4259840-r1-i0,srle2,True,,46,0.00756,False,8528ed792a620b7b133f3b0ed6c2d879a891aad6b49cfde759e64ed89153d3cc
tiny,srle2-o3-b32768-r1-i0,srle2,True,,46,0.030346333333333333,False,edd3b65fdbc91f5f827a263508b2db28fbc9510b76d75f73428ee25009e43ae8
tiny,srle2-o3-b131072-r1-i0,srle2,True,,46,0.029109666666666666,False,edd3b65fdbc91f5f827a263508b2db28fbc9510b76d75f73428ee25009e43ae8
tiny,srle2-o3-b4259840-r1-i0,srle2,True,,46,0.0292,False,edd3b65fdbc91f5f827a263508b2db28fbc9510b76d75f73428ee25009e43ae8
tiny,srle2-o4-b32768-r1-i0,srle2,True,,46,0.049703000000000004,False,d4144a77c599a62a93afb1c78d5cc0e6d33e71fe4467751d1eac1e811e046245
tiny,srle2-o4-b131072-r1-i0,srle2,True,,46,0.028439666666666665,False,d4144a77c599a62a93afb1c78d5cc0e6d33e71fe4467751d1eac1e811e046245
tiny,srle2-o4-b4259840-r1-i0,srle2,True,,46,0.041556666666666665,False,d4144a77c599a62a93afb1c78d5cc0e6d33e71fe4467751d1eac1e811e046245
tiny,srle2-o6-b32768-r1-i0,srle2,True,,46,0.029583333333333333,False,df45e8312c0d3d0adadf53817322e02bf2c6306de6d110f1f87ee11aeed30191
tiny,srle2-o6-b131072-r1-i0,srle2,True,,46,0.030259666666666667,False,df45e8312c0d3d0adadf53817322e02bf2c6306de6d110f1f87ee11aeed30191
tiny,srle2-o6-b4259840-r1-i0,srle2,True,,46,0.029113,False,df45e8312c0d3d0adadf53817322e02bf2c6306de6d110f1f87ee11aeed30191
tiny,srle2-o0-b4259840-r1-i1,srle2,True,,48,0.008036666666666668,False,8ffa874973f70a7295b6f383dd3ef390bcc1d217cccfac3c995449daa3dc5db2
tiny,srle2-o0-b4259840-r2-i0,srle2,True,,47,0.0077466666666666665,False,b7e2898d76bf85d4f7a02797b91a80b9371af7e5e537c9d4ae567e84d8920f4c
tiny,srle2-o0-b4259840-r2-i1,srle2,True,,49,0.007813333333333334,False,0431eff9fb6cf7a85ff44dae433d5685da6b1ecb32fa24ea4945eaa374da9a1d
tiny,srle2-o0-b4259840-r3-i0,srle2,True,,47,0.0077866666666666666,False,5d5870f13bbecf8ee655f429e3d4055482b05d60e349d122fd626010a381a321
tiny,srle2-o0-b4259840-r3-i1,srle2,True,,49,0.007996666666666666,False,581829336be8f6f30409f9b652683b3b7de3ffc3e5b6886f752bb5a78420ba7a
tiny,srle2-o0-b4259840-r4-i0,srle2,True,,46,0.008003333333333333,False,e9f195c1f759cad868368dbab2e07832801b452237df04e77bb8f60d976d5eca
tiny,srle2-o0-b4259840-r4-i1,srle2,True,,49,0.00793,False,b672e17cbe880b3ff8f4691c53140e11c386f140fe70d2e2d4065f43dc5c533d
tiny,srle2-o0-b4259840-r8-i0,srle2,True,,46,0.0077599999999999995,False,d65ee72af913cb09d743d0847c7be02618681b9a7f0a07fb38f4d06c37a55ed4
tiny,srle2-o0-b4259840-r8-i1,srle2,True,,48,0.008046666666666667,False,760d748e26280d15c317a766c1f40c405d36682ae3dff64a587fd7e0775e305c
tiny,srle2-o4-b4259840-r1-i1,srle2,True,,48,0.029036333333333334,False,0769553805fff1adcf426089530e6d278b52d9a4bb6b59175ad430be62c84612
tiny,srle2-o4-b4259840-r2-i0,srle2,True,,47,0.028650000000000002,False,5dadf09641cc6868e532c06d81d3306659be2e2f891327472a33accfaf0df063
tiny,srle2-o4-b4259840-r2-i1,srle2,True,,49,0.02911966666666667,False,d59c4e8083c564cd94058efa589f1a1c5594073130013f0b6a88c1f12a8a7abd
tiny,srle2-o4-b4259840-r3-i0,srle2,True,,47,0.029116333333333334,False,516e9cf2d8e81ef24fc995d6e0141dd9b82d6444ff61c986af77864eb3f3ca34
tiny,srle2-o4-b4259840-r3-i1,srle2,True,,49,0.028983333333333333,False,864f54facaf27b71fd71a5f84d850da4f3f691929dce445ee9a5d7f0b1de5dd7
tiny,srle2-o4-b4259840-r4-i0,srle2,True,,46,0.028436666666666666,False,52151bc6dcde08bb6348ff9b5062e76172b67b01340502ab2f65833f77acf7b4
tiny,srle2-o4-b4259840-r4-i1,srle2,True,,49,0.028929666666666666,False,26d86275f8f1bed438f39c7544b48902eabddbb1daab0f3b6e4f5c126b43d951
tiny,srle2-o4-b4259840-r8-i0,srle2,True,,46,0.02862,False,587f8007b639cdc49ec511f18ff928e0546d44854e9d6e5be0d0027aa306dbd9
tiny,srle2-o4-b4259840-r8-i1,srle2,True,,48,0.028666666666666667,False,a9270f80c6632bb2fc198bda9b3ef5d3b6ae328eea7e3e9189e2644e4e9b9320
tiny,png-l1-s0-f0,png,True,,271,0.00645,False,de90419735e06c348c938e41809b8555c497425a6119e5f6af0147e0e6cdfd67
tiny,png-l1-s0-f1,png,True,,271,0.005926666666666667,False,83f148d28360db75371b0820d967a8608ee25cc4fa7b98be93463c45474a979c
tiny,png-l1-s0-f2,png,True,,271,0.005656666666666667,False,b52ca31a5e1530d5068771899ad34ea1a0f69d20a6dc58a434c6161bc96da8c5
tiny,png-l1-s3-f0,png,True,,271,0.005733,False,de90419735e06c348c938e41809b8555c497425a6119e5f6af0147e0e6cdfd67
tiny,png-l1-s3-f1,png,True,,271,0.0057799999999999995,False,83f148d28360db75371b0820d967a8608ee25cc4fa7b98be93463c45474a979c
tiny,png-l1-s3-f2,png,True,,271,0.00569,False,b52ca31a5e1530d5068771899ad34ea1a0f69d20a6dc58a434c6161bc96da8c5
tiny,png-l1-s2-f0,png,True,,271,0.005623,False,de90419735e06c348c938e41809b8555c497425a6119e5f6af0147e0e6cdfd67
tiny,png-l1-s2-f1,png,True,,271,0.005893,False,83f148d28360db75371b0820d967a8608ee25cc4fa7b98be93463c45474a979c
tiny,png-l1-s2-f2,png,True,,271,0.005563333333333333,False,b52ca31a5e1530d5068771899ad34ea1a0f69d20a6dc58a434c6161bc96da8c5
tiny,png-l3-s0-f0,png,True,,271,0.007129666666666667,False,a6857ba3285dd90eec16183669e6b9b916a12bd86605b7bb5bea4250dcb5f33b
tiny,png-l3-s0-f1,png,True,,271,0.005573333333333334,False,075afbb4ebef040ad6f9a7b96f1611b2afdf84b5183c37684b43f2ce1e321542
tiny,png-l3-s0-f2,png,True,,271,0.005513333333333334,False,7ca1611830e7beaea0b3fbcb4ff8fef5d1ccf1f9d44735e58dc0cb0f8efff1ef
tiny,png-l3-s3-f0,png,True,,271,0.005506666666666667,False,de90419735e06c348c938e41809b8555c497425a6119e5f6af0147e0e6cdfd67
tiny,png-l3-s3-f1,png,True,,271,0.0063033333333333335,False,83f148d28360db75371b0820d967a8608ee25cc4fa7b98be93463c45474a979c
tiny,png-l3-s3-f2,png,True,,271,0.005583333333333333,False,b52ca31a5e1530d5068771899ad34ea1a0f69d20a6dc58a434c6161bc96da8c5
tiny,png-l3-s2-f0,png,True,,271,0.005573,False,de90419735e06c348c938e41809b8555c497425a6119e5f6af0147e0e6cdfd67
tiny,png-l3-s2-f1,png,True,,271,0.005533333333333334,False,83f148d28360db75371b0820d967a8608ee25cc4fa7b98be93463c45474a979c
tiny,png-l3-s2-f2,png,True,,271,0.00549,False,b52ca31a5e1530d5068771899ad34ea1a0f69d20a6dc58a434c6161bc96da8c5
solid,raw,raw,True,,196608,0.005349666666666667,False,4bd4c4b675183fb84ef2d62b81fe4d4c5c31dc3ce73cac94c24fbb2330547018
solid,rle2,rle2,True,,3040,0.05769666666666667,False,580b9c347612a12f719964f0450170faa71fa02e59d40e3f10963e783d4688a6
solid,szip-o0-b32768-r1-i0,szip,True,,128,1475.140958,False,9b3324cc1b13a1f1e9e5eb0f444f56d541d411f035e31756d0c125fa88d0d2fa
solid,szip-o0-b131072-r1-i0,szip,True,,52,4823.965776666666,False,51ab558e2624f49607a3eed24786f1a3ef5b1eab606fb7dfd25cb1aa2d69d776
solid,szip-o0-b4259840-r1-i0,szip,True,,33,8007.707666666667,False,39fa69cc12032ae73650586018a161f771d4245a760fb99aab7fbd8bd11d97ba
solid,szip-o3-b32768-r1-i0,szip,True,,128,0.5659503333333333,False,7cbbb94c43610be5bc0d93745307b6416451036d669858fd5913baea0c99a1c4
solid,szip-o3-b131072-r1-i0,szip,True,,52,0.524847,False,0385488393a55abf1b879df2907776a9d6931c30a49a611a8b46c5580f2fca74
solid,szip-o3-b4259840-r1-i0,szip,True,,33,0.479457,False,a2ab4ffd128b7b8f1e1dbeb1ffd664a1aade594e9fd7a3cbfc7f473afb7fc616
solid,szip-o4-b32768-r1-i0,szip,True,,128,0.42877766666666667,False,eeea4eed44296ecafcd5943a9de332276c8a490010345c8da437856def9652ee
solid,szip-o4-b131072-r1-i0,szip,True,,52,0.36460766666666666,False,ed2fda0931cae0903bd1af473adabbfe49facacb0e42ac050e3710f248ff807e
solid,szip-o4-b4259840-r1-i0,szip,True,,33,0.344408,False,1ed32efbc0b390d756f0595f6ced4d6a55b67863060c499860bddbe3f93823e8
solid,szip-o6-b32768-r1-i0,szip,True,,128,1.033454,False,bf4579251ece31f5d5a71f26a12296dd3f7908a7fd390b179beeb531910b409d
solid,szip-o6-b131072-r1-i0,szip,True,,52,0.955788,False,828d1ec121913c2cd4989a972b24bf069bd0d47228ad13ff25da76976a4aa86b
solid,szip-o6-b4259840-r1-i0,szip,True,,33,0.9404213333333333,False,e0d904cd80f6062a3d3a0c6cd831fedad05e64c8c24d7a5eb97a2e75d6ee828b
solid,szip-o0-b4259840-r1-i1,szip,True,,34,8077.283991666667,False,ca9c058ed99069fee380feabbddb96341cb7c0e6865235097f079c741d06f60b
solid,szip-o0-b4259840-r2-i0,szip,True,,33,6604.274559,False,a70269742b0541fbcf77098c7b8bd4413b5c93c44646645eec6208fd8ec05185
solid,szip-o0-b4259840-r2-i1,szip,True,,34,10105.339927,False,06a95f6abe20794ce30b3a4d9c95196a0a1558b8839039d52a6efdfbbb87cf95
solid,szip-o0-b4259840-r3-i0,szip,True,,33,8901.464625333334,False,4e50a966349205c479f785f81f275ddc6d2d5ccae6fec0f88d7fe4c4d7b0e177
solid,szip-o0-b4259840-r3-i1,szip,True,,34,7151.106093333334,False,e7e300580edcc625b2f971315a5df24501826bca7b53f3e6544eda40d5546113
solid,szip-o0-b4259840-r4-i0,szip,True,,33,8139.952192666667,False,7050e7f232dc503cc8ba1f4688b165c229ea5b72117515094bcc378d9e88e9ea
solid,szip-o0-b4259840-r4-i1,szip,True,,34,7439.600162666667,False,843df51586aa817b3a7f631c1bde28e59cceb4d8a8ad67cd7f66da1667a37e23
solid,szip-o0-b4259840-r8-i0,szip,True,,33,8347.701756333334,False,5b2097cd403e5d4a82da0579efc24381ca0154dfb67ef97a5a85640ff40f68f1
solid,szip-o0-b4259840-r8-i1,szip,True,,34,8393.985823666666,False,1ca87bf1784883a41255452463a02e0e3d3599532f4b8ff4dd20fb71c001576a
solid,szip-o4-b4259840-r1-i1,szip,True,,34,0.397348,False,41f675d6ba195826b64d912489c94df4f7870ec2162f4b0e46cad099d91e15b3
solid,szip-o4-b4259840-r2-i0,szip,True,,33,0.4798736666666667,False,b5a3c2faef9aba8315e59f7d19a3dd8a3815f8a3c0ca371af5f2679c4ed08b2f
solid,szip-o4-b4259840-r2-i1,szip,True,,34,0.43597766666666665,False,4e777780787c4973203fe2fa9650c2ceea80983c03cf680ccce656b92328a68f
solid,szip-o4-b4259840-r3-i0,szip,True,,33,0.394938,False,9b507c64b5e61675dc669386de6b9ff3d8a1d465ed89f087ca74605f201e1050
solid,szip-o4-b4259840-r3-i1,szip,True,,34,0.422421,False,53ea5aaf323e141d12086a1d44022b4f961711952d7214b0e260a00dbe98d3fa
solid,szip-o4-b4259840-r4-i0,szip,True,,33,0.387951,False,5a4862797953ee56fea6608b7a3890aba2f8902dda9a1750f47b928d99a4ec46
solid,szip-o4-b4259840-r4-i1,szip,True,,34,0.424891,False,820a0603fbf78c1a93bb2873a8e06ac41544f71e80c70acd153b935fa5b70080
solid,szip-o4-b4259840-r8-i0,szip,True,,33,0.3831576666666667,False,a86b8e84e8cdf2f2c1e6dcc6859262097d82e69dbf66494302c4c3502a1638f7
solid,szip-o4-b4259840-r8-i1,szip,True,,34,0.43157433333333334,False,b91eb9277f37ef28b4b99e1dac48bcae0f1de93414c8c909a6d1f9d4d7e144f5
solid,srle2-o0-b32768-r1-i0,srle2,True,,55,4.721626333333334,False,184855fad983db8d365d22cc3020ccc8d672fdcd1a0893c40f6510becb8b7e67
solid,srle2-o0-b131072-r1-i0,srle2,True,,55,4.493114666666666,False,184855fad983db8d365d22cc3020ccc8d672fdcd1a0893c40f6510becb8b7e67
solid,srle2-o0-b4259840-r1-i0,srle2,True,,55,4.566667333333333,False,184855fad983db8d365d22cc3020ccc8d672fdcd1a0893c40f6510becb8b7e67
solid,srle2-o3-b32768-r1-i0,srle2,True,,55,0.07301966666666666,False,b79f0f4ee73e4a2c913475f0cd8302d0a502ee16760a90842e5580c6d5cb1abb
solid,srle2-o3-b131072-r1-i0,srle2,True,,55,0.07276966666666666,False,b79f0f4ee73e4a2c913475f0cd8302d0a502ee16760a90842e5580c6d5cb1abb
solid,srle2-o3-b4259840-r1-i0,srle2,True,,55,0.09209933333333334,False,b79f0f4ee73e4a2c913475f0cd8302d0a502ee16760a90842e5580c6d5cb1abb
solid,srle2-o4-b32768-r1-i0,srle2,True,,55,0.08794266666666667,False,f544fd82ced23b4266411369a08e724b289554fbc6b98cc3d57bccf29edb5d6b
solid,srle2-o4-b131072-r1-i0,srle2,True,,55,0.08618933333333333,False,f544fd82ced23b4266411369a08e724b289554fbc6b98cc3d57bccf29edb5d6b
solid,srle2-o4-b4259840-r1-i0,srle2,True,,55,0.083106,False,f544fd82ced23b4266411369a08e724b289554fbc6b98cc3d57bccf29edb5d6b
solid,srle2-o6-b32768-r1-i0,srle2,True,,55,0.08036966666666667,False,1ec2fae683542926e853e33f2c386888266d7c4e4f7e608b15f3c9adafc0898f
solid,srle2-o6-b131072-r1-i0,srle2,True,,55,0.07969966666666667,False,1ec2fae683542926e853e33f2c386888266d7c4e4f7e608b15f3c9adafc0898f
solid,srle2-o6-b4259840-r1-i0,srle2,True,,55,0.09417933333333334,False,1ec2fae683542926e853e33f2c386888266d7c4e4f7e608b15f3c9adafc0898f
solid,srle2-o0-b4259840-r1-i1,srle2,True,,58,4.583941,False,fc77ac3ce0361cff41c10367be686dd05cdbc3646953911fa8dbe6b448789e3a
solid,srle2-o0-b4259840-r2-i0,srle2,True,,56,1.138007,False,9fd1f577e62a5b95736b798dd1f672dab2f8f035ccea4a870a481e0887b27255
solid,srle2-o0-b4259840-r2-i1,srle2,True,,56,1.4832946666666667,False,4a9dd664dcf0768fe26d5ca3e61cda08425d45906c8b5c6b04e4be408d0a71ce
solid,srle2-o0-b4259840-r3-i0,srle2,True,,56,1.1245,False,42f89121c3a0767bcd1ce39d640d11f138ec9d3f4bd3c2db024ee9e7e2f0a16d
solid,srle2-o0-b4259840-r3-i1,srle2,True,,64,1.4484286666666666,False,b13eb6b1915f10ae99ec6b6fe50268eab7c0ad8427a7cb26125a58228a882c69
solid,srle2-o0-b4259840-r4-i0,srle2,True,,59,0.8345586666666667,False,c203fa452f984c5bc8b68907083976e30d8a4e4e4d9b98699b823030b014c9d8
solid,srle2-o0-b4259840-r4-i1,srle2,True,,61,0.8361056666666666,False,0e98ee7e6b66a5ab18b02b0e2d26e1b88ffbc0031eac52d21f8bee3b47cffc0b
solid,srle2-o0-b4259840-r8-i0,srle2,True,,61,0.59772,False,58217040208174a981b2fea6ba176aa7b6c074b3597fbfa9641be5119f9e28f7
solid,srle2-o0-b4259840-r8-i1,srle2,True,,65,0.5883233333333333,False,f0ff57c729b98cdb7c904d61eeac85d1eeb3be7194a1559d00fbf72dc7730fe6
solid,srle2-o4-b4259840-r1-i1,srle2,True,,58,0.07063633333333333,False,93bbe749c9850487cfcd82563da2da52105955099d82672b659562677cd5ba01
solid,srle2-o4-b4259840-r2-i0,srle2,True,,57,0.107953,False,72e5687fcc2bdea62744d222b05ba285c607d6c86c3dbe23c5baf9b3b43bae71
solid,srle2-o4-b4259840-r2-i1,srle2,True,,58,0.109129,False,f05964be58814583470035f1d8c46f13f54877ca139a84e105f764bd8c1235a1
solid,srle2-o4-b4259840-r3-i0,srle2,True,,61,0.071216,False,048485449f41670e0145d1134f32782e87d995b02eb06b885ff3b86eb14b2b41
solid,srle2-o4-b4259840-r3-i1,srle2,True,,67,0.07172633333333334,False,ab6ab3f92dbb96a74f9614af06f61dcd371be79595b30d0767bc7e75b8a02284
solid,srle2-o4-b4259840-r4-i0,srle2,True,,64,0.073683,False,1327dded25d68ac0a64b82ae95e001003d0e84a522cdc6ff7e9f817dfb0a0220
solid,srle2-o4-b4259840-r4-i1,srle2,True,,67,0.07680266666666667,False,66108dbfdba282176b62bddb54305aa7bce6acd9f06ac59e515d2ee6ce591036
solid,srle2-o4-b4259840-r8-i0,srle2,True,,74,0.07574966666666667,False,ede105fab8417644fd483b6b18ceaf1b9351c25dd95ec0ad7ac69e3ea5b26112
solid,srle2-o4-b4259840-r8-i1,srle2,True,,80,0.07252966666666667,False,53543b3bae919e1a36bac2ab82ed1ac6a4dd5a3c946fa85fab5de04f44304ad0
solid,png-l1-s0-f0,png,True,,1607,0.24192533333333333,False,c772e88c8e89fb6b827406a848badd9e2ca732c185fde85157b8325b8b750c1f
solid,png-l1-s0-f1,png,True,,1611,0.232075,False,f1ab4448c263e53f7d553767e9d1f08c144061daa91b30d03515e1bf8d6b4fdf
solid,png-l1-s0-f2,png,True,,1609,0.24561866666666665,False,b7cfa30325c130246119c0249adfedc5161bcc20f4c6b1204ba9b1a9ab670bd0
solid,png-l1-s3-f0,png,True,,1051,0.248632,False,abe2cefea6464ce00c5399941e374a925f044b5ce49a899552bfb2eb90696f0e
solid,png-l1-s3-f1,png,True,,1243,0.237072,False,2af998b8a706be89742077b8de69c28536b58503d9a8d278f40cef94edb46fd4
solid,png-l1-s3-f2,png,True,,1052,0.25384833333333334,False,bb73040f01641538d57184687247ccaf16ccc846ab4eaaf0e197f74b83f77ce8
solid,png-l1-s2-f0,png,True,,25112,0.8083726666666666,False,da93861cd64754981319392466554217e9047e0af1ad20ccd2b34a4a9ca27567
solid,png-l1-s2-f1,png,True,,25216,0.8131886666666667,False,84662b1f423b92ddd597047d68402bf073b47507805c71c492d704a96eb38017
solid,png-l1-s2-f2,png,True,,25175,0.8271923333333333,False,882a0a589910606a3d1e7370e2fc0bd874253f16543c06db3e437c0905524346
solid,png-l3-s0-f0,png,True,,1607,0.2510116666666667,False,5eace1e89e9d62595d8bce679c5ff15d585c70cef5b121c8a688cf278ff098a8
solid,png-l3-s0-f1,png,True,,1611,0.23044533333333334,False,073fe0bbe2e8f4f0846ca4ab0ab30601098cca2562e43212e307e9719c010c85
solid,png-l3-s0-f2,png,True,,1609,0.24780866666666668,False,9f5edbf95a045a717478fd782518df3e40cbf6177df9c6121750d3f768c3e0ee
solid,png-l3-s3-f0,png,True,,1051,0.252975,False,abe2cefea6464ce00c5399941e374a925f044b5ce49a899552bfb2eb90696f0e
solid,png-l3-s3-f1,png,True,,1243,0.23761533333333335,False,2af998b8a706be89742077b8de69c28536b58503d9a8d278f40cef94edb46fd4
solid,png-l3-s3-f2,png,True,,1052,0.250372,False,bb73040f01641538d57184687247ccaf16ccc846ab4eaaf0e197f74b83f77ce8
solid,png-l3-s2-f0,png,True,,25112,0.816972,False,da93861cd64754981319392466554217e9047e0af1ad20ccd2b34a4a9ca27567
solid,png-l3-s2-f1,png,True,,25216,0.8056353333333334,False,84662b1f423b92ddd597047d68402bf073b47507805c71c492d704a96eb38017
solid,png-l3-s2-f2,png,True,,25175,0.8479483333333333,False,882a0a589910606a3d1e7370e2fc0bd874253f16543c06db3e437c0905524346
stripes,raw,raw,True,,196608,0.005026666666666666,False,db9e4564d99126ada90d4997181e0e41bcad46a4136a02fa55a02bb9b76f9860
stripes,rle2,rle2,True,,24590,0.04848333333333334,False,117cf92f99a861a5749d5eed38be1e02e2a91128fb679ac5ed1a570c51f88ce7
stripes,szip-o0-b32768-r1-i0,szip,True,,644,3539.655769,False,188b67fe37af83daa8e285d7c5124cf6e0ebcae3c71cabbce540fac5241a2f7c
stripes,szip-o0-b131072-r1-i0,szip,True,,237,17030.228186666667,False,830736db4fc59bd423e8eee794e4ec6d40a6a972aac0523ea86f998e4b276339
stripes,szip-o0-b4259840-r1-i0,szip,False,screening timeout: four encodes plus verification exceeded 5 seconds,0,,False,
stripes,szip-o3-b32768-r1-i0,szip,True,,6314,2.9149833333333333,False,bd6ad9e26462fe29ffa1578a46ae5c8465e7adacf305df5fcdb19fd9d46664a1
stripes,szip-o3-b131072-r1-i0,szip,True,,5322,2.6508716666666667,False,04aa96f978f5807127d385851b72d0ce4b6933a2ecbcff1e6288ed19935a53d2
stripes,szip-o3-b4259840-r1-i0,szip,True,,5064,2.3235436666666667,False,11f4220af4b36b8852ee4ba2483caa66fc5fb24a74acabdfad474241ef5b4643
stripes,szip-o4-b32768-r1-i0,szip,True,,6314,1.257713,False,d449309abd50e55893acfb48e9d1cb63fc77a9c1a4c468a28af65b99fe496fe7
stripes,szip-o4-b131072-r1-i0,szip,True,,5322,2.033438,False,02d361caf331bdb4943bd1d9e5a6c886c1ea340e65c2e2dca5f6f4387c1bf7a9
stripes,szip-o4-b4259840-r1-i0,szip,True,,5068,0.9162013333333333,False,ff66994f5f1f7b181a2227e3ac7bea39ad94925aae8dd359b917b14267237ade
stripes,szip-o6-b32768-r1-i0,szip,True,,6338,2.6582653333333335,False,370766dfadf62b505a687fdd6207395b7887121fc927b4388a74317f4b792964
stripes,szip-o6-b131072-r1-i0,szip,True,,5330,3.111585333333333,False,23a93830cec552f42c90f2347ee6fc545600733eb2889285865dff097580a44b
stripes,szip-o6-b4259840-r1-i0,szip,True,,5068,2.6699916666666668,False,64fc97ce28e2affccf19962f665e6b5a47880e145a1310c0a31ecf4b367b33d9
stripes,szip-o0-b4259840-r1-i1,szip,False,screening timeout: four encodes plus verification exceeded 5 seconds,0,,False,
stripes,szip-o0-b4259840-r2-i0,szip,False,screening timeout: four encodes plus verification exceeded 5 seconds,0,,False,
stripes,szip-o0-b4259840-r2-i1,szip,False,screening timeout: four encodes plus verification exceeded 5 seconds,0,,False,
stripes,szip-o0-b4259840-r3-i0,szip,False,screening timeout: four encodes plus verification exceeded 5 seconds,0,,False,
stripes,szip-o0-b4259840-r3-i1,szip,False,screening timeout: four encodes plus verification exceeded 5 seconds,0,,False,
stripes,szip-o0-b4259840-r4-i0,szip,False,screening timeout: four encodes plus verification exceeded 5 seconds,0,,False,
stripes,szip-o0-b4259840-r4-i1,szip,False,screening timeout: four encodes plus verification exceeded 5 seconds,0,,False,
stripes,szip-o0-b4259840-r8-i0,szip,False,screening timeout: four encodes plus verification exceeded 5 seconds,0,,False,
stripes,szip-o0-b4259840-r8-i1,szip,False,screening timeout: four encodes plus verification exceeded 5 seconds,0,,False,
stripes,szip-o4-b4259840-r1-i1,szip,True,,5344,2.241641,False,02c6710c170b35f3ebec00a2f7d7321c57a200113a30237845da0451325dd3a4
stripes,szip-o4-b4259840-r2-i0,szip,True,,649,1.6072876666666667,False,b79fad25a1837610e6424a0e0bcff5491da2416e9aaaabe24b4d3ec5a1753090
stripes,szip-o4-b4259840-r2-i1,szip,True,,1453,1.269326,False,044e864a527ab80bb03f122303040be33411fe6daef1b63c27091ff7380cf1db
stripes,szip-o4-b4259840-r3-i0,szip,True,,6344,1.3216826666666666,False,946cc3e3e529389998e0f68863b71871ee259382153cb0d7c368c3241ffa26f6
stripes,szip-o4-b4259840-r3-i1,szip,True,,2441,1.719187,False,671ead6ee33ed8db060f007696380e31da5f9cabcb7f38ec4810dfa20a4831c7
stripes,szip-o4-b4259840-r4-i0,szip,True,,127,0.9836576666666667,False,0b24b56cc6531259e8e56ef85c7c92683909199887ccaf92d65ebc8a1461d80c
stripes,szip-o4-b4259840-r4-i1,szip,True,,1039,1.2801796666666667,False,7e8e74bca5523257003bba69c077e525fe53a5da91cf0d7b480fcace85acaf69
stripes,szip-o4-b4259840-r8-i0,szip,True,,127,2.3819999999999997,False,9fd57a04174f404f67b1fdc6859eb9d182291f754a89ac6366021ed9c303502b
stripes,szip-o4-b4259840-r8-i1,szip,True,,2018,1.656744,False,dc5aba33f4f4b1f90968a62871574d029ff4b850db10bf546dc86d3fcdba4e98
stripes,srle2-o0-b32768-r1-i0,srle2,True,,141,418.217586,False,400f154580ee57d6a695ae05cf7ac266bb4409c8d1d1f7dcff6504d2e34c9e06
stripes,srle2-o0-b131072-r1-i0,srle2,True,,141,402.5350446666667,False,400f154580ee57d6a695ae05cf7ac266bb4409c8d1d1f7dcff6504d2e34c9e06
stripes,srle2-o0-b4259840-r1-i0,srle2,True,,141,400.806291,False,400f154580ee57d6a695ae05cf7ac266bb4409c8d1d1f7dcff6504d2e34c9e06
stripes,srle2-o3-b32768-r1-i0,srle2,True,,145,0.302272,False,ac219e31ff0924ff9bfbc7af6a003eb703ee6d4e6f56c2482de7855be26748da
stripes,srle2-o3-b131072-r1-i0,srle2,True,,145,0.303492,False,ac219e31ff0924ff9bfbc7af6a003eb703ee6d4e6f56c2482de7855be26748da
stripes,srle2-o3-b4259840-r1-i0,srle2,True,,145,0.15361933333333333,False,ac219e31ff0924ff9bfbc7af6a003eb703ee6d4e6f56c2482de7855be26748da
stripes,srle2-o4-b32768-r1-i0,srle2,True,,145,0.25287533333333334,False,e6303608e58dd73df3fc31cdad64df3897a9a777d6f0d43d22c79cbf6ad0e05b
stripes,srle2-o4-b131072-r1-i0,srle2,True,,145,0.26096199999999997,False,e6303608e58dd73df3fc31cdad64df3897a9a777d6f0d43d22c79cbf6ad0e05b
stripes,srle2-o4-b4259840-r1-i0,srle2,True,,145,0.250042,False,e6303608e58dd73df3fc31cdad64df3897a9a777d6f0d43d22c79cbf6ad0e05b
stripes,srle2-o6-b32768-r1-i0,srle2,True,,145,0.43950700000000004,False,ee0cba942967303a7284c3119e4d5170b3a7ecc73513b79a098c17f8ade7bd16
stripes,srle2-o6-b131072-r1-i0,srle2,True,,145,0.42719066666666666,False,ee0cba942967303a7284c3119e4d5170b3a7ecc73513b79a098c17f8ade7bd16
stripes,srle2-o6-b4259840-r1-i0,srle2,True,,145,0.433074,False,ee0cba942967303a7284c3119e4d5170b3a7ecc73513b79a098c17f8ade7bd16
stripes,srle2-o0-b4259840-r1-i1,srle2,True,,226,543.5356486666667,False,4f062008dcfc0dbff8360ab2d1aa6cb89a95316c5db620fe48f0dd8f97ff2fcb
stripes,srle2-o0-b4259840-r2-i0,srle2,True,,143,166.00575,False,eb5fd1d45a281aaa5941a6322d5eef6c5c8bc827f551858f434c3f9f5797da50
stripes,srle2-o0-b4259840-r2-i1,srle2,True,,64,84.40946033333333,False,920cbb5c026573d37d91ad0bbe190df201db3a978d793a4cbb2848b106e758c7
stripes,srle2-o0-b4259840-r3-i0,srle2,True,,150,120.730175,False,89bc938806e9527f82448763bba16cc22183c37b49befd625ce0777305bfb012
stripes,srle2-o0-b4259840-r3-i1,srle2,True,,239,178.75020133333334,False,80a89825c69c6e309e807932bad3e3079ca170d39d45f5567552b5237f40f7fc
stripes,srle2-o0-b4259840-r4-i0,srle2,True,,148,89.76880666666666,False,209404c32864ee9e5829bce92d174053d4ff230d156e2d1a6d4bfc16a0344ccb
stripes,srle2-o0-b4259840-r4-i1,srle2,True,,69,43.063333666666665,False,06c229244adaf7da16d0d90397f8655a4e4279d041e90f508f237d0e139ba493
stripes,srle2-o0-b4259840-r8-i0,srle2,True,,150,44.05008466666666,False,aad3c4045b5c9bb247a5a0429045a178a9e7b14f601271cf69a50843d731ddc3
stripes,srle2-o0-b4259840-r8-i1,srle2,True,,73,25.478756333333333,False,38e0ee3d3233546f79c177f4f832533934f626ece12031b9a85193221fd1a4ed
stripes,srle2-o4-b4259840-r1-i1,srle2,True,,226,0.13676633333333332,False,a3836fe8593310acfc2949173ddbc5689f1a8555d14a64385022beeb4e8ffeb0
stripes,srle2-o4-b4259840-r2-i0,srle2,True,,143,0.27984133333333333,False,dea130412095830746d6e18091a8fd94bcb7ef632f2256e36a763a07abbb3c11
stripes,srle2-o4-b4259840-r2-i1,srle2,True,,328,0.266482,False,ef02527dd3e46cebc96fb3d11a759bdf9d1314d4474564ea9c630528e05a6f9e
stripes,srle2-o4-b4259840-r3-i0,srle2,True,,155,0.256805,False,690e6cca49dc52d757cce1b8c292cae2616e1aca43cc2ad9460f63261865a43d
stripes,srle2-o4-b4259840-r3-i1,srle2,True,,237,0.28332566666666664,False,fb888b5abb02ca0125615c0bdef6c4c54ee65495c15dcbd0e36231a84fac03ec
stripes,srle2-o4-b4259840-r4-i0,srle2,True,,149,0.12294966666666667,False,28e5096d3811e80c8e2a82d385bab7451e5bc7c98e249c9c2c86ead21d4c69c3
stripes,srle2-o4-b4259840-r4-i1,srle2,True,,392,0.38710433333333333,False,f2077c9639a7f83c6030e3f83570356577ceacc64cdb399be7e0c863fd0107df
stripes,srle2-o4-b4259840-r8-i0,srle2,True,,157,0.12986566666666666,False,e2dff03e393381189b47171a46cc2d9f3c54fe2090c8599384855109d11ae555
stripes,srle2-o4-b4259840-r8-i1,srle2,True,,127,0.3667046666666667,False,c96e78b2be00f431e3ed0a770401670af52c397aad6a0461bd3f5862f0e45957
stripes,png-l1-s0-f0,png,True,,3478,0.5389836666666666,False,bb665b3317a81d295bda5051e47a0b92bfd713fc9231340a236c672d21ce6cbb
stripes,png-l1-s0-f1,png,True,,2088,0.48761733333333335,False,989176ff7f319400287170b187311e67f2618611bd8e44259b8fc77f740f617a
stripes,png-l1-s0-f2,png,True,,2189,0.518127,False,93c0d032c33e18b5752d9a25a843396628927acb81f58416f3e5fa8aaf0d20c9
stripes,png-l1-s3-f0,png,True,,14176,0.7098956666666667,False,ae24f1fd46ea34b1a2a5357d982ecf40e0fb2455c5900269f328690c777bf335
stripes,png-l1-s3-f1,png,True,,12646,0.7360486666666667,False,d5e94a99f3408450bd85896118f974b86939b1124f5d44e07af4fff205decfd6
stripes,png-l1-s3-f2,png,True,,1114,0.4276176666666667,False,a85f2630823221c3d3b636f54f8da20ff26cacea460f87acb8946e310bf3bea2
stripes,png-l1-s2-f0,png,True,,124337,2.5093593333333333,False,3912dbffce2f35832903b2ce62d608be5c066138022637051f39fafde7f1e6ab
stripes,png-l1-s2-f1,png,True,,26587,1.6678403333333334,False,b8dcb30e0a85271131e19770dd37c9dba517cf3c300f8d4c98ea9ac30315ddf8
stripes,png-l1-s2-f2,png,True,,25432,1.6852473333333333,False,6748187a1c53cb245c143f669d86f5f909206daeddb606a8bf4a0c817debdbc6
stripes,png-l3-s0-f0,png,True,,2561,0.536774,False,79736c26e7b156c4697e2f0088666f28ee7645fca37d0a07616869f59eb75f3c
stripes,png-l3-s0-f1,png,True,,1673,0.49869366666666665,False,b453727103acb2bf6a646fc6735f04d6abb1e3136ad644095f8cebd173dcb725
stripes,png-l3-s0-f2,png,True,,1683,0.2702056666666667,False,f0301540d75f3aa6da4153acc6154e249e09202627650fbf496c93eadecf11e4
stripes,png-l3-s3-f0,png,True,,14176,0.7021263333333333,False,ae24f1fd46ea34b1a2a5357d982ecf40e0fb2455c5900269f328690c777bf335
stripes,png-l3-s3-f1,png,True,,12646,0.7371993333333333,False,d5e94a99f3408450bd85896118f974b86939b1124f5d44e07af4fff205decfd6
stripes,png-l3-s3-f2,png,True,,1114,0.5190003333333333,False,a85f2630823221c3d3b636f54f8da20ff26cacea460f87acb8946e310bf3bea2
stripes,png-l3-s2-f0,png,True,,124337,1.895739,False,3912dbffce2f35832903b2ce62d608be5c066138022637051f39fafde7f1e6ab
stripes,png-l3-s2-f1,png,True,,26587,1.6631943333333334,False,b8dcb30e0a85271131e19770dd37c9dba517cf3c300f8d4c98ea9ac30315ddf8
stripes,png-l3-s2-f2,png,True,,25432,0.8825453333333333,False,6748187a1c53cb245c143f669d86f5f909206daeddb606a8bf4a0c817debdbc6
noise,raw,raw,True,,196608,0.011863333333333333,False,40a5ca4d526bd6f63c2abe4cf1b10bf685e0e7e53c74b4a1484c110b19557126
noise,rle2,rle2,True,,196579,0.13293633333333332,False,6a96f5092b6bc4b17c4d0b8bdd06f0534063807b17348ec69d6e8dc7568242ce
noise,szip-o0-b32768-r1-i0,szip,True,,152761,24.702683333333333,False,8b180c5d089b89bf0f6cdf4d3549706e4dba30e9c70492b232c12fa9fb9c03c2
noise,szip-o0-b131072-r1-i0,szip,True,,151886,28.168684,False,0b8342083ff817c1a178e140f55ade9d3c8e88051a3fb4e392a652f9bc9edc5b
noise,szip-o0-b4259840-r1-i0,szip,True,,151655,29.325717333333333,False,4b73ec5518ce8f40851a169d51fff3d2bf372a2c06c4b06f61931e22368a4525
noise,szip-o3-b32768-r1-i0,szip,True,,152768,18.580435,False,48c50ce2cacb9ed5b069ed0c0e1de8325d3b24ca9696640fe39a2e36700a6f0a
noise,szip-o3-b131072-r1-i0,szip,True,,151883,12.168738333333334,False,18edf7d147b3e8ce6e8bcce0153575ce73123d8ba2fc167203a403e771759e58
noise,szip-o3-b4259840-r1-i0,szip,True,,151646,10.74278,False,125161d64c435a3781467452284491a4a1607f2b50d4282b0d408c9d74035130
noise,szip-o4-b32768-r1-i0,szip,True,,152762,10.769068666666666,False,7f75715f6951787bd6c7568edde4c00d2499e28aa72df36969017945eec5cd08
noise,szip-o4-b131072-r1-i0,szip,True,,151887,10.738079333333333,False,a286f02ca1d37273ca99428f19964b6aa9ebe6730378eedbd71408b528e4b074
noise,szip-o4-b4259840-r1-i0,szip,True,,151658,10.781832666666666,False,24831e249cfac79086f08d67f2ac74b8c99ad02133b44738894a26a4482d8b51
noise,szip-o6-b32768-r1-i0,szip,True,,152763,11.568908333333333,False,ca36dbdfc2217d946feff5ad4a9054f5dfe3366fcd0a1e36b6b0a9b06ec4c722
noise,szip-o6-b131072-r1-i0,szip,True,,151887,11.432538666666668,False,a1c21294c0b98f6cc41de75dbe77152d18b438c2811d4d1d49825cc87a71e7c6
noise,szip-o6-b4259840-r1-i0,szip,True,,151655,14.503384333333333,False,48fc79455d881dc6afa75261028d9f2be69419e854e89d167c9b9835f8ec321c
noise,szip-o0-b4259840-r1-i1,szip,True,,165921,28.279160666666666,False,9b8d46b6241e436d9786413687a23f3b6c6f3ec58cdfa2050936ba9848868c93
noise,szip-o0-b4259840-r2-i0,szip,True,,151589,29.949020666666666,False,41bc4c6a02939f8d0bf8c86424a09474d5a834a506cb9e9cbdcf2ab9c8dff398
noise,szip-o0-b4259840-r2-i1,szip,True,,165901,28.620521666666665,False,d047d2a4e7a7210dca5f1d62d0d3a198f2c01d1ff41d81c37e7b4c2a894f23c2
noise,szip-o0-b4259840-r3-i0,szip,True,,151605,29.964234,False,2b10192ea53dde002d9559c93027a2db29163ab3b4038539f29263f0fe4b4b8c
noise,szip-o0-b4259840-r3-i1,szip,True,,165913,28.691874666666667,False,321652c82a949db8dfdb075a0e40c59d421cd5fb32bfa8ce501c2ca39c4c0933
noise,szip-o0-b4259840-r4-i0,szip,True,,151625,29.701925666666668,False,098fdfebef2188826ab0b6cd911941f7a4e95cbd5caa98621bf008968802b632
noise,szip-o0-b4259840-r4-i1,szip,True,,165885,28.569425333333335,False,deaff9ca7ce6e6793bce8f8262dd8ccec56ac348206da2b1bf4ddbbc73cd57d6
noise,szip-o0-b4259840-r8-i0,szip,True,,151609,29.603446666666667,False,f12bb0d6581d64a3ce900fcf53e7c689aa578cb58b59a8ce91c8e8ab97b80bd5
noise,szip-o0-b4259840-r8-i1,szip,True,,165984,28.213594333333333,False,0be5ebe287f0cab1fc17465b8d22e3d07a2691b30d952ae099768f3aed84cd52
noise,szip-o4-b4259840-r1-i1,szip,True,,165923,11.019575,False,73bf2c3275deed67a7c27e354010fa2a7152ef50cf2b641366b2ffdab66a3950
noise,szip-o4-b4259840-r2-i0,szip,True,,151587,10.578493333333332,False,8b8eea5f49a7b49df1466a6ef0b212b28de0e74465a8f5dbd2dc4840bc052d1c
noise,szip-o4-b4259840-r2-i1,szip,True,,165899,11.197727,False,d25ba3199b02a463297b9eaaa7c4378bc4d6af9ed8492e2a20c7e85193db4f28
noise,szip-o4-b4259840-r3-i0,szip,True,,151609,10.683983333333334,False,61234fece17bebe139d35764555f955ca180cb204f083682286fe37cdd2184a5
noise,szip-o4-b4259840-r3-i1,szip,True,,165909,16.512670333333332,False,fb67515b92337a1c95c7fd860e4b501785365034059056ada31cbf1377b63818
noise,szip-o4-b4259840-r4-i0,szip,True,,151625,12.596818666666666,False,3e940baf304e4b619200e0c9a2def2d457f9ab08b9e63a1d7f98ce822fc68ea3
noise,szip-o4-b4259840-r4-i1,szip,True,,165886,10.971404666666666,False,92b935b3db70cf0f0a19a13e7424b8bdebb5aceab577f7cf328cf2f200e30b94
noise,szip-o4-b4259840-r8-i0,szip,True,,151610,10.477850666666667,False,a8ac9e1d3158f278062d31bf9e215812566a6ef23c7d5ed5b4f6167735e61f5e
noise,szip-o4-b4259840-r8-i1,szip,True,,165982,10.926328333333334,False,8258faf28a5561feb70d52a923d20ca5270754663b83e6debff551c799756376
noise,srle2-o0-b32768-r1-i0,srle2,True,,152786,24.520198333333333,False,bbe477283905c274fe68b81228132253c7034c582a979f97c5bc10bdb4d587a1
noise,srle2-o0-b131072-r1-i0,srle2,True,,151937,27.791856,False,59d726874414bad0276539e838e3b1b1a0f0d58932ec34af4ee81f4499b7eab1
noise,srle2-o0-b4259840-r1-i0,srle2,True,,151713,29.800505333333334,False,0ecbb409f42a8b76fef392d0b591420188ba25082ca7ac056bf418c77d2b90fb
noise,srle2-o3-b32768-r1-i0,srle2,True,,152798,10.67484,False,d22a79a4de7ecc5400b10cc6b351b7ca695787c1ec5bf4a9bc005316cb3f577d
noise,srle2-o3-b131072-r1-i0,srle2,True,,151935,10.884772,False,3b3413ac54ab6188701f28f79f9bc21ee7fefce8326a0af6e1495f8e728c2da6
noise,srle2-o3-b4259840-r1-i0,srle2,True,,151696,11.021191,False,470f69f5b897511e61b38cd5f8c3b817be07c013f83ef519b0b241578618e1ec
noise,srle2-o4-b32768-r1-i0,srle2,True,,152788,10.578684,False,18affc9496833adf85466b7e4d7611ad5d3f3a1b4de5ff2d1f54c16adbedaaa4
noise,srle2-o4-b131072-r1-i0,srle2,True,,151937,10.630489666666668,False,f5ee693d5a1a6e729c49414eeaad6f4d619df60dd14f995170a3a5702c00ea6e
noise,srle2-o4-b4259840-r1-i0,srle2,True,,151715,10.701702666666668,False,3fbdc2bab8e1eb482a596d9045330fc4c974ba5cb49389d475fe72c18ba6720e
noise,srle2-o6-b32768-r1-i0,srle2,True,,152787,11.285329333333333,False,330027e987cac90ee2559cc5139b1f59df1e74ea66115d4ce2843502c0aac9bd
noise,srle2-o6-b131072-r1-i0,srle2,True,,151937,11.516781333333334,False,afd8269d3a694b6d2b90fa40250a935741f990e895fd99870256bc609f9cc9aa
noise,srle2-o6-b4259840-r1-i0,srle2,True,,151713,11.707391,False,2ba6d3b33e579769ca37081887ebcc98ccfd57d7c7cc636a6c7b67170f695978
noise,srle2-o0-b4259840-r1-i1,srle2,True,,165906,28.681021333333334,False,9e3994fb7d7df3650849f263418073ba228e129b733745582ad75cdf62b3cfec
noise,srle2-o0-b4259840-r2-i0,srle2,True,,151636,29.76621533333333,False,e46efb734ad2c516335083e1025b3051a51a2cc3be1f6fb6a685a3ee45bdc97a
noise,srle2-o0-b4259840-r2-i1,srle2,True,,165901,29.019626333333335,False,79ff6f7be0bc07467dae3f76bbc1090f9ff5925d7d393c1a31f3a74b693e9186
noise,srle2-o0-b4259840-r3-i0,srle2,True,,151648,29.265888,False,6b56962f6101bf34061cf535d72ef5bed0fe1069038adf24fd9ad3f66bd0ef4f
noise,srle2-o0-b4259840-r3-i1,srle2,True,,165915,28.367576333333332,False,0664863ca2b01c49811e8d9c0fb1d4f364d5ffd3763697bacf59a71e40b5eb5d
noise,srle2-o0-b4259840-r4-i0,srle2,True,,151669,30.266769333333333,False,0a0e65f2c6d336186562f95b72ff29138dc2530760cec0d919726e0e539e0419
noise,srle2-o0-b4259840-r4-i1,srle2,True,,165874,28.511855666666666,False,36c49ecab4c26eea8e693e80b56c1816f313ae2859c7fb67d99409bf10eb09b4
noise,srle2-o0-b4259840-r8-i0,srle2,True,,151662,29.978020666666666,False,994af5ecfa4a2274bfb79dd0772eb168bb05a50079e77c64c22f36f7ba5336cf
noise,srle2-o0-b4259840-r8-i1,srle2,True,,165957,28.722944666666667,False,9dca55e9fee878f6033569ede361cb9b8f1d50c9990e74936d29e4a8795ed365
noise,srle2-o4-b4259840-r1-i1,srle2,True,,165906,10.984661333333333,False,a8b0c16dc4f9b695d58c368a5555981224205ff86f0dc92ef162515a2a7d93e0
noise,srle2-o4-b4259840-r2-i0,srle2,True,,151631,10.590250333333334,False,409fd0bf16e9789b17185a2aa72493b31ecd8d5fdea4a4af736fb536a3d4b52c
noise,srle2-o4-b4259840-r2-i1,srle2,True,,165900,11.337462666666667,False,cdcc2392f50cce0f4fc2409c44427e38c574803d8cd62501bb3ea15b2e43850a
noise,srle2-o4-b4259840-r3-i0,srle2,True,,151655,10.547347333333333,False,d55b3112888a374486850f656a5f1ee6747a9101bc9eeec1dd340127816ee073
noise,srle2-o4-b4259840-r3-i1,srle2,True,,165912,11.153067,False,db914443032d8ef735a7800394cf3065a30b84d2d2351eeb2cf5bdbc3dc2f5b0
noise,srle2-o4-b4259840-r4-i0,srle2,True,,151670,10.580170666666668,False,ebc042c753a06bea8287574c8a1729486f23f136f606bf74c9f53756c9732602
noise,srle2-o4-b4259840-r4-i1,srle2,True,,165875,11.067447666666666,False,5baa5d612fba4578162bc494c4b2a3fb2af3f69ec184b3a113f7ec285ea4f139
noise,srle2-o4-b4259840-r8-i0,srle2,True,,151660,10.509760333333334,False,b49e24b397c701a7a71baf5aa1ddd489ba3bdaf2be36a8652f744afe541f6022
noise,srle2-o4-b4259840-r8-i1,srle2,True,,165960,11.181846666666667,False,d801855410c5f00ddbf04c08e08fb75c7475dc0990bf6744a9b8fc033333b328
noise,png-l1-s0-f0,png,True,,152479,3.3618513333333335,False,db23849d06234944ec3a55480c7dbdfb3c38764985044d11005d9a4cf27ef53e
noise,png-l1-s0-f1,png,True,,168153,6.210432,False,6fe0db9eb824874d9d54cdbad1c86323272b841f9031060c96bd1d91e7255f38
noise,png-l1-s0-f2,png,True,,168328,2.936726666666667,False,2a069521a6cb5c9c5cdf539e0f3679e37574194b0a94a4c6b68032db77f023f1
noise,png-l1-s3-f0,png,True,,148590,1.7113836666666666,False,0ae8a5e50c6f5a8892e99000c5c48888de7108d3fec45b1c2f7ffe52a3d603e2
noise,png-l1-s3-f1,png,True,,166827,1.2192196666666668,False,d5d374c442dc6bde74a7bfe90205726bd9d362b2d3f58f747ffdf73b8eebe538
noise,png-l1-s3-f2,png,True,,166850,1.298669,False,23108b0018a2ec4eebf85cdbadb2f814f3547c27298c28035ae3e6da9c81ff40
noise,png-l1-s2-f0,png,True,,148590,1.2771496666666666,False,0ae8a5e50c6f5a8892e99000c5c48888de7108d3fec45b1c2f7ffe52a3d603e2
noise,png-l1-s2-f1,png,True,,166827,1.448115,False,d5d374c442dc6bde74a7bfe90205726bd9d362b2d3f58f747ffdf73b8eebe538
noise,png-l1-s2-f2,png,True,,166850,1.15348,False,23108b0018a2ec4eebf85cdbadb2f814f3547c27298c28035ae3e6da9c81ff40
noise,png-l3-s0-f0,png,True,,152475,3.1525293333333333,False,dfd1f772dac4f73d09c1fa7f9feedd27a0586c5fc4639277e5d829a2fe004675
noise,png-l3-s0-f1,png,True,,168153,3.9316413333333333,False,689bb554a8f3bbcca08813a09f1c13d1299213fdf180563df2a1de568f90d9ce
noise,png-l3-s0-f2,png,True,,168332,2.9514196666666668,False,9b564f8a45778add92502cb45f0ab7e418638179e9ae1c0a6b5750c7fa8fcc32
noise,png-l3-s3-f0,png,True,,148590,1.273316,False,0ae8a5e50c6f5a8892e99000c5c48888de7108d3fec45b1c2f7ffe52a3d603e2
noise,png-l3-s3-f1,png,True,,166827,1.2367896666666667,False,d5d374c442dc6bde74a7bfe90205726bd9d362b2d3f58f747ffdf73b8eebe538
noise,png-l3-s3-f2,png,True,,166850,1.2055496666666667,False,23108b0018a2ec4eebf85cdbadb2f814f3547c27298c28035ae3e6da9c81ff40
noise,png-l3-s2-f0,png,True,,148590,2.3446403333333334,False,0ae8a5e50c6f5a8892e99000c5c48888de7108d3fec45b1c2f7ffe52a3d603e2
noise,png-l3-s2-f1,png,True,,166827,1.1160236666666667,False,d5d374c442dc6bde74a7bfe90205726bd9d362b2d3f58f747ffdf73b8eebe538
noise,png-l3-s2-f2,png,True,,166850,1.214676,False,23108b0018a2ec4eebf85cdbadb2f814f3547c27298c28035ae3e6da9c81ff40
scroll0,raw,raw,True,,196608,0.013826333333333333,False,ac951b654e2c385719e6da3a2c6d63425f0118df46c9f3023db9a74e7cc9a38d
scroll0,rle2,rle2,True,,49166,0.049446000000000004,False,7af1b1079576f390dc51af0a1b5c78dd4c68be89ef38207522f9a927162958c4
scroll0,szip-o0-b32768-r1-i0,szip,True,,1328,428.5338346666667,False,b265f564a0d3046e556beb944718afd6d0aa5fb1a6586d058cfb957fb66282cf
scroll0,szip-o0-b131072-r1-i0,szip,True,,588,393.03366166666666,False,6a31e1c4ffc074484f7e31cecf01821eeddaf03bbf7d80338ec986b98ea0f0ec
scroll0,szip-o0-b4259840-r1-i0,szip,True,,389,300.293968,False,cb0f0a3f42935d5ac9d27d832dbff3a8d0fd5435955acfa2c19bc19da74f9314
scroll0,szip-o3-b32768-r1-i0,szip,True,,9567,2.840927333333333,False,f118af3183e0ed3cf23832657734c2559d31d5bd1649fb439e3e80bac21fe221
scroll0,szip-o3-b131072-r1-i0,szip,True,,7618,1.344069,False,22018c4983b66820af91058d22fc5d8cdb10c4cd0938444e4149516711644481
scroll0,szip-o3-b4259840-r1-i0,szip,True,,7106,2.2787636666666664,False,660bb06944884f3dc8fb17e6548763927ebfcbe6b0a638e70f380b784df474f3
scroll0,szip-o4-b32768-r1-i0,szip,True,,3518,1.1664936666666668,False,d70a4e5c8deeced2b23532f2b8f9087e0320c39218cb2a86831b1717fad9e82f
scroll0,szip-o4-b131072-r1-i0,szip,True,,1505,1.0183706666666665,False,69006cc33acd74c0efaf3c769eca841c9c4bdd31b30bfea8b21ce9cdf6990449
scroll0,szip-o4-b4259840-r1-i0,szip,True,,985,0.9884876666666667,False,fab28ee0eb0ac5274818a7d48a2a0d93339acb4689e6c06783fe13b419e2ba1c
scroll0,szip-o6-b32768-r1-i0,szip,True,,3588,2.0315883333333336,False,dfbbf0284a81e8f016cbd74b08463babf85d0f60509e49ea324abdb7aa7f4c5a
scroll0,szip-o6-b131072-r1-i0,szip,True,,1529,1.8822426666666667,False,0d0363652b14efa796a0a66c1766c335ff50ace198c910b3c591b31bc901f698
scroll0,szip-o6-b4259840-r1-i0,szip,True,,990,3.8506780000000003,False,b5571b08de4fb942866b89e711789697147f93981c517230f4aa4c495e34e9e0
scroll0,szip-o0-b4259840-r1-i1,szip,True,,211,300.25873133333334,False,4dec6fb39d3a2ed55daaf6ca02a4a998d055d23f38e4557c660f0e864c568147
scroll0,szip-o0-b4259840-r2-i0,szip,False,screening timeout: four encodes plus verification exceeded 5 seconds,0,,False,
scroll0,szip-o0-b4259840-r2-i1,szip,False,screening timeout: four encodes plus verification exceeded 5 seconds,0,,False,
scroll0,szip-o0-b4259840-r3-i0,szip,True,,839,119.85023699999999,False,f2c8d92aa7c80821d5f63b9ad431e31563950892d170451951112c1ad2b3e65a
scroll0,szip-o0-b4259840-r3-i1,szip,True,,558,131.425855,False,11ed9b0ef1585c4696af68b83195278ff9d70b7ae61799f2ebf8c25b46d25586
scroll0,szip-o0-b4259840-r4-i0,szip,False,screening timeout: four encodes plus verification exceeded 5 seconds,0,,False,
scroll0,szip-o0-b4259840-r4-i1,szip,False,screening timeout: four encodes plus verification exceeded 5 seconds,0,,False,
scroll0,szip-o0-b4259840-r8-i0,szip,False,screening timeout: four encodes plus verification exceeded 5 seconds,0,,False,
scroll0,szip-o0-b4259840-r8-i1,szip,False,screening timeout: four encodes plus verification exceeded 5 seconds,0,,False,
scroll0,szip-o4-b4259840-r1-i1,szip,True,,1025,2.604619,False,2807dd6fef06ba1e86cf7c647fafb6b4d6e5a7ec64e284e1540fd143640587ad
scroll0,szip-o4-b4259840-r2-i0,szip,True,,506,0.991058,False,cb153873326389ed49d5aa0b011e04f4dfd7d8f35df14043be0010b8c75e9f25
scroll0,szip-o4-b4259840-r2-i1,szip,True,,1201,1.2057966666666666,False,5c370a242f0bb18de62a79610e431d103a5c4fb708b4bc64fe16d3bd4461f289
scroll0,szip-o4-b4259840-r3-i0,szip,True,,6458,1.0439180000000001,False,56afef9404a03484da709da160bf441972ff7eaf91db34b68071c60a8c09fd07
scroll0,szip-o4-b4259840-r3-i1,szip,True,,3069,1.1307636666666667,False,c04fceca12ebd935409b8e6cc76ed268e978d34d0adb5b98dc26f2e7759a60ea
scroll0,szip-o4-b4259840-r4-i0,szip,True,,719,1.208283,False,8a3873cb06e6fba5381794947bcda9d5be58dbed50d20bccbfa11d8214f923f9
scroll0,szip-o4-b4259840-r4-i1,szip,True,,2339,0.710046,False,603a52b94ee2ae401ab6e2984a326b5a8ed84dbf20f4ef3289d7e613f31b101f
scroll0,szip-o4-b4259840-r8-i0,szip,True,,1053,1.1039736666666666,False,3de2bff738aeed1c571efbd357c53a21762a57966c02cc0865c709e7348a5803
scroll0,szip-o4-b4259840-r8-i1,szip,True,,4599,2.096868,False,0280c4bc3b0c0d0f22ef6b9f338e3d270abd4201d2a7533a7d5dcce1e529d9a1
scroll0,srle2-o0-b32768-r1-i0,srle2,True,,484,30.655486666666665,False,fb82f1b6c456bf7eda9d312fdd38ab9e5a1a43b1275f7163eae3205086dd7c4a
scroll0,srle2-o0-b131072-r1-i0,srle2,True,,319,29.680925666666667,False,215b177d38c78a2f6fbaa366c3680a0154ecf6eb9031fbb0865c6b7f3baf4c1c
scroll0,srle2-o0-b4259840-r1-i0,srle2,True,,319,29.564602999999998,False,215b177d38c78a2f6fbaa366c3680a0154ecf6eb9031fbb0865c6b7f3baf4c1c
scroll0,srle2-o3-b32768-r1-i0,srle2,True,,570,0.5337036666666667,False,0a3a0662b7d44df531d5562a20a7cb18337d4f5dce16b5bd673b43e798b4aef8
scroll0,srle2-o3-b131072-r1-i0,srle2,True,,369,0.23056533333333334,False,1cd16e19c33277e78201389dadd8f96424f549bd32121755a0199e377f9c001f
scroll0,srle2-o3-b4259840-r1-i0,srle2,True,,369,0.5033373333333333,False,1cd16e19c33277e78201389dadd8f96424f549bd32121755a0199e377f9c001f
scroll0,srle2-o4-b32768-r1-i0,srle2,True,,571,0.4492403333333333,False,5c6fee5634028f24ac5b930cf1b8f8de52658b16e5f83347c5f46407e6afbfa9
scroll0,srle2-o4-b131072-r1-i0,srle2,True,,369,0.38894066666666666,False,93b02cfddcb6aea5bc1a0ee5e8596e803ddf00afc742c05f7730f01eb25c3aca
scroll0,srle2-o4-b4259840-r1-i0,srle2,True,,369,0.41132466666666667,False,93b02cfddcb6aea5bc1a0ee5e8596e803ddf00afc742c05f7730f01eb25c3aca
scroll0,srle2-o6-b32768-r1-i0,srle2,True,,571,0.5060169999999999,False,4512a0917b34eb94924f18edb96857fde7d5de641d8298cf95b19a793d855dce
scroll0,srle2-o6-b131072-r1-i0,srle2,True,,369,0.37589133333333336,False,997fac8018b1c237498e597d332a640e32512e55e53c4b98bb5958d0e7316282
scroll0,srle2-o6-b4259840-r1-i0,srle2,True,,369,0.35896100000000003,False,997fac8018b1c237498e597d332a640e32512e55e53c4b98bb5958d0e7316282
scroll0,srle2-o0-b4259840-r1-i1,srle2,True,,507,34.46150566666667,False,ebffbe9b88eab57dd084d9cf5c5478dae7138acc39dea37bdf180a5d14a70715
scroll0,srle2-o0-b4259840-r2-i0,srle2,True,,317,138.858643,False,85e2fb5fdf713c7df99bf16240df0f09beb0a52a6ee00ef64c29a4750ae3aabb
scroll0,srle2-o0-b4259840-r2-i1,srle2,True,,232,130.03238933333333,False,18e993575ca13fa7384e4809c242f8911c4fec5b576ef9157f2b29ad1fe5daed
scroll0,srle2-o0-b4259840-r3-i0,srle2,True,,345,18.074918333333333,False,dda26b99a2fe552f32adaef2dd6ca39587ab627c39bd5beb8829b697a68e6dd7
scroll0,srle2-o0-b4259840-r3-i1,srle2,True,,529,17.038140333333335,False,63bcc1e8b4fb2731a5fe84e328a628492ec97362163b53fc554a3c635c9bf95c
scroll0,srle2-o0-b4259840-r4-i0,srle2,True,,297,120.48958966666666,False,444b8ce13a352c596ba09f68f6968e2b0230145696bda2789ed18753627a5aad
scroll0,srle2-o0-b4259840-r4-i1,srle2,True,,170,90.31716,False,92746ff3a6040d5751b9237ba211186dcd7d4389a6fc883d2146e21d012501d0
scroll0,srle2-o0-b4259840-r8-i0,srle2,True,,289,75.88553166666667,False,4235fc29ed3c9438880dc8af1a4ba67c013ec532ff0f7e3387ab7e5e238e71b5
scroll0,srle2-o0-b4259840-r8-i1,srle2,True,,148,56.58654033333333,False,d1fdff0f788c33e47a1bea04054636f63c4a72660cfc847396069cff465048a3
scroll0,srle2-o4-b4259840-r1-i1,srle2,True,,527,0.21042866666666668,False,b98c3ce13af8d2304a4d1a6d8475ecdf024c5393c8698875eea4df370750a94e
scroll0,srle2-o4-b4259840-r2-i0,srle2,True,,368,0.18427233333333334,False,22bb3194c80064c49d8a0c30c15b9f287f9076a335bca4ba6176047538e9f5ec
scroll0,srle2-o4-b4259840-r2-i1,srle2,True,,650,0.2674453333333333,False,8518168dac9cd9875d50e69c5bbed76c346798f0393af5ff81e3aa6559e506e7
scroll0,srle2-o4-b4259840-r3-i0,srle2,True,,576,0.40426466666666666,False,6e25b40067be7db15b3e79239b12c47137a484b14549fe8d22e82f50cb339540
scroll0,srle2-o4-b4259840-r3-i1,srle2,True,,718,0.21941833333333333,False,53766e2a96863653a2dd5fb9582b60902a1ec5e876b8aec78fa21e15901208db
scroll0,srle2-o4-b4259840-r4-i0,srle2,True,,483,0.44000066666666665,False,64993a7323c6693ea01937f0ceeb03e53d16a777c7c91b4ad8b029c23d41d4c7
scroll0,srle2-o4-b4259840-r4-i1,srle2,True,,778,0.5714103333333334,False,428ff072db3781579603c0b902e973647473f899ac64a8c7c7a44d50d1181501
scroll0,srle2-o4-b4259840-r8-i0,srle2,True,,668,0.4346736666666667,False,b00733f3db4edb5f76ee579a497b0fefb6537f5f03613393778f37cd5050d028
scroll0,srle2-o4-b4259840-r8-i1,srle2,True,,1099,0.28324533333333335,False,c79dd3b54972c90a7066699ea16eb7c0343f1de3db88f23c05c21e0a642de0a4
scroll0,png-l1-s0-f0,png,True,,3269,0.2632353333333333,False,a3274732ace4f51748720a20cdb966d9c1a294050143192eb38a02291952f4a1
scroll0,png-l1-s0-f1,png,True,,3078,0.25017500000000004,False,b7fa711f682cbaeaaa72f6e2f42eb484bccbbcd433ae03faddfbebec8bf4ec41
scroll0,png-l1-s0-f2,png,True,,2731,0.5416070000000001,False,cec09a54210c2c899ec40998974ecb282dd3b5aaeaee12555e7484b9a98a0f83
scroll0,png-l1-s3-f0,png,True,,28388,0.44475133333333333,False,0667360b08eca6588379bd4b1c67ad9705a695f91afc7c4fa05cbf00cf92650b
scroll0,png-l1-s3-f1,png,True,,22230,0.985815,False,b14326f9ae0adbf3220aceb016267aada3ffc16591422dfdcc2b4ebd71dddd7d
scroll0,png-l1-s3-f2,png,True,,1424,0.5307906666666666,False,a82866f2c71e56d7abb12a7092c79eb37d91a2a3e14c507c5429d569c348317c
scroll0,png-l1-s2-f0,png,True,,148620,1.186763,False,8e39bc9f35ca02a72285b7a12d44f3fc07a967af3d0106226dd6906f0ad4fad8
scroll0,png-l1-s2-f1,png,True,,28426,0.8168153333333333,False,c886e279fdb3ce01eccfd4fde99e2373f636e072a41e0bf31914a94fafad90ad
scroll0,png-l1-s2-f2,png,True,,28749,0.836699,False,68faba96bafb683dea82f28a2a817e13304bb995a015044821ee9fddf139fb10
scroll0,png-l3-s0-f0,png,True,,3190,0.26215499999999997,False,b512c7e237f224a0ddc2d98f9605ae965d8057da6bdb1a9ee64a9e20c4a0f4f3
scroll0,png-l3-s0-f1,png,True,,2664,0.5212236666666666,False,1bf0125576e76983ce6be4ef0056744bafb85b918918e5bc5f9184f854bcd3a7
scroll0,png-l3-s0-f2,png,True,,2074,0.34142133333333335,False,8073e744414364f35f51c6130c3a03f666d58d6b3980d96efac01ab13f13d6c4
scroll0,png-l3-s3-f0,png,True,,28388,0.442371,False,0667360b08eca6588379bd4b1c67ad9705a695f91afc7c4fa05cbf00cf92650b
scroll0,png-l3-s3-f1,png,True,,22230,0.467898,False,b14326f9ae0adbf3220aceb016267aada3ffc16591422dfdcc2b4ebd71dddd7d
scroll0,png-l3-s3-f2,png,True,,1424,0.25424833333333335,False,a82866f2c71e56d7abb12a7092c79eb37d91a2a3e14c507c5429d569c348317c
scroll0,png-l3-s2-f0,png,True,,148620,1.1612333333333333,False,8e39bc9f35ca02a72285b7a12d44f3fc07a967af3d0106226dd6906f0ad4fad8
scroll0,png-l3-s2-f1,png,True,,28426,1.68639,False,c886e279fdb3ce01eccfd4fde99e2373f636e072a41e0bf31914a94fafad90ad
scroll0,png-l3-s2-f2,png,True,,28749,0.799462,False,68faba96bafb683dea82f28a2a817e13304bb995a015044821ee9fddf139fb10
sprites0,raw,raw,True,,196608,0.0109,False,357b2da407ed849d424ebe8e4179a23fc83950eea3b321b2370ec14e9463dc44
sprites0,rle2,rle2,True,,15031,0.044703,False,180ba0b21dffaf7b9b0e4fd3e2c71873f3ee301c1c703ff70d36cee166d59228
sprites0,szip-o0-b32768-r1-i0,szip,True,,956,656.1014466666667,False,3302533aeabcb2b78c95b53142ddecdbdc21308f02daefcc8cc5b2182ea858ff
sprites0,szip-o0-b131072-r1-i0,szip,True,,725,555.7980660000001,False,4b97438d51e8f5fc59ad58949c1c4d986a94d378ed4513ebecd86cf7377e70c1
sprites0,szip-o0-b4259840-r1-i0,szip,True,,509,566.0711546666666,False,aede802e8ddad2dd0bcaea108f012bba3170ecb84ffe31818bed21c7a7dd1f38
sprites0,szip-o3-b32768-r1-i0,szip,True,,6871,1.2608796666666666,False,8b20030e13f9f84f79df900ed1e53770aef4e2c2af63bbca4a0bddacb06130c0
sprites0,szip-o3-b131072-r1-i0,szip,True,,6262,1.1718003333333333,False,5afd5c94637f1812026ed2f9108d46856994334a7fd2200397c4782e48fe064c
sprites0,szip-o3-b4259840-r1-i0,szip,True,,6074,1.1676103333333332,False,303a08009c5db7147abcea1386d20aa035c81e533288c93f66db1af2ecac4224
sprites0,szip-o4-b32768-r1-i0,szip,True,,6663,1.651217,False,9d4047f50bd52b7fb7be604e478851a493c015438cdea250546f1ada2dd79fb0
sprites0,szip-o4-b131072-r1-i0,szip,True,,6055,0.9258346666666667,False,1afa715aab6a8062f83822bd3a82187b5ec16bca3afb281c5cf5502947ae6ee6
sprites0,szip-o4-b4259840-r1-i0,szip,True,,5873,0.8858016666666667,False,e0f3935ee3fdccff3d1d4973af5ae42509606db7ff125c0040eb2620cd1eca0d
sprites0,szip-o6-b32768-r1-i0,szip,True,,6741,2.148648,False,bac3dca6b16edd790a27e17253ddfe5643124da369805ec11d2019a929369b9a
sprites0,szip-o6-b131072-r1-i0,szip,True,,6197,2.080054666666667,False,4e10321f03ced124dd4c52e32c47395796b32437d5347d7fa2075019e1486ec0
sprites0,szip-o6-b4259840-r1-i0,szip,True,,6007,4.4036756666666665,False,f7b462cbc7ed84d60cbd7e0a2e8448f85585ca3ddb35d49144fe1a77046a083e
sprites0,szip-o0-b4259840-r1-i1,szip,True,,463,574.646046,False,1146de520c4820d7031d888d214f2cde8abe11f3ba413144a9798edffa64285b
sprites0,szip-o0-b4259840-r2-i0,szip,True,,712,329.07715233333334,False,a3711a84a04c3ff943fb24983db8eb21d1cf6e51dfb58a4ceda3b5e4be34aa52
sprites0,szip-o0-b4259840-r2-i1,szip,True,,731,356.15268633333335,False,ca3e656de9da7e2d5dc8df83df0d7e690c74921cb7ec8980ed4c77de8e27a8a4
sprites0,szip-o0-b4259840-r3-i0,szip,True,,1098,217.552389,False,62286dbdfba6b23297bdcf113a16127cd1a3a8189c08d2ae0f43ca6c9eef7aaa
sprites0,szip-o0-b4259840-r3-i1,szip,True,,1139,223.83997966666666,False,44bc8012e31f19e94b7a92f1549faa91c9f21c7d5005485e1efea665c9c2c14e
sprites0,szip-o0-b4259840-r4-i0,szip,True,,749,205.93563766666668,False,b45a88b6d8ab7afc8d3f7c739ecc465399d07e50548301477722dced1b2b4059
sprites0,szip-o0-b4259840-r4-i1,szip,True,,838,208.33363033333333,False,2c4e1ed65dda03b0ed7dff9975247ecd83f165f6d295b833b9c066092bb91ec6
sprites0,szip-o0-b4259840-r8-i0,szip,True,,774,135.87392333333332,False,9fe6a80e03a04e8c606afba88f583fbf58beff52cc635c88e570516b4e5343e0
sprites0,szip-o0-b4259840-r8-i1,szip,True,,835,137.32902766666666,False,426b4ae0c8675c9c46d233f1dccdb366a117b39744c2b859e46b0139c6257cea
sprites0,szip-o4-b4259840-r1-i1,szip,True,,7546,1.1636396666666666,False,e1087b0c307fa94aacde3d19e65b71e48464d4fb98d0bb247c577f1716bc8e69
sprites0,szip-o4-b4259840-r2-i0,szip,True,,8418,1.0170573333333333,False,a601eca3d50ee36ec5b7c1d3c9a70189c82e91d0a90ba7174826254411f556de
sprites0,szip-o4-b4259840-r2-i1,szip,True,,11790,1.3459756666666667,False,fa7fa648c4414ebdac8d1a2757486c4c9c5aafba8043cf781b77e880f167607a
sprites0,szip-o4-b4259840-r3-i0,szip,True,,10586,2.5492456666666667,False,ec9972e97ed046b66c11ab67d7e9da46f50f8b4f46481006f5dd0389c1ce5dfe
sprites0,szip-o4-b4259840-r3-i1,szip,True,,14897,2.2039779999999998,False,713c46de38b4f37bb733bc1cf888dd4e0120774ad0b00d3b152da5e283fef54e
sprites0,szip-o4-b4259840-r4-i0,szip,True,,6118,1.4692353333333332,False,42f03bca4ca8e19df5fe4323f15504b80289e237971a224ae8660b56b8ea5485
sprites0,szip-o4-b4259840-r4-i1,szip,True,,8302,2.91575,False,47221e7578df7fc17d351bdae3dcbb99029fa848c8143d9ec9eafd0a7f1b679c
sprites0,szip-o4-b4259840-r8-i0,szip,True,,2107,0.5143536666666666,False,9bb3b9d077c1cb745366b81abf19ac51f01a2b010c12570f78f7f7a4547f1342
sprites0,szip-o4-b4259840-r8-i1,szip,True,,7107,0.9000386666666667,False,29729c0082edcc0091e91154d4e351e96f30a204403306ba67f810e4b54fe3cd
sprites0,srle2-o0-b32768-r1-i0,srle2,True,,532,5.060275,False,17bf747ba8d34a52be74bcdc49d886d5ddc1a607e1795eeaa7ac5724312a5c9d
sprites0,srle2-o0-b131072-r1-i0,srle2,True,,532,5.120644333333334,False,17bf747ba8d34a52be74bcdc49d886d5ddc1a607e1795eeaa7ac5724312a5c9d
sprites0,srle2-o0-b4259840-r1-i0,srle2,True,,532,5.2776233333333336,False,17bf747ba8d34a52be74bcdc49d886d5ddc1a607e1795eeaa7ac5724312a5c9d
sprites0,srle2-o3-b32768-r1-i0,srle2,True,,654,0.271628,False,3ead59b8211e84e879137ca5fa960f3d776cc2ba6d3f4f64b3c03e7d876fb6ce
sprites0,srle2-o3-b131072-r1-i0,srle2,True,,654,0.374294,False,3ead59b8211e84e879137ca5fa960f3d776cc2ba6d3f4f64b3c03e7d876fb6ce
sprites0,srle2-o3-b4259840-r1-i0,srle2,True,,654,0.14278933333333332,False,3ead59b8211e84e879137ca5fa960f3d776cc2ba6d3f4f64b3c03e7d876fb6ce
sprites0,srle2-o4-b32768-r1-i0,srle2,True,,532,0.181729,False,27c96ffc3b6b276d3bb841edfe02b0b74cd80a3fab168030a0ea999984a40e58
sprites0,srle2-o4-b131072-r1-i0,srle2,True,,532,0.24027866666666667,False,27c96ffc3b6b276d3bb841edfe02b0b74cd80a3fab168030a0ea999984a40e58
sprites0,srle2-o4-b4259840-r1-i0,srle2,True,,532,0.11519966666666667,False,27c96ffc3b6b276d3bb841edfe02b0b74cd80a3fab168030a0ea999984a40e58
sprites0,srle2-o6-b32768-r1-i0,srle2,True,,532,0.45614066666666664,False,7185c505c17802eb71707b44cb28ea066a04e4ebfb3fa77a16a4b58197299e5d
sprites0,srle2-o6-b131072-r1-i0,srle2,True,,532,0.3297083333333333,False,7185c505c17802eb71707b44cb28ea066a04e4ebfb3fa77a16a4b58197299e5d
sprites0,srle2-o6-b4259840-r1-i0,srle2,True,,532,0.378038,False,7185c505c17802eb71707b44cb28ea066a04e4ebfb3fa77a16a4b58197299e5d
sprites0,srle2-o0-b4259840-r1-i1,srle2,True,,686,8.108494333333333,False,ba13d8c1d70f1bdb3daf610b3e0bc19ca367f235f87f207ea697a036681ab4dc
sprites0,srle2-o0-b4259840-r2-i0,srle2,True,,307,4.808446,False,e6ad0adb8f496a485f8519f7f9df8e96a00da2ca302650841e965a4d2cc9c369
sprites0,srle2-o0-b4259840-r2-i1,srle2,True,,361,4.575394333333334,False,c6c746eaf65c1cd6174a802c250d10a7700e879680435a95599ccb6b573e8d6d
sprites0,srle2-o0-b4259840-r3-i0,srle2,True,,686,3.0495326666666664,False,f4b5d98c3f7bd880ca42bb3b54bcf55a7a860b0383f23d047ab3de439a82bb41
sprites0,srle2-o0-b4259840-r3-i1,srle2,True,,850,2.669428,False,ca76c83d570b733a0ea6026f4ffdbd4e7b5ec44da6b4f06e551754dc6125d2a4
sprites0,srle2-o0-b4259840-r4-i0,srle2,True,,421,3.175802,False,cd569880418d018cfebdac6765e8d7fff00413373bf58197f7338e028c50060e
sprites0,srle2-o0-b4259840-r4-i1,srle2,True,,473,2.987103333333333,False,24dff5c7da71262b3aed23ec96e25a4471c2b4ee77dc952a0557983e98bc0dbe
sprites0,srle2-o0-b4259840-r8-i0,srle2,True,,577,2.395933,False,a1f3538c4150fd9f2802687f70da7c367d30aaa088558645c14511ca879c4fb6
sprites0,srle2-o0-b4259840-r8-i1,srle2,True,,603,2.5248793333333333,False,3e98626f0b4e68d702c75cf9fc128ff330929ad230b9389f494226b9c0aee744
sprites0,srle2-o4-b4259840-r1-i1,srle2,True,,685,0.29849533333333333,False,c16ca3ec1a1aa3dddb0a21b3a61ef2bc5b74b06815978431e7bf4c39d6975708
sprites0,srle2-o4-b4259840-r2-i0,srle2,True,,357,0.3305916666666667,False,63c06ee8a440a475459183ed94d07f7c21c071b981bfaed10c22d0936cdb11e6
sprites0,srle2-o4-b4259840-r2-i1,srle2,True,,454,0.35981833333333335,False,fabd9b29d8a366639f20d9624825957871d5b1504a7bb771cac96b7bdf938959
sprites0,srle2-o4-b4259840-r3-i0,srle2,True,,767,0.28340166666666666,False,b64d863b49315eb2bbe614a02cca127ca2934c287aa59dc2be222371929ffb85
sprites0,srle2-o4-b4259840-r3-i1,srle2,True,,915,0.20710866666666666,False,23335221b2a8127bbb8b405a4e00ee12b4ff28a0208fca852acaea8c580b2594
sprites0,srle2-o4-b4259840-r4-i0,srle2,True,,523,0.12405966666666667,False,71b368956e302beda9924f4089d6277ee6e99a0232477c95570d76b9c24db87a
sprites0,srle2-o4-b4259840-r4-i1,srle2,True,,570,0.317235,False,756def28b2f3ec5e0d50cb226de327bb702d94825b405be408c725b02b69dc52
sprites0,srle2-o4-b4259840-r8-i0,srle2,True,,780,0.293725,False,a79888786b6260b74c238dd182f0adc706960cad5e6e7cb756fbe2bdf5bec219
sprites0,srle2-o4-b4259840-r8-i1,srle2,True,,859,0.34311166666666665,False,d1b943cc4aa719b226f9a3613b7e49dcc0b217f93bfd1052d39ac9c5992f9999
sprites0,png-l1-s0-f0,png,True,,10473,0.6684033333333333,False,10c3e03dac61c7124c8a475dfb77520b747dd71d37d8dbce054eb93ed92d5e8f
sprites0,png-l1-s0-f1,png,True,,5402,0.3901473333333333,False,5dd3318193781e6cf8319d832a25e6706262342b513c4fac2a2d167f93b72709
sprites0,png-l1-s0-f2,png,True,,3313,0.5521303333333333,False,b2c39542667327a857e8b4c4974dbd738e13228454a9d1768923b2df41e20b5d
sprites0,png-l1-s3-f0,png,True,,9818,0.30085466666666666,False,7dc17813ed67803ed3adb56341aca31b9fa22fda2dc093d826de032692ff00cc
sprites0,png-l1-s3-f1,png,True,,11406,0.650493,False,800108cc9b689e6a2682c7971b8b57d71d1afdbeca4bb684408bfa795caa39e3
sprites0,png-l1-s3-f2,png,True,,1770,0.263132,False,d6fa64d4ad0adc6ea3f54637d920bc767d32b0b17c78c13fedd918cd5bd7fcf1
sprites0,png-l1-s2-f0,png,True,,80947,2.2939073333333333,False,09e808d6c616dec3a57d5934c2770c2d8fea6cabaff76e28e8301c662445af4e
sprites0,png-l1-s2-f1,png,True,,27517,0.7990223333333334,False,313dd2fc06e097d710fa20ae06ed12797eddc77e50f71d2f6e0f9c98f78e1f50
sprites0,png-l1-s2-f2,png,True,,27563,0.820975,False,b0eb85d3785fc1a482eaaa9a6c6da8bc10543d37b92edeaddee1c27b9c339d14
sprites0,png-l3-s0-f0,png,True,,3557,0.6310733333333334,False,80c88351c09716cde0dd2fa96511cee902cea0531b671646b40ea0855c5cada1
sprites0,png-l3-s0-f1,png,True,,3868,0.28630833333333333,False,d7f6c3efb0c22449a44337f65758c1d940598c00264a7fd821a10b684bcf8a26
sprites0,png-l3-s0-f2,png,True,,3141,0.2809083333333333,False,886b98af4346252851ba897159dd10fc1a7f8ad84ae8ac6ae0ae9adf5b2f56d4
sprites0,png-l3-s3-f0,png,True,,9818,0.5898666666666667,False,7dc17813ed67803ed3adb56341aca31b9fa22fda2dc093d826de032692ff00cc
sprites0,png-l3-s3-f1,png,True,,11406,0.33254133333333336,False,800108cc9b689e6a2682c7971b8b57d71d1afdbeca4bb684408bfa795caa39e3
sprites0,png-l3-s3-f2,png,True,,1770,0.27409133333333335,False,d6fa64d4ad0adc6ea3f54637d920bc767d32b0b17c78c13fedd918cd5bd7fcf1
sprites0,png-l3-s2-f0,png,True,,80947,1.82206,False,09e808d6c616dec3a57d5934c2770c2d8fea6cabaff76e28e8301c662445af4e
sprites0,png-l3-s2-f1,png,True,,27517,1.1602766666666666,False,313dd2fc06e097d710fa20ae06ed12797eddc77e50f71d2f6e0f9c98f78e1f50
sprites0,png-l3-s2-f2,png,True,,27563,0.878885,False,b0eb85d3785fc1a482eaaa9a6c6da8bc10543d37b92edeaddee1c27b9c339d14
scroll1,raw,raw,True,,196608,0.011869666666666667,False,3ffc4883ef8158bb4c9e48f3364ddbd5d0894bbb5fa6f9ac5ce63b947971e7b2
scroll1,rle2,rle2,True,,49214,0.049890000000000004,False,62546319a3c7da34308aa2bc1bd733d46a47542c29d6432558b3c9daa19974c9
scroll1,szip-o0-b32768-r1-i0,szip,True,,1462,604.4208413333333,False,21d928a9478353c50cb94dc8960f6fe933e7844d39076900a5949d3afe2b7c35
scroll1,szip-o0-b131072-r1-i0,szip,True,,711,382.10618666666664,False,3ff40a75531ce351cb091c27f3cadd7f7b32880ca01decbbf29bfcc9f20bdc39
scroll1,szip-o0-b4259840-r1-i0,szip,True,,505,292.01922133333335,False,e837ccdea3c64cdd7bb11535c50fc0a40e727d1a829191b795a8cef8e4a2bb8d
scroll1,szip-o3-b32768-r1-i0,szip,True,,9611,1.339499,False,ffb566125210711caf0b4b035dc8078d34ea8cfa812ec93e526baf1bd7750865
scroll1,szip-o3-b131072-r1-i0,szip,True,,7662,1.2221966666666666,False,dc76334b108f5bcbd4cac8f50778fbd8d0b3731ae3e154fa5087dcfb1b73ef4a
scroll1,szip-o3-b4259840-r1-i0,szip,True,,7162,2.567182,False,bf0068bcdb9fff0bb37d1f60252c9ce4d247a4105692cc2ac56adb35df7cba20
scroll1,szip-o4-b32768-r1-i0,szip,True,,3590,1.2140236666666666,False,8c2c8befae146869100d51214b4f20efc0f01708a4a6c8ebc0f5066f7cf08533
scroll1,szip-o4-b131072-r1-i0,szip,True,,1574,2.186711,False,37ea27b387f924538028526cb0eab46d357ad6fdc5ebbca79ff282cbe905c0a9
scroll1,szip-o4-b4259840-r1-i0,szip,True,,1056,1.0230076666666668,False,dd5b6aaa9ac56989701ea71abee977a720de485230c1b3a0199233b2cf9c2093
scroll1,szip-o6-b32768-r1-i0,szip,True,,3690,1.9999523333333333,False,04063982b73045228d8b9b9a1b0f220be2dae7adee59378068fc96483569949f
scroll1,szip-o6-b131072-r1-i0,szip,True,,1643,1.8546126666666667,False,3ea886276b99c1db308876c46c468a0fa016658045a6a1b093f91f3e2c4c21df
scroll1,szip-o6-b4259840-r1-i0,szip,True,,1120,1.835016,False,e01bb3dc0cab54e4efa823f7f7d8acc24fdb017535a9773c70f3dd861ec30960
scroll1,szip-o0-b4259840-r1-i1,szip,True,,219,417.08092566666664,False,9b7156b7d04dcc76eb195b40ba16679978ae0bf02f6f893d69c0c25aea924166
scroll1,szip-o0-b4259840-r2-i0,szip,True,,634,215.44713366666667,False,fe2ffe7a2f552a676a7ae709d0e3d44fe621e13e32623d6e18e20345e0a4c9f7
scroll1,szip-o0-b4259840-r2-i1,szip,True,,372,174.10698733333334,False,01c411f4f178a16daeaf00e9c99578259cc3e6152d7d309a8234da2b5d4c6604
scroll1,szip-o0-b4259840-r3-i0,szip,True,,896,125.610914,False,f93e19ac6e28db6853a89b53939d76809bb943d091ed35513e55c899b0389ae0
scroll1,szip-o0-b4259840-r3-i1,szip,True,,556,128.55052799999999,False,94c9140f34927eb2289366efa911aefc757c4ba012f5b58351afca7fdd2e20b5
scroll1,szip-o0-b4259840-r4-i0,szip,False,screening timeout: four encodes plus verification exceeded 5 seconds,0,,False,
scroll1,szip-o0-b4259840-r4-i1,szip,False,screening timeout: four encodes plus verification exceeded 5 seconds,0,,False,
scroll1,szip-o0-b4259840-r8-i0,szip,False,screening timeout: four encodes plus verification exceeded 5 seconds,0,,False,
scroll1,szip-o0-b4259840-r8-i1,szip,False,screening timeout: four encodes plus verification exceeded 5 seconds,0,,False,
scroll1,szip-o4-b4259840-r1-i1,szip,True,,1073,1.2135166666666666,False,3760de47d87d602a743cf892a84978dda5dfccbf0278e13d9dcfcb8379c771e7
scroll1,szip-o4-b4259840-r2-i0,szip,True,,619,0.609023,False,666f30a365473b4f4b3bc86480eebec38902ac04750bd70528facc2af1087cbd
scroll1,szip-o4-b4259840-r2-i1,szip,True,,1204,1.2692993333333333,False,d53d5fde4bd8342f4b0dcde612ae641fac8e8b5f45f0f6ba2e5c4354617636b0
scroll1,szip-o4-b4259840-r3-i0,szip,True,,6529,2.2581510000000002,False,db66bf4243113d48bcf34cfc2deca98c1732a3ac9c11713ea96a63f378dad3d7
scroll1,szip-o4-b4259840-r3-i1,szip,True,,3089,1.7427466666666667,False,71e868053cfb5969429433d09e783a578855c5561aeb670f630cbb73eb3856ca
scroll1,szip-o4-b4259840-r4-i0,szip,True,,813,0.5424336666666667,False,aaba7ed8ad9cfb05b83c16fd51decca923bc698865338aaa52623c748348ff05
scroll1,szip-o4-b4259840-r4-i1,szip,True,,2347,0.7075123333333333,False,192540e37c0b8a6ce4c06e9b885fec0c99cf0a9484e8c50ac10385ad5f53c5b2
scroll1,szip-o4-b4259840-r8-i0,szip,True,,1053,1.1147766666666667,False,d5753beb9b280beec8d4b2141bd67e583e537caba8b0a9564ba9ff875ef91ace
scroll1,szip-o4-b4259840-r8-i1,szip,True,,4601,1.1083836666666667,False,81faa31950e8cfb1b053f41bf19821a84eb3e6bf908a3b4de072a9b76f7bef0e
scroll1,srle2-o0-b32768-r1-i0,srle2,True,,643,29.947550666666668,False,43a749f2d64ff2ac965575076f62868cdc39a6ce1b2fd3cd6caa4b14c67dfae8
scroll1,srle2-o0-b131072-r1-i0,srle2,True,,425,29.081719,False,93d284bb07d1c37c14418b3a9bfbc47fc8b233dd6a5e795caa6f84a95185627e
scroll1,srle2-o0-b4259840-r1-i0,srle2,True,,425,28.992249666666666,False,93d284bb07d1c37c14418b3a9bfbc47fc8b233dd6a5e795caa6f84a95185627e
scroll1,srle2-o3-b32768-r1-i0,srle2,True,,702,0.252282,False,7e5d79d5dd828dea11802634fab8e0240a59b603c5cedde083bbd26f7cf3cdd6
scroll1,srle2-o3-b131072-r1-i0,srle2,True,,491,0.296552,False,7b57aeb30dfd9599f71e3fc01140776777af5fedcbf5a2b8b60a1d1296e2d430
scroll1,srle2-o3-b4259840-r1-i0,srle2,True,,491,0.5021603333333333,False,7b57aeb30dfd9599f71e3fc01140776777af5fedcbf5a2b8b60a1d1296e2d430
scroll1,srle2-o4-b32768-r1-i0,srle2,True,,702,0.4621406666666667,False,944caf658535d1d286488a0463e0be1723c0978382ad610dc92d04b76381ef36
scroll1,srle2-o4-b131072-r1-i0,srle2,True,,491,0.18915533333333334,False,eed00e1b18d714d738a277be2d8f81f38dd3d31655479c14e2747986dea677ce
scroll1,srle2-o4-b4259840-r1-i0,srle2,True,,491,0.18889233333333333,False,eed00e1b18d714d738a277be2d8f81f38dd3d31655479c14e2747986dea677ce
scroll1,srle2-o6-b32768-r1-i0,srle2,True,,702,0.37729799999999997,False,8fb26374c434fb715d817227dff2b7e4364447ed3ad4933d1fbc5ca196b4448a
scroll1,srle2-o6-b131072-r1-i0,srle2,True,,491,0.3977543333333333,False,2b6a5b9609db4d5eb31ede9ebde2fd0f99e9c40c4f97bee70c35989652f64bba
scroll1,srle2-o6-b4259840-r1-i0,srle2,True,,491,0.3957606666666667,False,2b6a5b9609db4d5eb31ede9ebde2fd0f99e9c40c4f97bee70c35989652f64bba
scroll1,srle2-o0-b4259840-r1-i1,srle2,True,,498,34.202936666666666,False,ba427b488292bd18e26fa1c129d5758db70a929d8da2cd8eacf6ad439418feae
scroll1,srle2-o0-b4259840-r2-i0,srle2,True,,323,11.499905,False,05e735910d88aa4e99a6db320c966853eb498f1ac44817d5baf2eb1ef45fb283
scroll1,srle2-o0-b4259840-r2-i1,srle2,True,,335,14.985888666666666,False,204bfdf12a14ae63df31439aaebd85bf8d2bf1927709b8a233e7a0e8153b5e92
scroll1,srle2-o0-b4259840-r3-i0,srle2,True,,586,13.988344666666666,False,1f9797fbca7ade855732798de57113ef7c5ee73b3d73ca072b3320f469321dce
scroll1,srle2-o0-b4259840-r3-i1,srle2,True,,833,12.696198333333333,False,be5faaf5d81a90bb89cd0ba40067d60ac62d38716d4cdf176438cc466998cd25
scroll1,srle2-o0-b4259840-r4-i0,srle2,True,,370,10.232915666666667,False,0ebebb9612e5961fb0ae37ae306716e2ee7afd3ab021a4b69f0360a0376aec7d
scroll1,srle2-o0-b4259840-r4-i1,srle2,True,,379,10.771755666666667,False,d3fd0d0a9a390879ea19f132745703a03eaeaf28fecfc0c5cb1e5070fc02139a
scroll1,srle2-o0-b4259840-r8-i0,srle2,True,,412,10.335311666666666,False,c3ccc24e6c7d835e5f4afb9a79377d66055a3c25f40a4bd8930aceb69e1059fd
scroll1,srle2-o0-b4259840-r8-i1,srle2,True,,470,11.737843666666667,False,2ae5433571fc827c487b8f928a42b043f3cf0714e1fe4917ceef5ad0f9eb320d
scroll1,srle2-o4-b4259840-r1-i1,srle2,True,,592,0.20561866666666667,False,29d08b6036b47e1645cb3d9befeb5281a0b883feb8463beee8b990bce7570fd3
scroll1,srle2-o4-b4259840-r2-i0,srle2,True,,509,0.195099,False,56dd2ede8fef97017653c25df3d87dcda140d193d3560b8a40ae5d34bb9170f5
scroll1,srle2-o4-b4259840-r2-i1,srle2,True,,863,0.27968166666666666,False,3cb76204db2f11b8f3481be9c1744f833ebca589ddf880c86d02720609aa0092
scroll1,srle2-o4-b4259840-r3-i0,srle2,True,,613,0.219142,False,0e780eae2065fb5b16fb263dfa59ca25340456ac8c7b6d6e099f067ec0f9fbda
scroll1,srle2-o4-b4259840-r3-i1,srle2,True,,850,0.6076766666666666,False,93d586b1b9c12c5febafb1ede7454267d06ced76f44890b057418018600ac120
scroll1,srle2-o4-b4259840-r4-i0,srle2,True,,721,0.48067766666666667,False,5ac31c636c1b7aa0d706fb552171f1b91a97922595168345099e2f635b83862e
scroll1,srle2-o4-b4259840-r4-i1,srle2,True,,1198,0.647276,False,fab1a310dce359219b4802f68f0fadacfc2bc9691fbb7b6a654e73b3394aaa2e
scroll1,srle2-o4-b4259840-r8-i0,srle2,True,,1092,0.60322,False,9d298712def99d4fa1ab4aed129db3e6fd7c1cd2e4e6fd80bde47904a6bbce97
scroll1,srle2-o4-b4259840-r8-i1,srle2,True,,1918,0.6701263333333334,False,0a940c3e3df3b690fc5492cb933300e2fdccc20f7cdc425fc935a8f8222e20ae
scroll1,png-l1-s0-f0,png,True,,3473,0.278575,False,d28e41c879e30968c95e1dc189e6191e82432ea521dc608d78af859dcc8fa937
scroll1,png-l1-s0-f1,png,True,,3222,0.41605733333333333,False,0117c9955f1af5f4c50867b0ff7788e26777d029bc91e77fcc65c45cdf57c37d
scroll1,png-l1-s0-f2,png,True,,2681,0.5809033333333333,False,6135a6005913191e1627cc64554d8aee089325756e57cbf303585aba6cfa3803
scroll1,png-l1-s3-f0,png,True,,29095,0.44790433333333335,False,630ead56f31efe6d4af37950bc390f5834c630e25578b5bab4cd4369eb4afc3c
scroll1,png-l1-s3-f1,png,True,,22464,0.4749376666666667,False,6668bed88b8962ee4b4b04c3a89981d902f3dd52bf28832344fd2353b3be7605
scroll1,png-l1-s3-f2,png,True,,1428,0.252302,False,218b47e3f414916777be81354face2cabf937f824434460358fe17a88a89b5c7
scroll1,png-l1-s2-f0,png,True,,148620,1.5652146666666666,False,ea345b78ac6605d47b42ba9d307f3712cac044091ec170ffe187a5b360209331
scroll1,png-l1-s2-f1,png,True,,28475,1.4874113333333332,False,3692823e48e91c705e99f9e099ffd2088711af256de08b69c4f820ba53e4df34
scroll1,png-l1-s2-f2,png,True,,28749,0.8203353333333333,False,1b0112247393bc3e0287824344bdbab3c6d00302e63ece68336d459b23db5447
scroll1,png-l3-s0-f0,png,True,,3233,0.513057,False,7335203bcc98a66e605dfa45c3e33687176678343f3b918f26227b22efd33de9
scroll1,png-l3-s0-f1,png,True,,2913,0.2570286666666667,False,9e4d8bae3cfc6b45cfbd7028033df5f9420dadbc7a2beaf649bb9baa03ce9f72
scroll1,png-l3-s0-f2,png,True,,2054,0.5441203333333333,False,7e51fe3f4fe5ffc1e3970c699b5274348392d2feb6b31841ac4706c040f54c72
scroll1,png-l3-s3-f0,png,True,,29095,0.44675766666666666,False,630ead56f31efe6d4af37950bc390f5834c630e25578b5bab4cd4369eb4afc3c
scroll1,png-l3-s3-f1,png,True,,22464,0.9987483333333333,False,6668bed88b8962ee4b4b04c3a89981d902f3dd52bf28832344fd2353b3be7605
scroll1,png-l3-s3-f2,png,True,,1428,0.6276963333333333,False,218b47e3f414916777be81354face2cabf937f824434460358fe17a88a89b5c7
scroll1,png-l3-s2-f0,png,True,,148620,1.964255,False,ea345b78ac6605d47b42ba9d307f3712cac044091ec170ffe187a5b360209331
scroll1,png-l3-s2-f1,png,True,,28475,0.8146816666666666,False,3692823e48e91c705e99f9e099ffd2088711af256de08b69c4f820ba53e4df34
scroll1,png-l3-s2-f2,png,True,,28749,1.2266863333333333,False,1b0112247393bc3e0287824344bdbab3c6d00302e63ece68336d459b23db5447
sprites1,raw,raw,True,,196608,0.00698,False,4969b572ee89ff4f09ed1825f7b9404fa460ee5502e62caca82123ade52a25df
sprites1,rle2,rle2,True,,15022,0.045052999999999996,False,6ca21e93cb573d06edca05fe2b37e46218f2ec67167a9175fe2c7064cae57a37
sprites1,szip-o0-b32768-r1-i0,szip,True,,915,660.2210696666666,False,303dd5533dbca32dcbf76df69354740d3082c45d2f81865d6207888b882782ce
sprites1,szip-o0-b131072-r1-i0,szip,True,,674,559.060567,False,7814150a659756e96492797109cebd565f3a2528c2f01cec9b11e8fc55a88a9a
sprites1,szip-o0-b4259840-r1-i0,szip,True,,464,580.1821316666667,False,d663c961edbd7411f6f9fd12139423de9e717fa4a930ed713c02665e4cc22f53
sprites1,szip-o3-b32768-r1-i0,szip,True,,6671,1.448892,False,29593115e41775129e0a6432d16cd954ba39123325c730f0e93f7d8760585221
sprites1,szip-o3-b131072-r1-i0,szip,True,,6130,1.1815096666666667,False,0a1b2c287cba922551b929ed44c3875a6d84a098a0f67839a0dd67e3486f4370
sprites1,szip-o3-b4259840-r1-i0,szip,True,,5936,1.1713966666666666,False,757c64442390ec31a616fdb1435fa5eaa553b6a9e6ddbb289e4ef6ad6f59328e
sprites1,szip-o4-b32768-r1-i0,szip,True,,6808,1.0032673333333333,False,e785722f0ad09a5ece109fb5e464e81106da5d1c2a541ffff7468e9a8b83237e
sprites1,szip-o4-b131072-r1-i0,szip,True,,6259,1.7793533333333333,False,1fd17af4b57d860049e3f5eed096de0a891b804bf8cf4d25992630b991dfbed6
sprites1,szip-o4-b4259840-r1-i0,szip,True,,6071,0.9030913333333334,False,5e127feda5680fde20397e2f190d51e8269a7843aaab0f704ad5d62b861cbb36
sprites1,szip-o6-b32768-r1-i0,szip,True,,6721,2.1600843333333333,False,a3d4f593877520288c4f377ae4c8d7af5d42af0e9c2eb0bb512925b5066a0bec
sprites1,szip-o6-b131072-r1-i0,szip,True,,6213,2.062708333333333,False,184599015da4b2895e6240c457a343ce580bdc68b4560930eeabc8442b78709e
sprites1,szip-o6-b4259840-r1-i0,szip,True,,6002,2.043468333333333,False,c0b6640db09a3505d98dcf071bf4e9b90dea32917d9a2fcdf628e68de5e9bb73
sprites1,szip-o0-b4259840-r1-i1,szip,True,,411,583.7373413333333,False,48ef021e859996051c2d69f4d4b323f0fc96a5a0ed17b261ad47d1265610766a
sprites1,szip-o0-b4259840-r2-i0,szip,True,,668,394.186465,False,ed2daf37a6d95b6e7e281e81baa2308f492e2a3807f1e9bef9c1e4f0a11e3663
sprites1,szip-o0-b4259840-r2-i1,szip,True,,686,339.81606466666665,False,a50847101a26e54d4742123a4e2bfd26e25448bb1a787b958ceefe328c48c137
sprites1,szip-o0-b4259840-r3-i0,szip,True,,1157,219.64862666666667,False,cd0608deb8d25b2c3dd53ed77ddf32398a697b5ddbf0f8372ba1ac13d0db9bcb
sprites1,szip-o0-b4259840-r3-i1,szip,True,,1181,222.79245233333333,False,ca1c7813d85f8c5acbb5a82df87edc5749cf97317a1f48a36fcc4b7afd7354f5
sprites1,szip-o0-b4259840-r4-i0,szip,True,,670,205.810485,False,765aaedb6f1d1c03c74359497263c09f04c6d3297bf36de27431a9ec261c7281
sprites1,szip-o0-b4259840-r4-i1,szip,True,,801,207.909663,False,e53be295539d0a680dd5412c68f5a823f726c394f143b7db1714f6709e21ff85
sprites1,szip-o0-b4259840-r8-i0,szip,True,,652,216.455498,False,5ca58516c936b2f5106e1e46d026e84d00e8bef88c1847389000cc018bf5e3fe
sprites1,szip-o0-b4259840-r8-i1,szip,True,,780,210.01943433333332,False,d3e0f08d9ac6bcc8f737f18aa5107e7119f14280494e9f0b569588d45b3bd1d8
sprites1,szip-o4-b4259840-r1-i1,szip,True,,7436,1.1322003333333333,False,dce3ca26fc74664946869dfd405dbd9e39ea5331628db48d22acc663835c9532
sprites1,szip-o4-b4259840-r2-i0,szip,True,,8467,1.0425373333333334,False,0eea4cdb5d950b725b8d6d01fd9e1870cf69624aa30495ecec1f2bb89c9ff97d
sprites1,szip-o4-b4259840-r2-i1,szip,True,,11516,1.3363556666666667,False,1a4ea83ecb2870b082b47b228831e3e968d9f9d5eb606bbe0c31bff489b2b379
sprites1,szip-o4-b4259840-r3-i0,szip,True,,11020,1.1981763333333333,False,eea16266157bf2feff810b9aebfa57c91b946d47be7fe2dca28be70f91610862
sprites1,szip-o4-b4259840-r3-i1,szip,True,,14782,1.505118,False,18c7e09d5fd478a1a8c623852c2c625c22d723a09cb3fc7ca1650042c8b962f2
sprites1,szip-o4-b4259840-r4-i0,szip,True,,6249,1.10861,False,a844d38b0cdbeb05bd69b85ae7d2a0cb2c4add6d7b3f7150059e2c81250979bc
sprites1,szip-o4-b4259840-r4-i1,szip,True,,8134,2.935033333333333,False,2d8f784b38c4c47a4abfa137f0e67a0d2f0c768797a1258f223c16b56ab96bd3
sprites1,szip-o4-b4259840-r8-i0,szip,True,,2011,0.6200636666666667,False,4cce1ce2ac4ea956f531dc3cb7c0527750b24c8f57fc682a59aa0b51ea4d5ca4
sprites1,szip-o4-b4259840-r8-i1,szip,True,,7000,0.8771483333333333,False,6cd0b9e7fdac62ea9cd4cfb5907025946ffc426063aff0d67cf16cf8e8784017
sprites1,srle2-o0-b32768-r1-i0,srle2,True,,511,5.341366666666667,False,ff33fb18ca6bd631cce804aa9287954b4c352401015a8a0d0c11ed5a8c5e7891
sprites1,srle2-o0-b131072-r1-i0,srle2,True,,511,5.314103666666666,False,ff33fb18ca6bd631cce804aa9287954b4c352401015a8a0d0c11ed5a8c5e7891
sprites1,srle2-o0-b4259840-r1-i0,srle2,True,,511,5.3016966666666665,False,ff33fb18ca6bd631cce804aa9287954b4c352401015a8a0d0c11ed5a8c5e7891
sprites1,srle2-o3-b32768-r1-i0,srle2,True,,613,0.126486,False,aeff4390a5ee4bab1993fc9d5a5dcba2b70f841fafffdf7ec1cb34d3c7d0a2ab
sprites1,srle2-o3-b131072-r1-i0,srle2,True,,613,0.12822266666666665,False,aeff4390a5ee4bab1993fc9d5a5dcba2b70f841fafffdf7ec1cb34d3c7d0a2ab
sprites1,srle2-o3-b4259840-r1-i0,srle2,True,,613,0.27811833333333336,False,aeff4390a5ee4bab1993fc9d5a5dcba2b70f841fafffdf7ec1cb34d3c7d0a2ab
sprites1,srle2-o4-b32768-r1-i0,srle2,True,,510,0.24525866666666665,False,a0b9ec3df908cd1762a21c92883c66c41f4fb36bd449d23682fa6f3425e7aca9
sprites1,srle2-o4-b131072-r1-i0,srle2,True,,510,0.11460233333333333,False,a0b9ec3df908cd1762a21c92883c66c41f4fb36bd449d23682fa6f3425e7aca9
sprites1,srle2-o4-b4259840-r1-i0,srle2,True,,510,0.23841833333333334,False,a0b9ec3df908cd1762a21c92883c66c41f4fb36bd449d23682fa6f3425e7aca9
sprites1,srle2-o6-b32768-r1-i0,srle2,True,,512,0.175169,False,e0d85a73b1de2f19d78b4c0436f5d9dc4bae3e10e534605629998293c96c57b7
sprites1,srle2-o6-b131072-r1-i0,srle2,True,,512,0.4044743333333333,False,e0d85a73b1de2f19d78b4c0436f5d9dc4bae3e10e534605629998293c96c57b7
sprites1,srle2-o6-b4259840-r1-i0,srle2,True,,512,0.17487233333333332,False,e0d85a73b1de2f19d78b4c0436f5d9dc4bae3e10e534605629998293c96c57b7
sprites1,srle2-o0-b4259840-r1-i1,srle2,True,,649,4.987568333333333,False,e6964b16b30cb2e0480dcae49512b91f2ed6f6b362d19abe2a894e8372c0a9b1
sprites1,srle2-o0-b4259840-r2-i0,srle2,True,,311,3.6747863333333335,False,83e96e896c56c480c49b296e1b740f13cddc0bf274cdbd12cccb90725fb500a3
sprites1,srle2-o0-b4259840-r2-i1,srle2,True,,384,4.913642666666667,False,38b83f4dab2a17784bafa238532183681a66635a0abdbd48646c0cd03e06d36a
sprites1,srle2-o0-b4259840-r3-i0,srle2,True,,645,3.002146333333333,False,e185eda99ff3f23ce78aadc8ecf33fedd57a9451918b5d5b5483b32000222c9f
sprites1,srle2-o0-b4259840-r3-i1,srle2,True,,793,2.7251013333333334,False,c763c8c7a9dba8095db3a9ae14ec2f2e10cdba95780a0bfcb501e80684fc0262
sprites1,srle2-o0-b4259840-r4-i0,srle2,True,,433,5.259206666666667,False,4075815262a13728f81e77d8e05fb4422446255dcdcaadd09bfa76912e321625
sprites1,srle2-o0-b4259840-r4-i1,srle2,True,,481,5.392583,False,a919dc56e36fe037659d026cd589fc8e2aeca53e6c566f59b4ad34c3e8cd1c78
sprites1,srle2-o0-b4259840-r8-i0,srle2,True,,583,3.520243333333333,False,8d8d6a6a2b874caa5296840feea913cf3799229cfae7b95f4af9190385687a57
sprites1,srle2-o0-b4259840-r8-i1,srle2,True,,623,3.657229,False,41292da8b77127b3fee5b0e57c96a781ec2e928760ef4c39c53b549734d9a8ed
sprites1,srle2-o4-b4259840-r1-i1,srle2,True,,647,0.128489,False,7f02547043300cd404c664185369ae4de4eb5324ff047356354c22db70677a12
sprites1,srle2-o4-b4259840-r2-i0,srle2,True,,351,0.24863566666666667,False,d1164c4488f706a9725df481f7e1fb37ff4c1f35450e7920b743ed31c8f4658a
sprites1,srle2-o4-b4259840-r2-i1,srle2,True,,450,0.13879566666666668,False,62d2e8a4b4a15939b7703197bd394416fad7d948f852d25a45043a22db5cdd0c
sprites1,srle2-o4-b4259840-r3-i0,srle2,True,,756,0.1309,False,eb64789816b307cc368540d84c5cbffdc1ecd6c0fd74c29d1cf5d62b2f30ae78
sprites1,srle2-o4-b4259840-r3-i1,srle2,True,,886,0.13368233333333335,False,f979a2d9ed3f31fd12af0986c52060af6aed65fce6f02407dad9e12c19d326bf
sprites1,srle2-o4-b4259840-r4-i0,srle2,True,,516,0.12746233333333334,False,6e2d2c950276767771320541f53aad1a12d487df87b69876810b16aa323b9af7
sprites1,srle2-o4-b4259840-r4-i1,srle2,True,,575,0.16071233333333332,False,a50ac3f95055eed9e82316405fc839d227e1e75285b696db3d89f892500bc95f
sprites1,srle2-o4-b4259840-r8-i0,srle2,True,,785,0.2893986666666667,False,84f6462579083364c937f1b77214aeadeb01a82be2babf89d9eea22ae4b042b6
sprites1,srle2-o4-b4259840-r8-i1,srle2,True,,838,0.3047646666666667,False,144996dbdb41b3bb9e87dc7b15bc3d225284ec2769aef0a84313d911851e219d
sprites1,png-l1-s0-f0,png,True,,8783,0.433081,False,568b2434b3b5167b007a8cf9f3f3d2f3a9d3c397a5c30a4da831128573a18eda
sprites1,png-l1-s0-f1,png,True,,5166,0.287832,False,fc0222c4f92389f89733f9e9094079f2305fc29918cc062cae6eef4546b6b667
sprites1,png-l1-s0-f2,png,True,,3280,0.27381833333333333,False,a2c5c47c88932144d516d0916ff5c923163a53b101a63f426b3243c6e3561179
sprites1,png-l1-s3-f0,png,True,,9611,0.33965466666666666,False,bd0a664bbf8494253435fc84833d9810b1648578d3965392200ab7286b9cb776
sprites1,png-l1-s3-f1,png,True,,11426,0.32232533333333335,False,4a101e36e2601fafecae9454474e48f811d09bffad0cb146042b057bc60d7dd0
sprites1,png-l1-s3-f2,png,True,,1765,0.26250833333333334,False,80897ec19905be5f341b0b883615d630d2625f21246feb8afae17ca861b1a221
sprites1,png-l1-s2-f0,png,True,,80888,1.1398439999999999,False,c47eb82cdc01ce368df899164edbdfb7692d49b400de3c301d16d659958933c7
sprites1,png-l1-s2-f1,png,True,,27456,0.8424383333333334,False,128d1aec390f4c4275001ef402f72714524ee70e1df81740f1c6516007da29f3
sprites1,png-l1-s2-f2,png,True,,27548,1.7999733333333334,False,2cbcdb39b3889cfb0defeb3d2a121b276d9c368b792f9d4daf033ea552f65152
sprites1,png-l3-s0-f0,png,True,,3560,0.600233,False,65db4192b0932ce51525994a16779a8c666ce8ba7e838dff8cca40fed4c2d447
sprites1,png-l3-s0-f1,png,True,,3793,0.5756336666666667,False,c8b8cdfca4a63d7047b44507c1a4b5e532158258873927f22129684f4df75515
sprites1,png-l3-s0-f2,png,True,,3156,0.32467833333333335,False,549769492d1d370d029970c57c75cd1391c7626ca99fa73daf0c54f9b5223dac
sprites1,png-l3-s3-f0,png,True,,9611,0.629267,False,bd0a664bbf8494253435fc84833d9810b1648578d3965392200ab7286b9cb776
sprites1,png-l3-s3-f1,png,True,,11426,0.6501233333333334,False,4a101e36e2601fafecae9454474e48f811d09bffad0cb146042b057bc60d7dd0
sprites1,png-l3-s3-f2,png,True,,1765,0.262772,False,80897ec19905be5f341b0b883615d630d2625f21246feb8afae17ca861b1a221
sprites1,png-l3-s2-f0,png,True,,80888,1.1415173333333333,False,c47eb82cdc01ce368df899164edbdfb7692d49b400de3c301d16d659958933c7
sprites1,png-l3-s2-f1,png,True,,27456,0.8792353333333334,False,128d1aec390f4c4275001ef402f72714524ee70e1df81740f1c6516007da29f3
sprites1,png-l3-s2-f2,png,True,,27548,0.8285986666666667,False,2cbcdb39b3889cfb0defeb3d2a121b276d9c368b792f9d4daf033ea552f65152
scroll2,raw,raw,True,,196608,0.020123333333333333,False,731f632a92404f53577a3a8952d9e8d38d6e90b26f9307f3388db93ae9d8f101
scroll2,rle2,rle2,True,,49262,0.04989966666666667,False,8360745d239bb7568601ef6aaccd3fafdf638b6335fd15cca6738d8c06ccb321
scroll2,szip-o0-b32768-r1-i0,szip,True,,1477,422.56989466666664,False,3115be55711080c53e4e26207bb11eff30ddf5c62f83d2f0afcdccb4eb11c6fe
scroll2,szip-o0-b131072-r1-i0,szip,True,,728,386.3963856666667,False,be55e35acf93f7f539ff2c0dfdcf33726e1e3abda592e40e83850e8c619a4a63
scroll2,szip-o0-b4259840-r1-i0,szip,True,,522,290.819398,False,f9285e58219c6d9585142e716eefda1276addda58e247430e5dccf9739bf52ca
scroll2,szip-o3-b32768-r1-i0,szip,True,,9618,1.332359,False,794c4fb3655a2eed9271baade82cc7afa63ac562e53099ae14e2ad4c411415f2
scroll2,szip-o3-b131072-r1-i0,szip,True,,7666,1.603921,False,2f3141d8c65f72d66ad62572ef582a20d106805dffd6a2c7507e6dd137c0479c
scroll2,szip-o3-b4259840-r1-i0,szip,True,,7165,1.1936233333333335,False,63f6cd8cb4db215761c99d699c9e3913f3fad9dfefc5fae8203b3f1e7092a347
scroll2,szip-o4-b32768-r1-i0,szip,True,,3597,2.228834,False,a8d27b35ecc1521671ee743b2641584d337b776852b97b2b42dd4c511a77357d
scroll2,szip-o4-b131072-r1-i0,szip,True,,1581,1.044951,False,f8483caa705344f88c61d413565ccde631405c0c2041c08ae7dd7e085bc0c6b9
scroll2,szip-o4-b4259840-r1-i0,szip,True,,1064,1.0150206666666668,False,99f4f301722dd5d148549740ac41fc417ce012fa725efe0b0e7622f38d46fae6
scroll2,szip-o6-b32768-r1-i0,szip,True,,3698,2.058625,False,bca7977edc7cb63b7865677ee1881796eb9998934ea39b99994a0a216d0b98fd
scroll2,szip-o6-b131072-r1-i0,szip,True,,1648,2.302244,False,73292f15dc5b40253b3c5f4bf0ad3fed9fb39c2a6cefc50a0c0916e7f4ee6f42
scroll2,szip-o6-b4259840-r1-i0,szip,True,,1132,3.5301066666666667,False,36f598e0f12118a891fccb2916a51a77f77a811d5c299e533bf13f0410158307
scroll2,szip-o0-b4259840-r1-i1,szip,True,,220,413.689298,False,84a4bba56a0ebcd60970d72043c9ecbf60eb1739fa663e95c1986b0b24f698d9
scroll2,szip-o0-b4259840-r2-i0,szip,False,screening timeout: four encodes plus verification exceeded 5 seconds,0,,False,
scroll2,szip-o0-b4259840-r2-i1,szip,False,screening timeout: four encodes plus verification exceeded 5 seconds,0,,False,
scroll2,szip-o0-b4259840-r3-i0,szip,True,,899,117.59378633333333,False,fc87ee125765be34727c0fc157a09cbfc353bbc2887174b2df4cc38062fd6be9
scroll2,szip-o0-b4259840-r3-i1,szip,True,,551,127.89850833333334,False,b37b7599955a6eadba6326854ad89bc7232a0500d953cfffb131ce647003cf3d
scroll2,szip-o0-b4259840-r4-i0,szip,True,,580,722.1892696666666,False,d021f7d80b7a0e57acce1cbb701d7bedcde34d79ea130861aae676800eb7cbb2
scroll2,szip-o0-b4259840-r4-i1,szip,True,,404,741.2217656666667,False,a9d1327495cc752c63f87ddade77f15743e91255c754ba3e5548ea15a027ad91
scroll2,szip-o0-b4259840-r8-i0,szip,False,screening timeout: four encodes plus verification exceeded 5 seconds,0,,False,
scroll2,szip-o0-b4259840-r8-i1,szip,False,screening timeout: four encodes plus verification exceeded 5 seconds,0,,False,
scroll2,szip-o4-b4259840-r1-i1,szip,True,,1139,1.211273,False,bba269d8802dea91c25e93eadada4b06c21fe3f63459a807a6c44f8231852141
scroll2,szip-o4-b4259840-r2-i0,szip,True,,719,0.483917,False,d55cb08605f1a7199773dba597deec475d24026f34274813f08b44313f959d85
scroll2,szip-o4-b4259840-r2-i1,szip,True,,1193,0.61949,False,51fc627255b62f13e19c32166f38c8cd89a39f2e751cd9f608bf4be4d61922a2
scroll2,szip-o4-b4259840-r3-i0,szip,True,,6560,1.0378406666666666,False,40dd51499670393ad4409a7f1c430ddec0f6ba5704c13264b8f33500fc5e7b6b
scroll2,szip-o4-b4259840-r3-i1,szip,True,,3150,1.1425336666666668,False,ba970358cfea3a48af0e48f71e7d2ac1d163c4c7ab335d8a810d0fbf3fc8a8c8
scroll2,szip-o4-b4259840-r4-i0,szip,True,,828,0.5721036666666667,False,21dda97aaa9994deec5ab5bb6a48bf763bb8a4f9109f12dcaa9733fe73389aac
scroll2,szip-o4-b4259840-r4-i1,szip,True,,2345,1.5919106666666667,False,5040169b7d87abb2707bb144e2f9307387e6ba21e3140a8c9ccbd6c2dc03be69
scroll2,szip-o4-b4259840-r8-i0,szip,True,,1054,1.1305103333333333,False,6b255d3c2082377499a0b6e01840753255859f3f56fc7be1112440ecbb5710ac
scroll2,szip-o4-b4259840-r8-i1,szip,True,,4601,1.3606553333333333,False,6757841b5b323590a465d88fcc31783e20687b764162e3f6176fba69f08e5dce
scroll2,srle2-o0-b32768-r1-i0,srle2,True,,708,30.406901333333334,False,dfe1fb4970ccf5bc69422f2f81b5b4c6a031eb6ce05bad9acbf748791712c8cc
scroll2,srle2-o0-b131072-r1-i0,srle2,True,,468,29.03612933333333,False,350e0a7461d59368378e8c133e5713998bdad1bad1cb1fcdd8521ab76440339b
scroll2,srle2-o0-b4259840-r1-i0,srle2,True,,468,28.794457666666666,False,350e0a7461d59368378e8c133e5713998bdad1bad1cb1fcdd8521ab76440339b
scroll2,srle2-o3-b32768-r1-i0,srle2,True,,766,0.6367626666666667,False,02a6f256d535adc8ab73f60f36a4509c46f3bce428e9cc9291c7d3eaecf9c8d8
scroll2,srle2-o3-b131072-r1-i0,srle2,True,,530,0.23777233333333334,False,50c6576a0add327adb823ae625c3c6768e4aabfd3a50bbca24de7c4b5b842087
scroll2,srle2-o3-b4259840-r1-i0,srle2,True,,530,0.24382199999999998,False,50c6576a0add327adb823ae625c3c6768e4aabfd3a50bbca24de7c4b5b842087
scroll2,srle2-o4-b32768-r1-i0,srle2,True,,766,0.4628506666666667,False,285c74cfb0e0bee3018299dc30cd90eaa5e95576007601565235c8e69f10c717
scroll2,srle2-o4-b131072-r1-i0,srle2,True,,530,0.45643066666666665,False,b84e17ab2ee60906391cae2d216ae2ebaf294ef60364e89d7d776f85e1a4a412
scroll2,srle2-o4-b4259840-r1-i0,srle2,True,,530,0.5084403333333334,False,b84e17ab2ee60906391cae2d216ae2ebaf294ef60364e89d7d776f85e1a4a412
scroll2,srle2-o6-b32768-r1-i0,srle2,True,,766,0.8253186666666666,False,b095d7f08f1c89c4a2a0f31919e0372ee54ba4eea0829f058b370e3f33ec245e
scroll2,srle2-o6-b131072-r1-i0,srle2,True,,530,0.7486593333333333,False,67c2e51ef641d4ce1e88cb7874273763c9084f963fefc102c3892a5092d83e73
scroll2,srle2-o6-b4259840-r1-i0,srle2,True,,530,0.380168,False,67c2e51ef641d4ce1e88cb7874273763c9084f963fefc102c3892a5092d83e73
scroll2,srle2-o0-b4259840-r1-i1,srle2,True,,529,33.364872,False,d3c88e17525232a7c201b79f0d907bcc22b52119c76d9fec690be3fe67043db0
scroll2,srle2-o0-b4259840-r2-i0,srle2,True,,325,554.489563,False,919e7984bfcc19f864f80181a0d7d474edd473771e84260206db476a2bc62b66
scroll2,srle2-o0-b4259840-r2-i1,srle2,True,,175,195.835808,False,7264a3ab7d7b25916ccd7e01d113a95331d7501ccecb6a25d21a249005f647ef
scroll2,srle2-o0-b4259840-r3-i0,srle2,True,,597,142.33075666666667,False,00240d0b69e482ba9999150d8e68e8f1d6398d247cb2443484600529109d00a9
scroll2,srle2-o0-b4259840-r3-i1,srle2,True,,783,191.98063966666666,False,006d7119acfd599a0ecddf64b3cbc3f31d73be8aacda385d003de893bb28c271
scroll2,srle2-o0-b4259840-r4-i0,srle2,True,,330,275.42489233333333,False,4c47abf00af09d869f9c486fabf3b3d71502f8ecd376cf683c233c7e75c3d870
scroll2,srle2-o0-b4259840-r4-i1,srle2,True,,187,112.646174,False,08a05bd07fb722b9cc0716e045edb6ae9f0004437843918b25a5e1ad8f2d5a4a
scroll2,srle2-o0-b4259840-r8-i0,srle2,True,,345,136.349037,False,2cbc26813bea75c9eef7420bf820ddac1651e589e07e40bcbf32569ed90b4f42
scroll2,srle2-o0-b4259840-r8-i1,srle2,True,,203,61.73534433333334,False,aa459dd651f3b6ed584d0de1e4ee73444a0630bc410d31bba83a41ac013e3fb0
scroll2,srle2-o4-b4259840-r1-i1,srle2,True,,626,0.4251743333333333,False,a50df342d8a3ebe4d7913e2e67e4fc70a8e4bb5620c4142aafe5993a7f3ed871
scroll2,srle2-o4-b4259840-r2-i0,srle2,True,,421,0.4201276666666667,False,cd2a949146a9b431e16865834f149109f145454e88269e90a9dbc5fca7855f38
scroll2,srle2-o4-b4259840-r2-i1,srle2,True,,768,0.45601366666666665,False,7d7cdd647f2c8603e28a55b28cb6c0bea74a78e9399d8500bf94109fd5cac2c5
scroll2,srle2-o4-b4259840-r3-i0,srle2,True,,583,0.222092,False,e13d63e9bd05a110a03096cad511e332b565bceb321acb8cbb996e599ed76861
scroll2,srle2-o4-b4259840-r3-i1,srle2,True,,768,0.21651566666666666,False,fcc1e68c6c5413d1c38b50bd9083226a23e176b0b59833437546955992005de1
scroll2,srle2-o4-b4259840-r4-i0,srle2,True,,509,0.20300233333333334,False,bf21b3c647351e3f0cf47cb5e723d45b52aea429cdd53e82eb932cda4a78580b
scroll2,srle2-o4-b4259840-r4-i1,srle2,True,,872,0.296738,False,891023997465a9d391a78de89071cb59ef04b91a6a386335f96fef815a6ea7a0
scroll2,srle2-o4-b4259840-r8-i0,srle2,True,,535,0.203849,False,40d6db614bd6b334e322cd85619a3033750b812f31961d2e398a1b57d3c96239
scroll2,srle2-o4-b4259840-r8-i1,srle2,True,,1078,0.5370806666666667,False,c7880703d8ce3216a10d6861e2745a43473048d5c446a620c087097b39d266c5
scroll2,png-l1-s0-f0,png,True,,3676,0.5890733333333333,False,c2e9499e53f69341e226006fa95f34cd45ba0421eeb6b0158ff2c61d260fef30
scroll2,png-l1-s0-f1,png,True,,3535,0.24595166666666665,False,42f2e3028d4ead61231f4ad4c2c016fb3ff7762052fae3a310b8af7b40185bf1
scroll2,png-l1-s0-f2,png,True,,2410,0.2586853333333333,False,b472cbf7f2aa7e691f7a8e2c252029272d04135fe51b5558a31843ce31c29f62
scroll2,png-l1-s3-f0,png,True,,29431,0.4361176666666667,False,318b892d0bb75c78984613c74c694882a10c85bb44663d64c82ae900c7868685
scroll2,png-l1-s3-f1,png,True,,22566,0.48008033333333333,False,c2d6cc2f88f85c9263acfef75c17e19a2d8f90b1a8d0916668e8d1700ff3c347
scroll2,png-l1-s3-f2,png,True,,1426,0.5462936666666667,False,332585be7f15f406b9db4b9f05d240b6958ef3c716a1a03ff66f63220721cb0f
scroll2,png-l1-s2-f0,png,True,,148620,1.2106796666666668,False,74e1cc217724f661fd29414bb767c513b951bda18b9e0e1731123a93a401cddf
scroll2,png-l1-s2-f1,png,True,,28475,0.806949,False,1939796793b67285702ba622699f65d377a1bcb28effd2cbe4ce94c6ba936ffd
scroll2,png-l1-s2-f2,png,True,,28749,0.8180883333333333,False,bb9ab3d865b1f94a5469149fea589f9fa76eab581d11195e7123f6a98f0f3f67
scroll2,png-l3-s0-f0,png,True,,3202,0.557157,False,b00491fca33164d3081164b86e998abcbbc3ce1e40e65d92251f1cc1fe727856
scroll2,png-l3-s0-f1,png,True,,2689,0.26387533333333335,False,6c500c5be58a88cd04416c4a7fc92311aaad68799c63c09b524c1c2d0880a117
scroll2,png-l3-s0-f2,png,True,,2054,0.5445933333333334,False,172919e279e6581739a0e3fd3af9de24b28c6c9fe73594e77321e4cc639d55b5
scroll2,png-l3-s3-f0,png,True,,29431,0.9196213333333333,False,318b892d0bb75c78984613c74c694882a10c85bb44663d64c82ae900c7868685
scroll2,png-l3-s3-f1,png,True,,22566,0.49061366666666667,False,c2d6cc2f88f85c9263acfef75c17e19a2d8f90b1a8d0916668e8d1700ff3c347
scroll2,png-l3-s3-f2,png,True,,1426,0.34000166666666665,False,332585be7f15f406b9db4b9f05d240b6958ef3c716a1a03ff66f63220721cb0f
scroll2,png-l3-s2-f0,png,True,,148620,1.197203,False,74e1cc217724f661fd29414bb767c513b951bda18b9e0e1731123a93a401cddf
scroll2,png-l3-s2-f1,png,True,,28475,0.8087453333333333,False,1939796793b67285702ba622699f65d377a1bcb28effd2cbe4ce94c6ba936ffd
scroll2,png-l3-s2-f2,png,True,,28749,0.8211783333333333,False,bb9ab3d865b1f94a5469149fea589f9fa76eab581d11195e7123f6a98f0f3f67
sprites2,raw,raw,True,,196608,0.01217,False,4b603ee15fc727e927585a80a6f7a70bd1ee887d456e67b899ac53fae34e8a20
sprites2,rle2,rle2,True,,15022,0.10024333333333334,False,121213370504d21c460c53fd73c42641c8a5dcaacdc4d4f7f3b24a9dfa5c5421
sprites2,szip-o0-b32768-r1-i0,szip,True,,916,665.2097646666666,False,5b5a16d604111e05afbd67e925a2fc69d0f1ac196add8ea8331299a92470e7a6
sprites2,szip-o0-b131072-r1-i0,szip,True,,676,573.5977986666667,False,0cb9db018abb99581e6c39a3b1c1d33b1748daeef2e5ab2e8f1114d3ed5389a7
sprites2,szip-o0-b4259840-r1-i0,szip,True,,465,562.2083263333334,False,c3457bf3852f301431c545bb23550827a536edc43e7ee7391a9ab147331511d9
sprites2,szip-o3-b32768-r1-i0,szip,True,,6732,1.2564796666666667,False,14fcc6f50095994dc2a3db5acd1df02581d3ff54f81ce4b9368e9f7d390fbe09
sprites2,szip-o3-b131072-r1-i0,szip,True,,6149,1.1910163333333332,False,073126da7652d7696320b61e9660994b70c5f91260d61607b345ba241893560a
sprites2,szip-o3-b4259840-r1-i0,szip,True,,5962,1.177427,False,bab3812a9f4aea9dc7b1e3be5bf8e886499326db4071ed87971b3ced380f6ad7
sprites2,szip-o4-b32768-r1-i0,szip,True,,6828,1.5627076666666666,False,17cbf1520c7d2c36e1b833f1bc0f4a54a2398703bb470f112a1779752d658ded
sprites2,szip-o4-b131072-r1-i0,szip,True,,6261,0.9371683333333334,False,7e8830cb4340b26950dd9009e9c8e869dd1365c7298fe4a626927fdbcdec811f
sprites2,szip-o4-b4259840-r1-i0,szip,True,,6078,0.924995,False,b3adc1df0635bf0da5a8c2735f0394313a9a521ba9f0b00ee8743162fc8227b2
sprites2,szip-o6-b32768-r1-i0,szip,True,,6598,2.127618,False,ec7ace39a50e424b7b1859a5e95ae528d0b01aceae20df127431ad7429539250
sprites2,szip-o6-b131072-r1-i0,szip,True,,6084,2.078818,False,d2dafa29c83020a6fb4d06dd6e6808eaac42d2b375a2f27183a2478188a1bddd
sprites2,szip-o6-b4259840-r1-i0,szip,True,,5863,2.0626816666666667,False,ec8346b92e1c29181f6a3e0d3badf49393349efd43ee4fe55b60fe5da607bec5
sprites2,szip-o0-b4259840-r1-i1,szip,True,,408,574.8730846666666,False,f1b851969e181634305b71f57473fb1916e7dcd8e1d762d73f9b590f9e3d6c83
sprites2,szip-o0-b4259840-r2-i0,szip,True,,633,338.90779,False,e1429e23820d2bc38680a101865667c9765f489935752020b0e9f33b8890d886
sprites2,szip-o0-b4259840-r2-i1,szip,True,,642,338.7484076666667,False,a1480e2d58e23557109d411c44a5d690b738bb6b7ba6072304ddbe1bcdd820dd
sprites2,szip-o0-b4259840-r3-i0,szip,True,,1164,219.158153,False,5ce65dc61cc839ec95d9488d05dc022733ad3eee2c0bc93ba1b0a34148f8fe6a
sprites2,szip-o0-b4259840-r3-i1,szip,True,,1190,223.82308633333332,False,3206428dd59456728d4fe80dd99e70ae5da67d316a047293afe8a47dac104a92
sprites2,szip-o0-b4259840-r4-i0,szip,True,,686,208.205048,False,e0c01123c3d214560e3c2dbf59c7b057316a73c9a2d576c7758d673d78ef59de
sprites2,szip-o0-b4259840-r4-i1,szip,True,,806,214.04703833333335,False,dfb43e423ea4bf428ff6715057dc13321836a20edbc5c25392f28d5bd54b6e7e
sprites2,szip-o0-b4259840-r8-i0,szip,True,,648,210.682394,False,8d4b7863b82d16223fe048d9fc118c12d5f11b3971ef3904d8a84fb427797edc
sprites2,szip-o0-b4259840-r8-i1,szip,True,,769,212.487397,False,5fdfb255b43e6c1ccff081a29ceb019a6fe70e670d88b83a4227eb63b07fabd7
sprites2,szip-o4-b4259840-r1-i1,szip,True,,7549,1.1992366666666667,False,7eeb9a659e0d462a492eab59b04a49b2ce0811c8784be09a5b0de66d3f22b7b5
sprites2,szip-o4-b4259840-r2-i0,szip,True,,8629,1.0561606666666667,False,03a74189148f6d3f1d64705287f339c9aa9b46d3764dd6b46bfb5e174be838c2
sprites2,szip-o4-b4259840-r2-i1,szip,True,,11350,1.375702,False,9b7936f3c3f353b13628772fa9a8a5aaf855bfe3e7c2eb6281400c7b91a7877a
sprites2,szip-o4-b4259840-r3-i0,szip,True,,11107,1.243816,False,1d0a178826dc432eb954667d1e598bccbe18002692e3f29ba52e173c95d6372d
sprites2,szip-o4-b4259840-r3-i1,szip,True,,14719,1.5903546666666666,False,044c95dd1e6c5e6a98f6eb4ba859ae125ce9126714ba553545e9b9b5d92ef0f0
sprites2,szip-o4-b4259840-r4-i0,szip,True,,6200,1.131167,False,c134031228fe29034fe262e06f7038dbf603b05dc8bb6c487eb76736a1cb9906
sprites2,szip-o4-b4259840-r4-i1,szip,True,,8067,1.4020186666666667,False,71c64242a0af7be837346fee0cf580de0475ceda0ecbb81a8ad940f2697923d3
sprites2,szip-o4-b4259840-r8-i0,szip,True,,2032,0.5161103333333333,False,48264f58e11a35cf4da486a2a6cd12965a8850c8734e283a549b8968dbc2b051
sprites2,szip-o4-b4259840-r8-i1,szip,True,,6907,0.9207183333333333,False,08ae76687cd658b5f535db7f81bca9d37c7d41e2c97fa1190fc405671ac61602
sprites2,srle2-o0-b32768-r1-i0,srle2,True,,512,5.2168470000000005,False,1ace4e30d2a43f467dda95e5d3d6253489522aeb81c5ce82c316da73b50c639d
sprites2,srle2-o0-b131072-r1-i0,srle2,True,,512,5.1866140000000005,False,1ace4e30d2a43f467dda95e5d3d6253489522aeb81c5ce82c316da73b50c639d
sprites2,srle2-o0-b4259840-r1-i0,srle2,True,,512,5.116845,False,1ace4e30d2a43f467dda95e5d3d6253489522aeb81c5ce82c316da73b50c639d
sprites2,srle2-o3-b32768-r1-i0,srle2,True,,611,0.13451266666666667,False,c0741106e683635f7c24198c791b61ae085427292ca47eb3d56e1ac5e7b27ca8
sprites2,srle2-o3-b131072-r1-i0,srle2,True,,611,0.14968566666666666,False,c0741106e683635f7c24198c791b61ae085427292ca47eb3d56e1ac5e7b27ca8
sprites2,srle2-o3-b4259840-r1-i0,srle2,True,,611,0.28076233333333334,False,c0741106e683635f7c24198c791b61ae085427292ca47eb3d56e1ac5e7b27ca8
sprites2,srle2-o4-b32768-r1-i0,srle2,True,,511,0.24685566666666667,False,d07bfb69d27e335128034b349f38578f269119078912f6ad0964b0be3b345a50
sprites2,srle2-o4-b131072-r1-i0,srle2,True,,511,0.2501253333333333,False,d07bfb69d27e335128034b349f38578f269119078912f6ad0964b0be3b345a50
sprites2,srle2-o4-b4259840-r1-i0,srle2,True,,511,0.24615533333333334,False,d07bfb69d27e335128034b349f38578f269119078912f6ad0964b0be3b345a50
sprites2,srle2-o6-b32768-r1-i0,srle2,True,,513,0.3724846666666667,False,1fcb5125adba7d65b298b2b09ce45e5c052a3e7981822b12c69f28971c8743b3
sprites2,srle2-o6-b131072-r1-i0,srle2,True,,513,0.37835766666666665,False,1fcb5125adba7d65b298b2b09ce45e5c052a3e7981822b12c69f28971c8743b3
sprites2,srle2-o6-b4259840-r1-i0,srle2,True,,513,0.22323566666666667,False,1fcb5125adba7d65b298b2b09ce45e5c052a3e7981822b12c69f28971c8743b3
sprites2,srle2-o0-b4259840-r1-i1,srle2,True,,647,4.918655666666667,False,8235b3c381243cc3dc3300be8611d7af8f140692f2c9beab9c9f3f79165e7627
sprites2,srle2-o0-b4259840-r2-i0,srle2,True,,323,3.8060383333333334,False,8dfa07efe75d3c8417ed21b3ae2a7d898da9d86165b7cdc8d2853f0a5eb53108
sprites2,srle2-o0-b4259840-r2-i1,srle2,True,,399,3.9137376666666666,False,3471c06ce0595b05648702f71205e2878e22e0a6ad6a9e28fe920a3301e0da29
sprites2,srle2-o0-b4259840-r3-i0,srle2,True,,650,3.047159333333333,False,a0f1536aabd37ce7ed41dc23eac6f445ebe5fb28b086629522b18973e0ea9271
sprites2,srle2-o0-b4259840-r3-i1,srle2,True,,805,2.7583013333333333,False,08f088270627f2121b1f569ae638abea314a72690c0c643b8548441d21bec105
sprites2,srle2-o0-b4259840-r4-i0,srle2,True,,446,5.2510536666666665,False,5ee2722971cc0e385da78176c22688a3c51dec3880ee69a0c3902ef92f5d4148
sprites2,srle2-o0-b4259840-r4-i1,srle2,True,,494,5.134784333333333,False,143eb1a3c0eb66a319f7d7f0f885f3bcd62bcb71a87af046395ec42b368873fe
sprites2,srle2-o0-b4259840-r8-i0,srle2,True,,586,3.528563666666667,False,96c657ff5a77c0f7c1a07dbe507e7dcc7292e79941e06089ac635acf733aa518
sprites2,srle2-o0-b4259840-r8-i1,srle2,True,,624,3.678316,False,503066044529b633c29532ac5f6a71aa4af64eead2446299aa44e4860f9101fb
sprites2,srle2-o4-b4259840-r1-i1,srle2,True,,644,0.131889,False,8ef9a8f641199257f0227aeba24b552a7aa9d781636cfedc017a84ffd38bda13
sprites2,srle2-o4-b4259840-r2-i0,srle2,True,,354,0.246145,False,527674e70c05aab19202c851d474d7181af5e2d1e894744f3d5ab52c818a5617
sprites2,srle2-o4-b4259840-r2-i1,srle2,True,,453,0.28693799999999997,False,3197d430efd19e41f38c72ba180c15df4e624a54e595c63fe55bb5f04b4e7448
sprites2,srle2-o4-b4259840-r3-i0,srle2,True,,756,0.26955799999999996,False,71ae92cd8e9881b0a8419bad006177ef3c2a2d449bc615ae132ac84bf7eac821
sprites2,srle2-o4-b4259840-r3-i1,srle2,True,,897,0.30698166666666665,False,10ad4aab3df280c3721631f5051d8dd52cd02dc391ba0c24e98cbe4acf81e3e2
sprites2,srle2-o4-b4259840-r4-i0,srle2,True,,531,0.27837466666666666,False,8d6c3e68a90dd1bdda0789084cd48a2bc641834488b97562ad8fc8353e480d75
sprites2,srle2-o4-b4259840-r4-i1,srle2,True,,566,0.2936823333333333,False,615aa00bde6d2d0ec8d73768b0502299812737e1b97bfe409aa4db76cf12ee01
sprites2,srle2-o4-b4259840-r8-i0,srle2,True,,782,0.32590166666666665,False,f4759855d2d780442408d039544c0527b0f644cde4d44f89517d587a6a93dbd7
sprites2,srle2-o4-b4259840-r8-i1,srle2,True,,821,0.344748,False,08558b3c9d340d21f444603746abfb24d44dd3e42ccb3cde33bd2a4f457e6bc4
sprites2,png-l1-s0-f0,png,True,,9950,0.308768,False,a5a7902bbf98e76aaca38cb53464e66749065dffa62e20a01e3b54957f038779
sprites2,png-l1-s0-f1,png,True,,5221,0.28762533333333334,False,3d5a631416763b65a14493dcff4dc5dd53adb2bd96a13687257c6b55ecd855f1
sprites2,png-l1-s0-f2,png,True,,3520,0.46498733333333336,False,47a53d516702c0c25c1f95cc3ac66c2a3721578a626e6d8da0759ce9343badf5
sprites2,png-l1-s3-f0,png,True,,9602,0.62918,False,c0fadd78bb845e755ee097c7899282edecd0ea672e9d7be4964bf8a0edd29c20
sprites2,png-l1-s3-f1,png,True,,11406,0.3084846666666667,False,ab18c2192c56ff45def86b6a4d7d90ef9265bf83c6cdb3183854509fcc5a5e9f
sprites2,png-l1-s3-f2,png,True,,1797,0.254812,False,5556c07c280832ec474dbb7e520e4385ed9b5ec11c4c8043b5d22df36fbf8148
sprites2,png-l1-s2-f0,png,True,,80888,1.1102636666666668,False,87c9f115491142c335311e62eec722794a98253ea67e02de0f395c18f6b0f0cc
sprites2,png-l1-s2-f1,png,True,,27463,0.8060553333333333,False,6076f619001633f7c97684668ae8de7a93f5f4d2a47998287db1be475a01db14
sprites2,png-l1-s2-f2,png,True,,27547,0.818535,False,526c38af327ce15099d5c7ba6b2cb943139c894703e8e54a623149c31185dd56
sprites2,png-l3-s0-f0,png,True,,3601,0.5530266666666667,False,999082dec5fe98c83402c466a7ef2af588a9b5826857b7bb360fdb4d49cb6d47
sprites2,png-l3-s0-f1,png,True,,3874,0.6815163333333333,False,3d1a12c84087c7a957f7f34d4dd4068dc5c8a7a87e91e65683b9d9117ea01a87
sprites2,png-l3-s0-f2,png,True,,3234,0.5388536666666667,False,c1e44e7a36f02f0d8ece8f450c2395a8abfcae1286ee5fffd4fe42d817064a66
sprites2,png-l3-s3-f0,png,True,,9602,0.3285346666666667,False,c0fadd78bb845e755ee097c7899282edecd0ea672e9d7be4964bf8a0edd29c20
sprites2,png-l3-s3-f1,png,True,,11406,0.6438969999999999,False,ab18c2192c56ff45def86b6a4d7d90ef9265bf83c6cdb3183854509fcc5a5e9f
sprites2,png-l3-s3-f2,png,True,,1797,0.5308203333333333,False,5556c07c280832ec474dbb7e520e4385ed9b5ec11c4c8043b5d22df36fbf8148
sprites2,png-l3-s2-f0,png,True,,80888,1.1019539999999999,False,87c9f115491142c335311e62eec722794a98253ea67e02de0f395c18f6b0f0cc
sprites2,png-l3-s2-f1,png,True,,27463,0.8225826666666667,False,6076f619001633f7c97684668ae8de7a93f5f4d2a47998287db1be475a01db14
sprites2,png-l3-s2-f2,png,True,,27547,1.713614,False,526c38af327ce15099d5c7ba6b2cb943139c894703e8e54a623149c31185dd56
retained-sprites,raw,raw,True,,196608,0.013049999999999999,False,d091d5f4f7981c5c1dbe4ed668e59fffe8bb72ee1060bc8fccb2856702ca7d36
retained-sprites,rle2,rle2,True,,7038,0.14913566666666667,False,3aaa4381fa330b8b5b5caca4d7f47fcf6cba9ec4b5b6e9189d1be8f2aa738e9e
retained-sprites,szip-o0-b32768-r1-i0,szip,False,screening timeout: four encodes plus verification exceeded 5 seconds,0,,False,
retained-sprites,szip-o0-b131072-r1-i0,szip,False,screening timeout: four encodes plus verification exceeded 5 seconds,0,,False,
retained-sprites,szip-o0-b4259840-r1-i0,szip,False,screening timeout: four encodes plus verification exceeded 5 seconds,0,,False,
retained-sprites,szip-o3-b32768-r1-i0,szip,True,,1676,0.6380833333333333,True,9cf19ace4309c8cd7da318a3f01cdcad17818699097166f296bc29803a486205
retained-sprites,szip-o3-b131072-r1-i0,szip,True,,1602,0.5644466666666667,True,722166fc0420979975bfb2c86a41667d24883eda50055a9fed5cdf1303759de6
retained-sprites,szip-o3-b4259840-r1-i0,szip,True,,1583,0.5614336666666667,True,da83a0372737010baac758531c4630386cec37bfc8bfbb20ee0c6bd2009d5165
retained-sprites,szip-o4-b32768-r1-i0,szip,True,,1403,0.518047,True,9ca3b9a6317b0ca103ed255d01569e8483fb82365afaabcbcbe0900c5283653a
retained-sprites,szip-o4-b131072-r1-i0,szip,True,,1329,0.44355066666666665,True,d816f7e5068da2338c5113dff74a82488e21e277340ef4601877d9a8ca4275d3
retained-sprites,szip-o4-b4259840-r1-i0,szip,True,,1310,0.4292243333333333,True,3cd826ce331ebb38224c52d130dab82a8f3cb27ea51e22894877d138557045b7
retained-sprites,szip-o6-b32768-r1-i0,szip,True,,1449,1.1529500000000001,True,b61ca0c69eb057fcf3d9c945503e4f6c11715aad66aefa41d9172365d36fa2de
retained-sprites,szip-o6-b131072-r1-i0,szip,True,,1374,1.060204,True,a77d49d6bb757de22b14a06fb3a7dccc763b936cc87c9724c593c573b214294e
retained-sprites,szip-o6-b4259840-r1-i0,szip,True,,1355,1.0359043333333333,True,f31ca93b02cd7a0cd05b1fc061d29fc0d137e50eb971b9f6062c04a7115fe7f5
retained-sprites,szip-o0-b4259840-r1-i1,szip,False,screening timeout: four encodes plus verification exceeded 5 seconds,0,,False,
retained-sprites,szip-o0-b4259840-r2-i0,szip,False,screening timeout: four encodes plus verification exceeded 5 seconds,0,,False,
retained-sprites,szip-o0-b4259840-r2-i1,szip,False,screening timeout: four encodes plus verification exceeded 5 seconds,0,,False,
retained-sprites,szip-o0-b4259840-r3-i0,szip,False,screening timeout: four encodes plus verification exceeded 5 seconds,0,,False,
retained-sprites,szip-o0-b4259840-r3-i1,szip,False,screening timeout: four encodes plus verification exceeded 5 seconds,0,,False,
retained-sprites,szip-o0-b4259840-r4-i0,szip,False,screening timeout: four encodes plus verification exceeded 5 seconds,0,,False,
retained-sprites,szip-o0-b4259840-r4-i1,szip,False,screening timeout: four encodes plus verification exceeded 5 seconds,0,,False,
retained-sprites,szip-o0-b4259840-r8-i0,szip,False,screening timeout: four encodes plus verification exceeded 5 seconds,0,,False,
retained-sprites,szip-o0-b4259840-r8-i1,szip,False,screening timeout: four encodes plus verification exceeded 5 seconds,0,,False,
retained-sprites,szip-o4-b4259840-r1-i1,szip,True,,1885,0.521041,True,24e6fdc02cab2e39666a137b44a7f23a926af2f7316270c32f19ea36162a85ad
retained-sprites,szip-o4-b4259840-r2-i0,szip,True,,1321,0.47647066666666665,True,60f970e8f54b053921f05a1f9985548cdc04280cc1b1fb80e7bd8201e09a61f3
retained-sprites,szip-o4-b4259840-r2-i1,szip,True,,1452,0.5180536666666666,True,0b716aa5102ffb8229493924bed5ddaeaa1476025423398f81844b3460df3ada
retained-sprites,szip-o4-b4259840-r3-i0,szip,True,,2322,0.5294303333333333,True,a6ee5c1345901f1bd828e22190f4228a7b094ae0f99485a06d256d13fe956bdd
retained-sprites,szip-o4-b4259840-r3-i1,szip,True,,2695,0.5948366666666667,True,ecb3e54d95f52461ec1ec3aa3a8167601aa71d1fcd7f826488688ea70ba7a31f
retained-sprites,szip-o4-b4259840-r4-i0,szip,True,,1303,0.60724,True,bbc42c035c5e9c48bb893e6f446c85e2db10454850e52919d5e62fceed85e623
retained-sprites,szip-o4-b4259840-r4-i1,szip,True,,1502,0.58255,True,6a851ee27fddc3354876b52969f856a957655d4300c2f0d4f2fed347ddc90401
retained-sprites,szip-o4-b4259840-r8-i0,szip,True,,1509,0.49355699999999997,True,fab69d1813561ac67ac8ee065991419e89b7d63bc5c6db860034a8f7e2536973
retained-sprites,szip-o4-b4259840-r8-i1,szip,True,,1247,0.5265569999999999,True,130c512116c9961aec0b1b569e08813dce6e3e699f705e4d323eeb17d869ccd1
retained-sprites,srle2-o0-b32768-r1-i0,srle2,True,,964,2.193091,True,a9962e690c4b076fac78ec962bc6b17dddf9f447f91ae310ef2d9056cbec023f
retained-sprites,srle2-o0-b131072-r1-i0,srle2,True,,964,2.139178,True,a9962e690c4b076fac78ec962bc6b17dddf9f447f91ae310ef2d9056cbec023f
retained-sprites,srle2-o0-b4259840-r1-i0,srle2,True,,964,4.5441183333333335,True,a9962e690c4b076fac78ec962bc6b17dddf9f447f91ae310ef2d9056cbec023f
retained-sprites,srle2-o3-b32768-r1-i0,srle2,True,,919,0.2960916666666667,True,d6cc033cf088164d0be0ab2d80a3af905fc909278619843daf0835a228cead7f
retained-sprites,srle2-o3-b131072-r1-i0,srle2,True,,919,0.30878133333333335,True,d6cc033cf088164d0be0ab2d80a3af905fc909278619843daf0835a228cead7f
retained-sprites,srle2-o3-b4259840-r1-i0,srle2,True,,919,0.15967266666666668,True,d6cc033cf088164d0be0ab2d80a3af905fc909278619843daf0835a228cead7f
retained-sprites,srle2-o4-b32768-r1-i0,srle2,True,,937,0.26261233333333334,True,8d7435d9935ac94daff8f05b17aa0716842585ff058d57b4e7220588003036e9
retained-sprites,srle2-o4-b131072-r1-i0,srle2,True,,937,0.27386133333333335,True,8d7435d9935ac94daff8f05b17aa0716842585ff058d57b4e7220588003036e9
retained-sprites,srle2-o4-b4259840-r1-i0,srle2,True,,937,0.35989133333333334,True,8d7435d9935ac94daff8f05b17aa0716842585ff058d57b4e7220588003036e9
retained-sprites,srle2-o6-b32768-r1-i0,srle2,True,,948,0.306962,True,9c897d3cfe087f37d0c3496b86bc1f5372768c4975b146de7ec2cd4465caf17f
retained-sprites,srle2-o6-b131072-r1-i0,srle2,True,,948,0.15958566666666665,True,9c897d3cfe087f37d0c3496b86bc1f5372768c4975b146de7ec2cd4465caf17f
retained-sprites,srle2-o6-b4259840-r1-i0,srle2,True,,948,0.24363200000000002,True,9c897d3cfe087f37d0c3496b86bc1f5372768c4975b146de7ec2cd4465caf17f
retained-sprites,srle2-o0-b4259840-r1-i1,srle2,True,,1184,2.2430846666666664,True,d74e506d0b9ae5bcdc5787e4868367c812e0a6b36477f7e2285ef3125dacaa6d
retained-sprites,srle2-o0-b4259840-r2-i0,srle2,True,,927,1.436652,True,4b3b99a7b2c290cb93a4d57dd4e7e7798e543ec3e68dbd2740c9c728743fbd84
retained-sprites,srle2-o0-b4259840-r2-i1,srle2,True,,1162,1.1953333333333334,True,2c269f462a781e6e0bb7e2ca7e2b121670f59888399abd895c1c90783842327f
retained-sprites,srle2-o0-b4259840-r3-i0,srle2,True,,1404,1.352419,True,addacc355fa2f8651964280a4306e4eb461503da5cf5e0e4493e9fd392b6263d
retained-sprites,srle2-o0-b4259840-r3-i1,srle2,True,,1794,1.209787,True,7bdb6a9ca3f475aa2af38b429924e0550e6e616cc242d2b9f9c0d35a753f53b7
retained-sprites,srle2-o0-b4259840-r4-i0,srle2,True,,1311,1.1616136666666668,True,47e60b7020e51529e9b7a079fc57b9fd5815e9de2ba67a2adb7018f1760a3ac9
retained-sprites,srle2-o0-b4259840-r4-i1,srle2,True,,1760,2.1342746666666668,True,d60a0c7b05f31da53674c0c32a8e2c43ed84b85ba9a0dea97c86395460c2dc83
retained-sprites,srle2-o0-b4259840-r8-i0,srle2,True,,1761,1.1731466666666668,True,0ad723147f84a64d6b1cef7a843280f89044ae00a84c122c88bb2f042bdf64e2
retained-sprites,srle2-o0-b4259840-r8-i1,srle2,True,,2310,0.8480283333333334,True,d06e8e542f6b0fa2dab3e3e841e9ccc78f7cd8a23084ed4404714aa734f96ad5
retained-sprites,srle2-o4-b4259840-r1-i1,srle2,True,,1163,0.206132,True,c6a7bc7666f20da1504c2d094e5a25034aeda54bce63e65f0749cd395e01480a
retained-sprites,srle2-o4-b4259840-r2-i0,srle2,True,,965,0.15576233333333334,True,89b1621c74eb70b6f228f439880147b6608b44fb2b7ce724ecabdbfc9bf4cfa5
retained-sprites,srle2-o4-b4259840-r2-i1,srle2,True,,1226,0.14296233333333333,True,6d62dbe1c526fcfb510287b8aa4b75fd977bd895f16c947098fea7d00b9cf731
retained-sprites,srle2-o4-b4259840-r3-i0,srle2,True,,1437,0.14992566666666668,True,e20bc893111341fbca6fa833b2ae2ae43c90f33a111a3d2067412e97a613f85b
retained-sprites,srle2-o4-b4259840-r3-i1,srle2,True,,1819,0.16817233333333334,True,ff719107cd08d0b42211b4547f6c59a766cc4a0f0341f8765188c7850a99e608
retained-sprites,srle2-o4-b4259840-r4-i0,srle2,True,,1399,0.16065566666666667,True,77aa2406976ca8217ebffb911e330ae5b7757e676aadee68ff4d9d80fae4145d
retained-sprites,srle2-o4-b4259840-r4-i1,srle2,True,,1873,0.409928,True,19c5ada548ddcc106e51930ae11de416bad486d1a1c6bb31da27c2d847852ff9
retained-sprites,srle2-o4-b4259840-r8-i0,srle2,True,,1895,0.17680233333333334,True,905232619892848a539dc413ed53f2e12ae3ceefc3f089960e4d24afa7e25e9e
retained-sprites,srle2-o4-b4259840-r8-i1,srle2,True,,2467,0.21658233333333332,True,2f9d2520499b77bab28293a2c061d8e920f6913f8962c3ff620ea6c783be123d
retained-sprites,png-l1-s0-f0,png,True,,2553,0.252032,False,ec56dde733a8f26876c435a8c6eed9e5534f2d97171e29c898945e0718524d20
retained-sprites,png-l1-s0-f1,png,True,,3662,0.252812,False,4bdb0b9be0739a3fe9cf594597bb59d06b68106b496b584adad20f2a86c470da
retained-sprites,png-l1-s0-f2,png,True,,2603,0.26501166666666665,False,58b007f6af2c3e059703cf7da2ed916a0f8af2e4767f5b09e6a68970d202c3a9
retained-sprites,png-l1-s3-f0,png,True,,3793,0.5289273333333333,False,af25cd5f74cfb4afd444d3dfa1f856198ee5563d0bd61cbe8300dcdef842719d
retained-sprites,png-l1-s3-f1,png,True,,4381,0.26897533333333334,False,27beb0e5c4095f49686154f5b211353c9fba6714b3226e78bd58a08a5748c8fb
retained-sprites,png-l1-s3-f2,png,True,,2542,0.5482966666666667,False,9b8e6bf6908198bc1d0f25218c44c9f75ebc73082bc409b6685194ecaf7a7867
retained-sprites,png-l1-s2-f0,png,True,,31492,0.835995,False,1595800c0b707d6fcb0598a91d81389fac3c98282737aa3b30141969057b4394
retained-sprites,png-l1-s2-f1,png,True,,26164,0.7912453333333334,False,5f0cecdabf55eafaa056a48270b5faac65b259b477f33ebe82cce18be4dca29d
retained-sprites,png-l1-s2-f2,png,True,,26132,0.9850846666666667,False,bbcb17e6caef16bee6789b76e24ed7835e5e4f2be3b6f5819c1b945bc856c59d
retained-sprites,png-l3-s0-f0,png,True,,2423,0.5410236666666667,False,660396a5459bd61b6b3087b0f8aa2d8e45763b40bbade08a6ea667c8da5d269b
retained-sprites,png-l3-s0-f1,png,True,,3465,0.5242406666666667,False,d9c2f6e6da93fe6b32831b571d760eb835e6b25b9e2fbbf97e6f044e804a0486
retained-sprites,png-l3-s0-f2,png,True,,2870,0.2543086666666667,False,da72dc98fc39368203ccf8873a096d94aad2953180591522507d6682736ad8ed
retained-sprites,png-l3-s3-f0,png,True,,3793,0.55398,False,af25cd5f74cfb4afd444d3dfa1f856198ee5563d0bd61cbe8300dcdef842719d
retained-sprites,png-l3-s3-f1,png,True,,4381,0.2787153333333333,False,27beb0e5c4095f49686154f5b211353c9fba6714b3226e78bd58a08a5748c8fb
retained-sprites,png-l3-s3-f2,png,True,,2542,0.27970833333333334,False,9b8e6bf6908198bc1d0f25218c44c9f75ebc73082bc409b6685194ecaf7a7867
retained-sprites,png-l3-s2-f0,png,True,,31492,1.7468936666666666,False,1595800c0b707d6fcb0598a91d81389fac3c98282737aa3b30141969057b4394
retained-sprites,png-l3-s2-f1,png,True,,26164,1.6843133333333333,False,5f0cecdabf55eafaa056a48270b5faac65b259b477f33ebe82cce18be4dca29d
retained-sprites,png-l3-s2-f2,png,True,,26132,0.8066256666666667,False,bbcb17e6caef16bee6789b76e24ed7835e5e4f2be3b6f5819c1b945bc856c59d
