repository,path,role,audience,subject,owner,authority_target,review_state,disposition
agon-extender,HANDOFF.md,maintained documentation,human and agent,.,agon-extender,HANDOFF.md,reviewed,current body reviewed; corrections/retention in CHECKS and FINDINGS
agon-extender,LICENSE,maintained documentation,human and agent,.,agon-extender,LICENSE,pending,review body; retain until adjudicated
agon-extender,LICENSING.md,maintained documentation,human and agent,.,agon-extender,LICENSING.md,pending,review body; retain until adjudicated
agon-extender,OWNERSHIP.md,maintained documentation,human and agent,.,agon-extender,OWNERSHIP.md,reviewed,current body reviewed; corrections/retention in CHECKS and FINDINGS
agon-extender,README.md,maintained documentation,human and agent,.,agon-extender,README.md,reviewed,current body reviewed; corrections/retention in CHECKS and FINDINGS
agon-extender,TODO.md,maintained documentation,human and agent,.,agon-extender,TODO.md,partial,scoped claims/navigation inspected; remaining body not accepted
agon-extender,assets/notifications/README.md,maintained documentation,human and agent,assets/notifications,agon-extender,assets/notifications/README.md,pending,review body; retain until adjudicated
agon-extender,docs/architecture.md,maintained documentation,human and agent,docs,agon-extender,docs/architecture.md,reviewed,B14: current architecture/applicability reviewed; frozen evidence and open design boundaries retained
agon-extender,docs/architecture/vdp-upstream-precis.md,maintained documentation,human and agent,docs/architecture,agon-extender,docs/architecture/vdp-upstream-precis.md,partial,B14: current integration/applicability claims checked; remaining historical detail not fully revalidated
agon-extender,docs/bench-reset.md,maintained documentation,human and agent,docs,agon-extender,docs/bench-reset.md,reviewed,current body reviewed; corrections/retention in CHECKS and FINDINGS
agon-extender,docs/decisions/ADR-0001-vdp-source-layout.md,decision,human and agent,docs/decisions,agon-extender,docs/decisions/ADR-0001-vdp-source-layout.md,pending,verify accepted scope/current applicability; preserve decision history
agon-extender,docs/decisions/ADR-0002-hybrid-firmware-framework.md,decision,human and agent,docs/decisions,agon-extender,docs/decisions/ADR-0002-hybrid-firmware-framework.md,pending,verify accepted scope/current applicability; preserve decision history
agon-extender,docs/decisions/ADR-0003-pioarduino-platform-baseline.md,decision,human and agent,docs/decisions,agon-extender,docs/decisions/ADR-0003-pioarduino-platform-baseline.md,pending,verify accepted scope/current applicability; preserve decision history
agon-extender,docs/decisions/ADR-0004-p4-silicon-identity.md,decision,human and agent,docs/decisions,agon-extender,docs/decisions/ADR-0004-p4-silicon-identity.md,pending,verify accepted scope/current applicability; preserve decision history
agon-extender,docs/decisions/ADR-0005-flash-bus-mode.md,decision,human and agent,docs/decisions,agon-extender,docs/decisions/ADR-0005-flash-bus-mode.md,pending,verify accepted scope/current applicability; preserve decision history
agon-extender,docs/decisions/ADR-0006-board-memory-model.md,decision,human and agent,docs/decisions,agon-extender,docs/decisions/ADR-0006-board-memory-model.md,pending,verify accepted scope/current applicability; preserve decision history
agon-extender,docs/decisions/ADR-0007-flash-partition-strategy.md,decision,human and agent,docs/decisions,agon-extender,docs/decisions/ADR-0007-flash-partition-strategy.md,pending,verify accepted scope/current applicability; preserve decision history
agon-extender,docs/decisions/ADR-0008-minimal-cmake-boundary.md,decision,human and agent,docs/decisions,agon-extender,docs/decisions/ADR-0008-minimal-cmake-boundary.md,pending,verify accepted scope/current applicability; preserve decision history
agon-extender,docs/decisions/ADR-0009-platformio-wrapper.md,decision,human and agent,docs/decisions,agon-extender,docs/decisions/ADR-0009-platformio-wrapper.md,pending,verify accepted scope/current applicability; preserve decision history
agon-extender,docs/decisions/ADR-0010-cpu-frequency.md,decision,human and agent,docs/decisions,agon-extender,docs/decisions/ADR-0010-cpu-frequency.md,pending,verify accepted scope/current applicability; preserve decision history
agon-extender,docs/decisions/ADR-0011-upstream-vdp-integration-and-project-structure.md,decision,human and agent,docs/decisions,agon-extender,docs/decisions/ADR-0011-upstream-vdp-integration-and-project-structure.md,pending,verify accepted scope/current applicability; preserve decision history
agon-extender,docs/decisions/ADR-0012-vendored-release-dependencies.md,decision,human and agent,docs/decisions,agon-extender,docs/decisions/ADR-0012-vendored-release-dependencies.md,pending,verify accepted scope/current applicability; preserve decision history
agon-extender,docs/decisions/ADR-0013-vdp-survey-integration-boundaries.md,decision,human and agent,docs/decisions,agon-extender,docs/decisions/ADR-0013-vdp-survey-integration-boundaries.md,pending,verify accepted scope/current applicability; preserve decision history
agon-extender,docs/decisions/ADR-0014-edu-operating-modes-and-service-architecture.md,decision,human and agent,docs/decisions,agon-extender,docs/decisions/ADR-0014-edu-operating-modes-and-service-architecture.md,partial,B14: current integration/applicability claims checked; remaining historical detail not fully revalidated
agon-extender,docs/decisions/ADR-0015-p4-display-backend-and-frame-service.md,decision,human and agent,docs/decisions,agon-extender,docs/decisions/ADR-0015-p4-display-backend-and-frame-service.md,pending,verify accepted scope/current applicability; preserve decision history
agon-extender,docs/decisions/ADR-0016-v1-transport-electrical-core.md,decision,human and agent,docs/decisions,agon-extender,docs/decisions/ADR-0016-v1-transport-electrical-core.md,reviewed,B14: current architecture/applicability reviewed; frozen evidence and open design boundaries retained
agon-extender,docs/decisions/ADR-0017-generalized-edp-callbacks.md,decision,human and agent,docs/decisions,agon-extender,docs/decisions/ADR-0017-generalized-edp-callbacks.md,reviewed,B14: current architecture/applicability reviewed; frozen evidence and open design boundaries retained
agon-extender,docs/decisions/ADR-0018-rgb222-browser-video.md,decision,human and agent,docs/decisions,agon-extender,docs/decisions/ADR-0018-rgb222-browser-video.md,pending,verify accepted scope/current applicability; preserve decision history
agon-extender,docs/decisions/ADR-0019-host-keyboard-and-bench-reset-control.md,decision,human and agent,docs/decisions,agon-extender,docs/decisions/ADR-0019-host-keyboard-and-bench-reset-control.md,pending,verify accepted scope/current applicability; preserve decision history
agon-extender,docs/decisions/ADR-0020-web-output-30fps.md,decision,human and agent,docs/decisions,agon-extender,docs/decisions/ADR-0020-web-output-30fps.md,reviewed,current body reviewed; corrections/retention in CHECKS and FINDINGS
agon-extender,docs/decisions/ADR-0021-rle2-browser-default.md,decision,human and agent,docs/decisions,agon-extender,docs/decisions/ADR-0021-rle2-browser-default.md,reviewed,current body reviewed; corrections/retention in CHECKS and FINDINGS
agon-extender,docs/decisions/ADR-0022-browser-keyboard-capture.md,decision,human and agent,docs/decisions,agon-extender,docs/decisions/ADR-0022-browser-keyboard-capture.md,reviewed,current body reviewed; corrections/retention in CHECKS and FINDINGS
agon-extender,docs/decisions/ADR-2026-09-21-sd-layout.md,decision,human and agent,docs/decisions,agon-extender,docs/decisions/ADR-2026-09-21-sd-layout.md,pending,verify accepted scope/current applicability; preserve decision history
agon-extender,docs/decisions/AUDIT-2026-08-23-001-operating-mode-semantics.md,decision,human and agent,docs/decisions,agon-extender,docs/decisions/AUDIT-2026-08-23-001-operating-mode-semantics.md,pending,verify accepted scope/current applicability; preserve decision history
agon-extender,docs/decisions/AUDIT-2026-09-01-001-open-task-and-implementation-integrity.md,decision,human and agent,docs/decisions,agon-extender,docs/decisions/AUDIT-2026-09-01-001-open-task-and-implementation-integrity.md,pending,verify accepted scope/current applicability; preserve decision history
agon-extender,docs/decisions/CA-2026-08-22-001-phase-c-compatibility-scope.md,decision,human and agent,docs/decisions,agon-extender,docs/decisions/CA-2026-08-22-001-phase-c-compatibility-scope.md,pending,verify accepted scope/current applicability; preserve decision history
agon-extender,docs/decisions/CA-2026-08-25-001-agon-uart1-pin-labels.md,decision,human and agent,docs/decisions,agon-extender,docs/decisions/CA-2026-08-25-001-agon-uart1-pin-labels.md,pending,verify accepted scope/current applicability; preserve decision history
agon-extender,docs/decisions/CA-2026-09-01-001-port008-preactivation-ready.md,decision,human and agent,docs/decisions,agon-extender,docs/decisions/CA-2026-09-01-001-port008-preactivation-ready.md,pending,verify accepted scope/current applicability; preserve decision history
agon-extender,docs/decisions/README.md,decision,human and agent,docs/decisions,agon-extender,docs/decisions/README.md,reviewed,B14: current architecture/applicability reviewed; frozen evidence and open design boundaries retained
agon-extender,docs/dependencies/README.md,maintained documentation,human and agent,docs/dependencies,agon-extender,docs/dependencies/README.md,reviewed,current body reviewed; source/evidence comparison and local/desk limits in CHECKS
agon-extender,docs/dependencies/UPSTREAM-WATCH.md,maintained documentation,human and agent,docs/dependencies,agon-extender,docs/dependencies/UPSTREAM-WATCH.md,pending,review body; retain until adjudicated
agon-extender,docs/dependencies/generated/commands/vdu-22.md,maintained documentation,human and agent,docs/dependencies/generated/commands,agon-extender,docs/dependencies/generated/commands/vdu-22.md,pending,review body; retain until adjudicated
agon-extender,docs/dependencies/generated/source-selection.md,maintained documentation,human and agent,docs/dependencies/generated,agon-extender,docs/dependencies/generated/source-selection.md,pending,review body; retain until adjudicated
agon-extender,docs/dependencies/schema/README.md,maintained documentation,human and agent,docs/dependencies/schema,agon-extender,docs/dependencies/schema/README.md,pending,review body; retain until adjudicated
agon-extender,docs/development/2026-08-20.md,historical evidence,human and agent,docs/development,agon-extender,owning task/index; dated evidence,metadata-only,retain dated evidence; reconcile current claims through owning task
agon-extender,docs/development/2026-08-21.md,historical evidence,human and agent,docs/development,agon-extender,owning task/index; dated evidence,metadata-only,retain dated evidence; reconcile current claims through owning task
agon-extender,docs/development/2026-08-22.md,historical evidence,human and agent,docs/development,agon-extender,owning task/index; dated evidence,metadata-only,retain dated evidence; reconcile current claims through owning task
agon-extender,docs/development/2026-08-23.md,historical evidence,human and agent,docs/development,agon-extender,owning task/index; dated evidence,metadata-only,retain dated evidence; reconcile current claims through owning task
agon-extender,docs/development/2026-08-24.md,historical evidence,human and agent,docs/development,agon-extender,owning task/index; dated evidence,metadata-only,retain dated evidence; reconcile current claims through owning task
agon-extender,docs/development/2026-08-25.md,historical evidence,human and agent,docs/development,agon-extender,owning task/index; dated evidence,metadata-only,retain dated evidence; reconcile current claims through owning task
agon-extender,docs/development/2026-08-27.md,historical evidence,human and agent,docs/development,agon-extender,owning task/index; dated evidence,metadata-only,retain dated evidence; reconcile current claims through owning task
agon-extender,docs/development/2026-08-28.md,historical evidence,human and agent,docs/development,agon-extender,owning task/index; dated evidence,metadata-only,retain dated evidence; reconcile current claims through owning task
agon-extender,docs/development/2026-08-29.md,historical evidence,human and agent,docs/development,agon-extender,owning task/index; dated evidence,metadata-only,retain dated evidence; reconcile current claims through owning task
agon-extender,docs/development/2026-08-30.md,historical evidence,human and agent,docs/development,agon-extender,owning task/index; dated evidence,metadata-only,retain dated evidence; reconcile current claims through owning task
agon-extender,docs/development/2026-08-31.md,historical evidence,human and agent,docs/development,agon-extender,owning task/index; dated evidence,metadata-only,retain dated evidence; reconcile current claims through owning task
agon-extender,docs/development/2026-09-01.md,historical evidence,human and agent,docs/development,agon-extender,owning task/index; dated evidence,metadata-only,retain dated evidence; reconcile current claims through owning task
agon-extender,docs/development/2026-09-05.md,historical evidence,human and agent,docs/development,agon-extender,owning task/index; dated evidence,metadata-only,retain dated evidence; reconcile current claims through owning task
agon-extender,docs/development/2026-09-07.md,historical evidence,human and agent,docs/development,agon-extender,owning task/index; dated evidence,metadata-only,retain dated evidence; reconcile current claims through owning task
agon-extender,docs/development/2026-09-08.md,historical evidence,human and agent,docs/development,agon-extender,owning task/index; dated evidence,metadata-only,retain dated evidence; reconcile current claims through owning task
agon-extender,docs/development/2026-09-09.md,historical evidence,human and agent,docs/development,agon-extender,owning task/index; dated evidence,metadata-only,retain dated evidence; reconcile current claims through owning task
agon-extender,docs/development/2026-09-10.md,historical evidence,human and agent,docs/development,agon-extender,owning task/index; dated evidence,metadata-only,retain dated evidence; reconcile current claims through owning task
agon-extender,docs/development/2026-09-11.md,historical evidence,human and agent,docs/development,agon-extender,owning task/index; dated evidence,metadata-only,retain dated evidence; reconcile current claims through owning task
agon-extender,docs/development/2026-09-12.md,historical evidence,human and agent,docs/development,agon-extender,owning task/index; dated evidence,metadata-only,retain dated evidence; reconcile current claims through owning task
agon-extender,docs/development/2026-09-13.md,historical evidence,human and agent,docs/development,agon-extender,owning task/index; dated evidence,metadata-only,retain dated evidence; reconcile current claims through owning task
agon-extender,docs/development/2026-09-14.md,historical evidence,human and agent,docs/development,agon-extender,owning task/index; dated evidence,metadata-only,retain dated evidence; reconcile current claims through owning task
agon-extender,docs/development/2026-09-15.md,historical evidence,human and agent,docs/development,agon-extender,owning task/index; dated evidence,metadata-only,retain dated evidence; reconcile current claims through owning task
agon-extender,docs/development/2026-09-16.md,historical evidence,human and agent,docs/development,agon-extender,owning task/index; dated evidence,metadata-only,retain dated evidence; reconcile current claims through owning task
agon-extender,docs/development/2026-09-17.md,historical evidence,human and agent,docs/development,agon-extender,owning task/index; dated evidence,metadata-only,retain dated evidence; reconcile current claims through owning task
agon-extender,docs/development/2026-09-19.md,historical evidence,human and agent,docs/development,agon-extender,owning task/index; dated evidence,metadata-only,retain dated evidence; reconcile current claims through owning task
agon-extender,docs/development/2026-09-20.md,historical evidence,human and agent,docs/development,agon-extender,owning task/index; dated evidence,metadata-only,retain dated evidence; reconcile current claims through owning task
agon-extender,docs/development/2026-09-21.md,historical evidence,human and agent,docs/development,agon-extender,owning task/index; dated evidence,metadata-only,retain dated evidence; reconcile current claims through owning task
agon-extender,docs/development/2026-09-23.md,historical evidence,human and agent,docs/development,agon-extender,owning task/index; dated evidence,metadata-only,retain dated evidence; reconcile current claims through owning task
agon-extender,docs/firmware-bugs.md,maintained documentation,human and agent,docs,agon-extender,docs/firmware-bugs.md,partial,scoped status/contracts inspected; remaining body/evidence not exhaustively reviewed
agon-extender,docs/firmware-bugs/mos-tests-coverage.md,maintained documentation,human and agent,docs/firmware-bugs,agon-extender,docs/firmware-bugs/mos-tests-coverage.md,pending,review body; retain until adjudicated
agon-extender,docs/hardware/esp32-p4-pc/HDMI-DRIVERS.md,maintained documentation,human and agent,docs/hardware/esp32-p4-pc,agon-extender,docs/hardware/esp32-p4-pc/HDMI-DRIVERS.md,pending,review body; retain until adjudicated
agon-extender,docs/hardware/esp32-p4-pc/README.md,maintained documentation,human and agent,docs/hardware/esp32-p4-pc,agon-extender,docs/hardware/esp32-p4-pc/README.md,reviewed,current body reviewed; source/evidence comparison and local/desk limits in CHECKS
agon-extender,docs/hardware/esp32-p4-pc/text/ESP32-P4-PC-user-manual.txt,maintained documentation,human and agent,docs/hardware/esp32-p4-pc/text,agon-extender,docs/hardware/esp32-p4-pc/text/ESP32-P4-PC-user-manual.txt,pending,review body; retain until adjudicated
agon-extender,docs/hardware/esp32-p4-pc/text/ESP32-P4-PC_Rev_B.txt,maintained documentation,human and agent,docs/hardware/esp32-p4-pc/text,agon-extender,docs/hardware/esp32-p4-pc/text/ESP32-P4-PC_Rev_B.txt,pending,review body; retain until adjudicated
agon-extender,docs/hardware/esp32-p4-pc/text/EU-DOC-ESP32-P4-PC.txt,maintained documentation,human and agent,docs/hardware/esp32-p4-pc/text,agon-extender,docs/hardware/esp32-p4-pc/text/EU-DOC-ESP32-P4-PC.txt,pending,review body; retain until adjudicated
agon-extender,docs/hardware/esp32-p4-pc/text/UKCA-ESP32-P4-PC.txt,maintained documentation,human and agent,docs/hardware/esp32-p4-pc/text,agon-extender,docs/hardware/esp32-p4-pc/text/UKCA-ESP32-P4-PC.txt,pending,review body; retain until adjudicated
agon-extender,docs/hardware/esp32-p4-pc/upstream/DOCUMENTS/ESP32-P4-PC-user-manual.pdf,reference or diagram,human and agent,docs/hardware/esp32-p4-pc/upstream/DOCUMENTS,agon-extender,retain source/provenance,metadata-only,retain; verify provenance/current applicability through owning guide
agon-extender,docs/hardware/esp32-p4-pc/upstream/HARDWARE/ESP32-P4-PC-Rev.B/ESP32-P4-PC_Rev_B.pdf,reference or diagram,human and agent,docs/hardware/esp32-p4-pc/upstream/HARDWARE/ESP32-P4-PC-Rev.B,agon-extender,retain source/provenance,metadata-only,retain; verify provenance/current applicability through owning guide
agon-extender,docs/hardware/esp32-p4-pc/upstream/LICENSE,maintained documentation,human and agent,docs/hardware/esp32-p4-pc/upstream,agon-extender,docs/hardware/esp32-p4-pc/upstream/LICENSE,pending,review body; retain until adjudicated
agon-extender,docs/hardware/esp32-p4-pc/upstream/README.md,maintained documentation,human and agent,docs/hardware/esp32-p4-pc/upstream,agon-extender,docs/hardware/esp32-p4-pc/upstream/README.md,pending,review body; retain until adjudicated
agon-extender,docs/hardware/esp32-p4-pc/upstream/SOFTWARE/Arduino/ESP32-P4-PC-MIPI-LCD-Arduino/README.md,maintained documentation,human and agent,docs/hardware/esp32-p4-pc/upstream/SOFTWARE/Arduino/ESP32-P4-PC-MIPI-LCD-Arduino,agon-extender,docs/hardware/esp32-p4-pc/upstream/SOFTWARE/Arduino/ESP32-P4-PC-MIPI-LCD-Arduino/README.md,pending,review body; retain until adjudicated
agon-extender,docs/hardware/esp32-p4-pc/upstream/SOFTWARE/Arduino/ESP32-P4-PC-MIPI-LCD-Arduino/arduino-esp32-boards.local.txt,maintained documentation,human and agent,docs/hardware/esp32-p4-pc/upstream/SOFTWARE/Arduino/ESP32-P4-PC-MIPI-LCD-Arduino,agon-extender,docs/hardware/esp32-p4-pc/upstream/SOFTWARE/Arduino/ESP32-P4-PC-MIPI-LCD-Arduino/arduino-esp32-boards.local.txt,pending,review body; retain until adjudicated
agon-extender,docs/hardware/esp32-p4-pc/upstream/SOFTWARE/ESP-IDF/p4_production_test/README.md,maintained documentation,human and agent,docs/hardware/esp32-p4-pc/upstream/SOFTWARE/ESP-IDF/p4_production_test,agon-extender,docs/hardware/esp32-p4-pc/upstream/SOFTWARE/ESP-IDF/p4_production_test/README.md,pending,review body; retain until adjudicated
agon-extender,docs/hardware/esp32-p4-pc/upstream/SOFTWARE/ESP-IDF/p4_production_test/components/lan_test/README.md,maintained documentation,human and agent,docs/hardware/esp32-p4-pc/upstream/SOFTWARE/ESP-IDF/p4_production_test/components/lan_test,agon-extender,docs/hardware/esp32-p4-pc/upstream/SOFTWARE/ESP-IDF/p4_production_test/components/lan_test/README.md,pending,review body; retain until adjudicated
agon-extender,docs/hardware/esp32-p4-pc/upstream/SOFTWARE/ESP-IDF/p4_production_test/components/usb_flash_test/README.md,maintained documentation,human and agent,docs/hardware/esp32-p4-pc/upstream/SOFTWARE/ESP-IDF/p4_production_test/components/usb_flash_test,agon-extender,docs/hardware/esp32-p4-pc/upstream/SOFTWARE/ESP-IDF/p4_production_test/components/usb_flash_test/README.md,pending,review body; retain until adjudicated
agon-extender,docs/hardware/esp32-p4-pc/website/EU-DOC-ESP32-P4-PC.pdf,reference or diagram,human and agent,docs/hardware/esp32-p4-pc/website,agon-extender,retain source/provenance,metadata-only,retain; verify provenance/current applicability through owning guide
agon-extender,docs/hardware/esp32-p4-pc/website/UKCA-ESP32-P4-PC.pdf,reference or diagram,human and agent,docs/hardware/esp32-p4-pc/website,agon-extender,retain source/provenance,metadata-only,retain; verify provenance/current applicability through owning guide
agon-extender,docs/mainboard-sd.md,maintained documentation,human and agent,docs,agon-extender,docs/mainboard-sd.md,reviewed,current body reviewed; corrections/retention in CHECKS and FINDINGS
agon-extender,docs/mos-recovery.md,maintained documentation,human and agent,docs,agon-extender,docs/mos-recovery.md,reviewed,current body reviewed against maintained source; operational corrections in FINDINGS; no hardware execution
agon-extender,docs/procedures/mainboard-sd-qualification-r01.md,maintained documentation,human and agent,docs/procedures,agon-extender,docs/procedures/mainboard-sd-qualification-r01.md,partial,scoped status/contracts inspected; remaining body/evidence not exhaustively reviewed
agon-extender,docs/procedures/numeric-upstream-import-r01.md,maintained documentation,human and agent,docs/procedures,agon-extender,docs/procedures/numeric-upstream-import-r01.md,pending,review body; retain until adjudicated
agon-extender,docs/procedures/p4-browser-video-qualification-r01.md,maintained documentation,human and agent,docs/procedures,agon-extender,docs/procedures/p4-browser-video-qualification-r01.md,pending,review body; retain until adjudicated
agon-extender,docs/procedures/p4-canary-r02.md,maintained documentation,human and agent,docs/procedures,agon-extender,docs/procedures/p4-canary-r02.md,pending,review body; retain until adjudicated
agon-extender,docs/procedures/p4-canary-r03.md,maintained documentation,human and agent,docs/procedures,agon-extender,docs/procedures/p4-canary-r03.md,pending,review body; retain until adjudicated
agon-extender,docs/procedures/p4-frame-service-qualification-r01.md,maintained documentation,human and agent,docs/procedures,agon-extender,docs/procedures/p4-frame-service-qualification-r01.md,pending,review body; retain until adjudicated
agon-extender,docs/procedures/p4-frame-service-qualification-r02.md,maintained documentation,human and agent,docs/procedures,agon-extender,docs/procedures/p4-frame-service-qualification-r02.md,pending,review body; retain until adjudicated
agon-extender,docs/procedures/p4-frame-service-qualification-r03.md,maintained documentation,human and agent,docs/procedures,agon-extender,docs/procedures/p4-frame-service-qualification-r03.md,pending,review body; retain until adjudicated
agon-extender,docs/procedures/port-008-forward-qualification-r01.md,maintained documentation,human and agent,docs/procedures,agon-extender,docs/procedures/port-008-forward-qualification-r01.md,pending,review body; retain until adjudicated
agon-extender,docs/protocols/browser-video.md,maintained documentation,human and agent,docs/protocols,agon-extender,docs/protocols/browser-video.md,reviewed,current body reviewed; source/evidence comparison and local/desk limits in CHECKS
agon-extender,docs/protocols/excom-console.md,maintained documentation,human and agent,docs/protocols,agon-extender,docs/protocols/excom-console.md,reviewed,current protocol/source comparison; duplicate web contract redirected to maintained authority
agon-extender,docs/protocols/mainboard-sd.md,maintained documentation,human and agent,docs/protocols,agon-extender,docs/protocols/mainboard-sd.md,reviewed,current body reviewed against maintained source; operational corrections in FINDINGS; no hardware execution
agon-extender,docs/public-release-readiness.md,maintained documentation,human and agent,docs,agon-extender,docs/public-release-readiness.md,reviewed,current body reviewed; corrections/retention in CHECKS and FINDINGS
agon-extender,docs/qualification/README.md,historical evidence,human and agent,docs/qualification,agon-extender,owning task/index; dated evidence,reviewed,current body reviewed; source/evidence comparison and local/desk limits in CHECKS
agon-extender,docs/qualification/bench-constraints.md,historical evidence,human and agent,docs/qualification,agon-extender,owning task/index; dated evidence,reviewed,current body reviewed; source/evidence comparison and local/desk limits in CHECKS
agon-extender,docs/qualification/capture-failure-protocol.md,historical evidence,human and agent,docs/qualification,agon-extender,owning task/index; dated evidence,reviewed,current body reviewed; source/evidence comparison and local/desk limits in CHECKS
agon-extender,docs/qualification/generated/compatibility-matrix.md,historical evidence,human and agent,docs/qualification/generated,agon-extender,owning task/index; dated evidence,metadata-only,retain dated evidence; reconcile current claims through owning task
agon-extender,docs/qualification/generated/secondary-capabilities.md,historical evidence,human and agent,docs/qualification/generated,agon-extender,owning task/index; dated evidence,metadata-only,retain dated evidence; reconcile current claims through owning task
agon-extender,docs/qualification/generated/vdu-inventory.md,historical evidence,human and agent,docs/qualification/generated,agon-extender,owning task/index; dated evidence,metadata-only,retain dated evidence; reconcile current claims through owning task
agon-extender,docs/qualification/generated/views/blocked-obligations.md,historical evidence,human and agent,docs/qualification/generated/views,agon-extender,owning task/index; dated evidence,metadata-only,retain dated evidence; reconcile current claims through owning task
agon-extender,docs/qualification/generated/views/compatibility-obligations.md,historical evidence,human and agent,docs/qualification/generated/views,agon-extender,owning task/index; dated evidence,metadata-only,retain dated evidence; reconcile current claims through owning task
agon-extender,docs/qualification/generated/views/mode-cooperative.md,historical evidence,human and agent,docs/qualification/generated/views,agon-extender,owning task/index; dated evidence,metadata-only,retain dated evidence; reconcile current claims through owning task
agon-extender,docs/qualification/generated/views/mode-edp-exclusive.md,historical evidence,human and agent,docs/qualification/generated/views,agon-extender,owning task/index; dated evidence,metadata-only,retain dated evidence; reconcile current claims through owning task
agon-extender,docs/qualification/generated/views/mode-legacy.md,historical evidence,human and agent,docs/qualification/generated/views,agon-extender,owning task/index; dated evidence,metadata-only,retain dated evidence; reconcile current claims through owning task
agon-extender,docs/qualification/generated/views/tasks/PORT-003.md,historical evidence,human and agent,docs/qualification/generated/views/tasks,agon-extender,owning task/index; dated evidence,metadata-only,retain dated evidence; reconcile current claims through owning task
agon-extender,docs/qualification/generated/views/tasks/PORT-004.md,historical evidence,human and agent,docs/qualification/generated/views/tasks,agon-extender,owning task/index; dated evidence,metadata-only,retain dated evidence; reconcile current claims through owning task
agon-extender,docs/qualification/generated/views/tasks/PORT-005.md,historical evidence,human and agent,docs/qualification/generated/views/tasks,agon-extender,owning task/index; dated evidence,metadata-only,retain dated evidence; reconcile current claims through owning task
agon-extender,docs/qualification/generated/views/tasks/PORT-006.md,historical evidence,human and agent,docs/qualification/generated/views/tasks,agon-extender,owning task/index; dated evidence,metadata-only,retain dated evidence; reconcile current claims through owning task
agon-extender,docs/qualification/generated/views/tasks/PORT-007.md,historical evidence,human and agent,docs/qualification/generated/views/tasks,agon-extender,owning task/index; dated evidence,metadata-only,retain dated evidence; reconcile current claims through owning task
agon-extender,docs/qualification/generated/views/tasks/PORT-008.md,historical evidence,human and agent,docs/qualification/generated/views/tasks,agon-extender,owning task/index; dated evidence,metadata-only,retain dated evidence; reconcile current claims through owning task
agon-extender,docs/qualification/generated/views/tasks/QUAL-002.md,historical evidence,human and agent,docs/qualification/generated/views/tasks,agon-extender,owning task/index; dated evidence,metadata-only,retain dated evidence; reconcile current claims through owning task
agon-extender,docs/qualification/generated/views/tasks/SETUP-005.md,historical evidence,human and agent,docs/qualification/generated/views/tasks,agon-extender,owning task/index; dated evidence,metadata-only,retain dated evidence; reconcile current claims through owning task
agon-extender,docs/qualification/mainboard-sd/2026-09-13.md,historical evidence,human and agent,docs/qualification/mainboard-sd,agon-extender,owning task/index; dated evidence,metadata-only,retain dated evidence; reconcile current claims through owning task
agon-extender,docs/qualification/mainboard-stock/2026-09-17.md,historical evidence,human and agent,docs/qualification/mainboard-stock,agon-extender,owning task/index; dated evidence,metadata-only,retain dated evidence; reconcile current claims through owning task
agon-extender,docs/qualification/schema/README.md,historical evidence,human and agent,docs/qualification/schema,agon-extender,owning task/index; dated evidence,metadata-only,retain dated evidence; reconcile current claims through owning task
agon-extender,docs/qualification/staged-circuit-validation.md,historical evidence,human and agent,docs/qualification,agon-extender,owning task/index; dated evidence,metadata-only,retain dated evidence; reconcile current claims through owning task
agon-extender,docs/remote-keyboard.md,maintained documentation,human and agent,docs,agon-extender,docs/remote-keyboard.md,reviewed,current body reviewed; corrections/retention in CHECKS and FINDINGS
agon-extender,docs/sd-layout.md,maintained documentation,human and agent,docs,agon-extender,docs/sd-layout.md,reviewed,current body reviewed; source/evidence comparison and local/desk limits in CHECKS
agon-extender,docs/tasks/ADMIN-001.md,task,human and agent,docs/tasks,agon-extender,retain source/provenance,pending,reconcile status with TODO/evidence; retain identity
agon-extender,docs/tasks/ADMIN-001/findings.md,task evidence/research,human and agent,docs/tasks/ADMIN-001,agon-extender,owning task/index; dated evidence,pending,retain; inspect current reusable instructions before promotion
agon-extender,docs/tasks/AUDIO-001.md,task,human and agent,docs/tasks,agon-extender,retain source/provenance,pending,reconcile status with TODO/evidence; retain identity
agon-extender,docs/tasks/AUDIO-001/README.md,task evidence/research,human and agent,docs/tasks/AUDIO-001,agon-extender,owning task/index; dated evidence,pending,retain; inspect current reusable instructions before promotion
agon-extender,docs/tasks/AUDIO-001/RESULTS.md,task evidence/research,human and agent,docs/tasks/AUDIO-001,agon-extender,owning task/index; dated evidence,pending,retain; inspect current reusable instructions before promotion
agon-extender,docs/tasks/AUDIT-001.md,task,human and agent,docs/tasks,agon-extender,retain source/provenance,pending,reconcile status with TODO/evidence; retain identity
agon-extender,docs/tasks/AUDIT-002.md,task,human and agent,docs/tasks,agon-extender,retain source/provenance,pending,reconcile status with TODO/evidence; retain identity
agon-extender,docs/tasks/AUDIT-002/README.md,task evidence/research,human and agent,docs/tasks/AUDIT-002,agon-extender,owning task/index; dated evidence,pending,retain; inspect current reusable instructions before promotion
agon-extender,docs/tasks/AUDIT-002/findings.md,task evidence/research,human and agent,docs/tasks/AUDIT-002,agon-extender,owning task/index; dated evidence,pending,retain; inspect current reusable instructions before promotion
agon-extender,docs/tasks/AUDIT-002/generated/comparison.md,task evidence/research,human and agent,docs/tasks/AUDIT-002/generated,agon-extender,owning task/index; dated evidence,pending,retain; inspect current reusable instructions before promotion
agon-extender,docs/tasks/AUDIT-002/generated/connectivity.md,task evidence/research,human and agent,docs/tasks/AUDIT-002/generated,agon-extender,owning task/index; dated evidence,pending,retain; inspect current reusable instructions before promotion
agon-extender,docs/tasks/AUDIT-003.md,task,human and agent,docs/tasks,agon-extender,retain source/provenance,pending,reconcile status with TODO/evidence; retain identity
agon-extender,docs/tasks/AUDIT-004.md,task,human and agent,docs/tasks,agon-extender,retain source/provenance,pending,reconcile status with TODO/evidence; retain identity
agon-extender,docs/tasks/AUDIT-004/README.md,task evidence/research,human and agent,docs/tasks/AUDIT-004,agon-extender,owning task/index; dated evidence,pending,retain; inspect current reusable instructions before promotion
agon-extender,docs/tasks/AUDIT-004/baseline-and-research-map.md,task evidence/research,human and agent,docs/tasks/AUDIT-004,agon-extender,owning task/index; dated evidence,pending,retain; inspect current reusable instructions before promotion
agon-extender,docs/tasks/AUDIT-004/communication-inventory.md,task evidence/research,human and agent,docs/tasks/AUDIT-004,agon-extender,owning task/index; dated evidence,pending,retain; inspect current reusable instructions before promotion
agon-extender,docs/tasks/AUDIT-004/communication-traces.md,task evidence/research,human and agent,docs/tasks/AUDIT-004,agon-extender,owning task/index; dated evidence,pending,retain; inspect current reusable instructions before promotion
agon-extender,docs/tasks/AUDIT-004/coverage-review.md,task evidence/research,human and agent,docs/tasks/AUDIT-004,agon-extender,owning task/index; dated evidence,pending,retain; inspect current reusable instructions before promotion
agon-extender,docs/tasks/AUDIT-004/trace-command-stream.md,task evidence/research,human and agent,docs/tasks/AUDIT-004,agon-extender,owning task/index; dated evidence,pending,retain; inspect current reusable instructions before promotion
agon-extender,docs/tasks/AUDIT-004/trace-hardware-and-dependencies.md,task evidence/research,human and agent,docs/tasks/AUDIT-004,agon-extender,owning task/index; dated evidence,pending,retain; inspect current reusable instructions before promotion
agon-extender,docs/tasks/AUDIT-004/trace-mos-interfaces.md,task evidence/research,human and agent,docs/tasks/AUDIT-004,agon-extender,owning task/index; dated evidence,pending,retain; inspect current reusable instructions before promotion
agon-extender,docs/tasks/AUDIT-004/trace-primary-protocol.md,task evidence/research,human and agent,docs/tasks/AUDIT-004,agon-extender,owning task/index; dated evidence,pending,retain; inspect current reusable instructions before promotion
agon-extender,docs/tasks/AUDIT-004/trace-vdp-interfaces.md,task evidence/research,human and agent,docs/tasks/AUDIT-004,agon-extender,owning task/index; dated evidence,pending,retain; inspect current reusable instructions before promotion
agon-extender,docs/tasks/AUDIT-005.md,task,human and agent,docs/tasks,agon-extender,retain source/provenance,pending,reconcile status with TODO/evidence; retain identity
agon-extender,docs/tasks/AUDIT-005/README.md,task evidence/research,human and agent,docs/tasks/AUDIT-005,agon-extender,owning task/index; dated evidence,pending,retain; inspect current reusable instructions before promotion
agon-extender,docs/tasks/AUDIT-005/baseline-and-path-map.md,task evidence/research,human and agent,docs/tasks/AUDIT-005,agon-extender,owning task/index; dated evidence,pending,retain; inspect current reusable instructions before promotion
agon-extender,docs/tasks/AUDIT-005/browser-disconnected-control.md,task evidence/research,human and agent,docs/tasks/AUDIT-005,agon-extender,owning task/index; dated evidence,pending,retain; inspect current reusable instructions before promotion
agon-extender,docs/tasks/AUDIT-005/browser-disconnected-findings.md,task evidence/research,human and agent,docs/tasks/AUDIT-005,agon-extender,owning task/index; dated evidence,pending,retain; inspect current reusable instructions before promotion
agon-extender,docs/tasks/AUDIT-005/differences-and-reuse.md,task evidence/research,human and agent,docs/tasks/AUDIT-005,agon-extender,owning task/index; dated evidence,pending,retain; inspect current reusable instructions before promotion
agon-extender,docs/tasks/AUDIT-005/evidence/paired-hardware-baseline/analysis.txt,task evidence/research,human and agent,docs/tasks/AUDIT-005/evidence/paired-hardware-baseline,agon-extender,owning task/index; dated evidence,pending,retain; inspect current reusable instructions before promotion
agon-extender,docs/tasks/AUDIT-005/evidence/stock-drain-full-suite/analysis.txt,task evidence/research,human and agent,docs/tasks/AUDIT-005/evidence/stock-drain-full-suite,agon-extender,owning task/index; dated evidence,pending,retain; inspect current reusable instructions before promotion
agon-extender,docs/tasks/AUDIT-005/hardware-baseline.md,task evidence/research,human and agent,docs/tasks/AUDIT-005,agon-extender,owning task/index; dated evidence,pending,retain; inspect current reusable instructions before promotion
agon-extender,docs/tasks/AUDIT-005/mos-flash-remapping.md,task evidence/research,human and agent,docs/tasks/AUDIT-005,agon-extender,owning task/index; dated evidence,pending,retain; inspect current reusable instructions before promotion
agon-extender,docs/tasks/AUDIT-005/p4-queue-accounting.md,task evidence/research,human and agent,docs/tasks/AUDIT-005,agon-extender,owning task/index; dated evidence,pending,retain; inspect current reusable instructions before promotion
agon-extender,docs/tasks/AUDIT-005/p4-wait-attribution.md,task evidence/research,human and agent,docs/tasks/AUDIT-005,agon-extender,owning task/index; dated evidence,pending,retain; inspect current reusable instructions before promotion
agon-extender,docs/tasks/AUDIT-005/paired-benchmark-plan.md,task evidence/research,human and agent,docs/tasks/AUDIT-005,agon-extender,owning task/index; dated evidence,pending,retain; inspect current reusable instructions before promotion
agon-extender,docs/tasks/AUDIT-005/stock-drain-findings.md,task evidence/research,human and agent,docs/tasks/AUDIT-005,agon-extender,owning task/index; dated evidence,pending,retain; inspect current reusable instructions before promotion
agon-extender,docs/tasks/AUDIT-005/stock-drain-full-suite.md,task evidence/research,human and agent,docs/tasks/AUDIT-005,agon-extender,owning task/index; dated evidence,pending,retain; inspect current reusable instructions before promotion
agon-extender,docs/tasks/AUDIT-005/stock-drain-preparation.md,task evidence/research,human and agent,docs/tasks/AUDIT-005,agon-extender,owning task/index; dated evidence,pending,retain; inspect current reusable instructions before promotion
agon-extender,docs/tasks/AUDIT-005/stock-drain-suite-findings.md,task evidence/research,human and agent,docs/tasks/AUDIT-005,agon-extender,owning task/index; dated evidence,pending,retain; inspect current reusable instructions before promotion
agon-extender,docs/tasks/AUDIT-005/stock-queue-drain.md,task evidence/research,human and agent,docs/tasks/AUDIT-005,agon-extender,owning task/index; dated evidence,pending,retain; inspect current reusable instructions before promotion
agon-extender,docs/tasks/AUDIT-005/uart-cts-capture.md,task evidence/research,human and agent,docs/tasks/AUDIT-005,agon-extender,owning task/index; dated evidence,pending,retain; inspect current reusable instructions before promotion
agon-extender,docs/tasks/AUDIT-005/uart-cts-findings.md,task evidence/research,human and agent,docs/tasks/AUDIT-005,agon-extender,owning task/index; dated evidence,pending,retain; inspect current reusable instructions before promotion
agon-extender,docs/tasks/AUDIT-006.md,task,human and agent,docs/tasks,agon-extender,retain source/provenance,pending,reconcile status with TODO/evidence; retain identity
agon-extender,docs/tasks/AUDIT-006/composition-output-review.md,task evidence/research,human and agent,docs/tasks/AUDIT-006,agon-extender,owning task/index; dated evidence,pending,retain; inspect current reusable instructions before promotion
agon-extender,docs/tasks/AUDIT-006/facade-common-review.md,task evidence/research,human and agent,docs/tasks/AUDIT-006,agon-extender,owning task/index; dated evidence,pending,retain; inspect current reusable instructions before promotion
agon-extender,docs/tasks/AUDIT-006/findings.md,task evidence/research,human and agent,docs/tasks/AUDIT-006,agon-extender,owning task/index; dated evidence,pending,retain; inspect current reusable instructions before promotion
agon-extender,docs/tasks/AUDIT-006/frame-execution-review.md,task evidence/research,human and agent,docs/tasks/AUDIT-006,agon-extender,owning task/index; dated evidence,pending,retain; inspect current reusable instructions before promotion
agon-extender,docs/tasks/AUDIT-006/measurement.md,task evidence/research,human and agent,docs/tasks/AUDIT-006,agon-extender,owning task/index; dated evidence,pending,retain; inspect current reusable instructions before promotion
agon-extender,docs/tasks/AUDIT-006/storage-render-review.md,task evidence/research,human and agent,docs/tasks/AUDIT-006,agon-extender,owning task/index; dated evidence,pending,retain; inspect current reusable instructions before promotion
agon-extender,docs/tasks/AUDIT-006/video-backend-audit.md,task evidence/research,human and agent,docs/tasks/AUDIT-006,agon-extender,owning task/index; dated evidence,pending,retain; inspect current reusable instructions before promotion
agon-extender,docs/tasks/AUDIT-007.md,task,human and agent,docs/tasks,agon-extender,retain source/provenance,pending,reconcile status with TODO/evidence; retain identity
agon-extender,docs/tasks/AUDIT-007/FINDINGS.md,task evidence/research,human and agent,docs/tasks/AUDIT-007,agon-extender,owning task/index; dated evidence,pending,retain; inspect current reusable instructions before promotion
agon-extender,docs/tasks/AUDIT-007/FIRST-PASS.md,task evidence/research,human and agent,docs/tasks/AUDIT-007,agon-extender,owning task/index; dated evidence,pending,retain; inspect current reusable instructions before promotion
agon-extender,docs/tasks/AUDIT-007/MODE-LIFETIME.md,task evidence/research,human and agent,docs/tasks/AUDIT-007,agon-extender,owning task/index; dated evidence,pending,retain; inspect current reusable instructions before promotion
agon-extender,docs/tasks/AUDIT-007/SOURCE-CENSUS.md,task evidence/research,human and agent,docs/tasks/AUDIT-007,agon-extender,owning task/index; dated evidence,pending,retain; inspect current reusable instructions before promotion
agon-extender,docs/tasks/AUDIT-007/mode-lifetime/RESULTS.md,task evidence/research,human and agent,docs/tasks/AUDIT-007/mode-lifetime,agon-extender,owning task/index; dated evidence,pending,retain; inspect current reusable instructions before promotion
agon-extender,docs/tasks/AUDIT-007/mode-lifetime/panic.txt,task evidence/research,human and agent,docs/tasks/AUDIT-007/mode-lifetime,agon-extender,owning task/index; dated evidence,pending,retain; inspect current reusable instructions before promotion
agon-extender,docs/tasks/AUDIT-008.md,task,human and agent,docs/tasks,agon-extender,retain source/provenance,pending,reconcile status with TODO/evidence; retain identity
agon-extender,docs/tasks/AUDIT-008/HARDWARE.md,task evidence/research,human and agent,docs/tasks/AUDIT-008,agon-extender,owning task/index; dated evidence,reviewed,current body reviewed; corrections/retention in CHECKS and FINDINGS
agon-extender,docs/tasks/AUDIT-008/IMPLEMENTATION.md,task evidence/research,human and agent,docs/tasks/AUDIT-008,agon-extender,owning task/index; dated evidence,pending,retain; inspect current reusable instructions before promotion
agon-extender,docs/tasks/AUDIT-008/REPORT.md,task evidence/research,human and agent,docs/tasks/AUDIT-008,agon-extender,owning task/index; dated evidence,pending,retain; inspect current reusable instructions before promotion
agon-extender,docs/tasks/AUDIT-008/implementation/EMULATOR.txt,task evidence/research,human and agent,docs/tasks/AUDIT-008/implementation,agon-extender,owning task/index; dated evidence,pending,retain; inspect current reusable instructions before promotion
agon-extender,docs/tasks/AUDIT-008/implementation/HOST-TESTS.txt,task evidence/research,human and agent,docs/tasks/AUDIT-008/implementation,agon-extender,owning task/index; dated evidence,pending,retain; inspect current reusable instructions before promotion
agon-extender,docs/tasks/AUDIT-009.md,task,human and agent,docs/tasks,agon-extender,retain source/provenance,pending,reconcile status with TODO/evidence; retain identity
agon-extender,docs/tasks/BENCH-001.md,task,human and agent,docs/tasks,agon-extender,retain source/provenance,pending,reconcile status with TODO/evidence; retain identity
agon-extender,docs/tasks/BENCH-001/DELIVERY.md,task evidence/research,human and agent,docs/tasks/BENCH-001,agon-extender,owning task/index; dated evidence,pending,retain; inspect current reusable instructions before promotion
agon-extender,docs/tasks/BENCH-001/EXPERIMENTS.md,task evidence/research,human and agent,docs/tasks/BENCH-001,agon-extender,owning task/index; dated evidence,pending,retain; inspect current reusable instructions before promotion
agon-extender,docs/tasks/BENCH-001/HEADLESS-CLOSEOUT.md,task evidence/research,human and agent,docs/tasks/BENCH-001,agon-extender,owning task/index; dated evidence,pending,retain; inspect current reusable instructions before promotion
agon-extender,docs/tasks/BENCH-001/INTRODUCTION.md,task evidence/research,human and agent,docs/tasks/BENCH-001,agon-extender,owning task/index; dated evidence,pending,retain; inspect current reusable instructions before promotion
agon-extender,docs/tasks/BENCH-001/PRACTICE.md,task evidence/research,human and agent,docs/tasks/BENCH-001,agon-extender,owning task/index; dated evidence,pending,retain; inspect current reusable instructions before promotion
agon-extender,docs/tasks/BENCH-001/TELEMETRY.md,task evidence/research,human and agent,docs/tasks/BENCH-001,agon-extender,owning task/index; dated evidence,pending,retain; inspect current reusable instructions before promotion
agon-extender,docs/tasks/BENCH-002.md,task,human and agent,docs/tasks,agon-extender,retain source/provenance,pending,reconcile status with TODO/evidence; retain identity
agon-extender,docs/tasks/BENCH-002/RESULTS.md,task evidence/research,human and agent,docs/tasks/BENCH-002,agon-extender,owning task/index; dated evidence,pending,retain; inspect current reusable instructions before promotion
agon-extender,docs/tasks/BENCH-003.md,task,human and agent,docs/tasks,agon-extender,retain source/provenance,pending,reconcile status with TODO/evidence; retain identity
agon-extender,docs/tasks/BENCH-003/README.md,task evidence/research,human and agent,docs/tasks/BENCH-003,agon-extender,owning task/index; dated evidence,pending,retain; inspect current reusable instructions before promotion
agon-extender,docs/tasks/BENCH-003/VALIDATION.md,task evidence/research,human and agent,docs/tasks/BENCH-003,agon-extender,owning task/index; dated evidence,pending,retain; inspect current reusable instructions before promotion
agon-extender,docs/tasks/BENCH-004.md,task,human and agent,docs/tasks,agon-extender,retain source/provenance,pending,reconcile status with TODO/evidence; retain identity
agon-extender,docs/tasks/BENCH-005.md,task,human and agent,docs/tasks,agon-extender,retain source/provenance,partial,scoped claims/navigation inspected; remaining body not accepted
agon-extender,docs/tasks/BENCH-005/OUTPUT-IDEAS.md,task evidence/research,human and agent,docs/tasks/BENCH-005,agon-extender,owning task/index; dated evidence,pending,retain; inspect current reusable instructions before promotion
agon-extender,docs/tasks/BENCH-005/README.md,task evidence/research,human and agent,docs/tasks/BENCH-005,agon-extender,owning task/index; dated evidence,pending,retain; inspect current reusable instructions before promotion
agon-extender,docs/tasks/BENCH-005/RESULTS.md,task evidence/research,human and agent,docs/tasks/BENCH-005,agon-extender,owning task/index; dated evidence,pending,retain; inspect current reusable instructions before promotion
agon-extender,docs/tasks/BENCH-005/composed-packing/CONFIRMATION.md,task evidence/research,human and agent,docs/tasks/BENCH-005/composed-packing,agon-extender,owning task/index; dated evidence,pending,retain; inspect current reusable instructions before promotion
agon-extender,docs/tasks/BENCH-005/composed-packing/FINDINGS.md,task evidence/research,human and agent,docs/tasks/BENCH-005/composed-packing,agon-extender,owning task/index; dated evidence,pending,retain; inspect current reusable instructions before promotion
agon-extender,docs/tasks/BENCH-005/composed-packing/MODES.md,task evidence/research,human and agent,docs/tasks/BENCH-005/composed-packing,agon-extender,owning task/index; dated evidence,pending,retain; inspect current reusable instructions before promotion
agon-extender,docs/tasks/BENCH-005/composed-packing/PLAN.md,task evidence/research,human and agent,docs/tasks/BENCH-005/composed-packing,agon-extender,owning task/index; dated evidence,pending,retain; inspect current reusable instructions before promotion
agon-extender,docs/tasks/BENCH-005/composed-packing/PROTOCOL.md,task evidence/research,human and agent,docs/tasks/BENCH-005/composed-packing,agon-extender,owning task/index; dated evidence,partial,scoped status/contracts inspected; remaining body/evidence not exhaustively reviewed
agon-extender,docs/tasks/BENCH-005/composed-packing/RESULTS.md,task evidence/research,human and agent,docs/tasks/BENCH-005/composed-packing,agon-extender,owning task/index; dated evidence,pending,retain; inspect current reusable instructions before promotion
agon-extender,docs/tasks/BENCH-005/composed-packing/pair-rle/PLAN.md,task evidence/research,human and agent,docs/tasks/BENCH-005/composed-packing/pair-rle,agon-extender,owning task/index; dated evidence,pending,retain; inspect current reusable instructions before promotion
agon-extender,docs/tasks/BENCH-005/composed-packing/pair-rle/RESULTS.md,task evidence/research,human and agent,docs/tasks/BENCH-005/composed-packing/pair-rle,agon-extender,owning task/index; dated evidence,pending,retain; inspect current reusable instructions before promotion
agon-extender,docs/tasks/BENCH-005/composed-packing/sixbit/PLAN.md,task evidence/research,human and agent,docs/tasks/BENCH-005/composed-packing/sixbit,agon-extender,owning task/index; dated evidence,pending,retain; inspect current reusable instructions before promotion
agon-extender,docs/tasks/BENCH-005/composed-packing/sixbit/PROTOCOL.md,task evidence/research,human and agent,docs/tasks/BENCH-005/composed-packing/sixbit,agon-extender,owning task/index; dated evidence,partial,scoped status/contracts inspected; remaining body/evidence not exhaustively reviewed
agon-extender,docs/tasks/BENCH-005/composed-packing/sixbit/RESULTS.md,task evidence/research,human and agent,docs/tasks/BENCH-005/composed-packing/sixbit,agon-extender,owning task/index; dated evidence,pending,retain; inspect current reusable instructions before promotion
agon-extender,docs/tasks/BENCH-005/evidence/excom-screen.txt,task evidence/research,human and agent,docs/tasks/BENCH-005/evidence,agon-extender,owning task/index; dated evidence,pending,retain; inspect current reusable instructions before promotion
agon-extender,docs/tasks/BENCH-005/evidence/legacy-screen.txt,task evidence/research,human and agent,docs/tasks/BENCH-005/evidence,agon-extender,owning task/index; dated evidence,pending,retain; inspect current reusable instructions before promotion
agon-extender,docs/tasks/BENCH-005/evidence/legacy-telemetry-open.txt,task evidence/research,human and agent,docs/tasks/BENCH-005/evidence,agon-extender,owning task/index; dated evidence,pending,retain; inspect current reusable instructions before promotion
agon-extender,docs/tasks/BENCH-005/packed-output/PLAN.md,task evidence/research,human and agent,docs/tasks/BENCH-005/packed-output,agon-extender,owning task/index; dated evidence,pending,retain; inspect current reusable instructions before promotion
agon-extender,docs/tasks/BENCH-005/packed-output/RESULTS.md,task evidence/research,human and agent,docs/tasks/BENCH-005/packed-output,agon-extender,owning task/index; dated evidence,pending,retain; inspect current reusable instructions before promotion
agon-extender,docs/tasks/BENCH-005/web-pacing/PLAN.md,task evidence/research,human and agent,docs/tasks/BENCH-005/web-pacing,agon-extender,owning task/index; dated evidence,pending,retain; inspect current reusable instructions before promotion
agon-extender,docs/tasks/BENCH-006.md,task,human and agent,docs/tasks,agon-extender,retain source/provenance,pending,reconcile status with TODO/evidence; retain identity
agon-extender,docs/tasks/BENCH-006/README.md,task evidence/research,human and agent,docs/tasks/BENCH-006,agon-extender,owning task/index; dated evidence,pending,retain; inspect current reusable instructions before promotion
agon-extender,docs/tasks/BENCH-006/RESULTS.md,task evidence/research,human and agent,docs/tasks/BENCH-006,agon-extender,owning task/index; dated evidence,pending,retain; inspect current reusable instructions before promotion
agon-extender,docs/tasks/BENCH-007.md,task,human and agent,docs/tasks,agon-extender,retain source/provenance,partial,scoped status/contracts inspected; remaining body/evidence not exhaustively reviewed
agon-extender,docs/tasks/BENCH-007/RESULTS.md,task evidence/research,human and agent,docs/tasks/BENCH-007,agon-extender,owning task/index; dated evidence,pending,retain; inspect current reusable instructions before promotion
agon-extender,docs/tasks/BENCH-007/results/excom-draw-1/batch.txt,task evidence/research,human and agent,docs/tasks/BENCH-007/results/excom-draw-1,agon-extender,owning task/index; dated evidence,pending,retain; inspect current reusable instructions before promotion
agon-extender,docs/tasks/BENCH-007/results/excom-inv-0/batch.txt,task evidence/research,human and agent,docs/tasks/BENCH-007/results/excom-inv-0,agon-extender,owning task/index; dated evidence,pending,retain; inspect current reusable instructions before promotion
agon-extender,docs/tasks/BENCH-007/results/excom-inv-1/batch.txt,task evidence/research,human and agent,docs/tasks/BENCH-007/results/excom-inv-1,agon-extender,owning task/index; dated evidence,pending,retain; inspect current reusable instructions before promotion
agon-extender,docs/tasks/BENCH-007/results/excom-nur-0/batch.txt,task evidence/research,human and agent,docs/tasks/BENCH-007/results/excom-nur-0,agon-extender,owning task/index; dated evidence,pending,retain; inspect current reusable instructions before promotion
agon-extender,docs/tasks/BENCH-007/results/excom-nur-1/batch.txt,task evidence/research,human and agent,docs/tasks/BENCH-007/results/excom-nur-1,agon-extender,owning task/index; dated evidence,pending,retain; inspect current reusable instructions before promotion
agon-extender,docs/tasks/BENCH-007/results/excom-rally-0-div64/batch.txt,task evidence/research,human and agent,docs/tasks/BENCH-007/results/excom-rally-0-div64,agon-extender,owning task/index; dated evidence,pending,retain; inspect current reusable instructions before promotion
agon-extender,docs/tasks/BENCH-007/results/excom-rally-0/batch.txt,task evidence/research,human and agent,docs/tasks/BENCH-007/results/excom-rally-0,agon-extender,owning task/index; dated evidence,pending,retain; inspect current reusable instructions before promotion
agon-extender,docs/tasks/BENCH-007/results/excom-rally-1-div64/batch.txt,task evidence/research,human and agent,docs/tasks/BENCH-007/results/excom-rally-1-div64,agon-extender,owning task/index; dated evidence,pending,retain; inspect current reusable instructions before promotion
agon-extender,docs/tasks/BENCH-007/results/excom-rally-1/batch.txt,task evidence/research,human and agent,docs/tasks/BENCH-007/results/excom-rally-1,agon-extender,owning task/index; dated evidence,pending,retain; inspect current reusable instructions before promotion
agon-extender,docs/tasks/BENCH-007/results/legacy-draw-1/batch.txt,task evidence/research,human and agent,docs/tasks/BENCH-007/results/legacy-draw-1,agon-extender,owning task/index; dated evidence,pending,retain; inspect current reusable instructions before promotion
agon-extender,docs/tasks/BENCH-007/results/legacy-inv-0/batch.txt,task evidence/research,human and agent,docs/tasks/BENCH-007/results/legacy-inv-0,agon-extender,owning task/index; dated evidence,pending,retain; inspect current reusable instructions before promotion
agon-extender,docs/tasks/BENCH-007/results/legacy-inv-1/batch.txt,task evidence/research,human and agent,docs/tasks/BENCH-007/results/legacy-inv-1,agon-extender,owning task/index; dated evidence,pending,retain; inspect current reusable instructions before promotion
agon-extender,docs/tasks/BENCH-007/results/legacy-nur-0/batch.txt,task evidence/research,human and agent,docs/tasks/BENCH-007/results/legacy-nur-0,agon-extender,owning task/index; dated evidence,pending,retain; inspect current reusable instructions before promotion
agon-extender,docs/tasks/BENCH-007/results/legacy-nur-1-fresh/batch.txt,task evidence/research,human and agent,docs/tasks/BENCH-007/results/legacy-nur-1-fresh,agon-extender,owning task/index; dated evidence,pending,retain; inspect current reusable instructions before promotion
agon-extender,docs/tasks/BENCH-007/results/legacy-nur-1/batch.txt,task evidence/research,human and agent,docs/tasks/BENCH-007/results/legacy-nur-1,agon-extender,owning task/index; dated evidence,pending,retain; inspect current reusable instructions before promotion
agon-extender,docs/tasks/BENCH-007/results/legacy-rally-0-div64/batch.txt,task evidence/research,human and agent,docs/tasks/BENCH-007/results/legacy-rally-0-div64,agon-extender,owning task/index; dated evidence,pending,retain; inspect current reusable instructions before promotion
agon-extender,docs/tasks/BENCH-007/results/legacy-rally-0/batch.txt,task evidence/research,human and agent,docs/tasks/BENCH-007/results/legacy-rally-0,agon-extender,owning task/index; dated evidence,pending,retain; inspect current reusable instructions before promotion
agon-extender,docs/tasks/BENCH-007/results/legacy-rally-1-div64/batch.txt,task evidence/research,human and agent,docs/tasks/BENCH-007/results/legacy-rally-1-div64,agon-extender,owning task/index; dated evidence,pending,retain; inspect current reusable instructions before promotion
agon-extender,docs/tasks/BENCH-007/results/legacy-rally-1/batch.txt,task evidence/research,human and agent,docs/tasks/BENCH-007/results/legacy-rally-1,agon-extender,owning task/index; dated evidence,pending,retain; inspect current reusable instructions before promotion
agon-extender,docs/tasks/BENCH-007/results/mainboard-panic.txt,task evidence/research,human and agent,docs/tasks/BENCH-007/results,agon-extender,owning task/index; dated evidence,pending,retain; inspect current reusable instructions before promotion
agon-extender,docs/tasks/BENCH-008.md,task,human and agent,docs/tasks,agon-extender,retain source/provenance,pending,reconcile status with TODO/evidence; retain identity
agon-extender,docs/tasks/BENCH-008/RESULTS.md,task evidence/research,human and agent,docs/tasks/BENCH-008,agon-extender,owning task/index; dated evidence,pending,retain; inspect current reusable instructions before promotion
agon-extender,docs/tasks/DEMO-001.md,task,human and agent,docs/tasks,agon-extender,retain source/provenance,pending,reconcile status with TODO/evidence; retain identity
agon-extender,docs/tasks/DEMO-001/evidence/README.md,task evidence/research,human and agent,docs/tasks/DEMO-001/evidence,agon-extender,owning task/index; dated evidence,pending,retain; inspect current reusable instructions before promotion
agon-extender,docs/tasks/DIAG-001.md,task,human and agent,docs/tasks,agon-extender,retain source/provenance,pending,reconcile status with TODO/evidence; retain identity
agon-extender,docs/tasks/HW-001.md,task,human and agent,docs/tasks,agon-extender,retain source/provenance,pending,reconcile status with TODO/evidence; retain identity
agon-extender,docs/tasks/HW-001/electrical-model/README.md,task evidence/research,human and agent,docs/tasks/HW-001/electrical-model,agon-extender,owning task/index; dated evidence,pending,retain; inspect current reusable instructions before promotion
agon-extender,docs/tasks/HW-001/v1-draft-schematic/README.md,task evidence/research,human and agent,docs/tasks/HW-001/v1-draft-schematic,agon-extender,owning task/index; dated evidence,pending,retain; inspect current reusable instructions before promotion
agon-extender,docs/tasks/HW-001/v1-uart-parallel-circuit-proposal.md,task evidence/research,human and agent,docs/tasks/HW-001,agon-extender,owning task/index; dated evidence,pending,retain; inspect current reusable instructions before promotion
agon-extender,docs/tasks/HW-002.md,task,human and agent,docs/tasks,agon-extender,retain source/provenance,partial,B14: current integration/applicability claims checked; remaining historical detail not fully revalidated
agon-extender,docs/tasks/HW-002/pinwalk/LICENSE,task evidence/research,human and agent,docs/tasks/HW-002/pinwalk,agon-extender,owning task/index; dated evidence,pending,retain; inspect current reusable instructions before promotion
agon-extender,docs/tasks/HW-002/pinwalk/README.md,task evidence/research,human and agent,docs/tasks/HW-002/pinwalk,agon-extender,owning task/index; dated evidence,pending,retain; inspect current reusable instructions before promotion
agon-extender,docs/tasks/HW-003.md,task,human and agent,docs/tasks,agon-extender,retain source/provenance,pending,reconcile status with TODO/evidence; retain identity
agon-extender,docs/tasks/HW-003/assessment.md,task evidence/research,human and agent,docs/tasks/HW-003,agon-extender,owning task/index; dated evidence,pending,retain; inspect current reusable instructions before promotion
agon-extender,docs/tasks/LINK-001.md,task,human and agent,docs/tasks,agon-extender,retain source/provenance,pending,reconcile status with TODO/evidence; retain identity
agon-extender,docs/tasks/MODE-001.md,task,human and agent,docs/tasks,agon-extender,retain source/provenance,pending,reconcile status with TODO/evidence; retain identity
agon-extender,docs/tasks/MODE-002.md,task,human and agent,docs/tasks,agon-extender,retain source/provenance,pending,reconcile status with TODO/evidence; retain identity
agon-extender,docs/tasks/MOS-001.md,task,human and agent,docs/tasks,agon-extender,retain source/provenance,pending,reconcile status with TODO/evidence; retain identity
agon-extender,docs/tasks/NET-001.md,task,human and agent,docs/tasks,agon-extender,retain source/provenance,pending,reconcile status with TODO/evidence; retain identity
agon-extender,docs/tasks/NET-002.md,task,human and agent,docs/tasks,agon-extender,retain source/provenance,pending,reconcile status with TODO/evidence; retain identity
agon-extender,docs/tasks/NET-002/CLAIMS.md,task evidence/research,human and agent,docs/tasks/NET-002,agon-extender,owning task/index; dated evidence,pending,retain; inspect current reusable instructions before promotion
agon-extender,docs/tasks/NET-002/REVIEW.md,task evidence/research,human and agent,docs/tasks/NET-002,agon-extender,owning task/index; dated evidence,pending,retain; inspect current reusable instructions before promotion
agon-extender,docs/tasks/NET-002/discord-software-2026-09-23-transcript.md,task evidence/research,human and agent,docs/tasks/NET-002,agon-extender,owning task/index; dated evidence,pending,retain; inspect current reusable instructions before promotion
agon-extender,docs/tasks/P4PC-001.md,task,human and agent,docs/tasks,agon-extender,retain source/provenance,pending,reconcile status with TODO/evidence; retain identity
agon-extender,docs/tasks/P4PC-001/PURCHASING.md,task evidence/research,human and agent,docs/tasks/P4PC-001,agon-extender,owning task/index; dated evidence,pending,retain; inspect current reusable instructions before promotion
agon-extender,docs/tasks/P4PC-001/README.md,task evidence/research,human and agent,docs/tasks/P4PC-001,agon-extender,owning task/index; dated evidence,pending,retain; inspect current reusable instructions before promotion
agon-extender,docs/tasks/PLAN-001.md,task,human and agent,docs/tasks,agon-extender,retain source/provenance,pending,reconcile status with TODO/evidence; retain identity
agon-extender,docs/tasks/PLAN-001/QUEUE-REVIEW.md,task evidence/research,human and agent,docs/tasks/PLAN-001,agon-extender,owning task/index; dated evidence,partial,scoped claims/navigation inspected; remaining body not accepted
agon-extender,docs/tasks/PORT-001.md,task,human and agent,docs/tasks,agon-extender,retain source/provenance,pending,reconcile status with TODO/evidence; retain identity
agon-extender,docs/tasks/PORT-001/proof-vdu-22.md,task evidence/research,human and agent,docs/tasks/PORT-001,agon-extender,owning task/index; dated evidence,pending,retain; inspect current reusable instructions before promotion
agon-extender,docs/tasks/PORT-001/schema/PROPOSAL.md,task evidence/research,human and agent,docs/tasks/PORT-001/schema,agon-extender,owning task/index; dated evidence,pending,retain; inspect current reusable instructions before promotion
agon-extender,docs/tasks/PORT-002.md,task,human and agent,docs/tasks,agon-extender,retain source/provenance,pending,reconcile status with TODO/evidence; retain identity
agon-extender,docs/tasks/PORT-002/PROPOSAL.md,task evidence/research,human and agent,docs/tasks/PORT-002,agon-extender,owning task/index; dated evidence,pending,retain; inspect current reusable instructions before promotion
agon-extender,docs/tasks/PORT-003.md,task,human and agent,docs/tasks,agon-extender,retain source/provenance,pending,reconcile status with TODO/evidence; retain identity
agon-extender,docs/tasks/PORT-003/PROPOSAL.md,task evidence/research,human and agent,docs/tasks/PORT-003,agon-extender,owning task/index; dated evidence,pending,retain; inspect current reusable instructions before promotion
agon-extender,docs/tasks/PORT-003/README.md,task evidence/research,human and agent,docs/tasks/PORT-003,agon-extender,owning task/index; dated evidence,pending,retain; inspect current reusable instructions before promotion
agon-extender,docs/tasks/PORT-003/command-consumption/PLAN.md,task evidence/research,human and agent,docs/tasks/PORT-003/command-consumption,agon-extender,owning task/index; dated evidence,pending,retain; inspect current reusable instructions before promotion
agon-extender,docs/tasks/PORT-003/command-consumption/README.md,task evidence/research,human and agent,docs/tasks/PORT-003/command-consumption,agon-extender,owning task/index; dated evidence,pending,retain; inspect current reusable instructions before promotion
agon-extender,docs/tasks/PORT-003/command-consumption/printer.md,task evidence/research,human and agent,docs/tasks/PORT-003/command-consumption,agon-extender,owning task/index; dated evidence,pending,retain; inspect current reusable instructions before promotion
agon-extender,docs/tasks/PORT-003/command-consumption/updater.md,task evidence/research,human and agent,docs/tasks/PORT-003/command-consumption,agon-extender,owning task/index; dated evidence,pending,retain; inspect current reusable instructions before promotion
agon-extender,docs/tasks/PORT-003/concurrency/README.md,task evidence/research,human and agent,docs/tasks/PORT-003/concurrency,agon-extender,owning task/index; dated evidence,pending,retain; inspect current reusable instructions before promotion
agon-extender,docs/tasks/PORT-003/display-behavior.md,task evidence/research,human and agent,docs/tasks/PORT-003,agon-extender,owning task/index; dated evidence,pending,retain; inspect current reusable instructions before promotion
agon-extender,docs/tasks/PORT-003/generated/controller-contract-slice.md,task evidence/research,human and agent,docs/tasks/PORT-003/generated,agon-extender,owning task/index; dated evidence,pending,retain; inspect current reusable instructions before promotion
agon-extender,docs/tasks/PORT-003/generated/display-evidence.md,task evidence/research,human and agent,docs/tasks/PORT-003/generated,agon-extender,owning task/index; dated evidence,pending,retain; inspect current reusable instructions before promotion
agon-extender,docs/tasks/PORT-003/generated/display-mode-slice.md,task evidence/research,human and agent,docs/tasks/PORT-003/generated,agon-extender,owning task/index; dated evidence,pending,retain; inspect current reusable instructions before promotion
agon-extender,docs/tasks/PORT-003/key-query/PLAN.md,task evidence/research,human and agent,docs/tasks/PORT-003/key-query,agon-extender,owning task/index; dated evidence,pending,retain; inspect current reusable instructions before promotion
agon-extender,docs/tasks/PORT-003/key-query/RESULTS.md,task evidence/research,human and agent,docs/tasks/PORT-003/key-query,agon-extender,owning task/index; dated evidence,pending,retain; inspect current reusable instructions before promotion
agon-extender,docs/tasks/PORT-003/phase-a/README.md,task evidence/research,human and agent,docs/tasks/PORT-003/phase-a,agon-extender,owning task/index; dated evidence,pending,retain; inspect current reusable instructions before promotion
agon-extender,docs/tasks/PORT-003/phase-a/compatibility-delta.md,task evidence/research,human and agent,docs/tasks/PORT-003/phase-a,agon-extender,owning task/index; dated evidence,pending,retain; inspect current reusable instructions before promotion
agon-extender,docs/tasks/PORT-003/phase-b/README.md,task evidence/research,human and agent,docs/tasks/PORT-003/phase-b,agon-extender,owning task/index; dated evidence,pending,retain; inspect current reusable instructions before promotion
agon-extender,docs/tasks/PORT-003/phase-b/compatibility-delta.md,task evidence/research,human and agent,docs/tasks/PORT-003/phase-b,agon-extender,owning task/index; dated evidence,pending,retain; inspect current reusable instructions before promotion
agon-extender,docs/tasks/PORT-003/phase-b/contracts.md,task evidence/research,human and agent,docs/tasks/PORT-003/phase-b,agon-extender,owning task/index; dated evidence,pending,retain; inspect current reusable instructions before promotion
agon-extender,docs/tasks/PORT-003/phase-b/tests/compat/README.md,task evidence/research,human and agent,docs/tasks/PORT-003/phase-b/tests/compat,agon-extender,owning task/index; dated evidence,pending,retain; inspect current reusable instructions before promotion
agon-extender,docs/tasks/PORT-003/phase-c/README.md,task evidence/research,human and agent,docs/tasks/PORT-003/phase-c,agon-extender,owning task/index; dated evidence,pending,retain; inspect current reusable instructions before promotion
agon-extender,docs/tasks/PORT-003/phase-c/compatibility-delta.md,task evidence/research,human and agent,docs/tasks/PORT-003/phase-c,agon-extender,owning task/index; dated evidence,pending,retain; inspect current reusable instructions before promotion
agon-extender,docs/tasks/PORT-003/phase-c/contracts.md,task evidence/research,human and agent,docs/tasks/PORT-003/phase-c,agon-extender,owning task/index; dated evidence,pending,retain; inspect current reusable instructions before promotion
agon-extender,docs/tasks/PORT-003/phase-d/README.md,task evidence/research,human and agent,docs/tasks/PORT-003/phase-d,agon-extender,owning task/index; dated evidence,pending,retain; inspect current reusable instructions before promotion
agon-extender,docs/tasks/PORT-003/phase-d/compatibility-delta.md,task evidence/research,human and agent,docs/tasks/PORT-003/phase-d,agon-extender,owning task/index; dated evidence,pending,retain; inspect current reusable instructions before promotion
agon-extender,docs/tasks/PORT-003/phase-d/contracts.md,task evidence/research,human and agent,docs/tasks/PORT-003/phase-d,agon-extender,owning task/index; dated evidence,pending,retain; inspect current reusable instructions before promotion
agon-extender,docs/tasks/PORT-003/phase-e/README.md,task evidence/research,human and agent,docs/tasks/PORT-003/phase-e,agon-extender,owning task/index; dated evidence,pending,retain; inspect current reusable instructions before promotion
agon-extender,docs/tasks/PORT-003/phase-e/compatibility-delta.md,task evidence/research,human and agent,docs/tasks/PORT-003/phase-e,agon-extender,owning task/index; dated evidence,pending,retain; inspect current reusable instructions before promotion
agon-extender,docs/tasks/PORT-003/phase-e/contracts.md,task evidence/research,human and agent,docs/tasks/PORT-003/phase-e,agon-extender,owning task/index; dated evidence,pending,retain; inspect current reusable instructions before promotion
agon-extender,docs/tasks/PORT-003/phase-f/README.md,task evidence/research,human and agent,docs/tasks/PORT-003/phase-f,agon-extender,owning task/index; dated evidence,pending,retain; inspect current reusable instructions before promotion
agon-extender,docs/tasks/PORT-003/phase-f/boot-closure.md,task evidence/research,human and agent,docs/tasks/PORT-003/phase-f,agon-extender,owning task/index; dated evidence,pending,retain; inspect current reusable instructions before promotion
agon-extender,docs/tasks/PORT-003/phase-f/compatibility-delta.md,task evidence/research,human and agent,docs/tasks/PORT-003/phase-f,agon-extender,owning task/index; dated evidence,pending,retain; inspect current reusable instructions before promotion
agon-extender,docs/tasks/PORT-003/phase-f/contracts.md,task evidence/research,human and agent,docs/tasks/PORT-003/phase-f,agon-extender,owning task/index; dated evidence,pending,retain; inspect current reusable instructions before promotion
agon-extender,docs/tasks/PORT-003/phase-f/evidence/source-provenance.md,task evidence/research,human and agent,docs/tasks/PORT-003/phase-f/evidence,agon-extender,owning task/index; dated evidence,pending,retain; inspect current reusable instructions before promotion
agon-extender,docs/tasks/PORT-003/phase-f/legacy-browser-assessment.md,task evidence/research,human and agent,docs/tasks/PORT-003/phase-f,agon-extender,owning task/index; dated evidence,pending,retain; inspect current reusable instructions before promotion
agon-extender,docs/tasks/PORT-003/platform-feasibility.md,task evidence/research,human and agent,docs/tasks/PORT-003,agon-extender,owning task/index; dated evidence,pending,retain; inspect current reusable instructions before promotion
agon-extender,docs/tasks/PORT-003/qualification-plan.md,task evidence/research,human and agent,docs/tasks/PORT-003,agon-extender,owning task/index; dated evidence,pending,retain; inspect current reusable instructions before promotion
agon-extender,docs/tasks/PORT-003/stock-backend-r1/README.md,task evidence/research,human and agent,docs/tasks/PORT-003/stock-backend-r1,agon-extender,owning task/index; dated evidence,pending,retain; inspect current reusable instructions before promotion
agon-extender,docs/tasks/PORT-003/stock-backend-r1/native-rows.txt,task evidence/research,human and agent,docs/tasks/PORT-003/stock-backend-r1,agon-extender,owning task/index; dated evidence,pending,retain; inspect current reusable instructions before promotion
agon-extender,docs/tasks/PORT-003/stock-backend-r2/README.md,task evidence/research,human and agent,docs/tasks/PORT-003/stock-backend-r2,agon-extender,owning task/index; dated evidence,pending,retain; inspect current reusable instructions before promotion
agon-extender,docs/tasks/PORT-003/stock-backend-r2/runtime/native-regression.txt,task evidence/research,human and agent,docs/tasks/PORT-003/stock-backend-r2/runtime,agon-extender,owning task/index; dated evidence,pending,retain; inspect current reusable instructions before promotion
agon-extender,docs/tasks/PORT-003/stock-backend-r2/runtime/runtime-tests.txt,task evidence/research,human and agent,docs/tasks/PORT-003/stock-backend-r2/runtime,agon-extender,owning task/index; dated evidence,pending,retain; inspect current reusable instructions before promotion
agon-extender,docs/tasks/PORT-003/stock-backend-r2/runtime/scanline-regression.txt,task evidence/research,human and agent,docs/tasks/PORT-003/stock-backend-r2/runtime,agon-extender,owning task/index; dated evidence,pending,retain; inspect current reusable instructions before promotion
agon-extender,docs/tasks/PORT-003/stock-backend-r2/scanline-tests.txt,task evidence/research,human and agent,docs/tasks/PORT-003/stock-backend-r2,agon-extender,owning task/index; dated evidence,pending,retain; inspect current reusable instructions before promotion
agon-extender,docs/tasks/PORT-003/stock-backend-r3/README.md,task evidence/research,human and agent,docs/tasks/PORT-003/stock-backend-r3,agon-extender,owning task/index; dated evidence,pending,retain; inspect current reusable instructions before promotion
agon-extender,docs/tasks/PORT-003/stock-backend-restoration.md,task evidence/research,human and agent,docs/tasks/PORT-003,agon-extender,owning task/index; dated evidence,pending,retain; inspect current reusable instructions before promotion
agon-extender,docs/tasks/PORT-003/video-throughput/LARGE-SURFACE.md,task evidence/research,human and agent,docs/tasks/PORT-003/video-throughput,agon-extender,owning task/index; dated evidence,pending,retain; inspect current reusable instructions before promotion
agon-extender,docs/tasks/PORT-003/video-throughput/README.md,task evidence/research,human and agent,docs/tasks/PORT-003/video-throughput,agon-extender,owning task/index; dated evidence,pending,retain; inspect current reusable instructions before promotion
agon-extender,docs/tasks/PORT-004.md,task,human and agent,docs/tasks,agon-extender,retain source/provenance,pending,reconcile status with TODO/evidence; retain identity
agon-extender,docs/tasks/PORT-004/audio-framing/PLAN.md,task evidence/research,human and agent,docs/tasks/PORT-004/audio-framing,agon-extender,owning task/index; dated evidence,pending,retain; inspect current reusable instructions before promotion
agon-extender,docs/tasks/PORT-004/audio-framing/results/README.md,task evidence/research,human and agent,docs/tasks/PORT-004/audio-framing/results,agon-extender,owning task/index; dated evidence,pending,retain; inspect current reusable instructions before promotion
agon-extender,docs/tasks/PORT-005.md,task,human and agent,docs/tasks,agon-extender,retain source/provenance,partial,scoped status/contracts inspected; remaining body/evidence not exhaustively reviewed
agon-extender,docs/tasks/PORT-006.md,task,human and agent,docs/tasks,agon-extender,retain source/provenance,pending,reconcile status with TODO/evidence; retain identity
agon-extender,docs/tasks/PORT-007.md,task,human and agent,docs/tasks,agon-extender,retain source/provenance,pending,reconcile status with TODO/evidence; retain identity
agon-extender,docs/tasks/PORT-008.md,task,human and agent,docs/tasks,agon-extender,retain source/provenance,pending,reconcile status with TODO/evidence; retain identity
agon-extender,docs/tasks/PORT-008/activation/README.md,task evidence/research,human and agent,docs/tasks/PORT-008/activation,agon-extender,owning task/index; dated evidence,pending,retain; inspect current reusable instructions before promotion
agon-extender,docs/tasks/PORT-008/bitmap-coverage/README.md,task evidence/research,human and agent,docs/tasks/PORT-008/bitmap-coverage,agon-extender,owning task/index; dated evidence,pending,retain; inspect current reusable instructions before promotion
agon-extender,docs/tasks/PORT-008/context-coverage/README.md,task evidence/research,human and agent,docs/tasks/PORT-008/context-coverage,agon-extender,owning task/index; dated evidence,pending,retain; inspect current reusable instructions before promotion
agon-extender,docs/tasks/PORT-008/copper-coverage/README.md,task evidence/research,human and agent,docs/tasks/PORT-008/copper-coverage,agon-extender,owning task/index; dated evidence,pending,retain; inspect current reusable instructions before promotion
agon-extender,docs/tasks/PORT-008/emos-hardware-diagnostic/README.md,task evidence/research,human and agent,docs/tasks/PORT-008/emos-hardware-diagnostic,agon-extender,owning task/index; dated evidence,pending,retain; inspect current reusable instructions before promotion
agon-extender,docs/tasks/PORT-008/font-coverage/README.md,task evidence/research,human and agent,docs/tasks/PORT-008/font-coverage,agon-extender,owning task/index; dated evidence,pending,retain; inspect current reusable instructions before promotion
agon-extender,docs/tasks/PORT-008/forward-r01/README.md,task evidence/research,human and agent,docs/tasks/PORT-008/forward-r01,agon-extender,owning task/index; dated evidence,pending,retain; inspect current reusable instructions before promotion
agon-extender,docs/tasks/PORT-008/forward-r01/evidence/README.md,task evidence/research,human and agent,docs/tasks/PORT-008/forward-r01/evidence,agon-extender,owning task/index; dated evidence,pending,retain; inspect current reusable instructions before promotion
agon-extender,docs/tasks/PORT-008/forward-r01/proposed-clock-discriminator.md,task evidence/research,human and agent,docs/tasks/PORT-008/forward-r01,agon-extender,owning task/index; dated evidence,pending,retain; inspect current reusable instructions before promotion
agon-extender,docs/tasks/PORT-008/palette-coverage/README.md,task evidence/research,human and agent,docs/tasks/PORT-008/palette-coverage,agon-extender,owning task/index; dated evidence,pending,retain; inspect current reusable instructions before promotion
agon-extender,docs/tasks/PORT-008/production-equivalence/README.md,task evidence/research,human and agent,docs/tasks/PORT-008/production-equivalence,agon-extender,owning task/index; dated evidence,pending,retain; inspect current reusable instructions before promotion
agon-extender,docs/tasks/PORT-008/production-equivalence/object-equivalence/README.md,task evidence/research,human and agent,docs/tasks/PORT-008/production-equivalence/object-equivalence,agon-extender,owning task/index; dated evidence,pending,retain; inspect current reusable instructions before promotion
agon-extender,docs/tasks/PORT-008/production-equivalence/p4-actual-step-provenance/README.md,task evidence/research,human and agent,docs/tasks/PORT-008/production-equivalence/p4-actual-step-provenance,agon-extender,owning task/index; dated evidence,pending,retain; inspect current reusable instructions before promotion
agon-extender,docs/tasks/PORT-008/production-equivalence/retained-parser/README.md,task evidence/research,human and agent,docs/tasks/PORT-008/production-equivalence/retained-parser,agon-extender,owning task/index; dated evidence,pending,retain; inspect current reusable instructions before promotion
agon-extender,docs/tasks/PORT-008/sprite-coverage/README.md,task evidence/research,human and agent,docs/tasks/PORT-008/sprite-coverage,agon-extender,owning task/index; dated evidence,pending,retain; inspect current reusable instructions before promotion
agon-extender,docs/tasks/PORT-008/uart-alignment/E07P-batch.md,task evidence/research,human and agent,docs/tasks/PORT-008/uart-alignment,agon-extender,owning task/index; dated evidence,pending,retain; inspect current reusable instructions before promotion
agon-extender,docs/tasks/PORT-008/uart-alignment/E07P-owner.md,task evidence/research,human and agent,docs/tasks/PORT-008/uart-alignment,agon-extender,owning task/index; dated evidence,pending,retain; inspect current reusable instructions before promotion
agon-extender,docs/tasks/PORT-008/uart-alignment/FINDINGS.md,task evidence/research,human and agent,docs/tasks/PORT-008/uart-alignment,agon-extender,owning task/index; dated evidence,pending,retain; inspect current reusable instructions before promotion
agon-extender,docs/tasks/PORT-008/uart-alignment/PLAN.md,task evidence/research,human and agent,docs/tasks/PORT-008/uart-alignment,agon-extender,owning task/index; dated evidence,pending,retain; inspect current reusable instructions before promotion
agon-extender,docs/tasks/PORT-008/uart-alignment/PROCEDURE.md,task evidence/research,human and agent,docs/tasks/PORT-008/uart-alignment,agon-extender,owning task/index; dated evidence,pending,retain; inspect current reusable instructions before promotion
agon-extender,docs/tasks/PORT-008/uart-alignment/RESEARCH.md,task evidence/research,human and agent,docs/tasks/PORT-008/uart-alignment,agon-extender,owning task/index; dated evidence,pending,retain; inspect current reusable instructions before promotion
agon-extender,docs/tasks/PORT-008/uart-alignment/WIRE-PROCEDURE.md,task evidence/research,human and agent,docs/tasks/PORT-008/uart-alignment,agon-extender,owning task/index; dated evidence,pending,retain; inspect current reusable instructions before promotion
agon-extender,docs/tasks/PORT-008/uart-alignment/results/graphics-comparison.md,task evidence/research,human and agent,docs/tasks/PORT-008/uart-alignment/results,agon-extender,owning task/index; dated evidence,pending,retain; inspect current reusable instructions before promotion
agon-extender,docs/tasks/PORT-009.md,task,human and agent,docs/tasks,agon-extender,retain source/provenance,pending,reconcile status with TODO/evidence; retain identity
agon-extender,docs/tasks/PORT-010.md,task,human and agent,docs/tasks,agon-extender,retain source/provenance,pending,reconcile status with TODO/evidence; retain identity
agon-extender,docs/tasks/PORT-011.md,task,human and agent,docs/tasks,agon-extender,retain source/provenance,pending,reconcile status with TODO/evidence; retain identity
agon-extender,docs/tasks/PORT-012.md,task,human and agent,docs/tasks,agon-extender,retain source/provenance,pending,reconcile status with TODO/evidence; retain identity
agon-extender,docs/tasks/PORT-013.md,task,human and agent,docs/tasks,agon-extender,retain source/provenance,pending,reconcile status with TODO/evidence; retain identity
agon-extender,docs/tasks/PORT-014.md,task,human and agent,docs/tasks,agon-extender,retain source/provenance,pending,reconcile status with TODO/evidence; retain identity
agon-extender,docs/tasks/PORT-015.md,task,human and agent,docs/tasks,agon-extender,retain source/provenance,pending,reconcile status with TODO/evidence; retain identity
agon-extender,docs/tasks/PORT-016.md,task,human and agent,docs/tasks,agon-extender,retain source/provenance,pending,reconcile status with TODO/evidence; retain identity
agon-extender,docs/tasks/PORT-017.md,task,human and agent,docs/tasks,agon-extender,retain source/provenance,pending,reconcile status with TODO/evidence; retain identity
agon-extender,docs/tasks/PORT-017/BOOTSTRAP.md,task evidence/research,human and agent,docs/tasks/PORT-017,agon-extender,owning task/index; dated evidence,pending,retain; inspect current reusable instructions before promotion
agon-extender,docs/tasks/PORT-017/OPERATIONS.md,task evidence/research,human and agent,docs/tasks/PORT-017,agon-extender,owning task/index; dated evidence,pending,retain; inspect current reusable instructions before promotion
agon-extender,docs/tasks/PORT-017/PROGRESS.md,task evidence/research,human and agent,docs/tasks/PORT-017,agon-extender,owning task/index; dated evidence,pending,retain; inspect current reusable instructions before promotion
agon-extender,docs/tasks/PORT-017/PROTOCOL.md,task evidence/research,human and agent,docs/tasks/PORT-017,agon-extender,owning task/index; dated evidence,pending,retain; inspect current reusable instructions before promotion
agon-extender,docs/tasks/PORT-017/QUALIFICATION.md,task evidence/research,human and agent,docs/tasks/PORT-017,agon-extender,owning task/index; dated evidence,pending,retain; inspect current reusable instructions before promotion
agon-extender,docs/tasks/PORT-017/evidence/PORT-017-2026-09-13-01-21-04Z/README.md,task evidence/research,human and agent,docs/tasks/PORT-017/evidence/PORT-017-2026-09-13-01-21-04Z,agon-extender,owning task/index; dated evidence,pending,retain; inspect current reusable instructions before promotion
agon-extender,docs/tasks/PORT-017/evidence/delivery-2026-09-13/autoexec-before.txt,task evidence/research,human and agent,docs/tasks/PORT-017/evidence/delivery-2026-09-13,agon-extender,owning task/index; dated evidence,pending,retain; inspect current reusable instructions before promotion
agon-extender,docs/tasks/PORT-017/evidence/delivery-2026-09-13/autoexec.txt,task evidence/research,human and agent,docs/tasks/PORT-017/evidence/delivery-2026-09-13,agon-extender,owning task/index; dated evidence,pending,retain; inspect current reusable instructions before promotion
agon-extender,docs/tasks/QUAL-001.md,task,human and agent,docs/tasks,agon-extender,retain source/provenance,pending,reconcile status with TODO/evidence; retain identity
agon-extender,docs/tasks/QUAL-001/PROPOSAL.md,task evidence/research,human and agent,docs/tasks/QUAL-001,agon-extender,owning task/index; dated evidence,pending,retain; inspect current reusable instructions before promotion
agon-extender,docs/tasks/QUAL-002.md,task,human and agent,docs/tasks,agon-extender,retain source/provenance,pending,reconcile status with TODO/evidence; retain identity
agon-extender,docs/tasks/QUAL-002/p4-passive-r01/README.md,task evidence/research,human and agent,docs/tasks/QUAL-002/p4-passive-r01,agon-extender,owning task/index; dated evidence,pending,retain; inspect current reusable instructions before promotion
agon-extender,docs/tasks/QUAL-003.md,task,human and agent,docs/tasks,agon-extender,retain source/provenance,pending,reconcile status with TODO/evidence; retain identity
agon-extender,docs/tasks/QUAL-003/DEBRIEF-PLAN.md,task evidence/research,human and agent,docs/tasks/QUAL-003,agon-extender,owning task/index; dated evidence,pending,retain; inspect current reusable instructions before promotion
agon-extender,docs/tasks/QUAL-003/OVERNIGHT-DEBRIEF.md,task evidence/research,human and agent,docs/tasks/QUAL-003,agon-extender,owning task/index; dated evidence,pending,retain; inspect current reusable instructions before promotion
agon-extender,docs/tasks/QUAL-003/README.md,task evidence/research,human and agent,docs/tasks/QUAL-003,agon-extender,owning task/index; dated evidence,pending,retain; inspect current reusable instructions before promotion
agon-extender,docs/tasks/QUAL-003/benchmark-contract.md,task evidence/research,human and agent,docs/tasks/QUAL-003,agon-extender,owning task/index; dated evidence,pending,retain; inspect current reusable instructions before promotion
agon-extender,docs/tasks/QUAL-003/debrief/OFFICIAL-RESEARCH.md,task evidence/research,human and agent,docs/tasks/QUAL-003/debrief,agon-extender,owning task/index; dated evidence,pending,retain; inspect current reusable instructions before promotion
agon-extender,docs/tasks/QUAL-003/debrief/P01/README.md,task evidence/research,human and agent,docs/tasks/QUAL-003/debrief/P01,agon-extender,owning task/index; dated evidence,pending,retain; inspect current reusable instructions before promotion
agon-extender,docs/tasks/QUAL-003/debrief/P01/allocation-evidence.txt,task evidence/research,human and agent,docs/tasks/QUAL-003/debrief/P01,agon-extender,owning task/index; dated evidence,pending,retain; inspect current reusable instructions before promotion
agon-extender,docs/tasks/QUAL-003/debrief/P01/refresh.txt,task evidence/research,human and agent,docs/tasks/QUAL-003/debrief/P01,agon-extender,owning task/index; dated evidence,pending,retain; inspect current reusable instructions before promotion
agon-extender,docs/tasks/QUAL-003/debrief/P01cd/README.md,task evidence/research,human and agent,docs/tasks/QUAL-003/debrief/P01cd,agon-extender,owning task/index; dated evidence,pending,retain; inspect current reusable instructions before promotion
agon-extender,docs/tasks/QUAL-003/debrief/P01cd/TABLES.md,task evidence/research,human and agent,docs/tasks/QUAL-003/debrief/P01cd,agon-extender,owning task/index; dated evidence,pending,retain; inspect current reusable instructions before promotion
agon-extender,docs/tasks/QUAL-003/debrief/P01e/README.md,task evidence/research,human and agent,docs/tasks/QUAL-003/debrief/P01e,agon-extender,owning task/index; dated evidence,pending,retain; inspect current reusable instructions before promotion
agon-extender,docs/tasks/QUAL-003/debrief/P01e/TABLES.md,task evidence/research,human and agent,docs/tasks/QUAL-003/debrief/P01e,agon-extender,owning task/index; dated evidence,pending,retain; inspect current reusable instructions before promotion
agon-extender,docs/tasks/QUAL-003/debrief/P01f/A/FINDINGS.md,task evidence/research,human and agent,docs/tasks/QUAL-003/debrief/P01f/A,agon-extender,owning task/index; dated evidence,pending,retain; inspect current reusable instructions before promotion
agon-extender,docs/tasks/QUAL-003/debrief/P01f/A/OWNERSHIP.md,task evidence/research,human and agent,docs/tasks/QUAL-003/debrief/P01f/A,agon-extender,owning task/index; dated evidence,pending,retain; inspect current reusable instructions before promotion
agon-extender,docs/tasks/QUAL-003/debrief/P01f/A/README.md,task evidence/research,human and agent,docs/tasks/QUAL-003/debrief/P01f/A,agon-extender,owning task/index; dated evidence,pending,retain; inspect current reusable instructions before promotion
agon-extender,docs/tasks/QUAL-003/debrief/P01f/README.md,task evidence/research,human and agent,docs/tasks/QUAL-003/debrief/P01f,agon-extender,owning task/index; dated evidence,pending,retain; inspect current reusable instructions before promotion
agon-extender,docs/tasks/QUAL-003/debrief/P01f/S/README.md,task evidence/research,human and agent,docs/tasks/QUAL-003/debrief/P01f/S,agon-extender,owning task/index; dated evidence,pending,retain; inspect current reusable instructions before promotion
agon-extender,docs/tasks/QUAL-003/debrief/P01f/S/TABLES.md,task evidence/research,human and agent,docs/tasks/QUAL-003/debrief/P01f/S,agon-extender,owning task/index; dated evidence,pending,retain; inspect current reusable instructions before promotion
agon-extender,docs/tasks/QUAL-003/debrief/P01f/S/evidence/allocation-evidence.txt,task evidence/research,human and agent,docs/tasks/QUAL-003/debrief/P01f/S/evidence,agon-extender,owning task/index; dated evidence,pending,retain; inspect current reusable instructions before promotion
agon-extender,docs/tasks/QUAL-003/debrief/P01f/S/evidence/p01fs-normal1-probe0-nonce.txt,task evidence/research,human and agent,docs/tasks/QUAL-003/debrief/P01f/S/evidence,agon-extender,owning task/index; dated evidence,pending,retain; inspect current reusable instructions before promotion
agon-extender,docs/tasks/QUAL-003/debrief/P01f/S/evidence/p01fs-normal2-probe1-nonce.txt,task evidence/research,human and agent,docs/tasks/QUAL-003/debrief/P01f/S/evidence,agon-extender,owning task/index; dated evidence,pending,retain; inspect current reusable instructions before promotion
agon-extender,docs/tasks/QUAL-003/debrief/P01f/TABLES.md,task evidence/research,human and agent,docs/tasks/QUAL-003/debrief/P01f,agon-extender,owning task/index; dated evidence,pending,retain; inspect current reusable instructions before promotion
agon-extender,docs/tasks/QUAL-003/debrief/P01f/W/README.md,task evidence/research,human and agent,docs/tasks/QUAL-003/debrief/P01f/W,agon-extender,owning task/index; dated evidence,pending,retain; inspect current reusable instructions before promotion
agon-extender,docs/tasks/QUAL-003/debrief/P01f/W/TABLES.md,task evidence/research,human and agent,docs/tasks/QUAL-003/debrief/P01f/W,agon-extender,owning task/index; dated evidence,pending,retain; inspect current reusable instructions before promotion
agon-extender,docs/tasks/QUAL-003/debrief/P01f/W/evidence/allocation.txt,task evidence/research,human and agent,docs/tasks/QUAL-003/debrief/P01f/W/evidence,agon-extender,owning task/index; dated evidence,pending,retain; inspect current reusable instructions before promotion
agon-extender,docs/tasks/QUAL-003/debrief/P01f/W/evidence/p01fw-normal1-probe0-nonce.txt,task evidence/research,human and agent,docs/tasks/QUAL-003/debrief/P01f/W/evidence,agon-extender,owning task/index; dated evidence,pending,retain; inspect current reusable instructions before promotion
agon-extender,docs/tasks/QUAL-003/debrief/P01f/W/evidence/p01fw-normal2-probe1-nonce.txt,task evidence/research,human and agent,docs/tasks/QUAL-003/debrief/P01f/W/evidence,agon-extender,owning task/index; dated evidence,pending,retain; inspect current reusable instructions before promotion
agon-extender,docs/tasks/QUAL-003/debrief/P01f/evidence/allocation-evidence.txt,task evidence/research,human and agent,docs/tasks/QUAL-003/debrief/P01f/evidence,agon-extender,owning task/index; dated evidence,pending,retain; inspect current reusable instructions before promotion
agon-extender,docs/tasks/QUAL-003/debrief/P01f/evidence/p01f-normal1-probe0-nonce.txt,task evidence/research,human and agent,docs/tasks/QUAL-003/debrief/P01f/evidence,agon-extender,owning task/index; dated evidence,pending,retain; inspect current reusable instructions before promotion
agon-extender,docs/tasks/QUAL-003/debrief/P01f/evidence/p01f-normal3-probe0-nonce.txt,task evidence/research,human and agent,docs/tasks/QUAL-003/debrief/P01f/evidence,agon-extender,owning task/index; dated evidence,pending,retain; inspect current reusable instructions before promotion
agon-extender,docs/tasks/QUAL-003/debrief/P01f/evidence/p01f-off2-probe0-nonce.txt,task evidence/research,human and agent,docs/tasks/QUAL-003/debrief/P01f/evidence,agon-extender,owning task/index; dated evidence,pending,retain; inspect current reusable instructions before promotion
agon-extender,docs/tasks/QUAL-003/debrief/P01g/HOST-CHECKS.md,task evidence/research,human and agent,docs/tasks/QUAL-003/debrief/P01g,agon-extender,owning task/index; dated evidence,pending,retain; inspect current reusable instructions before promotion
agon-extender,docs/tasks/QUAL-003/debrief/P01g/INTERIM.md,task evidence/research,human and agent,docs/tasks/QUAL-003/debrief/P01g,agon-extender,owning task/index; dated evidence,pending,retain; inspect current reusable instructions before promotion
agon-extender,docs/tasks/QUAL-003/debrief/P01g/PROTOCOL.md,task evidence/research,human and agent,docs/tasks/QUAL-003/debrief/P01g,agon-extender,owning task/index; dated evidence,pending,retain; inspect current reusable instructions before promotion
agon-extender,docs/tasks/QUAL-003/debrief/P01g/README.md,task evidence/research,human and agent,docs/tasks/QUAL-003/debrief/P01g,agon-extender,owning task/index; dated evidence,pending,retain; inspect current reusable instructions before promotion
agon-extender,docs/tasks/QUAL-003/debrief/P01g/RESULTS.md,task evidence/research,human and agent,docs/tasks/QUAL-003/debrief/P01g,agon-extender,owning task/index; dated evidence,pending,retain; inspect current reusable instructions before promotion
agon-extender,docs/tasks/QUAL-003/debrief/P01h/60fps/README.md,task evidence/research,human and agent,docs/tasks/QUAL-003/debrief/P01h/60fps,agon-extender,owning task/index; dated evidence,pending,retain; inspect current reusable instructions before promotion
agon-extender,docs/tasks/QUAL-003/debrief/P01h/60fps/RESULTS.md,task evidence/research,human and agent,docs/tasks/QUAL-003/debrief/P01h/60fps,agon-extender,owning task/index; dated evidence,pending,retain; inspect current reusable instructions before promotion
agon-extender,docs/tasks/QUAL-003/debrief/P01h/CONTRACT.md,task evidence/research,human and agent,docs/tasks/QUAL-003/debrief/P01h,agon-extender,owning task/index; dated evidence,partial,scoped status/contracts inspected; remaining body/evidence not exhaustively reviewed
agon-extender,docs/tasks/QUAL-003/debrief/P01h/README.md,task evidence/research,human and agent,docs/tasks/QUAL-003/debrief/P01h,agon-extender,owning task/index; dated evidence,partial,scoped claims/navigation inspected; remaining body not accepted
agon-extender,docs/tasks/QUAL-003/debrief/P01h/RESULTS.md,task evidence/research,human and agent,docs/tasks/QUAL-003/debrief/P01h,agon-extender,owning task/index; dated evidence,pending,retain; inspect current reusable instructions before promotion
agon-extender,docs/tasks/QUAL-003/debrief/P01h/TABLES.md,task evidence/research,human and agent,docs/tasks/QUAL-003/debrief/P01h,agon-extender,owning task/index; dated evidence,pending,retain; inspect current reusable instructions before promotion
agon-extender,docs/tasks/QUAL-003/debrief/P01h/codec-screen/PROTOCOL.md,task evidence/research,human and agent,docs/tasks/QUAL-003/debrief/P01h/codec-screen,agon-extender,owning task/index; dated evidence,pending,retain; inspect current reusable instructions before promotion
agon-extender,docs/tasks/QUAL-003/debrief/P01h/codec-screen/README.md,task evidence/research,human and agent,docs/tasks/QUAL-003/debrief/P01h/codec-screen,agon-extender,owning task/index; dated evidence,pending,retain; inspect current reusable instructions before promotion
agon-extender,docs/tasks/QUAL-003/debrief/P01h/codec-screen/REPRODUCE.md,task evidence/research,human and agent,docs/tasks/QUAL-003/debrief/P01h/codec-screen,agon-extender,owning task/index; dated evidence,pending,retain; inspect current reusable instructions before promotion
agon-extender,docs/tasks/QUAL-003/debrief/P01h/codec-screen/RESULTS.md,task evidence/research,human and agent,docs/tasks/QUAL-003/debrief/P01h/codec-screen,agon-extender,owning task/index; dated evidence,pending,retain; inspect current reusable instructions before promotion
agon-extender,docs/tasks/QUAL-003/debrief/P01h/codec-screen/TABLES.md,task evidence/research,human and agent,docs/tasks/QUAL-003/debrief/P01h/codec-screen,agon-extender,owning task/index; dated evidence,pending,retain; inspect current reusable instructions before promotion
agon-extender,docs/tasks/QUAL-003/debrief/P01h/codec-screen/blocks/README.md,task evidence/research,human and agent,docs/tasks/QUAL-003/debrief/P01h/codec-screen/blocks,agon-extender,owning task/index; dated evidence,pending,retain; inspect current reusable instructions before promotion
agon-extender,docs/tasks/QUAL-003/debrief/P01h/codec-screen/blocks/RESULTS.md,task evidence/research,human and agent,docs/tasks/QUAL-003/debrief/P01h/codec-screen/blocks,agon-extender,owning task/index; dated evidence,pending,retain; inspect current reusable instructions before promotion
agon-extender,docs/tasks/QUAL-003/debrief/P01h/codec-screen/blocks/TABLES.md,task evidence/research,human and agent,docs/tasks/QUAL-003/debrief/P01h/codec-screen/blocks,agon-extender,owning task/index; dated evidence,pending,retain; inspect current reusable instructions before promotion
agon-extender,docs/tasks/QUAL-003/debrief/P01h/codec-screen/discussion/2026-09-17-gemini-architecture.md,task evidence/research,human and agent,docs/tasks/QUAL-003/debrief/P01h/codec-screen/discussion,agon-extender,owning task/index; dated evidence,pending,retain; inspect current reusable instructions before promotion
agon-extender,docs/tasks/QUAL-003/debrief/P01h/codec-screen/discussion/AUDIT.md,task evidence/research,human and agent,docs/tasks/QUAL-003/debrief/P01h/codec-screen/discussion,agon-extender,owning task/index; dated evidence,pending,retain; inspect current reusable instructions before promotion
agon-extender,docs/tasks/QUAL-003/debrief/P01h/codec-screen/discussion/README.md,task evidence/research,human and agent,docs/tasks/QUAL-003/debrief/P01h/codec-screen/discussion,agon-extender,owning task/index; dated evidence,pending,retain; inspect current reusable instructions before promotion
agon-extender,docs/tasks/QUAL-003/debrief/P01h/codec-screen/image-p4/NOTES.md,task evidence/research,human and agent,docs/tasks/QUAL-003/debrief/P01h/codec-screen/image-p4,agon-extender,owning task/index; dated evidence,pending,retain; inspect current reusable instructions before promotion
agon-extender,docs/tasks/QUAL-003/debrief/P01h/codec-screen/image-p4/README.md,task evidence/research,human and agent,docs/tasks/QUAL-003/debrief/P01h/codec-screen/image-p4,agon-extender,owning task/index; dated evidence,pending,retain; inspect current reusable instructions before promotion
agon-extender,docs/tasks/QUAL-003/debrief/P01h/codec-screen/image-p4/REPRODUCE.md,task evidence/research,human and agent,docs/tasks/QUAL-003/debrief/P01h/codec-screen/image-p4,agon-extender,owning task/index; dated evidence,pending,retain; inspect current reusable instructions before promotion
agon-extender,docs/tasks/QUAL-003/debrief/P01h/codec-screen/image-p4/RESEARCH.md,task evidence/research,human and agent,docs/tasks/QUAL-003/debrief/P01h/codec-screen/image-p4,agon-extender,owning task/index; dated evidence,pending,retain; inspect current reusable instructions before promotion
agon-extender,docs/tasks/QUAL-003/debrief/P01h/codec-screen/image-p4/RESULTS.md,task evidence/research,human and agent,docs/tasks/QUAL-003/debrief/P01h/codec-screen/image-p4,agon-extender,owning task/index; dated evidence,pending,retain; inspect current reusable instructions before promotion
agon-extender,docs/tasks/QUAL-003/debrief/P01h/codec-screen/image-p4/TABLES.md,task evidence/research,human and agent,docs/tasks/QUAL-003/debrief/P01h/codec-screen/image-p4,agon-extender,owning task/index; dated evidence,pending,retain; inspect current reusable instructions before promotion
agon-extender,docs/tasks/QUAL-003/debrief/P01h/codec-screen/order4-p4/README.md,task evidence/research,human and agent,docs/tasks/QUAL-003/debrief/P01h/codec-screen/order4-p4,agon-extender,owning task/index; dated evidence,pending,retain; inspect current reusable instructions before promotion
agon-extender,docs/tasks/QUAL-003/debrief/P01h/codec-screen/order4-p4/REPRODUCE.md,task evidence/research,human and agent,docs/tasks/QUAL-003/debrief/P01h/codec-screen/order4-p4,agon-extender,owning task/index; dated evidence,pending,retain; inspect current reusable instructions before promotion
agon-extender,docs/tasks/QUAL-003/debrief/P01h/codec-screen/order4-p4/RESULTS.md,task evidence/research,human and agent,docs/tasks/QUAL-003/debrief/P01h/codec-screen/order4-p4,agon-extender,owning task/index; dated evidence,pending,retain; inspect current reusable instructions before promotion
agon-extender,docs/tasks/QUAL-003/debrief/P01h/codec-screen/order4-p4/TABLES.md,task evidence/research,human and agent,docs/tasks/QUAL-003/debrief/P01h/codec-screen/order4-p4,agon-extender,owning task/index; dated evidence,pending,retain; inspect current reusable instructions before promotion
agon-extender,docs/tasks/QUAL-003/debrief/P01h/srle2/PORT-NOTES.md,task evidence/research,human and agent,docs/tasks/QUAL-003/debrief/P01h/srle2,agon-extender,owning task/index; dated evidence,pending,retain; inspect current reusable instructions before promotion
agon-extender,docs/tasks/QUAL-003/debrief/P01h/srle2/README.md,task evidence/research,human and agent,docs/tasks/QUAL-003/debrief/P01h/srle2,agon-extender,owning task/index; dated evidence,pending,retain; inspect current reusable instructions before promotion
agon-extender,docs/tasks/QUAL-003/debrief/P01h/srle2/RESULTS.md,task evidence/research,human and agent,docs/tasks/QUAL-003/debrief/P01h/srle2,agon-extender,owning task/index; dated evidence,pending,retain; inspect current reusable instructions before promotion
agon-extender,docs/tasks/QUAL-003/debrief/P01h/srle2/hardware/README.md,task evidence/research,human and agent,docs/tasks/QUAL-003/debrief/P01h/srle2/hardware,agon-extender,owning task/index; dated evidence,pending,retain; inspect current reusable instructions before promotion
agon-extender,docs/tasks/QUAL-003/debrief/P01h/srle2/hardware/RESULTS.md,task evidence/research,human and agent,docs/tasks/QUAL-003/debrief/P01h/srle2/hardware,agon-extender,owning task/index; dated evidence,pending,retain; inspect current reusable instructions before promotion
agon-extender,docs/tasks/QUAL-003/debrief/P01h/srle2/vendor/COPYING.GPL-2,vendor reference,human and agent,docs/tasks/QUAL-003/debrief/P01h/srle2/vendor,agon-extender,retain source/provenance,provenance-only,retain upstream text; inspect only affected interface
agon-extender,docs/tasks/QUAL-003/debrief/P01h/srle2/vendor/readme.txt,vendor reference,human and agent,docs/tasks/QUAL-003/debrief/P01h/srle2/vendor,agon-extender,retain source/provenance,provenance-only,retain upstream text; inspect only affected interface
agon-extender,docs/tasks/QUAL-003/debrief/P01h/srle2/vendor/techinfo.txt,vendor reference,human and agent,docs/tasks/QUAL-003/debrief/P01h/srle2/vendor,agon-extender,retain source/provenance,provenance-only,retain upstream text; inspect only affected interface
agon-extender,docs/tasks/QUAL-003/debrief/P01h/srle2/web/PROTOCOL.md,task evidence/research,human and agent,docs/tasks/QUAL-003/debrief/P01h/srle2/web,agon-extender,owning task/index; dated evidence,pending,retain; inspect current reusable instructions before promotion
agon-extender,docs/tasks/QUAL-003/debrief/P01h/srle2/web/README.md,task evidence/research,human and agent,docs/tasks/QUAL-003/debrief/P01h/srle2/web,agon-extender,owning task/index; dated evidence,pending,retain; inspect current reusable instructions before promotion
agon-extender,docs/tasks/QUAL-003/debrief/P01h/srle2/web/REPRODUCE.md,task evidence/research,human and agent,docs/tasks/QUAL-003/debrief/P01h/srle2/web,agon-extender,owning task/index; dated evidence,pending,retain; inspect current reusable instructions before promotion
agon-extender,docs/tasks/QUAL-003/debrief/P01h/srle2/web/RESULTS.md,task evidence/research,human and agent,docs/tasks/QUAL-003/debrief/P01h/srle2/web,agon-extender,owning task/index; dated evidence,pending,retain; inspect current reusable instructions before promotion
agon-extender,docs/tasks/QUAL-003/debrief/P01h/srle2/web/TABLES.md,task evidence/research,human and agent,docs/tasks/QUAL-003/debrief/P01h/srle2/web,agon-extender,owning task/index; dated evidence,pending,retain; inspect current reusable instructions before promotion
agon-extender,docs/tasks/QUAL-003/debrief/P01h/srle2/web/client-source/README.md,task evidence/research,human and agent,docs/tasks/QUAL-003/debrief/P01h/srle2/web/client-source,agon-extender,owning task/index; dated evidence,pending,retain; inspect current reusable instructions before promotion
agon-extender,docs/tasks/QUAL-003/debrief/P01h/srle2/web/evidence/final/TABLES.md,task evidence/research,human and agent,docs/tasks/QUAL-003/debrief/P01h/srle2/web/evidence/final,agon-extender,owning task/index; dated evidence,pending,retain; inspect current reusable instructions before promotion
agon-extender,docs/tasks/QUAL-003/debrief/P02/README.md,task evidence/research,human and agent,docs/tasks/QUAL-003/debrief/P02,agon-extender,owning task/index; dated evidence,pending,retain; inspect current reusable instructions before promotion
agon-extender,docs/tasks/QUAL-003/debrief/P02/TABLES.md,task evidence/research,human and agent,docs/tasks/QUAL-003/debrief/P02,agon-extender,owning task/index; dated evidence,pending,retain; inspect current reusable instructions before promotion
agon-extender,docs/tasks/QUAL-003/debrief/P02/results/refresh-final-allocations.txt,task evidence/research,human and agent,docs/tasks/QUAL-003/debrief/P02/results,agon-extender,owning task/index; dated evidence,pending,retain; inspect current reusable instructions before promotion
agon-extender,docs/tasks/QUAL-003/debrief/P02/results/refresh-final.txt,task evidence/research,human and agent,docs/tasks/QUAL-003/debrief/P02/results,agon-extender,owning task/index; dated evidence,pending,retain; inspect current reusable instructions before promotion
agon-extender,docs/tasks/QUAL-003/debrief/P02/results/refresh-first-allocations.txt,task evidence/research,human and agent,docs/tasks/QUAL-003/debrief/P02/results,agon-extender,owning task/index; dated evidence,pending,retain; inspect current reusable instructions before promotion
agon-extender,docs/tasks/QUAL-003/debrief/P02/results/refresh-first.txt,task evidence/research,human and agent,docs/tasks/QUAL-003/debrief/P02/results,agon-extender,owning task/index; dated evidence,pending,retain; inspect current reusable instructions before promotion
agon-extender,docs/tasks/QUAL-003/debrief/P02/results/refresh-repeat-allocations.txt,task evidence/research,human and agent,docs/tasks/QUAL-003/debrief/P02/results,agon-extender,owning task/index; dated evidence,pending,retain; inspect current reusable instructions before promotion
agon-extender,docs/tasks/QUAL-003/debrief/P02/results/refresh-repeat.txt,task evidence/research,human and agent,docs/tasks/QUAL-003/debrief/P02/results,agon-extender,owning task/index; dated evidence,pending,retain; inspect current reusable instructions before promotion
agon-extender,docs/tasks/QUAL-003/debrief/TABLES.md,task evidence/research,human and agent,docs/tasks/QUAL-003/debrief,agon-extender,owning task/index; dated evidence,pending,retain; inspect current reusable instructions before promotion
agon-extender,docs/tasks/QUAL-003/mode-transition/AGENT-QUESTIONS.md,task evidence/research,human and agent,docs/tasks/QUAL-003/mode-transition,agon-extender,owning task/index; dated evidence,partial,scoped claims/navigation inspected; remaining body not accepted
agon-extender,docs/tasks/QUAL-003/mode-transition/AGINVADORS.md,task evidence/research,human and agent,docs/tasks/QUAL-003/mode-transition,agon-extender,owning task/index; dated evidence,pending,retain; inspect current reusable instructions before promotion
agon-extender,docs/tasks/QUAL-003/mode-transition/PLAN.md,task evidence/research,human and agent,docs/tasks/QUAL-003/mode-transition,agon-extender,owning task/index; dated evidence,pending,retain; inspect current reusable instructions before promotion
agon-extender,docs/tasks/QUAL-003/mode-transition/RESULTS.md,task evidence/research,human and agent,docs/tasks/QUAL-003/mode-transition,agon-extender,owning task/index; dated evidence,pending,retain; inspect current reusable instructions before promotion
agon-extender,docs/tasks/QUAL-003/nurples-parity/PLAN.md,task evidence/research,human and agent,docs/tasks/QUAL-003/nurples-parity,agon-extender,owning task/index; dated evidence,pending,retain; inspect current reusable instructions before promotion
agon-extender,docs/tasks/QUAL-003/nurples-parity/results/README.md,task evidence/research,human and agent,docs/tasks/QUAL-003/nurples-parity/results,agon-extender,owning task/index; dated evidence,pending,retain; inspect current reusable instructions before promotion
agon-extender,docs/tasks/QUAL-003/nurples-parity/results/framebuffer-selection-r40.txt,task evidence/research,human and agent,docs/tasks/QUAL-003/nurples-parity/results,agon-extender,owning task/index; dated evidence,pending,retain; inspect current reusable instructions before promotion
agon-extender,docs/tasks/QUAL-003/nurples-parity/results/framebuffer-selection-r41.txt,task evidence/research,human and agent,docs/tasks/QUAL-003/nurples-parity/results,agon-extender,owning task/index; dated evidence,pending,retain; inspect current reusable instructions before promotion
agon-extender,docs/tasks/QUAL-003/nurples-parity/results/framebuffer-selection-r42.txt,task evidence/research,human and agent,docs/tasks/QUAL-003/nurples-parity/results,agon-extender,owning task/index; dated evidence,pending,retain; inspect current reusable instructions before promotion
agon-extender,docs/tasks/QUAL-003/nurples-parity/results/framebuffer-selection-r43.txt,task evidence/research,human and agent,docs/tasks/QUAL-003/nurples-parity/results,agon-extender,owning task/index; dated evidence,pending,retain; inspect current reusable instructions before promotion
agon-extender,docs/tasks/QUAL-003/nurples-parity/results/native-wait-r44.txt,task evidence/research,human and agent,docs/tasks/QUAL-003/nurples-parity/results,agon-extender,owning task/index; dated evidence,pending,retain; inspect current reusable instructions before promotion
agon-extender,docs/tasks/QUAL-003/rally-excom/FINDINGS.md,task evidence/research,human and agent,docs/tasks/QUAL-003/rally-excom,agon-extender,owning task/index; dated evidence,pending,retain; inspect current reusable instructions before promotion
agon-extender,docs/tasks/QUAL-003/rally-excom/PLAN.md,task evidence/research,human and agent,docs/tasks/QUAL-003/rally-excom,agon-extender,owning task/index; dated evidence,pending,retain; inspect current reusable instructions before promotion
agon-extender,docs/tasks/QUAL-003/rally-excom/fixture-r02/README.md,task evidence/research,human and agent,docs/tasks/QUAL-003/rally-excom/fixture-r02,agon-extender,owning task/index; dated evidence,pending,retain; inspect current reusable instructions before promotion
agon-extender,docs/tasks/QUAL-003/rally-excom/fixture-r03/README.md,task evidence/research,human and agent,docs/tasks/QUAL-003/rally-excom/fixture-r03,agon-extender,owning task/index; dated evidence,pending,retain; inspect current reusable instructions before promotion
agon-extender,docs/tasks/QUAL-003/rally-excom/fixture/README.md,task evidence/research,human and agent,docs/tasks/QUAL-003/rally-excom/fixture,agon-extender,owning task/index; dated evidence,pending,retain; inspect current reusable instructions before promotion
agon-extender,docs/tasks/QUAL-003/rally-excom/results/r01/README.md,task evidence/research,human and agent,docs/tasks/QUAL-003/rally-excom/results/r01,agon-extender,owning task/index; dated evidence,pending,retain; inspect current reusable instructions before promotion
agon-extender,docs/tasks/QUAL-003/rally-excom/results/r02/README.md,task evidence/research,human and agent,docs/tasks/QUAL-003/rally-excom/results/r02,agon-extender,owning task/index; dated evidence,pending,retain; inspect current reusable instructions before promotion
agon-extender,docs/tasks/QUAL-003/rally-excom/rx06/README.md,task evidence/research,human and agent,docs/tasks/QUAL-003/rally-excom/rx06,agon-extender,owning task/index; dated evidence,pending,retain; inspect current reusable instructions before promotion
agon-extender,docs/tasks/QUAL-003/rally-excom/rx07/README.md,task evidence/research,human and agent,docs/tasks/QUAL-003/rally-excom/rx07,agon-extender,owning task/index; dated evidence,pending,retain; inspect current reusable instructions before promotion
agon-extender,docs/tasks/QUAL-003/rally-excom/rx07/implicit-warnings.txt,task evidence/research,human and agent,docs/tasks/QUAL-003/rally-excom/rx07,agon-extender,owning task/index; dated evidence,pending,retain; inspect current reusable instructions before promotion
agon-extender,docs/tasks/QUAL-003/rally-excom/rx09/PLAN.md,task evidence/research,human and agent,docs/tasks/QUAL-003/rally-excom/rx09,agon-extender,owning task/index; dated evidence,pending,retain; inspect current reusable instructions before promotion
agon-extender,docs/tasks/QUAL-003/rally-excom/rx09/results/README.md,task evidence/research,human and agent,docs/tasks/QUAL-003/rally-excom/rx09/results,agon-extender,owning task/index; dated evidence,pending,retain; inspect current reusable instructions before promotion
agon-extender,docs/tasks/QUAL-003/rally-excom/rx11/PLAN.md,task evidence/research,human and agent,docs/tasks/QUAL-003/rally-excom/rx11,agon-extender,owning task/index; dated evidence,pending,retain; inspect current reusable instructions before promotion
agon-extender,docs/tasks/QUAL-003/rally-excom/rx11/README.md,task evidence/research,human and agent,docs/tasks/QUAL-003/rally-excom/rx11,agon-extender,owning task/index; dated evidence,pending,retain; inspect current reusable instructions before promotion
agon-extender,docs/tasks/QUAL-003/suite/README.md,task evidence/research,human and agent,docs/tasks/QUAL-003/suite,agon-extender,owning task/index; dated evidence,pending,retain; inspect current reusable instructions before promotion
agon-extender,docs/tasks/QUAL-003/suite/UPSTREAM-TODO.md,task evidence/research,human and agent,docs/tasks/QUAL-003/suite,agon-extender,owning task/index; dated evidence,pending,retain; inspect current reusable instructions before promotion
agon-extender,docs/tasks/QUAL-003/suite/docs/bitmap-reference-observations.md,task evidence/research,human and agent,docs/tasks/QUAL-003/suite/docs,agon-extender,owning task/index; dated evidence,pending,retain; inspect current reusable instructions before promotion
agon-extender,docs/tasks/QUAL-003/suite/docs/development/2026-09-08.md,task evidence/research,human and agent,docs/tasks/QUAL-003/suite/docs/development,agon-extender,owning task/index; dated evidence,pending,retain; inspect current reusable instructions before promotion
agon-extender,docs/tasks/QUAL-003/suite/docs/reference-observations.md,task evidence/research,human and agent,docs/tasks/QUAL-003/suite/docs,agon-extender,owning task/index; dated evidence,pending,retain; inspect current reusable instructions before promotion
agon-extender,docs/tasks/QUAL-003/suite/docs/tasks/EXT-003.md,task evidence/research,human and agent,docs/tasks/QUAL-003/suite/docs/tasks,agon-extender,owning task/index; dated evidence,pending,retain; inspect current reusable instructions before promotion
agon-extender,docs/tasks/QUAL-003/suite/docs/tasks/EXT-004.md,task evidence/research,human and agent,docs/tasks/QUAL-003/suite/docs/tasks,agon-extender,owning task/index; dated evidence,pending,retain; inspect current reusable instructions before promotion
agon-extender,docs/tasks/QUAL-003/suite/vendor/nurples/LICENSE,vendor reference,human and agent,docs/tasks/QUAL-003/suite/vendor/nurples,agon-extender,retain source/provenance,provenance-only,retain upstream text; inspect only affected interface
agon-extender,docs/tasks/QUAL-003/suite/vendor/nurples/README.md,vendor reference,human and agent,docs/tasks/QUAL-003/suite/vendor/nurples,agon-extender,retain source/provenance,provenance-only,retain upstream text; inspect only affected interface
agon-extender,docs/tasks/QUAL-003/timing/README.md,task evidence/research,human and agent,docs/tasks/QUAL-003/timing,agon-extender,owning task/index; dated evidence,pending,retain; inspect current reusable instructions before promotion
agon-extender,docs/tasks/QUAL-003/timing/framebuffer-pass.md,task evidence/research,human and agent,docs/tasks/QUAL-003/timing,agon-extender,owning task/index; dated evidence,pending,retain; inspect current reusable instructions before promotion
agon-extender,docs/tasks/QUAL-003/timing/protocol.md,task evidence/research,human and agent,docs/tasks/QUAL-003/timing,agon-extender,owning task/index; dated evidence,pending,retain; inspect current reusable instructions before promotion
agon-extender,docs/tasks/QUAL-003/timing/results/e09-unattended/README.md,task evidence/research,human and agent,docs/tasks/QUAL-003/timing/results/e09-unattended,agon-extender,owning task/index; dated evidence,pending,retain; inspect current reusable instructions before promotion
agon-extender,docs/tasks/QUAL-003/timing/results/e09-unattended/comparison.md,task evidence/research,human and agent,docs/tasks/QUAL-003/timing/results/e09-unattended,agon-extender,owning task/index; dated evidence,pending,retain; inspect current reusable instructions before promotion
agon-extender,docs/tasks/QUAL-003/timing/results/e09-unattended/voice-receipt.txt,task evidence/research,human and agent,docs/tasks/QUAL-003/timing/results/e09-unattended,agon-extender,owning task/index; dated evidence,pending,retain; inspect current reusable instructions before promotion
agon-extender,docs/tasks/QUAL-003/timing/results/framebuffer-first/author-video.md,task evidence/research,human and agent,docs/tasks/QUAL-003/timing/results/framebuffer-first,agon-extender,owning task/index; dated evidence,pending,retain; inspect current reusable instructions before promotion
agon-extender,docs/tasks/QUAL-003/timing/results/framebuffer-first/comparison.md,task evidence/research,human and agent,docs/tasks/QUAL-003/timing/results/framebuffer-first,agon-extender,owning task/index; dated evidence,pending,retain; inspect current reusable instructions before promotion
agon-extender,docs/tasks/QUAL-003/timing/results/framebuffer-first/rendering-only.md,task evidence/research,human and agent,docs/tasks/QUAL-003/timing/results/framebuffer-first,agon-extender,owning task/index; dated evidence,pending,retain; inspect current reusable instructions before promotion
agon-extender,docs/tasks/QUAL-003/timing/results/framebuffer-first/upload-stages.md,task evidence/research,human and agent,docs/tasks/QUAL-003/timing/results/framebuffer-first,agon-extender,owning task/index; dated evidence,pending,retain; inspect current reusable instructions before promotion
agon-extender,docs/tasks/QUAL-003/timing/unattended-run.txt,task evidence/research,human and agent,docs/tasks/QUAL-003/timing,agon-extender,owning task/index; dated evidence,pending,retain; inspect current reusable instructions before promotion
agon-extender,docs/tasks/QUAL-003/timing/unattended.md,task evidence/research,human and agent,docs/tasks/QUAL-003/timing,agon-extender,owning task/index; dated evidence,pending,retain; inspect current reusable instructions before promotion
agon-extender,docs/tasks/QUAL-003/timing/validation.md,task evidence/research,human and agent,docs/tasks/QUAL-003/timing,agon-extender,owning task/index; dated evidence,pending,retain; inspect current reusable instructions before promotion
agon-extender,docs/tasks/QUAL-004.md,task,human and agent,docs/tasks,agon-extender,retain source/provenance,pending,reconcile status with TODO/evidence; retain identity
agon-extender,docs/tasks/QUAL-004/COVERAGE.md,task evidence/research,human and agent,docs/tasks/QUAL-004,agon-extender,owning task/index; dated evidence,pending,retain; inspect current reusable instructions before promotion
agon-extender,docs/tasks/QUAL-004/PROCEDURE.md,task evidence/research,human and agent,docs/tasks/QUAL-004,agon-extender,owning task/index; dated evidence,pending,retain; inspect current reusable instructions before promotion
agon-extender,docs/tasks/QUAL-004/RESEARCH.md,task evidence/research,human and agent,docs/tasks/QUAL-004,agon-extender,owning task/index; dated evidence,pending,retain; inspect current reusable instructions before promotion
agon-extender,docs/tasks/QUAL-004/RESULTS.md,task evidence/research,human and agent,docs/tasks/QUAL-004,agon-extender,owning task/index; dated evidence,pending,retain; inspect current reusable instructions before promotion
agon-extender,docs/tasks/QUAL-004/bitmap-coverage/REVIEW.md,task evidence/research,human and agent,docs/tasks/QUAL-004/bitmap-coverage,agon-extender,owning task/index; dated evidence,pending,retain; inspect current reusable instructions before promotion
agon-extender,docs/tasks/QUAL-004/evidence/bounded-corpus/TABLES.md,task evidence/research,human and agent,docs/tasks/QUAL-004/evidence/bounded-corpus,agon-extender,owning task/index; dated evidence,pending,retain; inspect current reusable instructions before promotion
agon-extender,docs/tasks/QUAL-004/evidence/fenced-first/TABLES.md,task evidence/research,human and agent,docs/tasks/QUAL-004/evidence/fenced-first,agon-extender,owning task/index; dated evidence,pending,retain; inspect current reusable instructions before promotion
agon-extender,docs/tasks/QUAL-004/evidence/isolated-first/TABLES.md,task evidence/research,human and agent,docs/tasks/QUAL-004/evidence/isolated-first,agon-extender,owning task/index; dated evidence,pending,retain; inspect current reusable instructions before promotion
agon-extender,docs/tasks/QUAL-004/evidence/isolated-retry/TABLES.md,task evidence/research,human and agent,docs/tasks/QUAL-004/evidence/isolated-retry,agon-extender,owning task/index; dated evidence,pending,retain; inspect current reusable instructions before promotion
agon-extender,docs/tasks/QUAL-004/evidence/mode-controls/TABLES.md,task evidence/research,human and agent,docs/tasks/QUAL-004/evidence/mode-controls,agon-extender,owning task/index; dated evidence,pending,retain; inspect current reusable instructions before promotion
agon-extender,docs/tasks/QUAL-004/evidence/mode-state-failure/before-capture.txt,task evidence/research,human and agent,docs/tasks/QUAL-004/evidence/mode-state-failure,agon-extender,owning task/index; dated evidence,pending,retain; inspect current reusable instructions before promotion
agon-extender,docs/tasks/QUAL-004/evidence/sprite-replay-crash/mainboard-crash.txt,task evidence/research,human and agent,docs/tasks/QUAL-004/evidence/sprite-replay-crash,agon-extender,owning task/index; dated evidence,pending,retain; inspect current reusable instructions before promotion
agon-extender,docs/tasks/QUAL-004/fixtures/README.md,task evidence/research,human and agent,docs/tasks/QUAL-004/fixtures,agon-extender,owning task/index; dated evidence,pending,retain; inspect current reusable instructions before promotion
agon-extender,docs/tasks/QUAL-004/low-depth/CONTRACT.md,task evidence/research,human and agent,docs/tasks/QUAL-004/low-depth,agon-extender,owning task/index; dated evidence,pending,retain; inspect current reusable instructions before promotion
agon-extender,docs/tasks/QUAL-004/low-depth/RESULTS.md,task evidence/research,human and agent,docs/tasks/QUAL-004/low-depth,agon-extender,owning task/index; dated evidence,pending,retain; inspect current reusable instructions before promotion
agon-extender,docs/tasks/QUAL-004/packed-expansion/CONTRACT.md,task evidence/research,human and agent,docs/tasks/QUAL-004/packed-expansion,agon-extender,owning task/index; dated evidence,pending,retain; inspect current reusable instructions before promotion
agon-extender,docs/tasks/QUAL-004/packed-expansion/RESULTS.md,task evidence/research,human and agent,docs/tasks/QUAL-004/packed-expansion,agon-extender,owning task/index; dated evidence,pending,retain; inspect current reusable instructions before promotion
agon-extender,docs/tasks/QUAL-004/page-controls/CONTRACT.md,task evidence/research,human and agent,docs/tasks/QUAL-004/page-controls,agon-extender,owning task/index; dated evidence,pending,retain; inspect current reusable instructions before promotion
agon-extender,docs/tasks/QUAL-004/page-controls/RESULTS.md,task evidence/research,human and agent,docs/tasks/QUAL-004/page-controls,agon-extender,owning task/index; dated evidence,pending,retain; inspect current reusable instructions before promotion
agon-extender,docs/tasks/QUAL-004/sprite-scroll/CONTRACT.md,task evidence/research,human and agent,docs/tasks/QUAL-004/sprite-scroll,agon-extender,owning task/index; dated evidence,pending,retain; inspect current reusable instructions before promotion
agon-extender,docs/tasks/QUAL-004/sprite-scroll/RESULTS.md,task evidence/research,human and agent,docs/tasks/QUAL-004/sprite-scroll,agon-extender,owning task/index; dated evidence,pending,retain; inspect current reusable instructions before promotion
agon-extender,docs/tasks/QUAL-004/sprite-scroll/evidence/decode.txt,task evidence/research,human and agent,docs/tasks/QUAL-004/sprite-scroll/evidence,agon-extender,owning task/index; dated evidence,pending,retain; inspect current reusable instructions before promotion
agon-extender,docs/tasks/QUAL-004/sprite-scroll/evidence/panic.txt,task evidence/research,human and agent,docs/tasks/QUAL-004/sprite-scroll/evidence,agon-extender,owning task/index; dated evidence,pending,retain; inspect current reusable instructions before promotion
agon-extender,docs/tasks/QUAL-004/sprite-scroll/extender-followup/RESULTS.md,task evidence/research,human and agent,docs/tasks/QUAL-004/sprite-scroll/extender-followup,agon-extender,owning task/index; dated evidence,pending,retain; inspect current reusable instructions before promotion
agon-extender,docs/tasks/QUAL-004/sprite-scroll/mainboard-followup/RESULTS.md,task evidence/research,human and agent,docs/tasks/QUAL-004/sprite-scroll/mainboard-followup,agon-extender,owning task/index; dated evidence,pending,retain; inspect current reusable instructions before promotion
agon-extender,docs/tasks/QUAL-004/sprite-scroll/stock-control/CONTRACT.md,task evidence/research,human and agent,docs/tasks/QUAL-004/sprite-scroll/stock-control,agon-extender,owning task/index; dated evidence,pending,retain; inspect current reusable instructions before promotion
agon-extender,docs/tasks/QUAL-004/sprite-scroll/stock-control/RESULTS.md,task evidence/research,human and agent,docs/tasks/QUAL-004/sprite-scroll/stock-control,agon-extender,owning task/index; dated evidence,pending,retain; inspect current reusable instructions before promotion
agon-extender,docs/tasks/QUAL-004/sprite-scroll/stock-control/VISUAL-REVIEW.md,task evidence/research,human and agent,docs/tasks/QUAL-004/sprite-scroll/stock-control,agon-extender,owning task/index; dated evidence,pending,retain; inspect current reusable instructions before promotion
agon-extender,docs/tasks/QUAL-004/teletext/CONTRACT.md,task evidence/research,human and agent,docs/tasks/QUAL-004/teletext,agon-extender,owning task/index; dated evidence,pending,retain; inspect current reusable instructions before promotion
agon-extender,docs/tasks/QUAL-004/teletext/RESULTS.md,task evidence/research,human and agent,docs/tasks/QUAL-004/teletext,agon-extender,owning task/index; dated evidence,pending,retain; inspect current reusable instructions before promotion
agon-extender,docs/tasks/README.md,task,human and agent,docs/tasks,agon-extender,retain source/provenance,reviewed,current body reviewed; source/evidence comparison and local/desk limits in CHECKS
agon-extender,docs/tasks/RECOVERY-001.md,task,human and agent,docs/tasks,agon-extender,retain source/provenance,pending,reconcile status with TODO/evidence; retain identity
agon-extender,docs/tasks/REMED-001.md,task,human and agent,docs/tasks,agon-extender,retain source/provenance,pending,reconcile status with TODO/evidence; retain identity
agon-extender,docs/tasks/REMED-001/dual-mode-ownership.md,task evidence/research,human and agent,docs/tasks/REMED-001,agon-extender,owning task/index; dated evidence,pending,retain; inspect current reusable instructions before promotion
agon-extender,docs/tasks/REMED-001/exclusive-common-ownership.md,task evidence/research,human and agent,docs/tasks/REMED-001,agon-extender,owning task/index; dated evidence,pending,retain; inspect current reusable instructions before promotion
agon-extender,docs/tasks/REMED-001/exclusive-routing-analysis.md,task evidence/research,human and agent,docs/tasks/REMED-001,agon-extender,owning task/index; dated evidence,pending,retain; inspect current reusable instructions before promotion
agon-extender,docs/tasks/REMED-001/mode-lifecycle-analysis.md,task evidence/research,human and agent,docs/tasks/REMED-001,agon-extender,owning task/index; dated evidence,pending,retain; inspect current reusable instructions before promotion
agon-extender,docs/tasks/REMED-002.md,task,human and agent,docs/tasks,agon-extender,retain source/provenance,pending,reconcile status with TODO/evidence; retain identity
agon-extender,docs/tasks/REMED-003.md,task,human and agent,docs/tasks,agon-extender,retain source/provenance,pending,reconcile status with TODO/evidence; retain identity
agon-extender,docs/tasks/REMED-003/evidence/directory-result.txt,task evidence/research,human and agent,docs/tasks/REMED-003/evidence,agon-extender,owning task/index; dated evidence,pending,retain; inspect current reusable instructions before promotion
agon-extender,docs/tasks/REMED-003/evidence/hardware/RESULT.TXT,task evidence/research,human and agent,docs/tasks/REMED-003/evidence/hardware,agon-extender,owning task/index; dated evidence,pending,retain; inspect current reusable instructions before promotion
agon-extender,docs/tasks/REMED-003/evidence/image-result.txt,task evidence/research,human and agent,docs/tasks/REMED-003/evidence,agon-extender,owning task/index; dated evidence,pending,retain; inspect current reusable instructions before promotion
agon-extender,docs/tasks/REMED-003/issue-draft.md,task evidence/research,human and agent,docs/tasks/REMED-003,agon-extender,owning task/index; dated evidence,pending,retain; inspect current reusable instructions before promotion
agon-extender,docs/tasks/REMOTE-001.md,task,human and agent,docs/tasks,agon-extender,retain source/provenance,pending,reconcile status with TODO/evidence; retain identity
agon-extender,docs/tasks/REMOTE-001/2026-09-21-mac-comparison.md,task evidence/research,human and agent,docs/tasks/REMOTE-001,agon-extender,owning task/index; dated evidence,pending,retain; inspect current reusable instructions before promotion
agon-extender,docs/tasks/REMOTE-001/2026-09-21-observation-summary.md,task evidence/research,human and agent,docs/tasks/REMOTE-001,agon-extender,owning task/index; dated evidence,pending,retain; inspect current reusable instructions before promotion
agon-extender,docs/tasks/REMOTE-001/B01-review.md,task evidence/research,human and agent,docs/tasks/REMOTE-001,agon-extender,owning task/index; dated evidence,pending,retain; inspect current reusable instructions before promotion
agon-extender,docs/tasks/REMOTE-001/B04-implementation.md,task evidence/research,human and agent,docs/tasks/REMOTE-001,agon-extender,owning task/index; dated evidence,pending,retain; inspect current reusable instructions before promotion
agon-extender,docs/tasks/REMOTE-001/C01-ui-cleanup.md,task evidence/research,human and agent,docs/tasks/REMOTE-001,agon-extender,owning task/index; dated evidence,pending,retain; inspect current reusable instructions before promotion
agon-extender,docs/tasks/REMOTE-001/JUKEBOX-INPUT-REVIEW.md,task evidence/research,human and agent,docs/tasks/REMOTE-001,agon-extender,owning task/index; dated evidence,pending,retain; inspect current reusable instructions before promotion
agon-extender,docs/tasks/REMOTE-002.md,task,human and agent,docs/tasks,agon-extender,retain source/provenance,pending,reconcile status with TODO/evidence; retain identity
agon-extender,docs/tasks/REMOTE-002/evidence/batch-continuation-key-seen.txt,task evidence/research,human and agent,docs/tasks/REMOTE-002/evidence,agon-extender,owning task/index; dated evidence,pending,retain; inspect current reusable instructions before promotion
agon-extender,docs/tasks/REMOTE-002/evidence/hardware-key-seen.txt,task evidence/research,human and agent,docs/tasks/REMOTE-002/evidence,agon-extender,owning task/index; dated evidence,pending,retain; inspect current reusable instructions before promotion
agon-extender,docs/tasks/REMOTE-002/evidence/hardware-r15-key-seen.txt,task evidence/research,human and agent,docs/tasks/REMOTE-002/evidence,agon-extender,owning task/index; dated evidence,pending,retain; inspect current reusable instructions before promotion
agon-extender,docs/tasks/REMOTE-002/evidence/hardware-screen-missing-e.txt,task evidence/research,human and agent,docs/tasks/REMOTE-002/evidence,agon-extender,owning task/index; dated evidence,pending,retain; inspect current reusable instructions before promotion
agon-extender,docs/tasks/REMOTE-003.md,task,human and agent,docs/tasks,agon-extender,retain source/provenance,pending,reconcile status with TODO/evidence; retain identity
agon-extender,docs/tasks/REMOTE-004.md,task,human and agent,docs/tasks,agon-extender,retain source/provenance,pending,reconcile status with TODO/evidence; retain identity
agon-extender,docs/tasks/REMOTE-005.md,task,human and agent,docs/tasks,agon-extender,retain source/provenance,partial,scoped status/contracts inspected; remaining body/evidence not exhaustively reviewed
agon-extender,docs/tasks/REMOTE-005/FAST-TRANSFER.md,task evidence/research,human and agent,docs/tasks/REMOTE-005,agon-extender,owning task/index; dated evidence,reviewed,current body reviewed; corrections/retention in CHECKS and FINDINGS
agon-extender,docs/tasks/REMOTE-005/FEATURE-COMPARE.md,task evidence/research,human and agent,docs/tasks/REMOTE-005,agon-extender,owning task/index; dated evidence,pending,retain; inspect current reusable instructions before promotion
agon-extender,docs/tasks/REMOTE-005/MOSLET-CHECK.md,task evidence/research,human and agent,docs/tasks/REMOTE-005,agon-extender,owning task/index; dated evidence,partial,scoped status/contracts inspected; remaining body/evidence not exhaustively reviewed
agon-extender,docs/tasks/REPO-001.md,task,human and agent,docs/tasks,agon-extender,retain source/provenance,pending,reconcile status with TODO/evidence; retain identity
agon-extender,docs/tasks/REPO-001/inventory.md,task evidence/research,human and agent,docs/tasks/REPO-001,agon-extender,owning task/index; dated evidence,pending,retain; inspect current reusable instructions before promotion
agon-extender,docs/tasks/REPO-001/migration-record.md,task evidence/research,human and agent,docs/tasks/REPO-001,agon-extender,owning task/index; dated evidence,pending,retain; inspect current reusable instructions before promotion
agon-extender,docs/tasks/RESEARCH-001.md,task,human and agent,docs/tasks,agon-extender,retain source/provenance,pending,reconcile status with TODO/evidence; retain identity
agon-extender,docs/tasks/RESEARCH-001/AGM-RLE.md,task evidence/research,human and agent,docs/tasks/RESEARCH-001,agon-extender,owning task/index; dated evidence,pending,retain; inspect current reusable instructions before promotion
agon-extender,docs/tasks/RESEARCH-001/C1/MEMORY.md,task evidence/research,human and agent,docs/tasks/RESEARCH-001/C1,agon-extender,owning task/index; dated evidence,pending,retain; inspect current reusable instructions before promotion
agon-extender,docs/tasks/RESEARCH-001/C1/README.md,task evidence/research,human and agent,docs/tasks/RESEARCH-001/C1,agon-extender,owning task/index; dated evidence,pending,retain; inspect current reusable instructions before promotion
agon-extender,docs/tasks/RESEARCH-001/C2/README.md,task evidence/research,human and agent,docs/tasks/RESEARCH-001/C2,agon-extender,owning task/index; dated evidence,pending,retain; inspect current reusable instructions before promotion
agon-extender,docs/tasks/RESEARCH-001/C3/README.md,task evidence/research,human and agent,docs/tasks/RESEARCH-001/C3,agon-extender,owning task/index; dated evidence,pending,retain; inspect current reusable instructions before promotion
agon-extender,docs/tasks/RESEARCH-001/C4/README.md,task evidence/research,human and agent,docs/tasks/RESEARCH-001/C4,agon-extender,owning task/index; dated evidence,pending,retain; inspect current reusable instructions before promotion
agon-extender,docs/tasks/RESEARCH-001/C5/README.md,task evidence/research,human and agent,docs/tasks/RESEARCH-001/C5,agon-extender,owning task/index; dated evidence,pending,retain; inspect current reusable instructions before promotion
agon-extender,docs/tasks/RESEARCH-001/CANDIDATES.md,task evidence/research,human and agent,docs/tasks/RESEARCH-001,agon-extender,owning task/index; dated evidence,pending,retain; inspect current reusable instructions before promotion
agon-extender,docs/tasks/RESEARCH-001/FINDINGS.md,task evidence/research,human and agent,docs/tasks/RESEARCH-001,agon-extender,owning task/index; dated evidence,pending,retain; inspect current reusable instructions before promotion
agon-extender,docs/tasks/RESEARCH-001/QUERIES.md,task evidence/research,human and agent,docs/tasks/RESEARCH-001,agon-extender,owning task/index; dated evidence,pending,retain; inspect current reusable instructions before promotion
agon-extender,docs/tasks/RESEARCH-002.md,task,human and agent,docs/tasks,agon-extender,retain source/provenance,pending,reconcile status with TODO/evidence; retain identity
agon-extender,docs/tasks/RESEARCH-003.md,task,human and agent,docs/tasks,agon-extender,retain source/provenance,pending,reconcile status with TODO/evidence; retain identity
agon-extender,docs/tasks/RESEARCH-003/DESIGN.md,task evidence/research,human and agent,docs/tasks/RESEARCH-003,agon-extender,owning task/index; dated evidence,pending,retain; inspect current reusable instructions before promotion
agon-extender,docs/tasks/RESEARCH-003/README.md,task evidence/research,human and agent,docs/tasks/RESEARCH-003,agon-extender,owning task/index; dated evidence,pending,retain; inspect current reusable instructions before promotion
agon-extender,docs/tasks/RESEARCH-003/RESULTS.md,task evidence/research,human and agent,docs/tasks/RESEARCH-003,agon-extender,owning task/index; dated evidence,pending,retain; inspect current reusable instructions before promotion
agon-extender,docs/tasks/RESEARCH-003/TABLES.md,task evidence/research,human and agent,docs/tasks/RESEARCH-003,agon-extender,owning task/index; dated evidence,pending,retain; inspect current reusable instructions before promotion
agon-extender,docs/tasks/RESEARCH-003/firmware/CMakeLists.txt,task evidence/research,human and agent,docs/tasks/RESEARCH-003/firmware,agon-extender,owning task/index; dated evidence,pending,retain; inspect current reusable instructions before promotion
agon-extender,docs/tasks/RESEARCH-003/firmware/src/CMakeLists.txt,task evidence/research,human and agent,docs/tasks/RESEARCH-003/firmware/src,agon-extender,owning task/index; dated evidence,pending,retain; inspect current reusable instructions before promotion
agon-extender,docs/tasks/RESEARCH-004.md,task,human and agent,docs/tasks,agon-extender,retain source/provenance,pending,reconcile status with TODO/evidence; retain identity
agon-extender,docs/tasks/RESEARCH-004/RESULTS.md,task evidence/research,human and agent,docs/tasks/RESEARCH-004,agon-extender,owning task/index; dated evidence,pending,retain; inspect current reusable instructions before promotion
agon-extender,docs/tasks/RESEARCH-005.md,task,human and agent,docs/tasks,agon-extender,retain source/provenance,pending,reconcile status with TODO/evidence; retain identity
agon-extender,docs/tasks/RESEARCH-005/SUPPLIED-RESEARCH.md,task evidence/research,human and agent,docs/tasks/RESEARCH-005,agon-extender,owning task/index; dated evidence,pending,retain; inspect current reusable instructions before promotion
agon-extender,docs/tasks/SETUP-001.1-layout-manifest.md,task,human and agent,docs/tasks,agon-extender,retain source/provenance,pending,reconcile status with TODO/evidence; retain identity
agon-extender,docs/tasks/SETUP-001.md,task,human and agent,docs/tasks,agon-extender,retain source/provenance,pending,reconcile status with TODO/evidence; retain identity
agon-extender,docs/tasks/SETUP-002.md,task,human and agent,docs/tasks,agon-extender,retain source/provenance,pending,reconcile status with TODO/evidence; retain identity
agon-extender,docs/tasks/SETUP-003.md,task,human and agent,docs/tasks,agon-extender,retain source/provenance,pending,reconcile status with TODO/evidence; retain identity
agon-extender,docs/tasks/SETUP-003/README.md,task evidence/research,human and agent,docs/tasks/SETUP-003,agon-extender,owning task/index; dated evidence,pending,retain; inspect current reusable instructions before promotion
agon-extender,docs/tasks/SETUP-003/dependency-review.md,task evidence/research,human and agent,docs/tasks/SETUP-003,agon-extender,owning task/index; dated evidence,pending,retain; inspect current reusable instructions before promotion
agon-extender,docs/tasks/SETUP-003/evidence/work-3-upstream-control.md,task evidence/research,human and agent,docs/tasks/SETUP-003/evidence,agon-extender,owning task/index; dated evidence,pending,retain; inspect current reusable instructions before promotion
agon-extender,docs/tasks/SETUP-003/evidence/work-4-tool-audit.md,task evidence/research,human and agent,docs/tasks/SETUP-003/evidence,agon-extender,owning task/index; dated evidence,pending,retain; inspect current reusable instructions before promotion
agon-extender,docs/tasks/SETUP-003/evidence/work-5-symbol-index-review.md,task evidence/research,human and agent,docs/tasks/SETUP-003/evidence,agon-extender,owning task/index; dated evidence,pending,retain; inspect current reusable instructions before promotion
agon-extender,docs/tasks/SETUP-003/evidence/work-6-mechanical-validation.md,task evidence/research,human and agent,docs/tasks/SETUP-003/evidence,agon-extender,owning task/index; dated evidence,pending,retain; inspect current reusable instructions before promotion
agon-extender,docs/tasks/SETUP-003/portability-review.md,task evidence/research,human and agent,docs/tasks/SETUP-003,agon-extender,owning task/index; dated evidence,pending,retain; inspect current reusable instructions before promotion
agon-extender,docs/tasks/SETUP-004.md,task,human and agent,docs/tasks,agon-extender,retain source/provenance,pending,reconcile status with TODO/evidence; retain identity
agon-extender,docs/tasks/SETUP-004/ANALYSIS-PROCESS.md,task evidence/research,human and agent,docs/tasks/SETUP-004,agon-extender,owning task/index; dated evidence,pending,retain; inspect current reusable instructions before promotion
agon-extender,docs/tasks/SETUP-004/README.md,task evidence/research,human and agent,docs/tasks/SETUP-004,agon-extender,owning task/index; dated evidence,pending,retain; inspect current reusable instructions before promotion
agon-extender,docs/tasks/SETUP-004/VDU-inventory.md,task evidence/research,human and agent,docs/tasks/SETUP-004,agon-extender,owning task/index; dated evidence,pending,retain; inspect current reusable instructions before promotion
agon-extender,docs/tasks/SETUP-004/disposition-matrix.md,task evidence/research,human and agent,docs/tasks/SETUP-004,agon-extender,owning task/index; dated evidence,pending,retain; inspect current reusable instructions before promotion
agon-extender,docs/tasks/SETUP-005.md,task,human and agent,docs/tasks,agon-extender,retain source/provenance,partial,B14: current integration/applicability claims checked; remaining historical detail not fully revalidated
agon-extender,docs/tasks/SETUP-006.md,task,human and agent,docs/tasks,agon-extender,retain source/provenance,pending,reconcile status with TODO/evidence; retain identity
agon-extender,docs/tasks/SETUP-006/README.md,task evidence/research,human and agent,docs/tasks/SETUP-006,agon-extender,owning task/index; dated evidence,pending,retain; inspect current reusable instructions before promotion
agon-extender,docs/tasks/SETUP-006/SETUP-006.1.1-object-inventory.md,task evidence/research,human and agent,docs/tasks/SETUP-006,agon-extender,owning task/index; dated evidence,pending,retain; inspect current reusable instructions before promotion
agon-extender,docs/tasks/SETUP-006/SETUP-006.1.1-reset-breakout-observation.md,task evidence/research,human and agent,docs/tasks/SETUP-006,agon-extender,owning task/index; dated evidence,pending,retain; inspect current reusable instructions before promotion
agon-extender,docs/tasks/SETUP-006/SETUP-006.1.2-naming-register.md,task evidence/research,human and agent,docs/tasks/SETUP-006,agon-extender,owning task/index; dated evidence,pending,retain; inspect current reusable instructions before promotion
agon-extender,docs/tasks/SETUP-006/SETUP-006.3-fritzing/README.md,task evidence/research,human and agent,docs/tasks/SETUP-006/SETUP-006.3-fritzing,agon-extender,owning task/index; dated evidence,pending,retain; inspect current reusable instructions before promotion
agon-extender,docs/tasks/SETUP-006/SETUP-006.4-wiring-design/README.md,task evidence/research,human and agent,docs/tasks/SETUP-006/SETUP-006.4-wiring-design,agon-extender,owning task/index; dated evidence,pending,retain; inspect current reusable instructions before promotion
agon-extender,docs/tasks/SETUP-006/SETUP-006.4-wiring-design/electrical-requirements.md,task evidence/research,human and agent,docs/tasks/SETUP-006/SETUP-006.4-wiring-design,agon-extender,owning task/index; dated evidence,pending,retain; inspect current reusable instructions before promotion
agon-extender,docs/tasks/SETUP-006/SETUP-006.4-wiring-design/gpio-ownership-and-passthrough-discussion.md,task evidence/research,human and agent,docs/tasks/SETUP-006/SETUP-006.4-wiring-design,agon-extender,owning task/index; dated evidence,pending,retain; inspect current reusable instructions before promotion
agon-extender,docs/tasks/TEMPLATE.md,task,human and agent,docs/tasks,agon-extender,retain source/provenance,pending,reconcile status with TODO/evidence; retain identity
agon-extender,docs/tasks/TRS-80-001.md,task,human and agent,docs/tasks,agon-extender,retain source/provenance,pending,reconcile status with TODO/evidence; retain identity
agon-extender,docs/tasks/TRS-80-001/trs-net-source-notes.md,task evidence/research,human and agent,docs/tasks/TRS-80-001,agon-extender,owning task/index; dated evidence,pending,retain; inspect current reusable instructions before promotion
agon-extender,docs/tasks/TRS-80-002.md,task,human and agent,docs/tasks,agon-extender,retain source/provenance,pending,reconcile status with TODO/evidence; retain identity
agon-extender,docs/tasks/TRS-80-002/COMMUNITY-GUIDE.md,task evidence/research,human and agent,docs/tasks/TRS-80-002,agon-extender,owning task/index; dated evidence,pending,retain; inspect current reusable instructions before promotion
agon-extender,docs/tasks/TRS-80-002/VALIDATION.md,task evidence/research,human and agent,docs/tasks/TRS-80-002,agon-extender,owning task/index; dated evidence,pending,retain; inspect current reusable instructions before promotion
agon-extender,docs/tasks/TRS-80-002/bin/README.md,task evidence/research,human and agent,docs/tasks/TRS-80-002/bin,agon-extender,owning task/index; dated evidence,pending,retain; inspect current reusable instructions before promotion
agon-extender,docs/tasks/TRS-80-002/sources/browser-demo-README.md,task evidence/research,human and agent,docs/tasks/TRS-80-002/sources,agon-extender,owning task/index; dated evidence,pending,retain; inspect current reusable instructions before promotion
agon-extender,docs/tasks/TRS-80-002/sources/sd-lab-README.md,task evidence/research,human and agent,docs/tasks/TRS-80-002/sources,agon-extender,owning task/index; dated evidence,pending,retain; inspect current reusable instructions before promotion
agon-extender,docs/tasks/TRS-80-002/sources/trs-net-probe-README.md,task evidence/research,human and agent,docs/tasks/TRS-80-002/sources,agon-extender,owning task/index; dated evidence,pending,retain; inspect current reusable instructions before promotion
agon-extender,docs/tasks/UPSTREAM-001.md,task,human and agent,docs/tasks,agon-extender,retain source/provenance,pending,reconcile status with TODO/evidence; retain identity
agon-extender,docs/testing/game-timing.md,maintained documentation,human and agent,docs/testing,agon-extender,docs/testing/game-timing.md,partial,scoped status/contracts inspected; remaining body/evidence not exhaustively reviewed
agon-extender,docs/versions/EXAMPLES.md,identity registry/policy,human and agent,docs/versions,agon-extender,docs/versions/EXAMPLES.md,pending,verify current/qualified distinction; preserve frozen identities
agon-extender,docs/versions/README.md,identity registry/policy,human and agent,docs/versions,agon-extender,docs/versions/README.md,pending,verify current/qualified distinction; preserve frozen identities
agon-extender,docs/versions/REVIEW.md,identity registry/policy,human and agent,docs/versions,agon-extender,docs/versions/REVIEW.md,pending,verify current/qualified distinction; preserve frozen identities
agon-extender,docs/versions/SCHEMA.md,identity registry/policy,human and agent,docs/versions,agon-extender,docs/versions/SCHEMA.md,pending,verify current/qualified distinction; preserve frozen identities
agon-extender,docs/versions/artifacts.yaml,identity registry/policy,human and agent,docs/versions,agon-extender,docs/versions/artifacts.yaml,pending,verify current/qualified distinction; preserve frozen identities
agon-extender,docs/versions/baselines/README.md,identity registry/policy,human and agent,docs/versions/baselines,agon-extender,docs/versions/baselines/README.md,pending,verify current/qualified distinction; preserve frozen identities
agon-extender,docs/versions/baselines/TEMPLATE.yaml,identity registry/policy,human and agent,docs/versions/baselines,agon-extender,docs/versions/baselines/TEMPLATE.yaml,pending,verify current/qualified distinction; preserve frozen identities
agon-extender,docs/versions/baselines/port-008-forward-r01.yaml,identity registry/policy,human and agent,docs/versions/baselines,agon-extender,docs/versions/baselines/port-008-forward-r01.yaml,pending,verify current/qualified distinction; preserve frozen identities
agon-extender,docs/versions/build-manifest.template.yaml,identity registry/policy,human and agent,docs/versions,agon-extender,docs/versions/build-manifest.template.yaml,pending,verify current/qualified distinction; preserve frozen identities
agon-extender,examples/key-query/README.md,maintained documentation,human and agent,examples/key-query,agon-extender,examples/key-query/README.md,pending,review body; retain until adjudicated
agon-extender,examples/keyboard-screen/README.md,maintained documentation,human and agent,examples/keyboard-screen,agon-extender,examples/keyboard-screen/README.md,pending,review body; retain until adjudicated
agon-extender,examples/network-hello/README.md,maintained documentation,human and agent,examples/network-hello,agon-extender,examples/network-hello/README.md,pending,review body; retain until adjudicated
agon-extender,examples/network-hello/requirements-speech.txt,maintained documentation,human and agent,examples/network-hello,agon-extender,examples/network-hello/requirements-speech.txt,pending,review body; retain until adjudicated
agon-extender,examples/remote-keyboard/README.md,maintained documentation,human and agent,examples/remote-keyboard,agon-extender,examples/remote-keyboard/README.md,pending,review body; retain until adjudicated
agon-extender,examples/road-matrix-probe/README.md,maintained documentation,human and agent,examples/road-matrix-probe,agon-extender,examples/road-matrix-probe/README.md,pending,review body; retain until adjudicated
agon-extender,examples/video-marker/README.md,maintained documentation,human and agent,examples/video-marker,agon-extender,examples/video-marker/README.md,pending,review body; retain until adjudicated
agon-extender,hardware/README.md,maintained documentation,human and agent,hardware,agon-extender,hardware/README.md,reviewed,B14: current architecture/applicability reviewed; frozen evidence and open design boundaries retained
agon-extender,hardware/assemblies/README.md,maintained documentation,human and agent,hardware/assemblies,agon-extender,hardware/assemblies/README.md,pending,review body; retain until adjudicated
agon-extender,hardware/assemblies/light2-extender-solderless-assembly-r01/README.md,maintained documentation,human and agent,hardware/assemblies/light2-extender-solderless-assembly-r01,agon-extender,hardware/assemblies/light2-extender-solderless-assembly-r01/README.md,pending,review body; retain until adjudicated
agon-extender,hardware/assemblies/light2-extender-solderless-assembly-r02/README.md,maintained documentation,human and agent,hardware/assemblies/light2-extender-solderless-assembly-r02,agon-extender,hardware/assemblies/light2-extender-solderless-assembly-r02/README.md,pending,review body; retain until adjudicated
agon-extender,hardware/designs/light2-harness-r01/README.md,maintained documentation,human and agent,hardware/designs/light2-harness-r01,agon-extender,hardware/designs/light2-harness-r01/README.md,pending,review body; retain until adjudicated
agon-extender,hardware/designs/light2-harness-r01/legacy-evidence/carrier-breakout-design.md,maintained documentation,human and agent,hardware/designs/light2-harness-r01/legacy-evidence,agon-extender,hardware/designs/light2-harness-r01/legacy-evidence/carrier-breakout-design.md,pending,review body; retain until adjudicated
agon-extender,hardware/designs/light2-harness-r01/legacy-evidence/carrier-breakout-layout.svg,reference or diagram,human and agent,hardware/designs/light2-harness-r01/legacy-evidence,agon-extender,retain source/provenance,metadata-only,retain; verify provenance/current applicability through owning guide
agon-extender,hardware/designs/light2-harness-r01/legacy-evidence/esp32-p4-devkit-rev-d1-pinout.md,maintained documentation,human and agent,hardware/designs/light2-harness-r01/legacy-evidence,agon-extender,hardware/designs/light2-harness-r01/legacy-evidence/esp32-p4-devkit-rev-d1-pinout.md,pending,review body; retain until adjudicated
agon-extender,hardware/designs/light2-harness-r01/legacy-evidence/prx-06-results.md,maintained documentation,human and agent,hardware/designs/light2-harness-r01/legacy-evidence,agon-extender,hardware/designs/light2-harness-r01/legacy-evidence/prx-06-results.md,pending,review body; retain until adjudicated
agon-extender,hardware/designs/light2-harness-r01/legacy-evidence/rev-02-results.md,maintained documentation,human and agent,hardware/designs/light2-harness-r01/legacy-evidence,agon-extender,hardware/designs/light2-harness-r01/legacy-evidence/rev-02-results.md,pending,review body; retain until adjudicated
agon-extender,hardware/designs/light2-harness-r01/legacy-evidence/reverse-uart-driver.md,maintained documentation,human and agent,hardware/designs/light2-harness-r01/legacy-evidence,agon-extender,hardware/designs/light2-harness-r01/legacy-evidence/reverse-uart-driver.md,pending,review body; retain until adjudicated
agon-extender,hardware/designs/light2-harness-r01/legacy-evidence/u1-power-and-ground.svg,reference or diagram,human and agent,hardware/designs/light2-harness-r01/legacy-evidence,agon-extender,retain source/provenance,metadata-only,retain; verify provenance/current applicability through owning guide
agon-extender,hardware/designs/light2-harness-r01/legacy-evidence/wiring-diagram.svg,reference or diagram,human and agent,hardware/designs/light2-harness-r01/legacy-evidence,agon-extender,retain source/provenance,metadata-only,retain; verify provenance/current applicability through owning guide
agon-extender,hardware/designs/light2-harness-r02/BOM.md,maintained documentation,human and agent,hardware/designs/light2-harness-r02,agon-extender,hardware/designs/light2-harness-r02/BOM.md,pending,review body; retain until adjudicated
agon-extender,hardware/designs/light2-harness-r02/README.md,maintained documentation,human and agent,hardware/designs/light2-harness-r02,agon-extender,hardware/designs/light2-harness-r02/README.md,pending,review body; retain until adjudicated
agon-extender,hardware/designs/light2-harness-r02/schematic.kicad_sch,reference or diagram,human and agent,hardware/designs/light2-harness-r02,agon-extender,retain source/provenance,metadata-only,retain; verify provenance/current applicability through owning guide
agon-extender,hardware/designs/light2-harness-r02/schematic.svg,reference or diagram,human and agent,hardware/designs/light2-harness-r02,agon-extender,retain source/provenance,metadata-only,retain; verify provenance/current applicability through owning guide
agon-extender,hardware/designs/light2-harness-r02/signal-views/README.md,maintained documentation,human and agent,hardware/designs/light2-harness-r02/signal-views,agon-extender,hardware/designs/light2-harness-r02/signal-views/README.md,pending,review body; retain until adjudicated
agon-extender,hardware/designs/light2-harness-r02/signal-views/generated/01_schematic_power-domains.kicad_sch,reference or diagram,human and agent,hardware/designs/light2-harness-r02/signal-views/generated,agon-extender,retain source/provenance,metadata-only,retain; verify provenance/current applicability through owning guide
agon-extender,hardware/designs/light2-harness-r02/signal-views/generated/01_schematic_power-domains.svg,reference or diagram,human and agent,hardware/designs/light2-harness-r02/signal-views/generated,agon-extender,retain source/provenance,metadata-only,retain; verify provenance/current applicability through owning guide
agon-extender,hardware/designs/light2-harness-r02/signal-views/generated/02_schematic_startup-and-fail-safe-bias-network.kicad_sch,reference or diagram,human and agent,hardware/designs/light2-harness-r02/signal-views/generated,agon-extender,retain source/provenance,metadata-only,retain; verify provenance/current applicability through owning guide
agon-extender,hardware/designs/light2-harness-r02/signal-views/generated/02_schematic_startup-and-fail-safe-bias-network.svg,reference or diagram,human and agent,hardware/designs/light2-harness-r02/signal-views/generated,agon-extender,retain source/provenance,metadata-only,retain; verify provenance/current applicability through owning guide
agon-extender,hardware/designs/light2-harness-r02/signal-views/generated/03_schematic_uart-forward-enable.kicad_sch,reference or diagram,human and agent,hardware/designs/light2-harness-r02/signal-views/generated,agon-extender,retain source/provenance,metadata-only,retain; verify provenance/current applicability through owning guide
agon-extender,hardware/designs/light2-harness-r02/signal-views/generated/03_schematic_uart-forward-enable.svg,reference or diagram,human and agent,hardware/designs/light2-harness-r02/signal-views/generated,agon-extender,retain source/provenance,metadata-only,retain; verify provenance/current applicability through owning guide
agon-extender,hardware/designs/light2-harness-r02/signal-views/generated/04_schematic_d0-uart-rx-lane.kicad_sch,reference or diagram,human and agent,hardware/designs/light2-harness-r02/signal-views/generated,agon-extender,retain source/provenance,metadata-only,retain; verify provenance/current applicability through owning guide
agon-extender,hardware/designs/light2-harness-r02/signal-views/generated/04_schematic_d0-uart-rx-lane.svg,reference or diagram,human and agent,hardware/designs/light2-harness-r02/signal-views/generated,agon-extender,retain source/provenance,metadata-only,retain; verify provenance/current applicability through owning guide
agon-extender,hardware/designs/light2-harness-r02/signal-views/generated/05_schematic_d2-uart-cts-lane.kicad_sch,reference or diagram,human and agent,hardware/designs/light2-harness-r02/signal-views/generated,agon-extender,retain source/provenance,metadata-only,retain; verify provenance/current applicability through owning guide
agon-extender,hardware/designs/light2-harness-r02/signal-views/generated/05_schematic_d2-uart-cts-lane.svg,reference or diagram,human and agent,hardware/designs/light2-harness-r02/signal-views/generated,agon-extender,retain source/provenance,metadata-only,retain; verify provenance/current applicability through owning guide
agon-extender,hardware/designs/light2-harness-r02/signal-views/generated/06_schematic_uart-return-enable.kicad_sch,reference or diagram,human and agent,hardware/designs/light2-harness-r02/signal-views/generated,agon-extender,retain source/provenance,metadata-only,retain; verify provenance/current applicability through owning guide
agon-extender,hardware/designs/light2-harness-r02/signal-views/generated/06_schematic_uart-return-enable.svg,reference or diagram,human and agent,hardware/designs/light2-harness-r02/signal-views/generated,agon-extender,retain source/provenance,metadata-only,retain; verify provenance/current applicability through owning guide
agon-extender,hardware/designs/light2-harness-r02/signal-views/generated/07_schematic_d1-uart-tx-lane.kicad_sch,reference or diagram,human and agent,hardware/designs/light2-harness-r02/signal-views/generated,agon-extender,retain source/provenance,metadata-only,retain; verify provenance/current applicability through owning guide
agon-extender,hardware/designs/light2-harness-r02/signal-views/generated/07_schematic_d1-uart-tx-lane.svg,reference or diagram,human and agent,hardware/designs/light2-harness-r02/signal-views/generated,agon-extender,retain source/provenance,metadata-only,retain; verify provenance/current applicability through owning guide
agon-extender,hardware/designs/light2-harness-r02/signal-views/generated/08_schematic_d3-uart-rts-lane.kicad_sch,reference or diagram,human and agent,hardware/designs/light2-harness-r02/signal-views/generated,agon-extender,retain source/provenance,metadata-only,retain; verify provenance/current applicability through owning guide
agon-extender,hardware/designs/light2-harness-r02/signal-views/generated/08_schematic_d3-uart-rts-lane.svg,reference or diagram,human and agent,hardware/designs/light2-harness-r02/signal-views/generated,agon-extender,retain source/provenance,metadata-only,retain; verify provenance/current applicability through owning guide
agon-extender,hardware/designs/light2-harness-r02/signal-views/generated/09_schematic_parallel-forward-enable.kicad_sch,reference or diagram,human and agent,hardware/designs/light2-harness-r02/signal-views/generated,agon-extender,retain source/provenance,metadata-only,retain; verify provenance/current applicability through owning guide
agon-extender,hardware/designs/light2-harness-r02/signal-views/generated/09_schematic_parallel-forward-enable.svg,reference or diagram,human and agent,hardware/designs/light2-harness-r02/signal-views/generated,agon-extender,retain source/provenance,metadata-only,retain; verify provenance/current applicability through owning guide
agon-extender,hardware/designs/light2-harness-r02/signal-views/generated/10_schematic_d4-lane.kicad_sch,reference or diagram,human and agent,hardware/designs/light2-harness-r02/signal-views/generated,agon-extender,retain source/provenance,metadata-only,retain; verify provenance/current applicability through owning guide
agon-extender,hardware/designs/light2-harness-r02/signal-views/generated/10_schematic_d4-lane.svg,reference or diagram,human and agent,hardware/designs/light2-harness-r02/signal-views/generated,agon-extender,retain source/provenance,metadata-only,retain; verify provenance/current applicability through owning guide
agon-extender,hardware/designs/light2-harness-r02/signal-views/generated/11_schematic_d5-lane.kicad_sch,reference or diagram,human and agent,hardware/designs/light2-harness-r02/signal-views/generated,agon-extender,retain source/provenance,metadata-only,retain; verify provenance/current applicability through owning guide
agon-extender,hardware/designs/light2-harness-r02/signal-views/generated/11_schematic_d5-lane.svg,reference or diagram,human and agent,hardware/designs/light2-harness-r02/signal-views/generated,agon-extender,retain source/provenance,metadata-only,retain; verify provenance/current applicability through owning guide
agon-extender,hardware/designs/light2-harness-r02/signal-views/generated/12_schematic_d6-lane.kicad_sch,reference or diagram,human and agent,hardware/designs/light2-harness-r02/signal-views/generated,agon-extender,retain source/provenance,metadata-only,retain; verify provenance/current applicability through owning guide
agon-extender,hardware/designs/light2-harness-r02/signal-views/generated/12_schematic_d6-lane.svg,reference or diagram,human and agent,hardware/designs/light2-harness-r02/signal-views/generated,agon-extender,retain source/provenance,metadata-only,retain; verify provenance/current applicability through owning guide
agon-extender,hardware/designs/light2-harness-r02/signal-views/generated/13_schematic_d7-lane.kicad_sch,reference or diagram,human and agent,hardware/designs/light2-harness-r02/signal-views/generated,agon-extender,retain source/provenance,metadata-only,retain; verify provenance/current applicability through owning guide
agon-extender,hardware/designs/light2-harness-r02/signal-views/generated/13_schematic_d7-lane.svg,reference or diagram,human and agent,hardware/designs/light2-harness-r02/signal-views/generated,agon-extender,retain source/provenance,metadata-only,retain; verify provenance/current applicability through owning guide
agon-extender,hardware/designs/light2-harness-r02/signal-views/generated/14_schematic_clock.kicad_sch,reference or diagram,human and agent,hardware/designs/light2-harness-r02/signal-views/generated,agon-extender,retain source/provenance,metadata-only,retain; verify provenance/current applicability through owning guide
agon-extender,hardware/designs/light2-harness-r02/signal-views/generated/14_schematic_clock.svg,reference or diagram,human and agent,hardware/designs/light2-harness-r02/signal-views/generated,agon-extender,retain source/provenance,metadata-only,retain; verify provenance/current applicability through owning guide
agon-extender,hardware/designs/light2-harness-r02/signal-views/generated/15_schematic_valid-n.kicad_sch,reference or diagram,human and agent,hardware/designs/light2-harness-r02/signal-views/generated,agon-extender,retain source/provenance,metadata-only,retain; verify provenance/current applicability through owning guide
agon-extender,hardware/designs/light2-harness-r02/signal-views/generated/15_schematic_valid-n.svg,reference or diagram,human and agent,hardware/designs/light2-harness-r02/signal-views/generated,agon-extender,retain source/provenance,metadata-only,retain; verify provenance/current applicability through owning guide
agon-extender,hardware/designs/light2-harness-r02/signal-views/generated/16_schematic_ready-control.kicad_sch,reference or diagram,human and agent,hardware/designs/light2-harness-r02/signal-views/generated,agon-extender,retain source/provenance,metadata-only,retain; verify provenance/current applicability through owning guide
agon-extender,hardware/designs/light2-harness-r02/signal-views/generated/16_schematic_ready-control.svg,reference or diagram,human and agent,hardware/designs/light2-harness-r02/signal-views/generated,agon-extender,retain source/provenance,metadata-only,retain; verify provenance/current applicability through owning guide
agon-extender,hardware/designs/light2-harness-r02/signal-views/generated/17_schematic_ready-n.kicad_sch,reference or diagram,human and agent,hardware/designs/light2-harness-r02/signal-views/generated,agon-extender,retain source/provenance,metadata-only,retain; verify provenance/current applicability through owning guide
agon-extender,hardware/designs/light2-harness-r02/signal-views/generated/17_schematic_ready-n.svg,reference or diagram,human and agent,hardware/designs/light2-harness-r02/signal-views/generated,agon-extender,retain source/provenance,metadata-only,retain; verify provenance/current applicability through owning guide
agon-extender,hardware/designs/light2-harness-r02/wiring-order/01-power-foundation.md,maintained documentation,human and agent,hardware/designs/light2-harness-r02/wiring-order,agon-extender,hardware/designs/light2-harness-r02/wiring-order/01-power-foundation.md,pending,review body; retain until adjudicated
agon-extender,hardware/designs/light2-harness-r02/wiring-order/02-startup-and-fail-safe-bias-network.md,maintained documentation,human and agent,hardware/designs/light2-harness-r02/wiring-order,agon-extender,hardware/designs/light2-harness-r02/wiring-order/02-startup-and-fail-safe-bias-network.md,pending,review body; retain until adjudicated
agon-extender,hardware/designs/light2-harness-r02/wiring-order/03-onward-circuit-steps.md,maintained documentation,human and agent,hardware/designs/light2-harness-r02/wiring-order,agon-extender,hardware/designs/light2-harness-r02/wiring-order/03-onward-circuit-steps.md,pending,review body; retain until adjudicated
agon-extender,hardware/designs/light2-harness-r02/wiring-order/README.md,maintained documentation,human and agent,hardware/designs/light2-harness-r02/wiring-order,agon-extender,hardware/designs/light2-harness-r02/wiring-order/README.md,pending,review body; retain until adjudicated
agon-extender,hardware/designs/light2-harness-r02/wiring-order/connections.md,maintained documentation,human and agent,hardware/designs/light2-harness-r02/wiring-order,agon-extender,hardware/designs/light2-harness-r02/wiring-order/connections.md,pending,review body; retain until adjudicated
agon-extender,hardware/designs/light2-harness-r02/wiring-order/test-methods.md,maintained documentation,human and agent,hardware/designs/light2-harness-r02/wiring-order,agon-extender,hardware/designs/light2-harness-r02/wiring-order/test-methods.md,pending,review body; retain until adjudicated
agon-extender,hardware/designs/light2-harness-r02/wiring-order/tests/01-power-domains-results-2026-09-04.md,maintained documentation,human and agent,hardware/designs/light2-harness-r02/wiring-order/tests,agon-extender,hardware/designs/light2-harness-r02/wiring-order/tests/01-power-domains-results-2026-09-04.md,pending,review body; retain until adjudicated
agon-extender,hardware/designs/light2-harness-r02/wiring-order/tests/02-startup-and-fail-safe-bias-network.md,maintained documentation,human and agent,hardware/designs/light2-harness-r02/wiring-order/tests,agon-extender,hardware/designs/light2-harness-r02/wiring-order/tests/02-startup-and-fail-safe-bias-network.md,pending,review body; retain until adjudicated
agon-extender,hardware/designs/light2-harness-r02/wiring-order/tests/README.md,maintained documentation,human and agent,hardware/designs/light2-harness-r02/wiring-order/tests,agon-extender,hardware/designs/light2-harness-r02/wiring-order/tests/README.md,pending,review body; retain until adjudicated
agon-extender,hardware/designs/light2-harness-r02/wiring-order/tests/RESULT-TEMPLATE.md,maintained documentation,human and agent,hardware/designs/light2-harness-r02/wiring-order/tests,agon-extender,hardware/designs/light2-harness-r02/wiring-order/tests/RESULT-TEMPLATE.md,pending,review body; retain until adjudicated
agon-extender,hardware/designs/light2-harness-r03/README.md,maintained documentation,human and agent,hardware/designs/light2-harness-r03,agon-extender,hardware/designs/light2-harness-r03/README.md,reviewed,B14: current architecture/applicability reviewed; frozen evidence and open design boundaries retained
agon-extender,hardware/designs/light2-harness-r03/schematic.kicad_sch,reference or diagram,human and agent,hardware/designs/light2-harness-r03,agon-extender,retain source/provenance,metadata-only,retain; verify provenance/current applicability through owning guide
agon-extender,hardware/designs/light2-harness-r03/schematic.pdf,reference or diagram,human and agent,hardware/designs/light2-harness-r03,agon-extender,retain source/provenance,metadata-only,retain; verify provenance/current applicability through owning guide
agon-extender,hardware/designs/light2-harness-r03/schematic.svg,reference or diagram,human and agent,hardware/designs/light2-harness-r03,agon-extender,retain source/provenance,metadata-only,retain; verify provenance/current applicability through owning guide
agon-extender,hardware/designs/light2-harness-r03/tests/HW-002-2026-09-07-23-11-02Z.md,maintained documentation,human and agent,hardware/designs/light2-harness-r03/tests,agon-extender,hardware/designs/light2-harness-r03/tests/HW-002-2026-09-07-23-11-02Z.md,pending,review body; retain until adjudicated
agon-extender,hardware/designs/light2-harness-r03/tests/PORT-003-2026-09-10-06-03-17Z/README.md,maintained documentation,human and agent,hardware/designs/light2-harness-r03/tests/PORT-003-2026-09-10-06-03-17Z,agon-extender,hardware/designs/light2-harness-r03/tests/PORT-003-2026-09-10-06-03-17Z/README.md,pending,review body; retain until adjudicated
agon-extender,hardware/designs/light2-harness-r03/tests/PORT-003-2026-09-10-06-03-17Z/startup.txt,maintained documentation,human and agent,hardware/designs/light2-harness-r03/tests/PORT-003-2026-09-10-06-03-17Z,agon-extender,hardware/designs/light2-harness-r03/tests/PORT-003-2026-09-10-06-03-17Z/startup.txt,pending,review body; retain until adjudicated
agon-extender,hardware/designs/light2-harness-r03/tests/PORT-003-2026-09-10-06-13-32Z/README.md,maintained documentation,human and agent,hardware/designs/light2-harness-r03/tests/PORT-003-2026-09-10-06-13-32Z,agon-extender,hardware/designs/light2-harness-r03/tests/PORT-003-2026-09-10-06-13-32Z/README.md,pending,review body; retain until adjudicated
agon-extender,hardware/designs/light2-harness-r03/tests/PORT-003-2026-09-10-06-13-32Z/console-and-video.txt,maintained documentation,human and agent,hardware/designs/light2-harness-r03/tests/PORT-003-2026-09-10-06-13-32Z,agon-extender,hardware/designs/light2-harness-r03/tests/PORT-003-2026-09-10-06-13-32Z/console-and-video.txt,pending,review body; retain until adjudicated
agon-extender,hardware/designs/light2-harness-r03/tests/PORT-003-2026-09-10-06-32-58Z/README.md,maintained documentation,human and agent,hardware/designs/light2-harness-r03/tests/PORT-003-2026-09-10-06-32-58Z,agon-extender,hardware/designs/light2-harness-r03/tests/PORT-003-2026-09-10-06-32-58Z/README.md,pending,review body; retain until adjudicated
agon-extender,hardware/designs/light2-harness-r03/tests/PORT-003-2026-09-10-06-32-58Z/startup.txt,maintained documentation,human and agent,hardware/designs/light2-harness-r03/tests/PORT-003-2026-09-10-06-32-58Z,agon-extender,hardware/designs/light2-harness-r03/tests/PORT-003-2026-09-10-06-32-58Z/startup.txt,pending,review body; retain until adjudicated
agon-extender,hardware/designs/light2-harness-r03/tests/PORT-003-2026-09-10-06-33-58Z/README.md,maintained documentation,human and agent,hardware/designs/light2-harness-r03/tests/PORT-003-2026-09-10-06-33-58Z,agon-extender,hardware/designs/light2-harness-r03/tests/PORT-003-2026-09-10-06-33-58Z/README.md,pending,review body; retain until adjudicated
agon-extender,hardware/designs/light2-harness-r03/tests/PORT-003-2026-09-10-06-33-58Z/console-and-video.txt,maintained documentation,human and agent,hardware/designs/light2-harness-r03/tests/PORT-003-2026-09-10-06-33-58Z,agon-extender,hardware/designs/light2-harness-r03/tests/PORT-003-2026-09-10-06-33-58Z/console-and-video.txt,pending,review body; retain until adjudicated
agon-extender,hardware/designs/light2-harness-r03/tests/PORT-005-2026-09-09-03-10-57Z/README.md,maintained documentation,human and agent,hardware/designs/light2-harness-r03/tests/PORT-005-2026-09-09-03-10-57Z,agon-extender,hardware/designs/light2-harness-r03/tests/PORT-005-2026-09-09-03-10-57Z/README.md,pending,review body; retain until adjudicated
agon-extender,hardware/designs/light2-harness-r03/tests/PORT-005-2026-09-09-03-10-57Z/install-autoexec.txt,maintained documentation,human and agent,hardware/designs/light2-harness-r03/tests/PORT-005-2026-09-09-03-10-57Z,agon-extender,hardware/designs/light2-harness-r03/tests/PORT-005-2026-09-09-03-10-57Z/install-autoexec.txt,pending,review body; retain until adjudicated
agon-extender,hardware/designs/light2-harness-r03/tests/PORT-005-2026-09-09-03-19-20Z/README.md,maintained documentation,human and agent,hardware/designs/light2-harness-r03/tests/PORT-005-2026-09-09-03-19-20Z,agon-extender,hardware/designs/light2-harness-r03/tests/PORT-005-2026-09-09-03-19-20Z/README.md,pending,review body; retain until adjudicated
agon-extender,hardware/designs/light2-harness-r03/tests/PORT-005-2026-09-09-03-19-20Z/test-autoexec.txt,maintained documentation,human and agent,hardware/designs/light2-harness-r03/tests/PORT-005-2026-09-09-03-19-20Z,agon-extender,hardware/designs/light2-harness-r03/tests/PORT-005-2026-09-09-03-19-20Z/test-autoexec.txt,pending,review body; retain until adjudicated
agon-extender,hardware/designs/light2-harness-r03/tests/PORT-005-2026-09-09-03-22-37Z/README.md,maintained documentation,human and agent,hardware/designs/light2-harness-r03/tests/PORT-005-2026-09-09-03-22-37Z,agon-extender,hardware/designs/light2-harness-r03/tests/PORT-005-2026-09-09-03-22-37Z/README.md,pending,review body; retain until adjudicated
agon-extender,hardware/designs/light2-harness-r03/tests/PORT-005-2026-09-09-03-26-09Z/README.md,maintained documentation,human and agent,hardware/designs/light2-harness-r03/tests/PORT-005-2026-09-09-03-26-09Z,agon-extender,hardware/designs/light2-harness-r03/tests/PORT-005-2026-09-09-03-26-09Z/README.md,pending,review body; retain until adjudicated
agon-extender,hardware/designs/light2-harness-r03/tests/PORT-005-2026-09-09-03-26-09Z/serial-excerpt.txt,maintained documentation,human and agent,hardware/designs/light2-harness-r03/tests/PORT-005-2026-09-09-03-26-09Z,agon-extender,hardware/designs/light2-harness-r03/tests/PORT-005-2026-09-09-03-26-09Z/serial-excerpt.txt,pending,review body; retain until adjudicated
agon-extender,hardware/designs/light2-harness-r03/tests/PORT-005-2026-09-09-03-26-09Z/uart-decoder.txt,maintained documentation,human and agent,hardware/designs/light2-harness-r03/tests/PORT-005-2026-09-09-03-26-09Z,agon-extender,hardware/designs/light2-harness-r03/tests/PORT-005-2026-09-09-03-26-09Z/uart-decoder.txt,pending,review body; retain until adjudicated
agon-extender,hardware/designs/light2-harness-r03/tests/PORT-008-2026-09-10-01-36-43Z/README.md,maintained documentation,human and agent,hardware/designs/light2-harness-r03/tests/PORT-008-2026-09-10-01-36-43Z,agon-extender,hardware/designs/light2-harness-r03/tests/PORT-008-2026-09-10-01-36-43Z/README.md,pending,review body; retain until adjudicated
agon-extender,hardware/designs/light2-harness-r03/tests/PORT-008-2026-09-10-01-36-43Z/startup.txt,maintained documentation,human and agent,hardware/designs/light2-harness-r03/tests/PORT-008-2026-09-10-01-36-43Z,agon-extender,hardware/designs/light2-harness-r03/tests/PORT-008-2026-09-10-01-36-43Z/startup.txt,pending,review body; retain until adjudicated
agon-extender,hardware/designs/light2-harness-r03/tests/PORT-008-2026-09-10-01-41-43Z/README.md,maintained documentation,human and agent,hardware/designs/light2-harness-r03/tests/PORT-008-2026-09-10-01-41-43Z,agon-extender,hardware/designs/light2-harness-r03/tests/PORT-008-2026-09-10-01-41-43Z/README.md,pending,review body; retain until adjudicated
agon-extender,hardware/designs/light2-harness-r03/tests/PORT-008-2026-09-10-02-00-11Z/README.md,maintained documentation,human and agent,hardware/designs/light2-harness-r03/tests/PORT-008-2026-09-10-02-00-11Z,agon-extender,hardware/designs/light2-harness-r03/tests/PORT-008-2026-09-10-02-00-11Z/README.md,pending,review body; retain until adjudicated
agon-extender,hardware/designs/light2-harness-r03/tests/PORT-008-2026-09-10-02-00-11Z/startup.txt,maintained documentation,human and agent,hardware/designs/light2-harness-r03/tests/PORT-008-2026-09-10-02-00-11Z,agon-extender,hardware/designs/light2-harness-r03/tests/PORT-008-2026-09-10-02-00-11Z/startup.txt,pending,review body; retain until adjudicated
agon-extender,hardware/designs/light2-harness-r03/tests/PORT-008-2026-09-10-02-01-27Z/README.md,maintained documentation,human and agent,hardware/designs/light2-harness-r03/tests/PORT-008-2026-09-10-02-01-27Z,agon-extender,hardware/designs/light2-harness-r03/tests/PORT-008-2026-09-10-02-01-27Z/README.md,pending,review body; retain until adjudicated
agon-extender,hardware/designs/light2-harness-r03/tests/PORT-008-2026-09-10-02-01-27Z/crash.txt,maintained documentation,human and agent,hardware/designs/light2-harness-r03/tests/PORT-008-2026-09-10-02-01-27Z,agon-extender,hardware/designs/light2-harness-r03/tests/PORT-008-2026-09-10-02-01-27Z/crash.txt,pending,review body; retain until adjudicated
agon-extender,hardware/designs/light2-harness-r03/tests/PORT-008-2026-09-10-02-01-27Z/decoded.txt,maintained documentation,human and agent,hardware/designs/light2-harness-r03/tests/PORT-008-2026-09-10-02-01-27Z,agon-extender,hardware/designs/light2-harness-r03/tests/PORT-008-2026-09-10-02-01-27Z/decoded.txt,pending,review body; retain until adjudicated
agon-extender,hardware/designs/light2-harness-r03/tests/PORT-008-2026-09-10-02-22-12Z/README.md,maintained documentation,human and agent,hardware/designs/light2-harness-r03/tests/PORT-008-2026-09-10-02-22-12Z,agon-extender,hardware/designs/light2-harness-r03/tests/PORT-008-2026-09-10-02-22-12Z/README.md,pending,review body; retain until adjudicated
agon-extender,hardware/designs/light2-harness-r03/tests/PORT-008-2026-09-10-02-22-12Z/startup.txt,maintained documentation,human and agent,hardware/designs/light2-harness-r03/tests/PORT-008-2026-09-10-02-22-12Z,agon-extender,hardware/designs/light2-harness-r03/tests/PORT-008-2026-09-10-02-22-12Z/startup.txt,pending,review body; retain until adjudicated
agon-extender,hardware/designs/light2-harness-r03/tests/PORT-008-2026-09-10-02-22-54Z/README.md,maintained documentation,human and agent,hardware/designs/light2-harness-r03/tests/PORT-008-2026-09-10-02-22-54Z,agon-extender,hardware/designs/light2-harness-r03/tests/PORT-008-2026-09-10-02-22-54Z/README.md,pending,review body; retain until adjudicated
agon-extender,hardware/designs/light2-harness-r03/tests/PORT-008-2026-09-10-02-22-54Z/observations.txt,maintained documentation,human and agent,hardware/designs/light2-harness-r03/tests/PORT-008-2026-09-10-02-22-54Z,agon-extender,hardware/designs/light2-harness-r03/tests/PORT-008-2026-09-10-02-22-54Z/observations.txt,pending,review body; retain until adjudicated
agon-extender,hardware/designs/light2-harness-r03/tests/PORT-009-2026-09-08-02-37-48Z/README.md,maintained documentation,human and agent,hardware/designs/light2-harness-r03/tests/PORT-009-2026-09-08-02-37-48Z,agon-extender,hardware/designs/light2-harness-r03/tests/PORT-009-2026-09-08-02-37-48Z/README.md,pending,review body; retain until adjudicated
agon-extender,hardware/designs/light2-harness-r03/tests/PORT-009-2026-09-08-02-59-01Z/README.md,maintained documentation,human and agent,hardware/designs/light2-harness-r03/tests/PORT-009-2026-09-08-02-59-01Z,agon-extender,hardware/designs/light2-harness-r03/tests/PORT-009-2026-09-08-02-59-01Z/README.md,pending,review body; retain until adjudicated
agon-extender,hardware/designs/light2-harness-r03/tests/PORT-010-2026-09-08-04-07-39Z/README.md,maintained documentation,human and agent,hardware/designs/light2-harness-r03/tests/PORT-010-2026-09-08-04-07-39Z,agon-extender,hardware/designs/light2-harness-r03/tests/PORT-010-2026-09-08-04-07-39Z/README.md,pending,review body; retain until adjudicated
agon-extender,hardware/designs/light2-harness-r03/tests/PORT-010-2026-09-08-04-07-39Z/install-autoexec.txt,maintained documentation,human and agent,hardware/designs/light2-harness-r03/tests/PORT-010-2026-09-08-04-07-39Z,agon-extender,hardware/designs/light2-harness-r03/tests/PORT-010-2026-09-08-04-07-39Z/install-autoexec.txt,pending,review body; retain until adjudicated
agon-extender,hardware/designs/light2-harness-r03/tests/PORT-010-2026-09-08-04-07-39Z/test-autoexec.txt,maintained documentation,human and agent,hardware/designs/light2-harness-r03/tests/PORT-010-2026-09-08-04-07-39Z,agon-extender,hardware/designs/light2-harness-r03/tests/PORT-010-2026-09-08-04-07-39Z/test-autoexec.txt,pending,review body; retain until adjudicated
agon-extender,hardware/designs/light2-harness-r03/tests/PORT-010-2026-09-08-04-35-25Z/README.md,maintained documentation,human and agent,hardware/designs/light2-harness-r03/tests/PORT-010-2026-09-08-04-35-25Z,agon-extender,hardware/designs/light2-harness-r03/tests/PORT-010-2026-09-08-04-35-25Z/README.md,pending,review body; retain until adjudicated
agon-extender,hardware/designs/light2-harness-r03/tests/PORT-010-2026-09-08-04-35-25Z/boot.txt,maintained documentation,human and agent,hardware/designs/light2-harness-r03/tests/PORT-010-2026-09-08-04-35-25Z,agon-extender,hardware/designs/light2-harness-r03/tests/PORT-010-2026-09-08-04-35-25Z/boot.txt,pending,review body; retain until adjudicated
agon-extender,hardware/designs/light2-harness-r03/tests/PORT-010-2026-09-08-04-39-39Z/README.md,maintained documentation,human and agent,hardware/designs/light2-harness-r03/tests/PORT-010-2026-09-08-04-39-39Z,agon-extender,hardware/designs/light2-harness-r03/tests/PORT-010-2026-09-08-04-39-39Z/README.md,pending,review body; retain until adjudicated
agon-extender,hardware/designs/light2-harness-r03/tests/PORT-010-2026-09-08-04-39-39Z/serial.txt,maintained documentation,human and agent,hardware/designs/light2-harness-r03/tests/PORT-010-2026-09-08-04-39-39Z,agon-extender,hardware/designs/light2-harness-r03/tests/PORT-010-2026-09-08-04-39-39Z/serial.txt,pending,review body; retain until adjudicated
agon-extender,hardware/designs/light2-harness-r03/tests/PORT-011-2026-09-08-05-54-22Z/README.md,maintained documentation,human and agent,hardware/designs/light2-harness-r03/tests/PORT-011-2026-09-08-05-54-22Z,agon-extender,hardware/designs/light2-harness-r03/tests/PORT-011-2026-09-08-05-54-22Z/README.md,pending,review body; retain until adjudicated
agon-extender,hardware/designs/light2-harness-r03/tests/PORT-011-2026-09-08-05-54-22Z/boot.txt,maintained documentation,human and agent,hardware/designs/light2-harness-r03/tests/PORT-011-2026-09-08-05-54-22Z,agon-extender,hardware/designs/light2-harness-r03/tests/PORT-011-2026-09-08-05-54-22Z/boot.txt,pending,review body; retain until adjudicated
agon-extender,hardware/designs/light2-harness-r03/tests/PORT-011-2026-09-08-05-55-02Z/README.md,maintained documentation,human and agent,hardware/designs/light2-harness-r03/tests/PORT-011-2026-09-08-05-55-02Z,agon-extender,hardware/designs/light2-harness-r03/tests/PORT-011-2026-09-08-05-55-02Z/README.md,pending,review body; retain until adjudicated
agon-extender,hardware/designs/light2-harness-r03/tests/PORT-011-2026-09-08-05-55-02Z/install-autoexec.txt,maintained documentation,human and agent,hardware/designs/light2-harness-r03/tests/PORT-011-2026-09-08-05-55-02Z,agon-extender,hardware/designs/light2-harness-r03/tests/PORT-011-2026-09-08-05-55-02Z/install-autoexec.txt,pending,review body; retain until adjudicated
agon-extender,hardware/designs/light2-harness-r03/tests/PORT-011-2026-09-08-05-55-02Z/test-autoexec.txt,maintained documentation,human and agent,hardware/designs/light2-harness-r03/tests/PORT-011-2026-09-08-05-55-02Z,agon-extender,hardware/designs/light2-harness-r03/tests/PORT-011-2026-09-08-05-55-02Z/test-autoexec.txt,pending,review body; retain until adjudicated
agon-extender,hardware/designs/light2-harness-r03/tests/PORT-011-2026-09-08-06-05-31Z/README.md,maintained documentation,human and agent,hardware/designs/light2-harness-r03/tests/PORT-011-2026-09-08-06-05-31Z,agon-extender,hardware/designs/light2-harness-r03/tests/PORT-011-2026-09-08-06-05-31Z/README.md,pending,review body; retain until adjudicated
agon-extender,hardware/designs/light2-harness-r03/tests/PORT-011-2026-09-08-06-05-31Z/timeout-excerpt.txt,maintained documentation,human and agent,hardware/designs/light2-harness-r03/tests/PORT-011-2026-09-08-06-05-31Z,agon-extender,hardware/designs/light2-harness-r03/tests/PORT-011-2026-09-08-06-05-31Z/timeout-excerpt.txt,pending,review body; retain until adjudicated
agon-extender,hardware/designs/light2-harness-r03/tests/PORT-011-2026-09-08-06-05-59Z/README.md,maintained documentation,human and agent,hardware/designs/light2-harness-r03/tests/PORT-011-2026-09-08-06-05-59Z,agon-extender,hardware/designs/light2-harness-r03/tests/PORT-011-2026-09-08-06-05-59Z/README.md,pending,review body; retain until adjudicated
agon-extender,hardware/designs/light2-harness-r03/tests/PORT-011-2026-09-08-06-05-59Z/autoexec.txt,maintained documentation,human and agent,hardware/designs/light2-harness-r03/tests/PORT-011-2026-09-08-06-05-59Z,agon-extender,hardware/designs/light2-harness-r03/tests/PORT-011-2026-09-08-06-05-59Z/autoexec.txt,pending,review body; retain until adjudicated
agon-extender,hardware/designs/light2-harness-r03/tests/PORT-011-2026-09-08-06-12-01Z/README.md,maintained documentation,human and agent,hardware/designs/light2-harness-r03/tests/PORT-011-2026-09-08-06-12-01Z,agon-extender,hardware/designs/light2-harness-r03/tests/PORT-011-2026-09-08-06-12-01Z/README.md,pending,review body; retain until adjudicated
agon-extender,hardware/designs/light2-harness-r03/tests/PORT-011-2026-09-08-06-12-01Z/timeout-excerpt.txt,maintained documentation,human and agent,hardware/designs/light2-harness-r03/tests/PORT-011-2026-09-08-06-12-01Z,agon-extender,hardware/designs/light2-harness-r03/tests/PORT-011-2026-09-08-06-12-01Z/timeout-excerpt.txt,pending,review body; retain until adjudicated
agon-extender,hardware/designs/light2-harness-r03/tests/PORT-011-2026-09-08-16-16-36Z/README.md,maintained documentation,human and agent,hardware/designs/light2-harness-r03/tests/PORT-011-2026-09-08-16-16-36Z,agon-extender,hardware/designs/light2-harness-r03/tests/PORT-011-2026-09-08-16-16-36Z/README.md,pending,review body; retain until adjudicated
agon-extender,hardware/designs/light2-harness-r03/tests/PORT-011-2026-09-08-16-16-36Z/acquisition-end.txt,maintained documentation,human and agent,hardware/designs/light2-harness-r03/tests/PORT-011-2026-09-08-16-16-36Z,agon-extender,hardware/designs/light2-harness-r03/tests/PORT-011-2026-09-08-16-16-36Z/acquisition-end.txt,pending,review body; retain until adjudicated
agon-extender,hardware/designs/light2-harness-r03/tests/PORT-011-2026-09-08-16-16-36Z/capture-tools.txt,maintained documentation,human and agent,hardware/designs/light2-harness-r03/tests/PORT-011-2026-09-08-16-16-36Z,agon-extender,hardware/designs/light2-harness-r03/tests/PORT-011-2026-09-08-16-16-36Z/capture-tools.txt,pending,review body; retain until adjudicated
agon-extender,hardware/designs/light2-harness-r03/tests/PORT-011-2026-09-08-16-16-36Z/decoder-tools.txt,maintained documentation,human and agent,hardware/designs/light2-harness-r03/tests/PORT-011-2026-09-08-16-16-36Z,agon-extender,hardware/designs/light2-harness-r03/tests/PORT-011-2026-09-08-16-16-36Z/decoder-tools.txt,pending,review body; retain until adjudicated
agon-extender,hardware/designs/light2-harness-r03/tests/PORT-011-2026-09-08-16-16-36Z/serial.txt,maintained documentation,human and agent,hardware/designs/light2-harness-r03/tests/PORT-011-2026-09-08-16-16-36Z,agon-extender,hardware/designs/light2-harness-r03/tests/PORT-011-2026-09-08-16-16-36Z/serial.txt,pending,review body; retain until adjudicated
agon-extender,hardware/designs/light2-harness-r03/tests/PORT-011-2026-09-08-16-16-36Z/uart-decoder.txt,maintained documentation,human and agent,hardware/designs/light2-harness-r03/tests/PORT-011-2026-09-08-16-16-36Z,agon-extender,hardware/designs/light2-harness-r03/tests/PORT-011-2026-09-08-16-16-36Z/uart-decoder.txt,pending,review body; retain until adjudicated
agon-extender,hardware/designs/light2-harness-r03/tests/PORT-012-2026-09-08-17-12-29Z/README.md,maintained documentation,human and agent,hardware/designs/light2-harness-r03/tests/PORT-012-2026-09-08-17-12-29Z,agon-extender,hardware/designs/light2-harness-r03/tests/PORT-012-2026-09-08-17-12-29Z/README.md,pending,review body; retain until adjudicated
agon-extender,hardware/designs/light2-harness-r03/tests/PORT-012-2026-09-08-17-12-29Z/install-autoexec.txt,maintained documentation,human and agent,hardware/designs/light2-harness-r03/tests/PORT-012-2026-09-08-17-12-29Z,agon-extender,hardware/designs/light2-harness-r03/tests/PORT-012-2026-09-08-17-12-29Z/install-autoexec.txt,pending,review body; retain until adjudicated
agon-extender,hardware/designs/light2-harness-r03/tests/PORT-012-2026-09-08-17-15-31Z/README.md,maintained documentation,human and agent,hardware/designs/light2-harness-r03/tests/PORT-012-2026-09-08-17-15-31Z,agon-extender,hardware/designs/light2-harness-r03/tests/PORT-012-2026-09-08-17-15-31Z/README.md,pending,review body; retain until adjudicated
agon-extender,hardware/designs/light2-harness-r03/tests/PORT-012-2026-09-08-17-15-31Z/autoexec.txt,maintained documentation,human and agent,hardware/designs/light2-harness-r03/tests/PORT-012-2026-09-08-17-15-31Z,agon-extender,hardware/designs/light2-harness-r03/tests/PORT-012-2026-09-08-17-15-31Z/autoexec.txt,pending,review body; retain until adjudicated
agon-extender,hardware/designs/light2-harness-r03/tests/PORT-012-2026-09-08-17-16-35Z/README.md,maintained documentation,human and agent,hardware/designs/light2-harness-r03/tests/PORT-012-2026-09-08-17-16-35Z,agon-extender,hardware/designs/light2-harness-r03/tests/PORT-012-2026-09-08-17-16-35Z/README.md,pending,review body; retain until adjudicated
agon-extender,hardware/designs/light2-harness-r03/tests/PORT-012-2026-09-08-17-17-51Z/README.md,maintained documentation,human and agent,hardware/designs/light2-harness-r03/tests/PORT-012-2026-09-08-17-17-51Z,agon-extender,hardware/designs/light2-harness-r03/tests/PORT-012-2026-09-08-17-17-51Z/README.md,pending,review body; retain until adjudicated
agon-extender,hardware/designs/light2-harness-r03/tests/PORT-012-2026-09-08-17-17-51Z/capture-tools.txt,maintained documentation,human and agent,hardware/designs/light2-harness-r03/tests/PORT-012-2026-09-08-17-17-51Z,agon-extender,hardware/designs/light2-harness-r03/tests/PORT-012-2026-09-08-17-17-51Z/capture-tools.txt,pending,review body; retain until adjudicated
agon-extender,hardware/designs/light2-harness-r03/tests/PORT-012-2026-09-08-17-17-51Z/serial.txt,maintained documentation,human and agent,hardware/designs/light2-harness-r03/tests/PORT-012-2026-09-08-17-17-51Z,agon-extender,hardware/designs/light2-harness-r03/tests/PORT-012-2026-09-08-17-17-51Z/serial.txt,pending,review body; retain until adjudicated
agon-extender,hardware/designs/light2-harness-r03/tests/PORT-012-2026-09-08-17-17-51Z/uart-decoder.txt,maintained documentation,human and agent,hardware/designs/light2-harness-r03/tests/PORT-012-2026-09-08-17-17-51Z,agon-extender,hardware/designs/light2-harness-r03/tests/PORT-012-2026-09-08-17-17-51Z/uart-decoder.txt,pending,review body; retain until adjudicated
agon-extender,hardware/designs/light2-harness-r03/tests/PORT-013-2026-09-08-17-55-37Z/README.md,maintained documentation,human and agent,hardware/designs/light2-harness-r03/tests/PORT-013-2026-09-08-17-55-37Z,agon-extender,hardware/designs/light2-harness-r03/tests/PORT-013-2026-09-08-17-55-37Z/README.md,pending,review body; retain until adjudicated
agon-extender,hardware/designs/light2-harness-r03/tests/PORT-013-2026-09-08-17-55-37Z/install-autoexec.txt,maintained documentation,human and agent,hardware/designs/light2-harness-r03/tests/PORT-013-2026-09-08-17-55-37Z,agon-extender,hardware/designs/light2-harness-r03/tests/PORT-013-2026-09-08-17-55-37Z/install-autoexec.txt,pending,review body; retain until adjudicated
agon-extender,hardware/designs/light2-harness-r03/tests/PORT-013-2026-09-08-18-06-37Z/README.md,maintained documentation,human and agent,hardware/designs/light2-harness-r03/tests/PORT-013-2026-09-08-18-06-37Z,agon-extender,hardware/designs/light2-harness-r03/tests/PORT-013-2026-09-08-18-06-37Z/README.md,pending,review body; retain until adjudicated
agon-extender,hardware/designs/light2-harness-r03/tests/PORT-013-2026-09-08-18-06-37Z/test-autoexec.txt,maintained documentation,human and agent,hardware/designs/light2-harness-r03/tests/PORT-013-2026-09-08-18-06-37Z,agon-extender,hardware/designs/light2-harness-r03/tests/PORT-013-2026-09-08-18-06-37Z/test-autoexec.txt,pending,review body; retain until adjudicated
agon-extender,hardware/designs/light2-harness-r03/tests/PORT-013-2026-09-08-18-10-29Z/README.md,maintained documentation,human and agent,hardware/designs/light2-harness-r03/tests/PORT-013-2026-09-08-18-10-29Z,agon-extender,hardware/designs/light2-harness-r03/tests/PORT-013-2026-09-08-18-10-29Z/README.md,pending,review body; retain until adjudicated
agon-extender,hardware/designs/light2-harness-r03/tests/PORT-013-2026-09-08-18-10-29Z/startup-excerpt.txt,maintained documentation,human and agent,hardware/designs/light2-harness-r03/tests/PORT-013-2026-09-08-18-10-29Z,agon-extender,hardware/designs/light2-harness-r03/tests/PORT-013-2026-09-08-18-10-29Z/startup-excerpt.txt,pending,review body; retain until adjudicated
agon-extender,hardware/designs/light2-harness-r03/tests/PORT-013-2026-09-08-18-20-21Z/README.md,maintained documentation,human and agent,hardware/designs/light2-harness-r03/tests/PORT-013-2026-09-08-18-20-21Z,agon-extender,hardware/designs/light2-harness-r03/tests/PORT-013-2026-09-08-18-20-21Z/README.md,pending,review body; retain until adjudicated
agon-extender,hardware/designs/light2-harness-r03/tests/PORT-013-2026-09-08-18-20-21Z/analyzer-excerpt.txt,maintained documentation,human and agent,hardware/designs/light2-harness-r03/tests/PORT-013-2026-09-08-18-20-21Z,agon-extender,hardware/designs/light2-harness-r03/tests/PORT-013-2026-09-08-18-20-21Z/analyzer-excerpt.txt,pending,review body; retain until adjudicated
agon-extender,hardware/designs/light2-harness-r03/tests/PORT-013-2026-09-08-18-20-21Z/forward-decode.txt,maintained documentation,human and agent,hardware/designs/light2-harness-r03/tests/PORT-013-2026-09-08-18-20-21Z,agon-extender,hardware/designs/light2-harness-r03/tests/PORT-013-2026-09-08-18-20-21Z/forward-decode.txt,pending,review body; retain until adjudicated
agon-extender,hardware/designs/light2-harness-r03/tests/PORT-013-2026-09-08-18-20-21Z/return-decode.txt,maintained documentation,human and agent,hardware/designs/light2-harness-r03/tests/PORT-013-2026-09-08-18-20-21Z,agon-extender,hardware/designs/light2-harness-r03/tests/PORT-013-2026-09-08-18-20-21Z/return-decode.txt,pending,review body; retain until adjudicated
agon-extender,hardware/designs/light2-harness-r03/tests/PORT-013-2026-09-08-18-20-21Z/serial-excerpt.txt,maintained documentation,human and agent,hardware/designs/light2-harness-r03/tests/PORT-013-2026-09-08-18-20-21Z,agon-extender,hardware/designs/light2-harness-r03/tests/PORT-013-2026-09-08-18-20-21Z/serial-excerpt.txt,pending,review body; retain until adjudicated
agon-extender,hardware/designs/light2-harness-r03/tests/PORT-014-2026-09-08-19-28-52Z/README.md,maintained documentation,human and agent,hardware/designs/light2-harness-r03/tests/PORT-014-2026-09-08-19-28-52Z,agon-extender,hardware/designs/light2-harness-r03/tests/PORT-014-2026-09-08-19-28-52Z/README.md,pending,review body; retain until adjudicated
agon-extender,hardware/designs/light2-harness-r03/tests/PORT-014-2026-09-08-19-28-52Z/install-autoexec.txt,maintained documentation,human and agent,hardware/designs/light2-harness-r03/tests/PORT-014-2026-09-08-19-28-52Z,agon-extender,hardware/designs/light2-harness-r03/tests/PORT-014-2026-09-08-19-28-52Z/install-autoexec.txt,pending,review body; retain until adjudicated
agon-extender,hardware/designs/light2-harness-r03/tests/PORT-014-2026-09-08-19-32-11Z/README.md,maintained documentation,human and agent,hardware/designs/light2-harness-r03/tests/PORT-014-2026-09-08-19-32-11Z,agon-extender,hardware/designs/light2-harness-r03/tests/PORT-014-2026-09-08-19-32-11Z/README.md,pending,review body; retain until adjudicated
agon-extender,hardware/designs/light2-harness-r03/tests/PORT-014-2026-09-08-19-32-11Z/autoexec.txt,maintained documentation,human and agent,hardware/designs/light2-harness-r03/tests/PORT-014-2026-09-08-19-32-11Z,agon-extender,hardware/designs/light2-harness-r03/tests/PORT-014-2026-09-08-19-32-11Z/autoexec.txt,pending,review body; retain until adjudicated
agon-extender,hardware/designs/light2-harness-r03/tests/PORT-014-2026-09-08-19-34-11Z/README.md,maintained documentation,human and agent,hardware/designs/light2-harness-r03/tests/PORT-014-2026-09-08-19-34-11Z,agon-extender,hardware/designs/light2-harness-r03/tests/PORT-014-2026-09-08-19-34-11Z/README.md,pending,review body; retain until adjudicated
agon-extender,hardware/designs/light2-harness-r03/tests/PORT-014-2026-09-08-19-36-36Z/README.md,maintained documentation,human and agent,hardware/designs/light2-harness-r03/tests/PORT-014-2026-09-08-19-36-36Z,agon-extender,hardware/designs/light2-harness-r03/tests/PORT-014-2026-09-08-19-36-36Z/README.md,pending,review body; retain until adjudicated
agon-extender,hardware/designs/light2-harness-r03/tests/PORT-014-2026-09-08-19-36-36Z/serial-excerpt.txt,maintained documentation,human and agent,hardware/designs/light2-harness-r03/tests/PORT-014-2026-09-08-19-36-36Z,agon-extender,hardware/designs/light2-harness-r03/tests/PORT-014-2026-09-08-19-36-36Z/serial-excerpt.txt,pending,review body; retain until adjudicated
agon-extender,hardware/designs/light2-harness-r03/tests/PORT-014-2026-09-08-19-50-29Z/README.md,maintained documentation,human and agent,hardware/designs/light2-harness-r03/tests/PORT-014-2026-09-08-19-50-29Z,agon-extender,hardware/designs/light2-harness-r03/tests/PORT-014-2026-09-08-19-50-29Z/README.md,pending,review body; retain until adjudicated
agon-extender,hardware/designs/light2-harness-r03/tests/PORT-014-2026-09-08-19-52-44Z/README.md,maintained documentation,human and agent,hardware/designs/light2-harness-r03/tests/PORT-014-2026-09-08-19-52-44Z,agon-extender,hardware/designs/light2-harness-r03/tests/PORT-014-2026-09-08-19-52-44Z/README.md,pending,review body; retain until adjudicated
agon-extender,hardware/designs/light2-harness-r03/tests/PORT-014-2026-09-08-19-52-44Z/serial-excerpt.txt,maintained documentation,human and agent,hardware/designs/light2-harness-r03/tests/PORT-014-2026-09-08-19-52-44Z,agon-extender,hardware/designs/light2-harness-r03/tests/PORT-014-2026-09-08-19-52-44Z/serial-excerpt.txt,pending,review body; retain until adjudicated
agon-extender,hardware/designs/light2-harness-r03/tests/PORT-014-2026-09-08-20-57-20Z/README.md,maintained documentation,human and agent,hardware/designs/light2-harness-r03/tests/PORT-014-2026-09-08-20-57-20Z,agon-extender,hardware/designs/light2-harness-r03/tests/PORT-014-2026-09-08-20-57-20Z/README.md,pending,review body; retain until adjudicated
agon-extender,hardware/designs/light2-harness-r03/tests/PORT-014-2026-09-08-20-57-20Z/install-autoexec.txt,maintained documentation,human and agent,hardware/designs/light2-harness-r03/tests/PORT-014-2026-09-08-20-57-20Z,agon-extender,hardware/designs/light2-harness-r03/tests/PORT-014-2026-09-08-20-57-20Z/install-autoexec.txt,pending,review body; retain until adjudicated
agon-extender,hardware/designs/light2-harness-r03/tests/PORT-014-2026-09-08-20-57-20Z/test-autoexec.txt,maintained documentation,human and agent,hardware/designs/light2-harness-r03/tests/PORT-014-2026-09-08-20-57-20Z,agon-extender,hardware/designs/light2-harness-r03/tests/PORT-014-2026-09-08-20-57-20Z/test-autoexec.txt,pending,review body; retain until adjudicated
agon-extender,hardware/designs/light2-harness-r03/tests/PORT-014-2026-09-08-21-03-54Z/README.md,maintained documentation,human and agent,hardware/designs/light2-harness-r03/tests/PORT-014-2026-09-08-21-03-54Z,agon-extender,hardware/designs/light2-harness-r03/tests/PORT-014-2026-09-08-21-03-54Z/README.md,pending,review body; retain until adjudicated
agon-extender,hardware/designs/light2-harness-r03/tests/PORT-014-2026-09-08-21-03-54Z/test-autoexec.txt,maintained documentation,human and agent,hardware/designs/light2-harness-r03/tests/PORT-014-2026-09-08-21-03-54Z,agon-extender,hardware/designs/light2-harness-r03/tests/PORT-014-2026-09-08-21-03-54Z/test-autoexec.txt,pending,review body; retain until adjudicated
agon-extender,hardware/designs/light2-harness-r03/tests/PORT-014-2026-09-08-21-17-51Z/README.md,maintained documentation,human and agent,hardware/designs/light2-harness-r03/tests/PORT-014-2026-09-08-21-17-51Z,agon-extender,hardware/designs/light2-harness-r03/tests/PORT-014-2026-09-08-21-17-51Z/README.md,pending,review body; retain until adjudicated
agon-extender,hardware/designs/light2-harness-r03/tests/PORT-014-2026-09-08-21-22-24Z/README.md,maintained documentation,human and agent,hardware/designs/light2-harness-r03/tests/PORT-014-2026-09-08-21-22-24Z,agon-extender,hardware/designs/light2-harness-r03/tests/PORT-014-2026-09-08-21-22-24Z/README.md,pending,review body; retain until adjudicated
agon-extender,hardware/designs/light2-harness-r03/tests/PORT-014-2026-09-08-21-22-24Z/serial-excerpt.txt,maintained documentation,human and agent,hardware/designs/light2-harness-r03/tests/PORT-014-2026-09-08-21-22-24Z,agon-extender,hardware/designs/light2-harness-r03/tests/PORT-014-2026-09-08-21-22-24Z/serial-excerpt.txt,pending,review body; retain until adjudicated
agon-extender,hardware/designs/light2-harness-r03/tests/PORT-014-2026-09-08-21-22-24Z/uart-decoder.txt,maintained documentation,human and agent,hardware/designs/light2-harness-r03/tests/PORT-014-2026-09-08-21-22-24Z,agon-extender,hardware/designs/light2-harness-r03/tests/PORT-014-2026-09-08-21-22-24Z/uart-decoder.txt,pending,review body; retain until adjudicated
agon-extender,hardware/designs/light2-harness-r03/tests/PORT-015-2026-09-09-20-26-30Z/README.md,maintained documentation,human and agent,hardware/designs/light2-harness-r03/tests/PORT-015-2026-09-09-20-26-30Z,agon-extender,hardware/designs/light2-harness-r03/tests/PORT-015-2026-09-09-20-26-30Z/README.md,pending,review body; retain until adjudicated
agon-extender,hardware/designs/light2-harness-r03/tests/PORT-015-2026-09-09-20-26-30Z/startup.txt,maintained documentation,human and agent,hardware/designs/light2-harness-r03/tests/PORT-015-2026-09-09-20-26-30Z,agon-extender,hardware/designs/light2-harness-r03/tests/PORT-015-2026-09-09-20-26-30Z/startup.txt,pending,review body; retain until adjudicated
agon-extender,hardware/designs/light2-harness-r03/tests/PORT-015-2026-09-09-20-50-31Z/README.md,maintained documentation,human and agent,hardware/designs/light2-harness-r03/tests/PORT-015-2026-09-09-20-50-31Z,agon-extender,hardware/designs/light2-harness-r03/tests/PORT-015-2026-09-09-20-50-31Z/README.md,pending,review body; retain until adjudicated
agon-extender,hardware/designs/light2-harness-r03/tests/PORT-015-2026-09-09-20-50-31Z/usb-events.txt,maintained documentation,human and agent,hardware/designs/light2-harness-r03/tests/PORT-015-2026-09-09-20-50-31Z,agon-extender,hardware/designs/light2-harness-r03/tests/PORT-015-2026-09-09-20-50-31Z/usb-events.txt,pending,review body; retain until adjudicated
agon-extender,hardware/designs/light2-harness-r03/tests/PORT-015-2026-09-09-20-53-16Z/README.md,maintained documentation,human and agent,hardware/designs/light2-harness-r03/tests/PORT-015-2026-09-09-20-53-16Z,agon-extender,hardware/designs/light2-harness-r03/tests/PORT-015-2026-09-09-20-53-16Z/README.md,pending,review body; retain until adjudicated
agon-extender,hardware/designs/light2-harness-r03/tests/PORT-015-2026-09-09-20-53-16Z/usb-events.txt,maintained documentation,human and agent,hardware/designs/light2-harness-r03/tests/PORT-015-2026-09-09-20-53-16Z,agon-extender,hardware/designs/light2-harness-r03/tests/PORT-015-2026-09-09-20-53-16Z/usb-events.txt,pending,review body; retain until adjudicated
agon-extender,hardware/designs/light2-harness-r03/tests/PORT-015-2026-09-09-20-59-38Z/README.md,maintained documentation,human and agent,hardware/designs/light2-harness-r03/tests/PORT-015-2026-09-09-20-59-38Z,agon-extender,hardware/designs/light2-harness-r03/tests/PORT-015-2026-09-09-20-59-38Z/README.md,pending,review body; retain until adjudicated
agon-extender,hardware/designs/light2-harness-r03/tests/PORT-015-2026-09-09-20-59-38Z/usb-events.txt,maintained documentation,human and agent,hardware/designs/light2-harness-r03/tests/PORT-015-2026-09-09-20-59-38Z,agon-extender,hardware/designs/light2-harness-r03/tests/PORT-015-2026-09-09-20-59-38Z/usb-events.txt,pending,review body; retain until adjudicated
agon-extender,hardware/designs/light2-harness-r03/tests/PORT-015-2026-09-09-21-52-55Z/README.md,maintained documentation,human and agent,hardware/designs/light2-harness-r03/tests/PORT-015-2026-09-09-21-52-55Z,agon-extender,hardware/designs/light2-harness-r03/tests/PORT-015-2026-09-09-21-52-55Z/README.md,pending,review body; retain until adjudicated
agon-extender,hardware/designs/light2-harness-r03/tests/PORT-015-2026-09-09-21-52-55Z/startup.txt,maintained documentation,human and agent,hardware/designs/light2-harness-r03/tests/PORT-015-2026-09-09-21-52-55Z,agon-extender,hardware/designs/light2-harness-r03/tests/PORT-015-2026-09-09-21-52-55Z/startup.txt,pending,review body; retain until adjudicated
agon-extender,hardware/designs/light2-harness-r03/tests/PORT-015-2026-09-09-21-58-02Z/README.md,maintained documentation,human and agent,hardware/designs/light2-harness-r03/tests/PORT-015-2026-09-09-21-58-02Z,agon-extender,hardware/designs/light2-harness-r03/tests/PORT-015-2026-09-09-21-58-02Z/README.md,pending,review body; retain until adjudicated
agon-extender,hardware/designs/light2-harness-r03/tests/PORT-015-2026-09-09-23-25-54Z/README.md,maintained documentation,human and agent,hardware/designs/light2-harness-r03/tests/PORT-015-2026-09-09-23-25-54Z,agon-extender,hardware/designs/light2-harness-r03/tests/PORT-015-2026-09-09-23-25-54Z/README.md,pending,review body; retain until adjudicated
agon-extender,hardware/designs/light2-harness-r03/tests/PORT-015-2026-09-09-23-25-54Z/serial-excerpt.txt,maintained documentation,human and agent,hardware/designs/light2-harness-r03/tests/PORT-015-2026-09-09-23-25-54Z,agon-extender,hardware/designs/light2-harness-r03/tests/PORT-015-2026-09-09-23-25-54Z/serial-excerpt.txt,pending,review body; retain until adjudicated
agon-extender,hardware/designs/light2-harness-r03/tests/QUAL-003-2026-09-10-03-52-11Z/README.md,maintained documentation,human and agent,hardware/designs/light2-harness-r03/tests/QUAL-003-2026-09-10-03-52-11Z,agon-extender,hardware/designs/light2-harness-r03/tests/QUAL-003-2026-09-10-03-52-11Z/README.md,pending,review body; retain until adjudicated
agon-extender,hardware/designs/light2-harness-r03/tests/QUAL-003-2026-09-10-03-52-11Z/startup.txt,maintained documentation,human and agent,hardware/designs/light2-harness-r03/tests/QUAL-003-2026-09-10-03-52-11Z,agon-extender,hardware/designs/light2-harness-r03/tests/QUAL-003-2026-09-10-03-52-11Z/startup.txt,pending,review body; retain until adjudicated
agon-extender,hardware/designs/light2-harness-r03/tests/QUAL-003-2026-09-10-04-02-44Z/README.md,maintained documentation,human and agent,hardware/designs/light2-harness-r03/tests/QUAL-003-2026-09-10-04-02-44Z,agon-extender,hardware/designs/light2-harness-r03/tests/QUAL-003-2026-09-10-04-02-44Z/README.md,pending,review body; retain until adjudicated
agon-extender,hardware/designs/light2-harness-r03/tests/QUAL-003-2026-09-10-04-02-44Z/autoexec.txt,maintained documentation,human and agent,hardware/designs/light2-harness-r03/tests/QUAL-003-2026-09-10-04-02-44Z,agon-extender,hardware/designs/light2-harness-r03/tests/QUAL-003-2026-09-10-04-02-44Z/autoexec.txt,pending,review body; retain until adjudicated
agon-extender,hardware/designs/light2-harness-r03/tests/README.md,maintained documentation,human and agent,hardware/designs/light2-harness-r03/tests,agon-extender,hardware/designs/light2-harness-r03/tests/README.md,pending,review body; retain until adjudicated
agon-extender,hardware/designs/light2-harness-r03/tests/REMOTE-001-2026-09-09-04-42-06Z/README.md,maintained documentation,human and agent,hardware/designs/light2-harness-r03/tests/REMOTE-001-2026-09-09-04-42-06Z,agon-extender,hardware/designs/light2-harness-r03/tests/REMOTE-001-2026-09-09-04-42-06Z/README.md,pending,review body; retain until adjudicated
agon-extender,hardware/designs/light2-harness-r03/tests/REMOTE-001-2026-09-09-04-42-06Z/install-autoexec.txt,maintained documentation,human and agent,hardware/designs/light2-harness-r03/tests/REMOTE-001-2026-09-09-04-42-06Z,agon-extender,hardware/designs/light2-harness-r03/tests/REMOTE-001-2026-09-09-04-42-06Z/install-autoexec.txt,pending,review body; retain until adjudicated
agon-extender,hardware/designs/light2-harness-r03/tests/REMOTE-001-2026-09-09-04-46-41Z/README.md,maintained documentation,human and agent,hardware/designs/light2-harness-r03/tests/REMOTE-001-2026-09-09-04-46-41Z,agon-extender,hardware/designs/light2-harness-r03/tests/REMOTE-001-2026-09-09-04-46-41Z/README.md,pending,review body; retain until adjudicated
agon-extender,hardware/designs/light2-harness-r03/tests/REMOTE-001-2026-09-09-04-46-41Z/boot-excerpt.txt,maintained documentation,human and agent,hardware/designs/light2-harness-r03/tests/REMOTE-001-2026-09-09-04-46-41Z,agon-extender,hardware/designs/light2-harness-r03/tests/REMOTE-001-2026-09-09-04-46-41Z/boot-excerpt.txt,pending,review body; retain until adjudicated
agon-extender,hardware/designs/light2-harness-r03/tests/REMOTE-001-2026-09-09-04-46-41Z/operator-feedback.md,maintained documentation,human and agent,hardware/designs/light2-harness-r03/tests/REMOTE-001-2026-09-09-04-46-41Z,agon-extender,hardware/designs/light2-harness-r03/tests/REMOTE-001-2026-09-09-04-46-41Z/operator-feedback.md,pending,review body; retain until adjudicated
agon-extender,hardware/designs/light2-harness-r03/tests/REMOTE-001-2026-09-09-04-46-41Z/test-autoexec.txt,maintained documentation,human and agent,hardware/designs/light2-harness-r03/tests/REMOTE-001-2026-09-09-04-46-41Z,agon-extender,hardware/designs/light2-harness-r03/tests/REMOTE-001-2026-09-09-04-46-41Z/test-autoexec.txt,pending,review body; retain until adjudicated
agon-extender,hardware/designs/light2-harness-r03/tests/REMOTE-001-2026-09-09-17-29-26Z/diagnostic-follow-up.md,maintained documentation,human and agent,hardware/designs/light2-harness-r03/tests/REMOTE-001-2026-09-09-17-29-26Z,agon-extender,hardware/designs/light2-harness-r03/tests/REMOTE-001-2026-09-09-17-29-26Z/diagnostic-follow-up.md,pending,review body; retain until adjudicated
agon-extender,hardware/designs/light2-harness-r03/tests/REMOTE-001-2026-09-09-17-36-48Z/README.md,maintained documentation,human and agent,hardware/designs/light2-harness-r03/tests/REMOTE-001-2026-09-09-17-36-48Z,agon-extender,hardware/designs/light2-harness-r03/tests/REMOTE-001-2026-09-09-17-36-48Z/README.md,pending,review body; retain until adjudicated
agon-extender,hardware/designs/light2-harness-r03/tests/REMOTE-001-2026-09-09-17-36-48Z/autoexec.txt,maintained documentation,human and agent,hardware/designs/light2-harness-r03/tests/REMOTE-001-2026-09-09-17-36-48Z,agon-extender,hardware/designs/light2-harness-r03/tests/REMOTE-001-2026-09-09-17-36-48Z/autoexec.txt,pending,review body; retain until adjudicated
agon-extender,hardware/designs/light2-harness-r03/tests/REMOTE-001-2026-09-09-17-36-48Z/capture-rejection-follow-up.md,maintained documentation,human and agent,hardware/designs/light2-harness-r03/tests/REMOTE-001-2026-09-09-17-36-48Z,agon-extender,hardware/designs/light2-harness-r03/tests/REMOTE-001-2026-09-09-17-36-48Z/capture-rejection-follow-up.md,pending,review body; retain until adjudicated
agon-extender,hardware/designs/light2-harness-r03/tests/REMOTE-001-2026-09-09-17-36-48Z/operator-capture-rejection.txt,maintained documentation,human and agent,hardware/designs/light2-harness-r03/tests/REMOTE-001-2026-09-09-17-36-48Z,agon-extender,hardware/designs/light2-harness-r03/tests/REMOTE-001-2026-09-09-17-36-48Z/operator-capture-rejection.txt,pending,review body; retain until adjudicated
agon-extender,hardware/designs/light2-harness-r03/tests/REMOTE-001-2026-09-09-17-58-10Z/README.md,maintained documentation,human and agent,hardware/designs/light2-harness-r03/tests/REMOTE-001-2026-09-09-17-58-10Z,agon-extender,hardware/designs/light2-harness-r03/tests/REMOTE-001-2026-09-09-17-58-10Z/README.md,pending,review body; retain until adjudicated
agon-extender,hardware/designs/light2-harness-r03/tests/REMOTE-001-2026-09-09-18-00-44Z/README.md,maintained documentation,human and agent,hardware/designs/light2-harness-r03/tests/REMOTE-001-2026-09-09-18-00-44Z,agon-extender,hardware/designs/light2-harness-r03/tests/REMOTE-001-2026-09-09-18-00-44Z/README.md,pending,review body; retain until adjudicated
agon-extender,hardware/designs/light2-harness-r03/tests/REMOTE-001-2026-09-09-18-00-44Z/stale-clock-reproducer.txt,maintained documentation,human and agent,hardware/designs/light2-harness-r03/tests/REMOTE-001-2026-09-09-18-00-44Z,agon-extender,hardware/designs/light2-harness-r03/tests/REMOTE-001-2026-09-09-18-00-44Z/stale-clock-reproducer.txt,pending,review body; retain until adjudicated
agon-extender,hardware/designs/light2-harness-r03/tests/browser-keyboard-probe-r01.md,maintained documentation,human and agent,hardware/designs/light2-harness-r03/tests,agon-extender,hardware/designs/light2-harness-r03/tests/browser-keyboard-probe-r01.md,pending,review body; retain until adjudicated
agon-extender,hardware/designs/light2-harness-r03/tests/browser-keyboard-probe-r02.md,maintained documentation,human and agent,hardware/designs/light2-harness-r03/tests,agon-extender,hardware/designs/light2-harness-r03/tests/browser-keyboard-probe-r02.md,pending,review body; retain until adjudicated
agon-extender,hardware/designs/light2-harness-r03/tests/browser-keyboard-probe-r03.md,maintained documentation,human and agent,hardware/designs/light2-harness-r03/tests,agon-extender,hardware/designs/light2-harness-r03/tests/browser-keyboard-probe-r03.md,pending,review body; retain until adjudicated
agon-extender,hardware/designs/light2-harness-r03/tests/browser-keyboard-probe-r04.md,maintained documentation,human and agent,hardware/designs/light2-harness-r03/tests,agon-extender,hardware/designs/light2-harness-r03/tests/browser-keyboard-probe-r04.md,pending,review body; retain until adjudicated
agon-extender,hardware/designs/light2-harness-r03/tests/evidence/HW-002-2026-09-07-23-11-02Z/README.md,maintained documentation,human and agent,hardware/designs/light2-harness-r03/tests/evidence/HW-002-2026-09-07-23-11-02Z,agon-extender,hardware/designs/light2-harness-r03/tests/evidence/HW-002-2026-09-07-23-11-02Z/README.md,pending,review body; retain until adjudicated
agon-extender,hardware/designs/light2-harness-r03/tests/evidence/HW-002-2026-09-07-23-11-02Z/capture-environment-public.txt,maintained documentation,human and agent,hardware/designs/light2-harness-r03/tests/evidence/HW-002-2026-09-07-23-11-02Z,agon-extender,hardware/designs/light2-harness-r03/tests/evidence/HW-002-2026-09-07-23-11-02Z/capture-environment-public.txt,pending,review body; retain until adjudicated
agon-extender,hardware/designs/light2-harness-r03/tests/evidence/HW-002-2026-09-07-23-11-02Z/capture-exit-code.txt,maintained documentation,human and agent,hardware/designs/light2-harness-r03/tests/evidence/HW-002-2026-09-07-23-11-02Z,agon-extender,hardware/designs/light2-harness-r03/tests/evidence/HW-002-2026-09-07-23-11-02Z/capture-exit-code.txt,pending,review body; retain until adjudicated
agon-extender,hardware/designs/light2-harness-r03/tests/general-poll.md,maintained documentation,human and agent,hardware/designs/light2-harness-r03/tests,agon-extender,hardware/designs/light2-harness-r03/tests/general-poll.md,pending,review body; retain until adjudicated
agon-extender,hardware/designs/light2-harness-r03/tests/keyboard-sender.md,maintained documentation,human and agent,hardware/designs/light2-harness-r03/tests,agon-extender,hardware/designs/light2-harness-r03/tests/keyboard-sender.md,pending,review body; retain until adjudicated
agon-extender,hardware/designs/light2-harness-r03/tests/paired-graphics-observations.md,maintained documentation,human and agent,hardware/designs/light2-harness-r03/tests,agon-extender,hardware/designs/light2-harness-r03/tests/paired-graphics-observations.md,pending,review body; retain until adjudicated
agon-extender,hardware/designs/light2-harness-r03/tests/paired-graphics-probe-r01.md,maintained documentation,human and agent,hardware/designs/light2-harness-r03/tests,agon-extender,hardware/designs/light2-harness-r03/tests/paired-graphics-probe-r01.md,pending,review body; retain until adjudicated
agon-extender,hardware/designs/light2-harness-r03/tests/uart-excom-console-r01-observation.md,maintained documentation,human and agent,hardware/designs/light2-harness-r03/tests,agon-extender,hardware/designs/light2-harness-r03/tests/uart-excom-console-r01-observation.md,pending,review body; retain until adjudicated
agon-extender,hardware/designs/light2-harness-r03/tests/uart-excom-console-r01.md,maintained documentation,human and agent,hardware/designs/light2-harness-r03/tests,agon-extender,hardware/designs/light2-harness-r03/tests/uart-excom-console-r01.md,pending,review body; retain until adjudicated
agon-extender,hardware/designs/light2-harness-r03/tests/uart-excom-console-r02.md,maintained documentation,human and agent,hardware/designs/light2-harness-r03/tests,agon-extender,hardware/designs/light2-harness-r03/tests/uart-excom-console-r02.md,pending,review body; retain until adjudicated
agon-extender,hardware/designs/light2-harness-r03/tests/uart-excom-console-r03.md,maintained documentation,human and agent,hardware/designs/light2-harness-r03/tests,agon-extender,hardware/designs/light2-harness-r03/tests/uart-excom-console-r03.md,pending,review body; retain until adjudicated
agon-extender,hardware/designs/light2-harness-r03/tests/uart-flow-r02.md,maintained documentation,human and agent,hardware/designs/light2-harness-r03/tests,agon-extender,hardware/designs/light2-harness-r03/tests/uart-flow-r02.md,pending,review body; retain until adjudicated
agon-extender,hardware/designs/light2-harness-r03/tests/uart-flow.md,maintained documentation,human and agent,hardware/designs/light2-harness-r03/tests,agon-extender,hardware/designs/light2-harness-r03/tests/uart-flow.md,pending,review body; retain until adjudicated
agon-extender,hardware/designs/light2-harness-r03/tests/uart-forward-r01.md,maintained documentation,human and agent,hardware/designs/light2-harness-r03/tests,agon-extender,hardware/designs/light2-harness-r03/tests/uart-forward-r01.md,pending,review body; retain until adjudicated
agon-extender,hardware/designs/light2-harness-r03/tests/uart-forward.md,maintained documentation,human and agent,hardware/designs/light2-harness-r03/tests,agon-extender,hardware/designs/light2-harness-r03/tests/uart-forward.md,pending,review body; retain until adjudicated
agon-extender,hardware/designs/light2-harness-r03/tests/uart-roundtrip.md,maintained documentation,human and agent,hardware/designs/light2-harness-r03/tests,agon-extender,hardware/designs/light2-harness-r03/tests/uart-roundtrip.md,pending,review body; retain until adjudicated
agon-extender,hardware/designs/light2-harness-r03/tests/usb-cli-probe-r01.md,maintained documentation,human and agent,hardware/designs/light2-harness-r03/tests,agon-extender,hardware/designs/light2-harness-r03/tests/usb-cli-probe-r01.md,pending,review body; retain until adjudicated
agon-extender,hardware/designs/light2-harness-r03/tests/usb-keyboard-probe-r01.md,maintained documentation,human and agent,hardware/designs/light2-harness-r03/tests,agon-extender,hardware/designs/light2-harness-r03/tests/usb-keyboard-probe-r01.md,pending,review body; retain until adjudicated
agon-extender,hardware/designs/light2-harness-r03/tests/usb-keyboard-unplug-review.md,maintained documentation,human and agent,hardware/designs/light2-harness-r03/tests,agon-extender,hardware/designs/light2-harness-r03/tests/usb-keyboard-unplug-review.md,pending,review body; retain until adjudicated
agon-extender,hardware/designs/light2-harness-r03/tests/visible-text-repeatable.md,maintained documentation,human and agent,hardware/designs/light2-harness-r03/tests,agon-extender,hardware/designs/light2-harness-r03/tests/visible-text-repeatable.md,pending,review body; retain until adjudicated
agon-extender,hardware/designs/light2-harness-r03/tests/visible-text-sd-sample.md,maintained documentation,human and agent,hardware/designs/light2-harness-r03/tests,agon-extender,hardware/designs/light2-harness-r03/tests/visible-text-sd-sample.md,pending,review body; retain until adjudicated
agon-extender,hardware/designs/light2-harness-r03/tests/visible-text.md,maintained documentation,human and agent,hardware/designs/light2-harness-r03/tests,agon-extender,hardware/designs/light2-harness-r03/tests/visible-text.md,pending,review body; retain until adjudicated
agon-extender,hardware/fixtures/la03-p4-probe-fixture-r01/README.md,maintained documentation,human and agent,hardware/fixtures/la03-p4-probe-fixture-r01,agon-extender,hardware/fixtures/la03-p4-probe-fixture-r01/README.md,pending,review body; retain until adjudicated
agon-extender,hardware/fixtures/la03-p4-probe-fixture-r01/legacy-evidence/la-03-p4.md,maintained documentation,human and agent,hardware/fixtures/la03-p4-probe-fixture-r01/legacy-evidence,agon-extender,hardware/fixtures/la03-p4-probe-fixture-r01/legacy-evidence/la-03-p4.md,pending,review body; retain until adjudicated
agon-extender,hardware/fixtures/la03-p4-probe-fixture-r01/legacy-evidence/latest-reset-probe-map.txt,maintained documentation,human and agent,hardware/fixtures/la03-p4-probe-fixture-r01/legacy-evidence,agon-extender,hardware/fixtures/la03-p4-probe-fixture-r01/legacy-evidence/latest-reset-probe-map.txt,pending,review body; retain until adjudicated
agon-extender,hardware/fixtures/la03-p4-probe-fixture-r01/legacy-evidence/logic-analyzer-harness.md,maintained documentation,human and agent,hardware/fixtures/la03-p4-probe-fixture-r01/legacy-evidence,agon-extender,hardware/fixtures/la03-p4-probe-fixture-r01/legacy-evidence/logic-analyzer-harness.md,pending,review body; retain until adjudicated
agon-extender,hardware/fixtures/la03-p4-probe-fixture-r01/legacy-evidence/rev-01d-reset-safety.md,maintained documentation,human and agent,hardware/fixtures/la03-p4-probe-fixture-r01/legacy-evidence,agon-extender,hardware/fixtures/la03-p4-probe-fixture-r01/legacy-evidence/rev-01d-reset-safety.md,pending,review body; retain until adjudicated
agon-extender,hardware/fixtures/la03-p4-probe-fixture-r01/probe-map.svg,reference or diagram,human and agent,hardware/fixtures/la03-p4-probe-fixture-r01,agon-extender,retain source/provenance,metadata-only,retain; verify provenance/current applicability through owning guide
agon-extender,hardware/objects/README.md,maintained documentation,human and agent,hardware/objects,agon-extender,hardware/objects/README.md,pending,review body; retain until adjudicated
agon-extender,requirements-dev.txt,maintained documentation,human and agent,.,agon-extender,requirements-dev.txt,pending,review body; retain until adjudicated
agon-extender,scripts/agentcoms.py,tool/help source,human and agent,scripts,agon-extender,retain source/provenance,pending,inspect help/defaults only when linked from reviewed workflow
agon-extender,scripts/analyze_browser_timing.py,tool/help source,human and agent,scripts,agon-extender,retain source/provenance,pending,inspect help/defaults only when linked from reviewed workflow
agon-extender,scripts/bench_job.py,tool/help source,human and agent,scripts,agon-extender,retain source/provenance,pending,inspect help/defaults only when linked from reviewed workflow
agon-extender,scripts/capture_general_poll.py,tool/help source,human and agent,scripts,agon-extender,retain source/provenance,pending,inspect help/defaults only when linked from reviewed workflow
agon-extender,scripts/capture_keyboard.py,tool/help source,human and agent,scripts,agon-extender,retain source/provenance,pending,inspect help/defaults only when linked from reviewed workflow
agon-extender,scripts/capture_uart_flow.py,tool/help source,human and agent,scripts,agon-extender,retain source/provenance,pending,inspect help/defaults only when linked from reviewed workflow
agon-extender,scripts/capture_uart_roundtrip.py,tool/help source,human and agent,scripts,agon-extender,retain source/provenance,pending,inspect help/defaults only when linked from reviewed workflow
agon-extender,scripts/capture_visible_text.py,tool/help source,human and agent,scripts,agon-extender,retain source/provenance,pending,inspect help/defaults only when linked from reviewed workflow
agon-extender,scripts/check_numeric_port.py,tool/help source,human and agent,scripts,agon-extender,retain source/provenance,pending,inspect help/defaults only when linked from reviewed workflow
agon-extender,scripts/console_peer.py,tool/help source,human and agent,scripts,agon-extender,retain source/provenance,pending,inspect help/defaults only when linked from reviewed workflow
agon-extender,scripts/keyboard.py,tool/help source,human and agent,scripts,agon-extender,retain source/provenance,partial,scoped claims/navigation inspected; remaining body not accepted
agon-extender,scripts/measure_video.py,tool/help source,human and agent,scripts,agon-extender,retain source/provenance,pending,inspect help/defaults only when linked from reviewed workflow
agon-extender,scripts/mos_recovery_console.py,tool/help source,human and agent,scripts,agon-extender,retain source/provenance,pending,inspect help/defaults only when linked from reviewed workflow
agon-extender,scripts/plot_rally_learning.py,tool/help source,human and agent,scripts,agon-extender,retain source/provenance,pending,inspect help/defaults only when linked from reviewed workflow
agon-extender,scripts/prepare_browser_typing.py,tool/help source,human and agent,scripts,agon-extender,retain source/provenance,pending,inspect help/defaults only when linked from reviewed workflow
agon-extender,scripts/prepare_console.py,tool/help source,human and agent,scripts,agon-extender,retain source/provenance,partial,scoped claims/navigation inspected; remaining body not accepted
agon-extender,scripts/prepare_console_review.py,tool/help source,human and agent,scripts,agon-extender,retain source/provenance,pending,inspect help/defaults only when linked from reviewed workflow
agon-extender,scripts/prepare_general_poll.py,tool/help source,human and agent,scripts,agon-extender,retain source/provenance,pending,inspect help/defaults only when linked from reviewed workflow
agon-extender,scripts/prepare_keyboard.py,tool/help source,human and agent,scripts,agon-extender,retain source/provenance,pending,inspect help/defaults only when linked from reviewed workflow
agon-extender,scripts/prepare_mos_recovery.py,tool/help source,human and agent,scripts,agon-extender,retain source/provenance,pending,inspect help/defaults only when linked from reviewed workflow
agon-extender,scripts/prepare_sd_headless.py,tool/help source,human and agent,scripts,agon-extender,retain source/provenance,pending,inspect help/defaults only when linked from reviewed workflow
agon-extender,scripts/prepare_text_sample.py,tool/help source,human and agent,scripts,agon-extender,retain source/provenance,pending,inspect help/defaults only when linked from reviewed workflow
agon-extender,scripts/prepare_uart_flow.py,tool/help source,human and agent,scripts,agon-extender,retain source/provenance,pending,inspect help/defaults only when linked from reviewed workflow
agon-extender,scripts/prepare_uart_forward.py,tool/help source,human and agent,scripts,agon-extender,retain source/provenance,pending,inspect help/defaults only when linked from reviewed workflow
agon-extender,scripts/prepare_uart_roundtrip.py,tool/help source,human and agent,scripts,agon-extender,retain source/provenance,pending,inspect help/defaults only when linked from reviewed workflow
agon-extender,scripts/prepare_usb_cli.py,tool/help source,human and agent,scripts,agon-extender,retain source/provenance,pending,inspect help/defaults only when linked from reviewed workflow
agon-extender,scripts/prepare_usb_keyboard.py,tool/help source,human and agent,scripts,agon-extender,retain source/provenance,pending,inspect help/defaults only when linked from reviewed workflow
agon-extender,scripts/prepare_visible_text.py,tool/help source,human and agent,scripts,agon-extender,retain source/provenance,pending,inspect help/defaults only when linked from reviewed workflow
agon-extender,scripts/qualify_keyboard.py,tool/help source,human and agent,scripts,agon-extender,retain source/provenance,pending,inspect help/defaults only when linked from reviewed workflow
agon-extender,scripts/qualify_rally_drive.py,tool/help source,human and agent,scripts,agon-extender,retain source/provenance,pending,inspect help/defaults only when linked from reviewed workflow
agon-extender,scripts/qualify_rally_headless.py,tool/help source,human and agent,scripts,agon-extender,retain source/provenance,pending,inspect help/defaults only when linked from reviewed workflow
agon-extender,scripts/qualify_rally_traffic.py,tool/help source,human and agent,scripts,agon-extender,retain source/provenance,pending,inspect help/defaults only when linked from reviewed workflow
agon-extender,scripts/qualify_sd_headless.py,tool/help source,human and agent,scripts,agon-extender,retain source/provenance,pending,inspect help/defaults only when linked from reviewed workflow
agon-extender,scripts/qualify_sd_keyboard.py,tool/help source,human and agent,scripts,agon-extender,retain source/provenance,pending,inspect help/defaults only when linked from reviewed workflow
agon-extender,scripts/qualify_sdcard.py,tool/help source,human and agent,scripts,agon-extender,retain source/provenance,pending,inspect help/defaults only when linked from reviewed workflow
agon-extender,scripts/rally_drive.py,tool/help source,human and agent,scripts,agon-extender,retain source/provenance,pending,inspect help/defaults only when linked from reviewed workflow
agon-extender,scripts/rally_race.py,tool/help source,human and agent,scripts,agon-extender,retain source/provenance,pending,inspect help/defaults only when linked from reviewed workflow
agon-extender,scripts/rally_trial.py,tool/help source,human and agent,scripts,agon-extender,retain source/provenance,pending,inspect help/defaults only when linked from reviewed workflow
agon-extender,scripts/report_rally_learning.py,tool/help source,human and agent,scripts,agon-extender,retain source/provenance,pending,inspect help/defaults only when linked from reviewed workflow
agon-extender,scripts/reset_agon.py,tool/help source,human and agent,scripts,agon-extender,retain source/provenance,pending,inspect help/defaults only when linked from reviewed workflow
agon-extender,scripts/reset_bridge.py,tool/help source,human and agent,scripts,agon-extender,retain source/provenance,pending,inspect help/defaults only when linked from reviewed workflow
agon-extender,scripts/review_text_sample.py,tool/help source,human and agent,scripts,agon-extender,retain source/provenance,pending,inspect help/defaults only when linked from reviewed workflow
agon-extender,scripts/run_hello_demo.py,tool/help source,human and agent,scripts,agon-extender,retain source/provenance,pending,inspect help/defaults only when linked from reviewed workflow
agon-extender,scripts/screen_text.py,tool/help source,human and agent,scripts,agon-extender,retain source/provenance,partial,scoped claims/navigation inspected; remaining body not accepted
agon-extender,scripts/sdcard.py,tool/help source,human and agent,scripts,agon-extender,retain source/provenance,partial,scoped claims/navigation inspected; remaining body not accepted
agon-extender,scripts/validate-hardware-objects.py,tool/help source,human and agent,scripts,agon-extender,retain source/provenance,pending,inspect help/defaults only when linked from reviewed workflow
agon-extender,scripts/validate-version-records.py,tool/help source,human and agent,scripts,agon-extender,retain source/provenance,pending,inspect help/defaults only when linked from reviewed workflow
agon-extender,scripts/vdp-pio.sh,tool/help source,human and agent,scripts,agon-extender,retain source/provenance,pending,inspect help/defaults only when linked from reviewed workflow
agon-extender,tests/fixtures/visible-text/README.md,maintained documentation,human and agent,tests/fixtures/visible-text,agon-extender,tests/fixtures/visible-text/README.md,pending,review body; retain until adjudicated
agon-extender,tests/runs/PORT-003-2026-08-28-14-46-06Z/runtime-failure-summary.txt,historical evidence,human and agent,tests/runs/PORT-003-2026-08-28-14-46-06Z,agon-extender,owning task/index; dated evidence,metadata-only,retain dated evidence; reconcile current claims through owning task
agon-extender,tests/runs/PORT-003-2026-08-28-15-28-59Z/qualification-summary.txt,historical evidence,human and agent,tests/runs/PORT-003-2026-08-28-15-28-59Z,agon-extender,owning task/index; dated evidence,metadata-only,retain dated evidence; reconcile current claims through owning task
agon-extender,tests/runs/PORT-008-2026-08-31-21-55-19Z/diagnostic-summary.txt,historical evidence,human and agent,tests/runs/PORT-008-2026-08-31-21-55-19Z,agon-extender,owning task/index; dated evidence,metadata-only,retain dated evidence; reconcile current claims through owning task
agon-extender,tests/runs/PORT-008-2026-08-31-22-27-18Z/diagnostic-summary.txt,historical evidence,human and agent,tests/runs/PORT-008-2026-08-31-22-27-18Z,agon-extender,owning task/index; dated evidence,metadata-only,retain dated evidence; reconcile current claims through owning task
agon-extender,tests/runs/PORT-008-2026-08-31-23-11-18Z/diagnostic-summary.txt,historical evidence,human and agent,tests/runs/PORT-008-2026-08-31-23-11-18Z,agon-extender,owning task/index; dated evidence,metadata-only,retain dated evidence; reconcile current claims through owning task
agon-extender,tests/runs/PORT-008-2026-09-01-01-29-06Z/correction-2026-09-01-evidence-hygiene.md,historical evidence,human and agent,tests/runs/PORT-008-2026-09-01-01-29-06Z,agon-extender,owning task/index; dated evidence,metadata-only,retain dated evidence; reconcile current claims through owning task
agon-extender,tests/runs/PORT-008-2026-09-01-01-29-06Z/diagnostic-summary.txt,historical evidence,human and agent,tests/runs/PORT-008-2026-09-01-01-29-06Z,agon-extender,owning task/index; dated evidence,metadata-only,retain dated evidence; reconcile current claims through owning task
agon-extender,tests/runs/PORT-008-2026-09-01-01-29-06Z/run-id.txt,historical evidence,human and agent,tests/runs/PORT-008-2026-09-01-01-29-06Z,agon-extender,owning task/index; dated evidence,metadata-only,retain dated evidence; reconcile current claims through owning task
agon-extender,tests/runs/PORT-008-2026-09-01-02-10-50Z/correction-2026-09-01-evidence-hygiene.md,historical evidence,human and agent,tests/runs/PORT-008-2026-09-01-02-10-50Z,agon-extender,owning task/index; dated evidence,metadata-only,retain dated evidence; reconcile current claims through owning task
agon-extender,tests/runs/PORT-008-2026-09-01-02-10-50Z/diagnostic-summary.txt,historical evidence,human and agent,tests/runs/PORT-008-2026-09-01-02-10-50Z,agon-extender,owning task/index; dated evidence,metadata-only,retain dated evidence; reconcile current claims through owning task
agon-extender,tests/runs/PORT-008-2026-09-01-02-28-49Z/correction-2026-09-01-evidence-hygiene.md,historical evidence,human and agent,tests/runs/PORT-008-2026-09-01-02-28-49Z,agon-extender,owning task/index; dated evidence,metadata-only,retain dated evidence; reconcile current claims through owning task
agon-extender,tests/runs/PORT-008-2026-09-01-02-28-49Z/diagnostic-summary.txt,historical evidence,human and agent,tests/runs/PORT-008-2026-09-01-02-28-49Z,agon-extender,owning task/index; dated evidence,metadata-only,retain dated evidence; reconcile current claims through owning task
agon-extender,tests/runs/PORT-008-2026-09-01-02-28-49Z/linked-clock-write-evidence.txt,historical evidence,human and agent,tests/runs/PORT-008-2026-09-01-02-28-49Z,agon-extender,owning task/index; dated evidence,metadata-only,retain dated evidence; reconcile current claims through owning task
agon-extender,tests/runs/PORT-008-2026-09-01-02-28-49Z/preflight.txt,historical evidence,human and agent,tests/runs/PORT-008-2026-09-01-02-28-49Z,agon-extender,owning task/index; dated evidence,metadata-only,retain dated evidence; reconcile current claims through owning task
agon-extender,tests/runs/PORT-008-2026-09-01-15-01-14Z/correction-2026-09-01-evidence-hygiene.md,historical evidence,human and agent,tests/runs/PORT-008-2026-09-01-15-01-14Z,agon-extender,owning task/index; dated evidence,metadata-only,retain dated evidence; reconcile current claims through owning task
agon-extender,tests/runs/PORT-008-2026-09-01-15-01-14Z/correction-2026-09-01.md,historical evidence,human and agent,tests/runs/PORT-008-2026-09-01-15-01-14Z,agon-extender,owning task/index; dated evidence,metadata-only,retain dated evidence; reconcile current claims through owning task
agon-extender,tests/runs/PORT-008-2026-09-01-15-01-14Z/diagnostic-summary.txt,historical evidence,human and agent,tests/runs/PORT-008-2026-09-01-15-01-14Z,agon-extender,owning task/index; dated evidence,metadata-only,retain dated evidence; reconcile current claims through owning task
agon-extender,tests/runs/PORT-008-2026-09-01-15-01-14Z/preflight.txt,historical evidence,human and agent,tests/runs/PORT-008-2026-09-01-15-01-14Z,agon-extender,owning task/index; dated evidence,metadata-only,retain dated evidence; reconcile current claims through owning task
agon-extender,tests/runs/README.md,historical evidence,human and agent,tests/runs,agon-extender,owning task/index; dated evidence,metadata-only,retain dated evidence; reconcile current claims through owning task
agon-extender,tests/runs/SETUP-001-2026-08-20-22-18-02Z/failure-excerpt.txt,historical evidence,human and agent,tests/runs/SETUP-001-2026-08-20-22-18-02Z,agon-extender,owning task/index; dated evidence,metadata-only,retain dated evidence; reconcile current claims through owning task
agon-extender,tests/runs/SETUP-001-2026-08-20-22-31-26Z/boot-summary.txt,historical evidence,human and agent,tests/runs/SETUP-001-2026-08-20-22-31-26Z,agon-extender,owning task/index; dated evidence,metadata-only,retain dated evidence; reconcile current claims through owning task
agon-extender,vdp/vendor/CRC/CHANGELOG.md,vendor reference,human and agent,vdp/vendor/CRC,agon-extender,retain source/provenance,provenance-only,retain upstream text; inspect only affected interface
agon-extender,vdp/vendor/CRC/LICENSE,vendor reference,human and agent,vdp/vendor/CRC,agon-extender,retain source/provenance,provenance-only,retain upstream text; inspect only affected interface
agon-extender,vdp/vendor/CRC/README.md,vendor reference,human and agent,vdp/vendor/CRC,agon-extender,retain source/provenance,provenance-only,retain upstream text; inspect only affected interface
agon-extender,vdp/vendor/CRC/examples/CRC32_performance/CRC32_performance.md,vendor reference,human and agent,vdp/vendor/CRC/examples/CRC32_performance,agon-extender,retain source/provenance,provenance-only,retain upstream text; inspect only affected interface
agon-extender,vdp/vendor/CRC/examples/CRC32_performance/performance_0.2.0.txt,vendor reference,human and agent,vdp/vendor/CRC/examples/CRC32_performance,agon-extender,retain source/provenance,provenance-only,retain upstream text; inspect only affected interface
agon-extender,vdp/vendor/CRC/examples/CRC32_performance/performance_0.3.3.txt,vendor reference,human and agent,vdp/vendor/CRC/examples/CRC32_performance,agon-extender,retain source/provenance,provenance-only,retain upstream text; inspect only affected interface
agon-extender,vdp/vendor/CRC/examples/CRC32_performance/performance_1.0.0.txt,vendor reference,human and agent,vdp/vendor/CRC/examples/CRC32_performance,agon-extender,retain source/provenance,provenance-only,retain upstream text; inspect only affected interface
agon-extender,vdp/vendor/CRC/examples/CRC32_performance/performance_1.0.2.txt,vendor reference,human and agent,vdp/vendor/CRC/examples/CRC32_performance,agon-extender,retain source/provenance,provenance-only,retain upstream text; inspect only affected interface
agon-extender,vdp/vendor/CRC/keywords.txt,vendor reference,human and agent,vdp/vendor/CRC,agon-extender,retain source/provenance,provenance-only,retain upstream text; inspect only affected interface
agon-extender,vdp/vendor/ESP32Time/LICENSE,vendor reference,human and agent,vdp/vendor/ESP32Time,agon-extender,retain source/provenance,provenance-only,retain upstream text; inspect only affected interface
agon-extender,vdp/vendor/ESP32Time/README.md,vendor reference,human and agent,vdp/vendor/ESP32Time,agon-extender,retain source/provenance,provenance-only,retain upstream text; inspect only affected interface
agon-extender,vdp/vendor/ESP32Time/keywords.txt,vendor reference,human and agent,vdp/vendor/ESP32Time,agon-extender,retain source/provenance,provenance-only,retain upstream text; inspect only affected interface
agon-extender,vdp/vendor/agon-vdp-release/LICENSE,vendor reference,human and agent,vdp/vendor/agon-vdp-release,agon-extender,retain source/provenance,provenance-only,retain upstream text; inspect only affected interface
agon-extender,vdp/vendor/agon-vdp-release/README.md,vendor reference,human and agent,vdp/vendor/agon-vdp-release,agon-extender,retain source/provenance,provenance-only,retain upstream text; inspect only affected interface
agon-extender,vdp/vendor/vdp-gl/CMakeLists.txt,vendor reference,human and agent,vdp/vendor/vdp-gl,agon-extender,retain source/provenance,provenance-only,retain upstream text; inspect only affected interface
agon-extender,vdp/vendor/vdp-gl/CODE_OF_CONDUCT.md,vendor reference,human and agent,vdp/vendor/vdp-gl,agon-extender,retain source/provenance,provenance-only,retain upstream text; inspect only affected interface
agon-extender,vdp/vendor/vdp-gl/CONTRIBUTING.md,vendor reference,human and agent,vdp/vendor/vdp-gl,agon-extender,retain source/provenance,provenance-only,retain upstream text; inspect only affected interface
agon-extender,vdp/vendor/vdp-gl/LICENSE,vendor reference,human and agent,vdp/vendor/vdp-gl,agon-extender,retain source/provenance,provenance-only,retain upstream text; inspect only affected interface
agon-extender,vdp/vendor/vdp-gl/README.md,vendor reference,human and agent,vdp/vendor/vdp-gl,agon-extender,retain source/provenance,provenance-only,retain upstream text; inspect only affected interface
agon-extender,vdp/vendor/vdp-gl/examples/VGA/ClassicRacer/README.md,vendor reference,human and agent,vdp/vendor/vdp-gl/examples/VGA/ClassicRacer,agon-extender,retain source/provenance,provenance-only,retain upstream text; inspect only affected interface
agon-extender,vdp/vendor/vdp-gl/fabgl GPIOs assignment.txt,vendor reference,human and agent,vdp/vendor/vdp-gl,agon-extender,retain source/provenance,provenance-only,retain upstream text; inspect only affected interface
agon-extender,vdp/vendor/vdp-gl/keywords.txt,vendor reference,human and agent,vdp/vendor/vdp-gl,agon-extender,retain source/provenance,provenance-only,retain upstream text; inspect only affected interface
agon-extender,vdp/vendor/vdp-gl/tools/fonttool/readme.txt,vendor reference,human and agent,vdp/vendor/vdp-gl/tools/fonttool,agon-extender,retain source/provenance,provenance-only,retain upstream text; inspect only affected interface
agon-extender,vdp/vendor/vdp-gl/tools/img2bitmap/readme.txt,vendor reference,human and agent,vdp/vendor/vdp-gl/tools/img2bitmap,agon-extender,retain source/provenance,provenance-only,retain upstream text; inspect only affected interface
agon-extender,vdp/video/extender/web/README.md,maintained documentation,human and agent,vdp/video/extender/web,agon-extender,vdp/video/extender/web/README.md,reviewed,current body reviewed; corrections/retention in CHECKS and FINDINGS
agon-extender,vdp/video/extender/web/protocol.md,maintained documentation,human and agent,vdp/video/extender/web,agon-extender,vdp/video/extender/web/protocol.md,reviewed,current protocol/source comparison; duplicate web contract redirected to maintained authority
agon-emos,AGENTS.md,maintained documentation,human and agent,.,agon-emos,AGENTS.md,partial,scoped status/contracts inspected; remaining body/evidence not exhaustively reviewed
agon-emos,LICENSE,maintained documentation,human and agent,.,agon-emos,LICENSE,pending,review body; retain until adjudicated
agon-emos,OWNERSHIP.md,maintained documentation,human and agent,.,agon-emos,OWNERSHIP.md,reviewed,current body reviewed; corrections/retention in CHECKS and FINDINGS
agon-emos,README.md,maintained documentation,human and agent,.,agon-emos,README.md,reviewed,current body reviewed; source/evidence comparison and local/desk limits in CHECKS
agon-emos,TODO.md,maintained documentation,human and agent,.,agon-emos,TODO.md,partial,scoped status/contracts inspected; remaining body/evidence not exhaustively reviewed
agon-emos,docs/README.md,maintained documentation,human and agent,docs,agon-emos,docs/README.md,reviewed,current body reviewed; source/evidence comparison and local/desk limits in CHECKS
agon-emos,docs/emos-utilities.md,maintained documentation,human and agent,docs,agon-emos,docs/emos-utilities.md,reviewed,current body reviewed; corrections/retention in CHECKS and FINDINGS
agon-emos,docs/emos-v1-contract.md,maintained documentation,human and agent,docs,agon-emos,docs/emos-v1-contract.md,reviewed,current body reviewed; source/evidence comparison and local/desk limits in CHECKS
agon-emos,docs/emos-v1-qualification.md,maintained documentation,human and agent,docs,agon-emos,docs/emos-v1-qualification.md,partial,scoped claims/navigation inspected; remaining body not accepted
agon-emos,docs/port-200-qualification.md,maintained documentation,human and agent,docs,agon-emos,docs/port-200-qualification.md,pending,review body; retain until adjudicated
agon-emos,docs/port-203-hardware.md,maintained documentation,human and agent,docs,agon-emos,docs/port-203-hardware.md,pending,review body; retain until adjudicated
agon-emos,docs/prior-art-rainbow-mos.md,maintained documentation,human and agent,docs,agon-emos,docs/prior-art-rainbow-mos.md,pending,review body; retain until adjudicated
agon-emos,docs/qualification/minimal-boot/README.md,historical evidence,human and agent,docs/qualification/minimal-boot,agon-emos,owning task/index; dated evidence,metadata-only,retain dated evidence; reconcile current claims through owning task
agon-emos,docs/qualification/minimal-boot/emos-ordinary-boot-r01.md,historical evidence,human and agent,docs/qualification/minimal-boot,agon-emos,owning task/index; dated evidence,metadata-only,retain dated evidence; reconcile current claims through owning task
agon-emos,docs/qualification/minimal-boot/runs/QUAL-002-2026-09-08-01-23-44Z/README.md,historical evidence,human and agent,docs/qualification/minimal-boot/runs/QUAL-002-2026-09-08-01-23-44Z,agon-emos,owning task/index; dated evidence,metadata-only,retain dated evidence; reconcile current claims through owning task
agon-emos,docs/qualification/minimal-boot/runs/QUAL-002-2026-09-08-01-23-44Z/automated-checks.txt,historical evidence,human and agent,docs/qualification/minimal-boot/runs/QUAL-002-2026-09-08-01-23-44Z,agon-emos,owning task/index; dated evidence,metadata-only,retain dated evidence; reconcile current claims through owning task
agon-emos,docs/qualification/minimal-boot/runs/QUAL-002-2026-09-08-01-23-44Z/closeout.md,historical evidence,human and agent,docs/qualification/minimal-boot/runs/QUAL-002-2026-09-08-01-23-44Z,agon-emos,owning task/index; dated evidence,metadata-only,retain dated evidence; reconcile current claims through owning task
agon-emos,docs/qualification/minimal-boot/runs/QUAL-002-2026-09-08-01-23-44Z/emos-bad-sd.txt,historical evidence,human and agent,docs/qualification/minimal-boot/runs/QUAL-002-2026-09-08-01-23-44Z,agon-emos,owning task/index; dated evidence,metadata-only,retain dated evidence; reconcile current claims through owning task
agon-emos,docs/qualification/minimal-boot/runs/QUAL-002-2026-09-08-01-23-44Z/emos-smoke.txt,historical evidence,human and agent,docs/qualification/minimal-boot/runs/QUAL-002-2026-09-08-01-23-44Z,agon-emos,owning task/index; dated evidence,metadata-only,retain dated evidence; reconcile current claims through owning task
agon-emos,docs/qualification/minimal-boot/runs/QUAL-002-2026-09-08-01-23-44Z/hardware-result.md,historical evidence,human and agent,docs/qualification/minimal-boot/runs/QUAL-002-2026-09-08-01-23-44Z,agon-emos,owning task/index; dated evidence,metadata-only,retain dated evidence; reconcile current claims through owning task
agon-emos,docs/qualification/minimal-boot/runs/QUAL-002-2026-09-08-01-23-44Z/install-autoexec.txt,historical evidence,human and agent,docs/qualification/minimal-boot/runs/QUAL-002-2026-09-08-01-23-44Z,agon-emos,owning task/index; dated evidence,metadata-only,retain dated evidence; reconcile current claims through owning task
agon-emos,docs/qualification/minimal-boot/runs/QUAL-002-2026-09-08-01-23-44Z/operator-flash-autoexec.txt,historical evidence,human and agent,docs/qualification/minimal-boot/runs/QUAL-002-2026-09-08-01-23-44Z,agon-emos,owning task/index; dated evidence,metadata-only,retain dated evidence; reconcile current claims through owning task
agon-emos,docs/qualification/minimal-boot/runs/QUAL-002-2026-09-08-01-23-44Z/smoke-autoexec.txt,historical evidence,human and agent,docs/qualification/minimal-boot/runs/QUAL-002-2026-09-08-01-23-44Z,agon-emos,owning task/index; dated evidence,metadata-only,retain dated evidence; reconcile current claims through owning task
agon-emos,docs/qualification/minimal-boot/runs/QUAL-002-2026-09-08-01-23-44Z/stock-bad-sd.txt,historical evidence,human and agent,docs/qualification/minimal-boot/runs/QUAL-002-2026-09-08-01-23-44Z,agon-emos,owning task/index; dated evidence,metadata-only,retain dated evidence; reconcile current claims through owning task
agon-emos,docs/qualification/minimal-boot/runs/QUAL-002-2026-09-08-01-23-44Z/stock-smoke.txt,historical evidence,human and agent,docs/qualification/minimal-boot/runs/QUAL-002-2026-09-08-01-23-44Z,agon-emos,owning task/index; dated evidence,metadata-only,retain dated evidence; reconcile current claims through owning task
agon-emos,docs/qualification/minimal-boot/stock-preflight-2026-09-07.md,historical evidence,human and agent,docs/qualification/minimal-boot,agon-emos,owning task/index; dated evidence,metadata-only,retain dated evidence; reconcile current claims through owning task
agon-emos,docs/repository-migration.md,maintained documentation,human and agent,docs,agon-emos,docs/repository-migration.md,reviewed,current body reviewed; corrections/retention in CHECKS and FINDINGS
agon-emos,docs/tasks/AUDIT-008.md,task,human and agent,docs/tasks,agon-emos,retain source/provenance,reviewed,current body reviewed; corrections/retention in CHECKS and FINDINGS
agon-emos,docs/tasks/BENCH-001.md,task,human and agent,docs/tasks,agon-emos,retain source/provenance,partial,scoped status/contracts inspected; remaining body/evidence not exhaustively reviewed
agon-emos,docs/tasks/INTEG-001.md,task,human and agent,docs/tasks,agon-emos,retain source/provenance,pending,reconcile status with TODO/evidence; retain identity
agon-emos,docs/tasks/INTEG-002.md,task,human and agent,docs/tasks,agon-emos,retain source/provenance,pending,reconcile status with TODO/evidence; retain identity
agon-emos,docs/tasks/INTEG-003.md,task,human and agent,docs/tasks,agon-emos,retain source/provenance,pending,reconcile status with TODO/evidence; retain identity
agon-emos,docs/tasks/INTEG-004.md,task,human and agent,docs/tasks,agon-emos,retain source/provenance,pending,reconcile status with TODO/evidence; retain identity
agon-emos,docs/tasks/INTEG-005.md,task,human and agent,docs/tasks,agon-emos,retain source/provenance,pending,reconcile status with TODO/evidence; retain identity
agon-emos,docs/tasks/INTEG-006.md,task,human and agent,docs/tasks,agon-emos,retain source/provenance,pending,reconcile status with TODO/evidence; retain identity
agon-emos,docs/tasks/INTEG-007.md,task,human and agent,docs/tasks,agon-emos,retain source/provenance,pending,reconcile status with TODO/evidence; retain identity
agon-emos,docs/tasks/INTEG-008.md,task,human and agent,docs/tasks,agon-emos,retain source/provenance,pending,reconcile status with TODO/evidence; retain identity
agon-emos,docs/tasks/INTEG-009.md,task,human and agent,docs/tasks,agon-emos,retain source/provenance,partial,scoped status/contracts inspected; remaining body/evidence not exhaustively reviewed
agon-emos,docs/tasks/INTEG-009/keyboard-contract.md,task evidence/research,human and agent,docs/tasks/INTEG-009,agon-emos,owning task/index; dated evidence,pending,retain; inspect current reusable instructions before promotion
agon-emos,docs/tasks/INTEG-010.md,task,human and agent,docs/tasks,agon-emos,retain source/provenance,partial,scoped status/contracts inspected; remaining body/evidence not exhaustively reviewed
agon-emos,docs/tasks/INTEG-011.md,task,human and agent,docs/tasks,agon-emos,retain source/provenance,partial,scoped status/contracts inspected; remaining body/evidence not exhaustively reviewed
agon-emos,docs/tasks/INTEG-012.md,task,human and agent,docs/tasks,agon-emos,retain source/provenance,partial,scoped status/contracts inspected; remaining body/evidence not exhaustively reviewed
agon-emos,docs/tasks/INTEG-013.md,task,human and agent,docs/tasks,agon-emos,retain source/provenance,pending,reconcile status with TODO/evidence; retain identity
agon-emos,docs/tasks/INTEG-014.md,task,human and agent,docs/tasks,agon-emos,retain source/provenance,pending,reconcile status with TODO/evidence; retain identity
agon-emos,docs/tasks/INTEG-014/E01.md,task evidence/research,human and agent,docs/tasks/INTEG-014,agon-emos,owning task/index; dated evidence,pending,retain; inspect current reusable instructions before promotion
agon-emos,docs/tasks/INTEG-014/E02.md,task evidence/research,human and agent,docs/tasks/INTEG-014,agon-emos,owning task/index; dated evidence,pending,retain; inspect current reusable instructions before promotion
agon-emos,docs/tasks/INTEG-014/E03.md,task evidence/research,human and agent,docs/tasks/INTEG-014,agon-emos,owning task/index; dated evidence,pending,retain; inspect current reusable instructions before promotion
agon-emos,docs/tasks/INTEG-014/E04-procedure.md,task evidence/research,human and agent,docs/tasks/INTEG-014,agon-emos,owning task/index; dated evidence,pending,retain; inspect current reusable instructions before promotion
agon-emos,docs/tasks/INTEG-014/E04.md,task evidence/research,human and agent,docs/tasks/INTEG-014,agon-emos,owning task/index; dated evidence,pending,retain; inspect current reusable instructions before promotion
agon-emos,docs/tasks/INTEG-014/E05.md,task evidence/research,human and agent,docs/tasks/INTEG-014,agon-emos,owning task/index; dated evidence,pending,retain; inspect current reusable instructions before promotion
agon-emos,docs/tasks/INTEG-014/E06-procedure.md,task evidence/research,human and agent,docs/tasks/INTEG-014,agon-emos,owning task/index; dated evidence,pending,retain; inspect current reusable instructions before promotion
agon-emos,docs/tasks/INTEG-014/E06.md,task evidence/research,human and agent,docs/tasks/INTEG-014,agon-emos,owning task/index; dated evidence,pending,retain; inspect current reusable instructions before promotion
agon-emos,docs/tasks/INTEG-014/E07-parity.md,task evidence/research,human and agent,docs/tasks/INTEG-014,agon-emos,owning task/index; dated evidence,pending,retain; inspect current reusable instructions before promotion
agon-emos,docs/tasks/INTEG-014/E07-procedure.md,task evidence/research,human and agent,docs/tasks/INTEG-014,agon-emos,owning task/index; dated evidence,pending,retain; inspect current reusable instructions before promotion
agon-emos,docs/tasks/INTEG-014/E07-results/cpu-check.txt,task evidence/research,human and agent,docs/tasks/INTEG-014/E07-results,agon-emos,owning task/index; dated evidence,pending,retain; inspect current reusable instructions before promotion
agon-emos,docs/tasks/INTEG-014/E07.md,task evidence/research,human and agent,docs/tasks/INTEG-014,agon-emos,owning task/index; dated evidence,pending,retain; inspect current reusable instructions before promotion
agon-emos,docs/tasks/INTEG-014/E07P-results/README.md,task evidence/research,human and agent,docs/tasks/INTEG-014/E07P-results,agon-emos,owning task/index; dated evidence,partial,scoped claims/navigation inspected; remaining body not accepted
agon-emos,docs/tasks/INTEG-014/E08.md,task evidence/research,human and agent,docs/tasks/INTEG-014,agon-emos,owning task/index; dated evidence,pending,retain; inspect current reusable instructions before promotion
agon-emos,docs/tasks/INTEG-014/E09-results/partial-comparison.md,task evidence/research,human and agent,docs/tasks/INTEG-014/E09-results,agon-emos,owning task/index; dated evidence,pending,retain; inspect current reusable instructions before promotion
agon-emos,docs/tasks/INTEG-014/E09.md,task evidence/research,human and agent,docs/tasks/INTEG-014,agon-emos,owning task/index; dated evidence,pending,retain; inspect current reusable instructions before promotion
agon-emos,docs/tasks/MOS-001.md,task,human and agent,docs/tasks,agon-emos,retain source/provenance,pending,reconcile status with TODO/evidence; retain identity
agon-emos,docs/tasks/QUAL-001.md,task,human and agent,docs/tasks,agon-emos,retain source/provenance,partial,scoped status/contracts inspected; remaining body/evidence not exhaustively reviewed
agon-emos,docs/tasks/QUAL-002.md,task,human and agent,docs/tasks,agon-emos,retain source/provenance,pending,reconcile status with TODO/evidence; retain identity
agon-emos,docs/tasks/README.md,task,human and agent,docs/tasks,agon-emos,retain source/provenance,pending,reconcile status with TODO/evidence; retain identity
agon-emos,docs/tasks/REMOTE-005.md,task,human and agent,docs/tasks,agon-emos,retain source/provenance,partial,scoped status/contracts inspected; remaining body/evidence not exhaustively reviewed
agon-emos,projects/browser-typing/identity.txt,maintained documentation,human and agent,projects/browser-typing,agon-emos,projects/browser-typing/identity.txt,pending,review body; retain until adjudicated
agon-emos,projects/browser-typing/status.txt,maintained documentation,human and agent,projects/browser-typing,agon-emos,projects/browser-typing/status.txt,pending,review body; retain until adjudicated
agon-emos,projects/emos-utility/README.md,maintained documentation,human and agent,projects/emos-utility,agon-emos,projects/emos-utility/README.md,pending,review body; retain until adjudicated
agon-emos,projects/emos/README.md,maintained documentation,human and agent,projects/emos,agon-emos,projects/emos/README.md,pending,review body; retain until adjudicated
agon-emos,projects/integ014-dual-uart/README.md,maintained documentation,human and agent,projects/integ014-dual-uart,agon-emos,projects/integ014-dual-uart/README.md,pending,review body; retain until adjudicated
agon-emos,projects/keyboard-api/README.md,maintained documentation,human and agent,projects/keyboard-api,agon-emos,projects/keyboard-api/README.md,pending,review body; retain until adjudicated
agon-emos,projects/keyboard-api/identity.txt,maintained documentation,human and agent,projects/keyboard-api,agon-emos,projects/keyboard-api/identity.txt,pending,review body; retain until adjudicated
agon-emos,projects/keyboard-wire/README.md,maintained documentation,human and agent,projects/keyboard-wire,agon-emos,projects/keyboard-wire/README.md,pending,review body; retain until adjudicated
agon-emos,projects/keyboard-wire/identity.txt,maintained documentation,human and agent,projects/keyboard-wire,agon-emos,projects/keyboard-wire/identity.txt,pending,review body; retain until adjudicated
agon-emos,projects/keyboard-wire/status.txt,maintained documentation,human and agent,projects/keyboard-wire,agon-emos,projects/keyboard-wire/status.txt,pending,review body; retain until adjudicated
agon-emos,projects/port008-forward/README.md,maintained documentation,human and agent,projects/port008-forward,agon-emos,projects/port008-forward/README.md,pending,review body; retain until adjudicated
agon-emos,projects/sdserve/README.md,maintained documentation,human and agent,projects/sdserve,agon-emos,projects/sdserve/README.md,reviewed,current body reviewed; corrections/retention in CHECKS and FINDINGS
agon-emos,requirements-dev.txt,maintained documentation,human and agent,.,agon-emos,requirements-dev.txt,pending,review body; retain until adjudicated
agon-emos,research/README.md,maintained documentation,human and agent,research,agon-emos,research/README.md,pending,review body; retain until adjudicated
agon-emos,research/devlog/2026-08-24-port-200.md,historical evidence,human and agent,research/devlog,agon-emos,owning task/index; dated evidence,metadata-only,retain dated evidence; reconcile current claims through owning task
agon-emos,research/devlog/2026-08-24.md,historical evidence,human and agent,research/devlog,agon-emos,owning task/index; dated evidence,metadata-only,retain dated evidence; reconcile current claims through owning task
agon-emos,research/devlog/2026-09-01.md,historical evidence,human and agent,research/devlog,agon-emos,owning task/index; dated evidence,metadata-only,retain dated evidence; reconcile current claims through owning task
agon-emos,research/devlog/2026-09-07.md,historical evidence,human and agent,research/devlog,agon-emos,owning task/index; dated evidence,metadata-only,retain dated evidence; reconcile current claims through owning task
agon-emos,research/devlog/2026-09-08.md,historical evidence,human and agent,research/devlog,agon-emos,owning task/index; dated evidence,metadata-only,retain dated evidence; reconcile current claims through owning task
agon-emos,research/devlog/2026-09-09.md,historical evidence,human and agent,research/devlog,agon-emos,owning task/index; dated evidence,metadata-only,retain dated evidence; reconcile current claims through owning task
agon-emos,research/devlog/2026-09-13.md,historical evidence,human and agent,research/devlog,agon-emos,owning task/index; dated evidence,metadata-only,retain dated evidence; reconcile current claims through owning task
agon-emos,research/devlog/2026-09-14.md,historical evidence,human and agent,research/devlog,agon-emos,owning task/index; dated evidence,metadata-only,retain dated evidence; reconcile current claims through owning task
agon-emos,research/emos-prior-art-2026-08-24.md,maintained documentation,human and agent,research,agon-emos,research/emos-prior-art-2026-08-24.md,pending,review body; retain until adjudicated
agon-emos,research/initial-implementation-handoff.md,maintained documentation,human and agent,research,agon-emos,research/initial-implementation-handoff.md,partial,scoped claims/navigation inspected; remaining body not accepted
agon-emos,scripts/browser_typing_peer.py,tool/help source,human and agent,scripts,agon-emos,retain source/provenance,pending,inspect help/defaults only when linked from reviewed workflow
agon-emos,scripts/keyboard_api_peer.py,tool/help source,human and agent,scripts,agon-emos,retain source/provenance,pending,inspect help/defaults only when linked from reviewed workflow
agon-emos,scripts/keyboard_wire_peer.py,tool/help source,human and agent,scripts,agon-emos,retain source/provenance,pending,inspect help/defaults only when linked from reviewed workflow
agon-emos,scripts/prepare_boot_review.py,tool/help source,human and agent,scripts,agon-emos,retain source/provenance,pending,inspect help/defaults only when linked from reviewed workflow
agon-emos,scripts/prepare_browser_typing_review.py,tool/help source,human and agent,scripts,agon-emos,retain source/provenance,pending,inspect help/defaults only when linked from reviewed workflow
agon-emos,scripts/prepare_keyboard_api_review.py,tool/help source,human and agent,scripts,agon-emos,retain source/provenance,pending,inspect help/defaults only when linked from reviewed workflow
agon-emos,scripts/prepare_sdserve.py,tool/help source,human and agent,scripts,agon-emos,retain source/provenance,pending,inspect help/defaults only when linked from reviewed workflow
agon-emos,scripts/prepare_usb_cli_review.py,tool/help source,human and agent,scripts,agon-emos,retain source/provenance,pending,inspect help/defaults only when linked from reviewed workflow
agon-emos,scripts/review_boot.py,tool/help source,human and agent,scripts,agon-emos,retain source/provenance,pending,inspect help/defaults only when linked from reviewed workflow
agon-emos,scripts/review_general_poll.py,tool/help source,human and agent,scripts,agon-emos,retain source/provenance,pending,inspect help/defaults only when linked from reviewed workflow
agon-emos,scripts/review_keyboard.py,tool/help source,human and agent,scripts,agon-emos,retain source/provenance,pending,inspect help/defaults only when linked from reviewed workflow
agon-emos,scripts/review_uart_flow.py,tool/help source,human and agent,scripts,agon-emos,retain source/provenance,pending,inspect help/defaults only when linked from reviewed workflow
agon-emos,scripts/review_uart_probe.py,tool/help source,human and agent,scripts,agon-emos,retain source/provenance,pending,inspect help/defaults only when linked from reviewed workflow
agon-emos,scripts/review_visible_text.py,tool/help source,human and agent,scripts,agon-emos,retain source/provenance,pending,inspect help/defaults only when linked from reviewed workflow
agon-emos,scripts/stage_emos_media.py,tool/help source,human and agent,scripts,agon-emos,retain source/provenance,pending,inspect help/defaults only when linked from reviewed workflow
agon-emos,scripts/usb_cli_peer.py,tool/help source,human and agent,scripts,agon-emos,retain source/provenance,pending,inspect help/defaults only when linked from reviewed workflow
agon-emos,scripts/verify_hardware_capture.py,tool/help source,human and agent,scripts,agon-emos,retain source/provenance,pending,inspect help/defaults only when linked from reviewed workflow
agon-emos,src_fatfs/LICENSE,maintained documentation,human and agent,src_fatfs,agon-emos,src_fatfs/LICENSE,pending,review body; retain until adjudicated
agon-emos,src_umm_malloc/LICENSE,maintained documentation,human and agent,src_umm_malloc,agon-emos,src_umm_malloc/LICENSE,pending,review body; retain until adjudicated
agon-emos,tests/uart_put_cpu/README.md,maintained documentation,human and agent,tests/uart_put_cpu,agon-emos,tests/uart_put_cpu/README.md,pending,review body; retain until adjudicated
agon-extender,HARDWARE.local.md,local operational record,local agent/operator,current deployment,agon-extender,retain source/provenance,partial,scoped status/contracts inspected; remaining body/evidence not exhaustively reviewed
agon-extender,agents/audit008/hardware,local operational record,local agent/operator,current deployment,agon-extender,retain source/provenance,partial,scoped status/contracts inspected; remaining body/evidence not exhaustively reviewed
agon-extender,agents/fast-transfer-hardware,local operational record,local agent/operator,current deployment,agon-extender,retain source/provenance,partial,scoped status/contracts inspected; remaining body/evidence not exhaustively reviewed
agon-extender,docs/using-extender.md,maintained documentation,human and agent,current operation/build entry,agon-extender,docs/using-extender.md,reviewed,current body reviewed; source/evidence comparison and local/desk limits in CHECKS
agon-extender,docs/building.md,maintained documentation,human and agent,current operation/build entry,agon-extender,docs/building.md,reviewed,current body reviewed; source/evidence comparison and local/desk limits in CHECKS
agon-emos,research/devlog/2026-09-24.md,historical evidence,human and agent,documentation audit,agon-emos,docs/README.md,reviewed,audit-authored dated record; claims checked against this run
agon-extender,docs/README.md,maintained documentation,human and agent,docs,agon-extender,docs/README.md,reviewed,current body reviewed; source/evidence comparison and local/desk limits in CHECKS
